pidlink,dl01f,dl06,educ
1060001,M,6.0,6.0
1060004,M,6.0,6.0
1060007,M,6.0,6.0
1060008,M,9.0,9.0
1065102,M,9.0,9.0
1080003,M,6.0,6.0
1080008,M,6.0,6.0
1220001,M,6.0,6.0
1220002,M,6.0,6.0
1220003,M,16.0,16.0
1220006,M,16.0,16.0
1220008,M,16.0,16.0
1220009,M,15.0,15.0
1220011,M,6.0,6.0
1220013,M,9.0,9.0
1240002,M,6.0,6.0
1240003,M,6.0,6.0
1240007,M,16.0,16.0
1240009,M,9.0,9.0
1240012,M,16.0,16.0
1240014,M,13.0,13.0
1240016,M,13.0,13.0
1240017,M,9.0,9.0
1240024,D,16.0,16.0
1245101,M,6.0,6.0
1245201,M,9.0,9.0
1250003,M,6.0,6.0
1250008,A,9.0,9.0
1290001,M,6.0,6.0
1290003,M,6.0,6.0
1290004,M,6.0,6.0
1290005,M,6.0,6.0
1290008,M,9.0,9.0
1295101,M,6.0,6.0
1295304,,6.0,6.0
2010003,M,6.0,6.0
2010004,M,9.0,9.0
2010005,M,15.0,15.0
2010006,M,6.0,6.0
2010008,M,9.0,9.0
2010011,M,12.0,12.0
2015101,M,9.0,9.0
2020001,M,6.0,6.0
2020011,M,9.0,9.0
2040001,M,6.0,6.0
2040003,M,6.0,6.0
2040004,M,16.0,16.0
2040006,M,9.0,9.0
2040007,M,12.0,12.0
2050003,M,6.0,6.0
2050010,M,6.0,6.0
2060006,M,6.0,6.0
2060007,M,9.0,9.0
2065101,M,12.0,12.0
2110007,M,6.0,6.0
2110009,,16.0,16.0
2114304,M,13.0,13.0
2150001,M,6.0,6.0
2150002,M,6.0,6.0
2180002,M,6.0,6.0
2180005,M,9.0,9.0
2180006,M,9.0,9.0
2180007,M,6.0,6.0
2180010,M,12.0,12.0
2183101,M,6.0,6.0
2184101,,6.0,6.0
2190002,M,6.0,6.0
2190005,N,12.0,12.0
2190006,M,6.0,6.0
2190013,M,6.0,6.0
2200001,M,16.0,16.0
2200002,M,9.0,9.0
2200003,M,16.0,16.0
2200004,M,16.0,16.0
2210008,M,6.0,6.0
2220004,M,12.0,12.0
2250004,M,12.0,12.0
2250005,M,15.0,15.0
2250006,M,15.0,15.0
2250010,M,15.0,15.0
2260005,M,6.0,6.0
2260008,M,9.0,9.0
2260011,M,6.0,6.0
2270005,M,16.0,16.0
2290001,,6.0,6.0
2290003,M,12.0,12.0
2290007,M,6.0,6.0
2294203,M,6.0,6.0
2295103,M,9.0,9.0
2300007,M,6.0,6.0
2300014,M,6.0,6.0
3010001,,9.0,9.0
3010002,D,6.0,6.0
3010004,D,6.0,6.0
3010005,D,12.0,12.0
3010007,D,12.0,12.0
3010008,D,12.0,12.0
3010009,D,13.0,13.0
3014101,A,12.0,12.0
3015102,D,9.0,9.0
3015202,,9.0,9.0
3015301,D,6.0,6.0
3020001,A,6.0,6.0
3020002,D,6.0,6.0
3020003,D,13.0,13.0
3020004,A,9.0,9.0
3020005,D,12.0,12.0
3020006,A D,9.0,9.0
3020007,D,9.0,9.0
3020008,A,9.0,9.0
3030003,D,12.0,12.0
3030005,D,12.0,12.0
3030007,D,12.0,12.0
3030008,D,13.0,13.0
3031204,D,12.0,12.0
3040001,D,6.0,6.0
3040002,D,6.0,6.0
3040003,D,13.0,13.0
3040004,D,16.0,16.0
3040005,D,12.0,12.0
3040006,D,13.0,13.0
3040007,D,12.0,12.0
3045101,D,9.0,9.0
3050001,D,16.0,16.0
3050002,D,6.0,6.0
3050003,D,12.0,12.0
3050004,D,12.0,12.0
3050005,D,13.0,13.0
3050006,D,12.0,12.0
3050007,D,12.0,12.0
3050008,D,12.0,12.0
3050009,D,12.0,12.0
3050010,D,12.0,12.0
3054101,D,12.0,12.0
3055101,D,9.0,9.0
3055202,D,12.0,12.0
3070002,D,12.0,12.0
3080002,D,6.0,6.0
3080006,,9.0,9.0
3080009,D,9.0,9.0
3090002,D,12.0,12.0
3090005,D,12.0,12.0
3090006,D,16.0,16.0
3090008,D,13.0,13.0
3090019,D,13.0,13.0
3094102,D,13.0,13.0
3100002,,6.0,6.0
3100003,D,12.0,12.0
3100004,D,9.0,9.0
3100005,D,9.0,9.0
3100006,D,12.0,12.0
3104103,D,9.0,9.0
3104201,D,13.0,13.0
3110001,D,6.0,6.0
3110002,D,6.0,6.0
3110003,D,13.0,13.0
3110004,,9.0,9.0
3110005,D,9.0,9.0
3115101,D,12.0,12.0
3120001,D,12.0,12.0
3120002,D,6.0,6.0
3120003,D,15.0,15.0
3120004,D,16.0,16.0
3120005,D,6.0,6.0
3121103,D,13.0,13.0
3121104,D,12.0,12.0
3130001,,6.0,6.0
3130002,D,12.0,12.0
3130003,,9.0,9.0
3130007,D,13.0,13.0
3134105,D,12.0,12.0
3140002,,6.0,6.0
3140004,D,9.0,9.0
3140005,D,9.0,9.0
3140006,D,6.0,6.0
3143101,,12.0,12.0
3150001,D,6.0,6.0
3150002,D,12.0,12.0
3150003,D,9.0,9.0
3153101,D,12.0,12.0
3153103,D,12.0,12.0
3155101,D,12.0,12.0
3170001,D,9.0,9.0
3170002,D,15.0,15.0
3170003,D,12.0,12.0
3170004,,12.0,12.0
3170005,D,12.0,12.0
3170006,D,12.0,12.0
3173104,D,9.0,9.0
3174102,D,13.0,13.0
3175201,,16.0,16.0
3180002,D,15.0,15.0
3180003,D,16.0,16.0
3180004,D,13.0,13.0
3180005,D,16.0,16.0
3180006,D,15.0,15.0
3180007,D,15.0,15.0
3183104,D,16.0,16.0
3184101,D,16.0,16.0
3184202,D,16.0,16.0
3185101,D,13.0,13.0
3190001,D,12.0,12.0
3190002,D,9.0,9.0
3190003,D,13.0,13.0
3190004,D,9.0,9.0
3190005,,12.0,12.0
3191101,D,12.0,12.0
3193102,D,16.0,16.0
3194102,D,12.0,12.0
3200003,D,12.0,12.0
3200004,D,16.0,16.0
3200005,D,16.0,16.0
3200007,D,16.0,16.0
3200010,D,12.0,12.0
3203103,D,12.0,12.0
3203104,D,12.0,12.0
3203105,D,12.0,12.0
3240002,D,12.0,12.0
3240003,D,12.0,12.0
3240005,D,16.0,16.0
3240006,D,12.0,12.0
3240007,D,13.0,13.0
3240008,D,12.0,12.0
3240009,,12.0,12.0
3240010,D,16.0,16.0
3240011,,12.0,12.0
3243103,D,12.0,12.0
3243205,,13.0,13.0
3243206,D,12.0,12.0
3243207,D,6.0,6.0
3244101,A,12.0,12.0
3245401,,12.0,12.0
3250001,,6.0,6.0
3250004,D,9.0,9.0
3250005,D,12.0,12.0
3250007,D,12.0,12.0
3250009,D,12.0,12.0
3260001,M,15.0,15.0
3260003,M,12.0,12.0
3260004,M,16.0,16.0
3260005,M,16.0,16.0
3260006,M,13.0,13.0
3260008,M,16.0,16.0
3260009,D,16.0,16.0
3264102,B,12.0,12.0
3265102,V,12.0,12.0
3265202,D,12.0,12.0
3270001,,6.0,6.0
3270002,D,9.0,9.0
3270003,D,13.0,13.0
3270004,,13.0,13.0
3270006,D,13.0,13.0
3280001,D,9.0,9.0
3280002,D,12.0,12.0
3280003,D,16.0,16.0
3280005,D,12.0,12.0
3290001,A,6.0,6.0
3290002,D,6.0,6.0
3290003,D,12.0,12.0
3290005,D,16.0,16.0
3290006,D,12.0,12.0
3294106,D,12.0,12.0
3300003,D,6.0,6.0
4010002,D,16.0,16.0
4010003,D,16.0,16.0
4010005,D,16.0,16.0
4020002,D,6.0,6.0
4020005,D,12.0,12.0
4020007,D,12.0,12.0
4020008,D,12.0,12.0
4020009,D,9.0,9.0
4024104,D,12.0,12.0
4025201,D,12.0,12.0
4030001,D,6.0,6.0
4030003,D,6.0,6.0
4030008,D,12.0,12.0
4030009,D,6.0,6.0
4030010,D,13.0,13.0
4030011,D,13.0,13.0
4035102,,15.0,15.0
4035103,,9.0,9.0
4040002,,6.0,6.0
4040003,D,9.0,9.0
4040008,,9.0,9.0
4040011,D,12.0,12.0
4045102,D,12.0,12.0
4050001,D,16.0,16.0
4050002,D,9.0,9.0
4050003,D,12.0,12.0
4050004,D,16.0,16.0
4050006,D,13.0,13.0
4055102,D,13.0,13.0
4060001,H,6.0,6.0
4060002,D,6.0,6.0
4060003,D,12.0,12.0
4060004,D,12.0,12.0
4060005,D,15.0,15.0
4060007,,6.0,6.0
4065102,D,12.0,12.0
4065202,D,13.0,13.0
4065302,D,15.0,15.0
4070002,D,12.0,12.0
4070005,,6.0,6.0
4070007,D,13.0,13.0
4070008,D,9.0,9.0
4070009,D,9.0,9.0
4070012,D,9.0,9.0
4090003,D,12.0,12.0
4090007,D,12.0,12.0
4090008,D,9.0,9.0
4100002,D,6.0,6.0
4100003,D,6.0,6.0
4100004,D,13.0,13.0
4100005,D,9.0,9.0
4100006,D,12.0,12.0
4100008,D,16.0,16.0
4100009,D,13.0,13.0
4100010,,12.0,12.0
4102101,D,12.0,12.0
4102104,D,13.0,13.0
4103102,D,13.0,13.0
4103103,D,12.0,12.0
4103104,D,12.0,12.0
4104102,D,13.0,13.0
4104202,D,9.0,9.0
4105102,D,9.0,9.0
4105202,D,12.0,12.0
4110003,D,12.0,12.0
4111103,D,16.0,16.0
4130001,D,9.0,9.0
4130002,D,6.0,6.0
4130003,D,12.0,12.0
4130004,,12.0,12.0
4130005,D,13.0,13.0
4130006,D,9.0,9.0
4130007,D,9.0,9.0
4132102,D,16.0,16.0
4134101,,6.0,6.0
4140001,,6.0,6.0
4140002,D,9.0,9.0
4140004,,9.0,9.0
4140005,D,13.0,13.0
4140006,D,13.0,13.0
4140007,D,15.0,15.0
4140011,D,12.0,12.0
4144102,D,12.0,12.0
4150003,D,16.0,16.0
4150004,D,16.0,16.0
4150007,D,13.0,13.0
4160001,D,15.0,15.0
4160002,D,12.0,12.0
4160003,D,16.0,16.0
4160004,D,15.0,15.0
4160005,D,16.0,16.0
4170004,D,15.0,15.0
4170005,D,12.0,12.0
4170006,,15.0,15.0
4170007,,15.0,15.0
4190002,D,9.0,9.0
4190003,D,12.0,12.0
4194102,D,12.0,12.0
4200001,D,13.0,13.0
4200002,D,6.0,6.0
4200003,D,16.0,16.0
4200004,D,15.0,15.0
4220001,D,12.0,12.0
4220003,D,13.0,13.0
4220004,D,12.0,12.0
4220006,D,9.0,9.0
4225102,D,12.0,12.0
4230001,D,6.0,6.0
4230002,D,6.0,6.0
4230003,D,12.0,12.0
4232102,D,13.0,13.0
4240001,D,6.0,6.0
4240002,D,6.0,6.0
4240004,D,12.0,12.0
4240006,D,12.0,12.0
4242202,D,12.0,12.0
4250001,D,9.0,9.0
4250003,D,9.0,9.0
4253102,D,12.0,12.0
4260002,D,6.0,6.0
4260005,D,6.0,6.0
4260006,D,9.0,9.0
4260008,D,13.0,13.0
4260015,D,12.0,12.0
4264202,D,6.0,6.0
4270001,D,6.0,6.0
4270006,D,12.0,12.0
4274103,D,9.0,9.0
4274105,D,9.0,9.0
4280001,,6.0,6.0
4280004,D,9.0,9.0
4280007,D,12.0,12.0
4290001,D,6.0,6.0
4290002,D,6.0,6.0
4290004,D,12.0,12.0
4290005,,13.0,13.0
4295102,D,16.0,16.0
4300005,D,12.0,12.0
4302201,,12.0,12.0
4302205,D,12.0,12.0
5010003,D,16.0,16.0
5010004,D,12.0,12.0
5010005,D,6.0,6.0
5013102,D,16.0,16.0
5030001,A,6.0,6.0
5030002,A,6.0,6.0
5030003,A,13.0,13.0
5030006,A,12.0,12.0
5034101,A,9.0,9.0
5040004,A,12.0,12.0
5040005,A,12.0,12.0
5043103,A,12.0,12.0
5044107,,9.0,9.0
5044202,A,13.0,13.0
5050001,,9.0,9.0
5050002,A,6.0,6.0
5050003,D,12.0,12.0
5060001,A,6.0,6.0
5060002,A,6.0,6.0
5060003,A,9.0,9.0
5060004,A,13.0,13.0
5060007,A,9.0,9.0
5064101,A,13.0,13.0
5065102,A,9.0,9.0
5070001,A,6.0,6.0
5070002,A,6.0,6.0
5080002,A,6.0,6.0
5080003,A,6.0,6.0
5090001,A,6.0,6.0
5090002,A,6.0,6.0
5090005,A,9.0,9.0
5090010,A,12.0,12.0
5090015,A,13.0,13.0
5094101,A,6.0,6.0
5095102,A,9.0,9.0
5095201,A,16.0,16.0
5100001,D,6.0,6.0
5100002,B,6.0,6.0
5100003,A,6.0,6.0
5100005,A,6.0,6.0
5104101,A,6.0,6.0
5110003,A,9.0,9.0
5110004,A,6.0,6.0
5110005,A,6.0,6.0
5110006,A,12.0,12.0
5110008,A,13.0,13.0
5111102,A,6.0,6.0
5111104,A,12.0,12.0
5130002,D,12.0,12.0
5130003,A,9.0,9.0
5130005,A,6.0,6.0
5130006,,6.0,6.0
5130008,A,13.0,13.0
5130012,A,16.0,16.0
5131203,A,6.0,6.0
5134101,D,12.0,12.0
5135102,A,12.0,12.0
5140001,A,6.0,6.0
5140002,A,6.0,6.0
5140003,A,6.0,6.0
5140005,A,12.0,12.0
5140006,A,12.0,12.0
5140007,A,13.0,13.0
5143101,,6.0,6.0
5144101,D,13.0,13.0
5144201,,12.0,12.0
5145103,A,12.0,12.0
5150001,A,13.0,13.0
5150002,D,12.0,12.0
5150003,A,12.0,12.0
5160001,A,6.0,6.0
5160002,A,6.0,6.0
5160003,A,9.0,9.0
5160005,,6.0,6.0
5160006,A,9.0,9.0
5160007,A,13.0,13.0
5164101,A,9.0,9.0
5164103,A,6.0,6.0
5164201,A,6.0,6.0
5165101,A,9.0,9.0
5170001,D,6.0,6.0
5170002,D,12.0,12.0
5170003,D,13.0,13.0
5170004,D,12.0,12.0
5174103,D,15.0,15.0
5180001,A,6.0,6.0
5180002,A,6.0,6.0
5180003,A,6.0,6.0
5180005,A,6.0,6.0
5180007,,12.0,12.0
5180008,A,9.0,9.0
5185102,,12.0,12.0
5185103,A,13.0,13.0
5185202,A,12.0,12.0
5200001,D,6.0,6.0
5200002,D,12.0,12.0
5200003,D,12.0,12.0
5200004,,9.0,9.0
5200005,D,16.0,16.0
5200006,D,9.0,9.0
5200007,D,12.0,12.0
5200008,D,13.0,13.0
6010001,D,12.0,12.0
6010002,D,13.0,13.0
6010003,F,16.0,16.0
6010004,D,16.0,16.0
6015101,F,12.0,12.0
6020002,A,6.0,6.0
6030001,A,6.0,6.0
6030002,A,6.0,6.0
6030003,A,6.0,6.0
6030004,A,9.0,9.0
6030005,A,9.0,9.0
6030006,A,9.0,9.0
6030007,A,6.0,6.0
6034102,A,6.0,6.0
6034202,A,6.0,6.0
6040001,A,6.0,6.0
6040002,A,6.0,6.0
6040003,A,6.0,6.0
6040004,A,13.0,13.0
6040005,A,13.0,13.0
6041102,A,16.0,16.0
6043102,D,13.0,13.0
6043103,D,12.0,12.0
6043104,D,12.0,12.0
6044101,D,13.0,13.0
6060001,D,9.0,9.0
6060002,D,6.0,6.0
6060003,D,12.0,12.0
6060004,D,9.0,9.0
6060005,D,9.0,9.0
6060007,D,15.0,15.0
6060008,D,16.0,16.0
6070001,A,6.0,6.0
6070002,A,6.0,6.0
6070003,A,9.0,9.0
6070004,A,13.0,13.0
6080001,D,6.0,6.0
6080002,B,6.0,6.0
6080004,D,9.0,9.0
6080005,D,9.0,9.0
6080009,D,16.0,16.0
6084101,A,13.0,13.0
6084105,,9.0,9.0
6090001,A,6.0,6.0
6090002,A,9.0,9.0
6090003,A,13.0,13.0
6090004,A,13.0,13.0
6090005,A,15.0,15.0
6094101,A,6.0,6.0
6094202,A,15.0,15.0
6095101,A,9.0,9.0
6100001,A,6.0,6.0
6100002,A,6.0,6.0
6100003,A,9.0,9.0
6100004,A,9.0,9.0
6100005,A,16.0,16.0
6100006,A,12.0,12.0
6104102,A,9.0,9.0
6110002,A,6.0,6.0
6110003,A,12.0,12.0
6110005,A,12.0,12.0
6110006,A,9.0,9.0
6110007,A,9.0,9.0
6110008,A,12.0,12.0
6110009,A,12.0,12.0
6110010,A,9.0,9.0
6113102,A,9.0,9.0
6113103,A,13.0,13.0
6114101,A,13.0,13.0
6120001,D,9.0,9.0
6120002,A,6.0,6.0
6120003,D,9.0,9.0
6120005,A,9.0,9.0
6120006,D,9.0,9.0
6121104,A,6.0,6.0
6123103,A,12.0,12.0
6125103,A,12.0,12.0
6125204,A,9.0,9.0
6130004,D,12.0,12.0
6130005,D,16.0,16.0
6140002,D,9.0,9.0
6140003,D,9.0,9.0
6140004,D,12.0,12.0
6144101,D,12.0,12.0
6144202,D,13.0,13.0
6145102,M,16.0,16.0
6160002,A,6.0,6.0
6160005,A,13.0,13.0
6170001,S,6.0,6.0
6170002,S,6.0,6.0
6170003,S,12.0,12.0
6170005,S,9.0,9.0
6170006,S,13.0,13.0
6170008,S,9.0,9.0
6174102,A,13.0,13.0
6175101,A,9.0,9.0
6180003,D,6.0,6.0
6180004,,6.0,6.0
6190001,S,6.0,6.0
6190002,A,6.0,6.0
6190004,S,13.0,13.0
6190005,S,13.0,13.0
6190006,A,6.0,6.0
6190008,A,12.0,12.0
6193101,,6.0,6.0
6193103,A,9.0,9.0
6195101,A,13.0,13.0
6200001,S,9.0,9.0
6200002,,6.0,6.0
6200003,S,9.0,9.0
6200004,S,13.0,13.0
6200005,A,12.0,12.0
6200006,,9.0,9.0
6204101,A,12.0,12.0
6205102,S,13.0,13.0
7010001,D,6.0,6.0
7010002,D,9.0,9.0
7014102,D,12.0,12.0
7020001,D,6.0,6.0
7030002,D,6.0,6.0
7030003,D,12.0,12.0
7030005,D,13.0,13.0
7030006,D,12.0,12.0
7030007,D,12.0,12.0
7033101,D,13.0,13.0
7033103,E,9.0,9.0
7035101,,12.0,12.0
7040002,D,9.0,9.0
7040003,D,9.0,9.0
7040004,D,9.0,9.0
7045102,D,16.0,16.0
7050004,D,12.0,12.0
7050006,D,13.0,13.0
7060001,D,9.0,9.0
7060002,D,12.0,12.0
7060003,D,13.0,13.0
7060004,D,12.0,12.0
7060005,D,13.0,13.0
7060006,D,9.0,9.0
7070002,D,6.0,6.0
7070003,D,12.0,12.0
7072102,A,6.0,6.0
7080001,A,6.0,6.0
7080003,A,12.0,12.0
7080004,A,6.0,6.0
7080005,A,12.0,12.0
7085102,A,12.0,12.0
7090001,,6.0,6.0
7090002,D,12.0,12.0
7090005,D,9.0,9.0
7100002,D,6.0,6.0
7110004,D,12.0,12.0
7110005,D,12.0,12.0
7120002,,6.0,6.0
7130001,D,9.0,9.0
7130002,D,9.0,9.0
7130004,D,13.0,13.0
7130005,D,13.0,13.0
7130006,D,13.0,13.0
7140001,D,9.0,9.0
7140002,D,13.0,13.0
7140004,D,15.0,15.0
7140005,D,16.0,16.0
7143108,D,13.0,13.0
7150002,D,6.0,6.0
7150003,D,9.0,9.0
7150004,D,12.0,12.0
7150005,D,16.0,16.0
7150006,D,12.0,12.0
7160001,D,6.0,6.0
7160002,D,6.0,6.0
7160004,D,13.0,13.0
7160006,D,12.0,12.0
7160007,D,12.0,12.0
7163107,D,9.0,9.0
7165102,D,12.0,12.0
7180001,D,6.0,6.0
7180002,D,6.0,6.0
7180003,D,6.0,6.0
7180004,D,12.0,12.0
7180005,D,12.0,12.0
7180007,D,13.0,13.0
7180009,D,12.0,12.0
7184101,D,12.0,12.0
7185102,D,12.0,12.0
7185203,D,12.0,12.0
7200002,D,9.0,9.0
7200003,D,6.0,6.0
7202101,D,15.0,15.0
7202102,D,12.0,12.0
7220001,D,9.0,9.0
7220002,D,12.0,12.0
7220003,D,16.0,16.0
7220004,D,12.0,12.0
7230002,,9.0,9.0
7230003,D,13.0,13.0
7230004,D,13.0,13.0
7230006,D,12.0,12.0
7230010,D,12.0,12.0
7233102,D,13.0,13.0
7233103,D,13.0,13.0
7233104,D,9.0,9.0
7235101,D,9.0,9.0
7240002,D,6.0,6.0
7240003,D,13.0,13.0
7240004,D,9.0,9.0
7240005,D,13.0,13.0
7250002,D,12.0,12.0
7250005,D,9.0,9.0
7250006,,6.0,6.0
7250008,D,9.0,9.0
7250009,D,9.0,9.0
7254102,D,9.0,9.0
7254103,D,9.0,9.0
7260001,D,6.0,6.0
7260002,D,9.0,9.0
7260003,D,12.0,12.0
7260004,D,9.0,9.0
7260005,D,12.0,12.0
7270003,,6.0,6.0
7280002,D,9.0,9.0
7280005,D,12.0,12.0
7285101,D,9.0,9.0
7290001,D,6.0,6.0
7290002,A,13.0,13.0
8010001,A,6.0,6.0
8010002,A,6.0,6.0
8010003,A,12.0,12.0
8010004,A,9.0,9.0
8010005,A,12.0,12.0
8010006,A,16.0,16.0
8014102,D,12.0,12.0
8014202,A,12.0,12.0
8015101,A,12.0,12.0
8020001,D,6.0,6.0
8020002,D,6.0,6.0
8020004,D,6.0,6.0
8020005,A,6.0,6.0
8020008,D,6.0,6.0
8020009,D,13.0,13.0
8024201,A,6.0,6.0
8030001,A,6.0,6.0
8030002,A,6.0,6.0
8030004,A,9.0,9.0
8030006,A,9.0,9.0
8030007,A,12.0,12.0
8033102,D1,6.0,6.0
8033103,A,13.0,13.0
8033104,D,13.0,13.0
8040001,A,6.0,6.0
8040002,A,6.0,6.0
8040003,A,9.0,9.0
8040004,A,9.0,9.0
8040005,A,9.0,9.0
8040007,S,6.0,6.0
8043102,A,9.0,9.0
8043103,A,12.0,12.0
8044102,A,9.0,9.0
8045103,A,6.0,6.0
8050002,A,6.0,6.0
8050003,A,9.0,9.0
8050005,A,9.0,9.0
8050007,A,9.0,9.0
8055101,,9.0,9.0
8060003,A,6.0,6.0
8070001,A,6.0,6.0
8070002,A,6.0,6.0
8070004,A,6.0,6.0
8070005,A,9.0,9.0
8074102,A D,9.0,9.0
8074201,A,13.0,13.0
8080001,A,6.0,6.0
8080002,A,6.0,6.0
8080003,A,9.0,9.0
8080004,A,9.0,9.0
8080005,A,12.0,12.0
8080006,A,12.0,12.0
8080007,D,9.0,9.0
8083101,D,6.0,6.0
8084101,A,13.0,13.0
8085102,A,9.0,9.0
8090002,A,6.0,6.0
8090005,A,6.0,6.0
8090006,A,6.0,6.0
8090007,A,9.0,9.0
8090008,A,6.0,6.0
8094102,A,13.0,13.0
8094202,A,6.0,6.0
8095102,A,13.0,13.0
8095201,A,6.0,6.0
8100001,A,9.0,9.0
8100002,A,9.0,9.0
8100003,A,13.0,13.0
8100005,A,12.0,12.0
8100006,A,15.0,15.0
8110001,A,6.0,6.0
8110002,D,6.0,6.0
8110003,A,12.0,12.0
8110005,A,12.0,12.0
8110007,A,9.0,9.0
8110009,A,9.0,9.0
8115102,A,12.0,12.0
8115201,A,13.0,13.0
8120001,A,6.0,6.0
8120002,A,6.0,6.0
8120004,A,9.0,9.0
8120005,A,9.0,9.0
8120006,A,9.0,9.0
8120007,,13.0,13.0
8125102,D,12.0,12.0
8125201,A,13.0,13.0
8125301,,9.0,9.0
8130001,A,6.0,6.0
8130002,A,6.0,6.0
8130004,A,6.0,6.0
8130005,A,9.0,9.0
8130006,A,13.0,13.0
8140001,A,6.0,6.0
8140002,A,6.0,6.0
8140003,A,9.0,9.0
8140005,A,12.0,12.0
8140006,A,9.0,9.0
8144102,A,13.0,13.0
8144201,A,9.0,9.0
8145102,A,12.0,12.0
8150002,A,6.0,6.0
8150003,A,6.0,6.0
8150004,A,9.0,9.0
8150005,A,12.0,12.0
8150006,A,12.0,12.0
8150007,A,9.0,9.0
8150008,A,9.0,9.0
8153101,A,9.0,9.0
8153201,A,6.0,6.0
8155101,A,9.0,9.0
8155201,A,9.0,9.0
8160002,A,6.0,6.0
8160004,A,9.0,9.0
8160005,A,9.0,9.0
8160006,A,12.0,12.0
8170001,,6.0,6.0
8170003,A,6.0,6.0
8170004,A,6.0,6.0
8170005,A,12.0,12.0
8170006,A,9.0,9.0
8173103,A,13.0,13.0
8190003,B,6.0,6.0
8190004,D,6.0,6.0
8190005,D,9.0,9.0
8190006,D,12.0,12.0
8200001,A,6.0,6.0
8200002,A,6.0,6.0
8200003,A,9.0,9.0
8200004,A,16.0,16.0
8200005,A,9.0,9.0
8200007,D,6.0,6.0
8204101,A,9.0,9.0
8205202,,9.0,9.0
8210004,A,9.0,9.0
8210010,A,13.0,13.0
8220001,A,9.0,9.0
8220002,A,9.0,9.0
8220003,A,12.0,12.0
8220004,A,12.0,12.0
8220006,A,13.0,13.0
8225201,A,13.0,13.0
8230001,A,6.0,6.0
8230003,A,6.0,6.0
8234102,D,12.0,12.0
8240001,A,6.0,6.0
8240002,A,6.0,6.0
8240004,A,6.0,6.0
8240005,A,6.0,6.0
8240006,A,13.0,13.0
8240007,D,13.0,13.0
8243101,A,6.0,6.0
8244101,A,12.0,12.0
8250001,A,6.0,6.0
8250002,A,6.0,6.0
8250003,A,6.0,6.0
8250005,A,12.0,12.0
8254101,A,9.0,9.0
8260003,A,6.0,6.0
8260005,A,6.0,6.0
8260008,A,9.0,9.0
8265101,,6.0,6.0
8270001,A,6.0,6.0
8270002,D,6.0,6.0
8270004,A,9.0,9.0
8270005,A,9.0,9.0
8270006,A,12.0,12.0
8270007,A,12.0,12.0
8270008,A,12.0,12.0
8270010,A,12.0,12.0
8273106,A,9.0,9.0
8274104,A,13.0,13.0
8274206,A,12.0,12.0
8275101,D,9.0,9.0
8275202,D,12.0,12.0
8280001,A,6.0,6.0
8280002,A,6.0,6.0
8280003,A,9.0,9.0
8280004,A,12.0,12.0
8280007,A,12.0,12.0
8285203,A,9.0,9.0
8290001,A,12.0,12.0
8290002,B,9.0,9.0
8290003,,9.0,9.0
8290004,A,9.0,9.0
8290005,A,6.0,6.0
8290006,A,12.0,12.0
8290008,A,12.0,12.0
8290009,A,13.0,13.0
8290010,A,12.0,12.0
8293101,A,16.0,16.0
8293103,A,16.0,16.0
8293104,A,12.0,12.0
8294101,A,9.0,9.0
8294202,I,12.0,12.0
8295102,A,9.0,9.0
8295103,A,13.0,13.0
8300001,A,6.0,6.0
8300003,A,13.0,13.0
8300004,A,13.0,13.0
8300005,A,12.0,12.0
8300006,A,6.0,6.0
8303101,A,12.0,12.0
8304104,A,6.0,6.0
8304202,A,9.0,9.0
9010001,D,6.0,6.0
9010002,D,6.0,6.0
9014402,D,15.0,15.0
9020003,D,6.0,6.0
9020004,D,9.0,9.0
9020006,D,6.0,6.0
9020008,D,12.0,12.0
9024102,D,6.0,6.0
9024103,D,13.0,13.0
9025101,D,12.0,12.0
9030002,D,12.0,12.0
9033102,D,6.0,6.0
9033103,D,15.0,15.0
9033104,D,13.0,13.0
9033105,D,12.0,12.0
9040002,D,9.0,9.0
9040003,D,9.0,9.0
9040004,D,6.0,6.0
9050001,D,6.0,6.0
9050002,D,6.0,6.0
9050003,D,6.0,6.0
9050004,D,9.0,9.0
9050005,D,6.0,6.0
9050006,D,9.0,9.0
9050007,D,12.0,12.0
9050008,D,12.0,12.0
9053101,D,9.0,9.0
9053103,D,13.0,13.0
9054101,D,6.0,6.0
9054103,D,12.0,12.0
9054201,D,13.0,13.0
9055201,,9.0,9.0
9060001,D,6.0,6.0
9060002,D,9.0,9.0
9060008,D,12.0,12.0
9064101,D,12.0,12.0
9070001,A,6.0,6.0
9070002,D,6.0,6.0
9070003,A,9.0,9.0
9070004,A,12.0,12.0
9070007,A,12.0,12.0
9070010,D,12.0,12.0
9070011,A,13.0,13.0
9070013,D,12.0,12.0
9074102,A,13.0,13.0
9074304,D,15.0,15.0
9075101,,13.0,13.0
9080002,,6.0,6.0
9080006,D,12.0,12.0
9080007,D,15.0,15.0
9080009,D,13.0,13.0
9084203,D,12.0,12.0
9090001,D,9.0,9.0
9090002,D,9.0,9.0
9090005,D,9.0,9.0
9090007,D,9.0,9.0
9110002,D,12.0,12.0
9110003,D,15.0,15.0
9110005,D,13.0,13.0
9110006,D,12.0,12.0
9110007,,6.0,6.0
9110008,D,9.0,9.0
9110010,D,6.0,6.0
9110012,D,13.0,13.0
9110014,D,9.0,9.0
9115103,,12.0,12.0
9120003,D,16.0,16.0
9120004,D,13.0,13.0
9120005,D,9.0,9.0
9120006,D,6.0,6.0
9140001,D,12.0,12.0
9140002,D,6.0,6.0
9140003,D,15.0,15.0
9140004,D,16.0,16.0
9140005,D,16.0,16.0
9140006,D,15.0,15.0
9140007,D,12.0,12.0
9140008,D,12.0,12.0
9150008,D,13.0,13.0
9150009,D,12.0,12.0
9160002,,6.0,6.0
9160003,D,12.0,12.0
9160004,D,13.0,13.0
9160005,D,9.0,9.0
9164101,D,13.0,13.0
9170001,D,9.0,9.0
9170002,D,6.0,6.0
9170003,D,12.0,12.0
9170005,D,15.0,15.0
9170006,D,13.0,13.0
9170007,,9.0,9.0
9170009,D,13.0,13.0
9174101,D,9.0,9.0
9175202,D,9.0,9.0
9180002,D,6.0,6.0
9180003,D,12.0,12.0
9180004,,9.0,9.0
9180005,D,12.0,12.0
9180006,D,12.0,12.0
9183104,D,12.0,12.0
9183105,D,9.0,9.0
9183106,D,9.0,9.0
9183203,D,12.0,12.0
9190001,D,6.0,6.0
9190003,D,12.0,12.0
9190004,D,12.0,12.0
9190005,D,13.0,13.0
9193104,D,13.0,13.0
9194102,D,9.0,9.0
9194206,D,12.0,12.0
9200001,D,13.0,13.0
9200002,D,13.0,13.0
9200003,D,15.0,15.0
9200007,D,16.0,16.0
9200008,D,12.0,12.0
9205201,D,16.0,16.0
9210001,D,6.0,6.0
9210003,D,9.0,9.0
9210004,D,12.0,12.0
9210005,D,9.0,9.0
9210006,D,9.0,9.0
9210008,,6.0,6.0
9210009,,13.0,13.0
9210010,D,12.0,12.0
9214101,D,9.0,9.0
9215102,D,9.0,9.0
9220001,D,9.0,9.0
9220002,D,9.0,9.0
9220003,D,13.0,13.0
9220006,D,16.0,16.0
9220007,D,12.0,12.0
9220008,D,12.0,12.0
9225102,D,12.0,12.0
9230001,D,16.0,16.0
9230002,D,15.0,15.0
9230003,D,16.0,16.0
9230004,D,16.0,16.0
9230005,D,15.0,15.0
9230006,D,16.0,16.0
9230009,D,12.0,12.0
9234102,D,13.0,13.0
9234202,,18.0,18.0
9240001,D,12.0,12.0
9240002,D,13.0,13.0
9240005,D,9.0,9.0
9240006,D,12.0,12.0
9260003,,9.0,9.0
9260004,D,12.0,12.0
9260008,D,13.0,13.0
9280002,,6.0,6.0
9280004,D,9.0,9.0
9280007,D,13.0,13.0
9284202,,13.0,13.0
9290001,D,12.0,12.0
9290002,D,12.0,12.0
9290004,D,13.0,13.0
9294102,D,12.0,12.0
9294203,D,13.0,13.0
9300001,D,6.0,6.0
9300003,D,9.0,9.0
9300005,D,9.0,9.0
9301103,D,9.0,9.0
9304101,D,16.0,16.0
10030002,D,6.0,6.0
10030004,,6.0,6.0
10050003,D,9.0,9.0
10050005,D,16.0,16.0
10050006,D,6.0,6.0
10050007,,18.0,18.0
10052102,D,12.0,12.0
10052103,D,15.0,15.0
10052207,D,13.0,13.0
10053103,D,9.0,9.0
10053203,D,6.0,6.0
10060002,D,6.0,6.0
10060004,D,9.0,9.0
10060005,D,15.0,15.0
10060006,D,15.0,15.0
10060007,D,12.0,12.0
10060008,D,12.0,12.0
10064102,D,12.0,12.0
10065101,D,9.0,9.0
10070001,D,9.0,9.0
10070002,D,6.0,6.0
10070004,D,9.0,9.0
10070006,D,13.0,13.0
10070007,D,9.0,9.0
10080002,D,6.0,6.0
10080005,D,9.0,9.0
10085102,D,12.0,12.0
10100001,D,9.0,9.0
10100003,D,9.0,9.0
10100004,D,9.0,9.0
10100007,D,9.0,9.0
10103105,D,9.0,9.0
10105101,,9.0,9.0
10105102,D,13.0,13.0
10120001,,6.0,6.0
10120002,D,6.0,6.0
10120007,D,9.0,9.0
10120009,D,9.0,9.0
10125101,D,6.0,6.0
10140002,D,12.0,12.0
10140003,D,6.0,6.0
10140004,D,13.0,13.0
10150001,D,6.0,6.0
10150004,D,12.0,12.0
10150005,D,12.0,12.0
10150006,D,6.0,6.0
10150007,D,13.0,13.0
10170002,,6.0,6.0
10170003,D,9.0,9.0
10170006,D,12.0,12.0
10170007,D,13.0,13.0
10174102,D,13.0,13.0
10180004,D,6.0,6.0
10180005,D,12.0,12.0
10180006,D,13.0,13.0
10180007,D,12.0,12.0
10200002,D,6.0,6.0
10200004,D,9.0,9.0
10210001,D,6.0,6.0
10210002,D,6.0,6.0
10210004,,6.0,6.0
10210005,D,6.0,6.0
10210006,D,9.0,9.0
10210007,D,6.0,6.0
10210009,D,13.0,13.0
10210010,D,9.0,9.0
10213104,,9.0,9.0
10214102,,6.0,6.0
10220001,,6.0,6.0
10220004,D,6.0,6.0
10220005,D,6.0,6.0
10220006,D,6.0,6.0
10220007,,6.0,6.0
10220008,,9.0,9.0
10240001,D,6.0,6.0
10240002,D,6.0,6.0
10240003,D,13.0,13.0
10240007,D,16.0,16.0
10245101,D,13.0,13.0
10250001,D,9.0,9.0
10250005,D,9.0,9.0
10251104,D,12.0,12.0
10260002,,9.0,9.0
10260005,D,13.0,13.0
10260006,D,12.0,12.0
10260008,,9.0,9.0
10260009,D,9.0,9.0
10260010,D,9.0,9.0
10260011,D,6.0,6.0
10260012,D,9.0,9.0
10260013,D,13.0,13.0
10260014,D,13.0,13.0
10260015,D,13.0,13.0
10260016,D,9.0,9.0
10260017,D,13.0,13.0
10265102,,13.0,13.0
10270001,D,6.0,6.0
10270002,D,6.0,6.0
10270003,D,9.0,9.0
10270004,D,6.0,6.0
10270006,D,12.0,12.0
10270007,D,13.0,13.0
10270008,D,9.0,9.0
10270009,D,9.0,9.0
10270011,D,13.0,13.0
10275101,D,13.0,13.0
10280002,D,9.0,9.0
10280003,D,9.0,9.0
10290001,D,9.0,9.0
10290002,D,9.0,9.0
10290003,D,16.0,16.0
10290005,D,13.0,13.0
10290006,D,13.0,13.0
10300004,D,9.0,9.0
10300006,D,13.0,13.0
10300008,D,13.0,13.0
10410002,D,6.0,6.0
10410003,D,6.0,6.0
10410004,D,9.0,9.0
10410006,D,6.0,6.0
10414102,,6.0,6.0
10415101,D,9.0,9.0
10415202,D,13.0,13.0
10420001,,6.0,6.0
10420003,D,9.0,9.0
10420004,D,13.0,13.0
10430002,D,6.0,6.0
10430004,D,6.0,6.0
10430005,D,9.0,9.0
10430006,D,9.0,9.0
10430007,D,9.0,9.0
10430008,D,6.0,6.0
10430009,D,9.0,9.0
10433102,D,6.0,6.0
10433104,D,13.0,13.0
10433208,D,13.0,13.0
10434102,D,6.0,6.0
10434201,,9.0,9.0
10434302,D,12.0,12.0
10440001,D,9.0,9.0
10440002,D,9.0,9.0
10440003,D,6.0,6.0
10440004,D,6.0,6.0
10440005,D,9.0,9.0
10440006,D,6.0,6.0
10440007,D,12.0,12.0
10440008,D,15.0,15.0
10440009,D,12.0,12.0
10440010,D,13.0,13.0
10440013,D,13.0,13.0
10444202,M,12.0,12.0
10445101,,6.0,6.0
10450003,D,13.0,13.0
10450005,D,6.0,6.0
10460002,D,6.0,6.0
10460003,D,9.0,9.0
10460004,D,13.0,13.0
10460005,D,9.0,9.0
10460006,D,13.0,13.0
10460009,D,13.0,13.0
10462102,D,9.0,9.0
10464104,D,6.0,6.0
11010001,D,12.0,12.0
11010002,D,13.0,13.0
11010003,D,16.0,16.0
11010004,D,16.0,16.0
11010005,D,16.0,16.0
11014102,D,13.0,13.0
11020001,D,6.0,6.0
11020003,D,16.0,16.0
11023102,D,15.0,15.0
11030002,D,6.0,6.0
11030003,D,12.0,12.0
11034102,D,12.0,12.0
11040002,D,6.0,6.0
11040003,D,16.0,16.0
11040004,D,16.0,16.0
11040005,D,6.0,6.0
11040006,D,16.0,16.0
11043103,D,16.0,16.0
11044102,D,16.0,16.0
11050001,D,12.0,12.0
11050003,D,12.0,12.0
11050004,D,12.0,12.0
11050005,D,12.0,12.0
11060002,D,6.0,6.0
11060003,D,13.0,13.0
11060004,D,13.0,13.0
11060006,D,9.0,9.0
11064102,D,12.0,12.0
11070001,D,13.0,13.0
11070002,,6.0,6.0
11080001,D,6.0,6.0
11080002,D,6.0,6.0
11090001,D,16.0,16.0
11090002,D,15.0,15.0
11090003,,6.0,6.0
11090008,,15.0,15.0
11100001,D,12.0,12.0
11100002,D,13.0,13.0
11100004,D,13.0,13.0
11100005,D,15.0,15.0
11100006,D,13.0,13.0
11105102,D,13.0,13.0
11110001,D,12.0,12.0
11110002,D,12.0,12.0
11110003,D,15.0,15.0
11110004,D,16.0,16.0
11110005,D,13.0,13.0
11110006,,6.0,6.0
11115202,D,9.0,9.0
11120001,D,13.0,13.0
11120002,D,9.0,9.0
11120003,D,16.0,16.0
11120004,D,13.0,13.0
11120005,D,13.0,13.0
11130001,D,6.0,6.0
11130003,D,6.0,6.0
11130006,D,12.0,12.0
11134101,D,13.0,13.0
11135101,D,6.0,6.0
11140003,V,6.0,6.0
11140004,D,12.0,12.0
11140008,D,13.0,13.0
11150003,D,12.0,12.0
11150004,D,6.0,6.0
11150008,D,13.0,13.0
11150009,D,12.0,12.0
11151202,D,9.0,9.0
11151203,D,16.0,16.0
11160002,D,6.0,6.0
11160003,D,12.0,12.0
11160005,D,13.0,13.0
11170001,D,12.0,12.0
11170002,D,6.0,6.0
11170003,D,13.0,13.0
11170005,D,13.0,13.0
11170006,D,12.0,12.0
11170007,D,15.0,15.0
11173102,D,13.0,13.0
11173103,D,12.0,12.0
11174102,,16.0,16.0
11174201,D,15.0,15.0
11190001,,6.0,6.0
11190002,D,6.0,6.0
11190004,,9.0,9.0
11200002,D,16.0,16.0
11200003,D,16.0,16.0
11210003,D,9.0,9.0
11210004,A,9.0,9.0
11210005,A,9.0,9.0
11210006,,9.0,9.0
11220001,D,9.0,9.0
11220002,D,6.0,6.0
11230001,,6.0,6.0
11230002,D,6.0,6.0
11230003,,6.0,6.0
11230006,,6.0,6.0
11230008,D,12.0,12.0
11234102,D,12.0,12.0
11240001,,12.0,12.0
11240002,D,6.0,6.0
11240003,D,16.0,16.0
11240009,D,15.0,15.0
11240010,D,6.0,6.0
11245102,D,12.0,12.0
11250001,D,6.0,6.0
11250002,D,6.0,6.0
11250005,D,16.0,16.0
11254202,D,13.0,13.0
11260005,D,16.0,16.0
11260006,D,13.0,13.0
11260007,D,12.0,12.0
11260008,D,12.0,12.0
11263204,D,6.0,6.0
11265101,D,13.0,13.0
11270002,D,9.0,9.0
11270003,D,16.0,16.0
11270004,D,15.0,15.0
11270005,D,15.0,15.0
11270007,D,16.0,16.0
11274101,D,15.0,15.0
12010001,D,12.0,12.0
12010002,D,12.0,12.0
12010003,D,16.0,16.0
12010004,D,16.0,16.0
12010005,D,12.0,12.0
12010006,D,12.0,12.0
12020002,A,6.0,6.0
12020003,A,9.0,9.0
12020009,A,13.0,13.0
12030001,D,16.0,16.0
12030002,D,12.0,12.0
12030004,D,16.0,16.0
12030005,D,16.0,16.0
12040002,A,9.0,9.0
12040003,D,13.0,13.0
12040004,D,16.0,16.0
12040005,D,12.0,12.0
12040006,D,16.0,16.0
12040007,D,16.0,16.0
12044102,D,13.0,13.0
12044201,,12.0,12.0
12044302,A,12.0,12.0
12045101,D,12.0,12.0
12050001,A,12.0,12.0
12050002,A,6.0,6.0
12050003,A,13.0,13.0
12050004,A,9.0,9.0
12050006,A,13.0,13.0
12060001,A,6.0,6.0
12060002,A,6.0,6.0
12060003,,12.0,12.0
12060004,A,9.0,9.0
12060006,A,9.0,9.0
12063107,A,13.0,13.0
12065102,A,13.0,13.0
12070001,A,9.0,9.0
12070002,A,9.0,9.0
12070003,A,15.0,15.0
12070004,A,16.0,16.0
12070005,A,16.0,16.0
12070006,A,16.0,16.0
12074101,A,15.0,15.0
12074201,A,15.0,15.0
12090002,A,9.0,9.0
12090003,S,15.0,15.0
12090004,S,13.0,13.0
12090005,S,12.0,12.0
12090006,S,16.0,16.0
12095102,S,12.0,12.0
12095201,D,9.0,9.0
12110001,S,9.0,9.0
12110002,A,9.0,9.0
12110003,A,13.0,13.0
12110004,S,12.0,12.0
12110005,A,12.0,12.0
12120001,D,9.0,9.0
12120002,A,6.0,6.0
12120003,A,15.0,15.0
12120004,D,13.0,13.0
12124101,A,13.0,13.0
12125102,D,12.0,12.0
12130001,B,9.0,9.0
12130002,,6.0,6.0
12130006,A,9.0,9.0
12130007,A,13.0,13.0
12130012,,9.0,9.0
12135102,A,6.0,6.0
12135201,D,9.0,9.0
12140004,D,6.0,6.0
12140005,,6.0,6.0
12140006,A,6.0,6.0
12140007,A,12.0,12.0
12140008,,9.0,9.0
12140011,A,13.0,13.0
12140012,A,12.0,12.0
12143202,V,9.0,9.0
12143203,D,13.0,13.0
12143204,D,13.0,13.0
12143302,D,13.0,13.0
12143401,A,9.0,9.0
12145102,D,12.0,12.0
12145203,D,13.0,13.0
12150004,S,9.0,9.0
12160003,A,13.0,13.0
12160006,D1,9.0,9.0
12160007,A,6.0,6.0
12160013,A,13.0,13.0
12160014,A,6.0,6.0
12165202,A,9.0,9.0
12165302,A,13.0,13.0
12165401,S,6.0,6.0
12170001,A,6.0,6.0
12170002,A,6.0,6.0
12170003,A,12.0,12.0
12170004,A,13.0,13.0
12170005,A,12.0,12.0
12170006,A,13.0,13.0
12175101,A,13.0,13.0
12180002,A,9.0,9.0
12180004,A,16.0,16.0
12180005,A,16.0,16.0
12180006,D,16.0,16.0
12180008,A,16.0,16.0
12190001,A,9.0,9.0
12190002,A,6.0,6.0
12190004,A,9.0,9.0
12190005,,9.0,9.0
12190006,,9.0,9.0
12190007,A,6.0,6.0
12190008,A,9.0,9.0
12190010,A,9.0,9.0
12190011,A,9.0,9.0
12190012,A,12.0,12.0
12193107,A,6.0,6.0
12194101,A,13.0,13.0
12195102,D,9.0,9.0
12195201,S,9.0,9.0
13010001,D,6.0,6.0
13010004,D,9.0,9.0
13010005,D,9.0,9.0
13010006,A,6.0,6.0
13015101,A,13.0,13.0
13015201,,12.0,12.0
13020001,A,6.0,6.0
13020002,A,6.0,6.0
13020003,A,9.0,9.0
13020004,A,12.0,12.0
13020005,A,12.0,12.0
13020006,A,13.0,13.0
13024102,A,12.0,12.0
13025201,A,9.0,9.0
13040001,A,12.0,12.0
13040002,A,6.0,6.0
13040004,A,12.0,12.0
13050002,A,6.0,6.0
13050003,A,13.0,13.0
13050004,A,13.0,13.0
13050005,A,9.0,9.0
13050006,A,12.0,12.0
13053102,A,13.0,13.0
13053103,A,13.0,13.0
13054101,A,9.0,9.0
13060001,A,13.0,13.0
13060002,D,12.0,12.0
13060003,A,15.0,15.0
13060005,A,13.0,13.0
13065101,A,13.0,13.0
13070001,A,9.0,9.0
13070002,A,6.0,6.0
13070003,A,6.0,6.0
13070004,A,16.0,16.0
13070005,A,13.0,13.0
13070006,,9.0,9.0
13070008,A,12.0,12.0
13070011,,9.0,9.0
13075102,D,12.0,12.0
13080001,A,6.0,6.0
13080002,A,6.0,6.0
13080004,A,13.0,13.0
13080005,A,13.0,13.0
13080007,A,13.0,13.0
13080008,A,9.0,9.0
13084101,A,13.0,13.0
13090001,A,6.0,6.0
13090002,A,6.0,6.0
13090003,A,13.0,13.0
13090004,,6.0,6.0
13090005,A,13.0,13.0
13090007,A,13.0,13.0
13094102,D,9.0,9.0
13095102,A,12.0,12.0
13100001,A,6.0,6.0
13100002,A,6.0,6.0
13100003,A,13.0,13.0
13100004,A,13.0,13.0
13100005,A,12.0,12.0
13104107,A,6.0,6.0
13105102,A,16.0,16.0
13105201,A,13.0,13.0
13110002,,6.0,6.0
13110004,A,9.0,9.0
13110006,A,12.0,12.0
13110008,A,6.0,6.0
13110009,A,12.0,12.0
13115102,,13.0,13.0
13120001,A,9.0,9.0
13120003,A,12.0,12.0
13120004,A,9.0,9.0
13120008,A,9.0,9.0
13125101,D,12.0,12.0
13125201,B,9.0,9.0
13130001,A,6.0,6.0
13130002,A,6.0,6.0
13130004,A,13.0,13.0
13130006,A,6.0,6.0
13140001,A,9.0,9.0
13140002,A,6.0,6.0
13140003,A,9.0,9.0
13140005,A,12.0,12.0
13140006,A,9.0,9.0
13140007,A,9.0,9.0
13140008,A,9.0,9.0
13140009,A,13.0,13.0
13144202,A,9.0,9.0
13145102,A,12.0,12.0
13145201,,9.0,9.0
13145302,A,13.0,13.0
13150002,A,6.0,6.0
13150003,A,9.0,9.0
13150004,A,9.0,9.0
13150005,,9.0,9.0
13160001,A,9.0,9.0
13160002,A,6.0,6.0
13160003,A,13.0,13.0
13160004,A,13.0,13.0
13164101,D,12.0,12.0
13165102,D,12.0,12.0
13170001,A,9.0,9.0
13170002,I,9.0,9.0
13170003,I,16.0,16.0
13170006,I,16.0,16.0
13190001,A,6.0,6.0
13190002,A,6.0,6.0
13190003,A,9.0,9.0
13190004,A,12.0,12.0
13194102,S,9.0,9.0
13195102,A,9.0,9.0
14010001,,6.0,6.0
14010003,D,15.0,15.0
14024103,A,13.0,13.0
14030003,,12.0,12.0
14030009,D,12.0,12.0
14040001,,6.0,6.0
14040002,,9.0,9.0
14040003,F,12.0,12.0
14080001,F,9.0,9.0
14080002,F,9.0,9.0
14080006,F,15.0,15.0
14100001,D,6.0,6.0
14100002,,12.0,12.0
14100004,D,9.0,9.0
14100005,D,12.0,12.0
14100006,D,6.0,6.0
14100007,M,12.0,12.0
14100009,D,16.0,16.0
14105102,D,15.0,15.0
14110003,D,12.0,12.0
14110006,D,9.0,9.0
14110007,D,13.0,13.0
14120002,D,6.0,6.0
14120004,D,12.0,12.0
14120005,,6.0,6.0
14130002,D,6.0,6.0
14130003,D,9.0,9.0
14130007,D,12.0,12.0
14130009,,6.0,6.0
14135102,M,6.0,6.0
14140002,D,6.0,6.0
14140004,I,12.0,12.0
14140005,I,13.0,13.0
14140006,D,12.0,12.0
14140007,I,12.0,12.0
14140008,A,12.0,12.0
14144102,I,16.0,16.0
14144202,D,9.0,9.0
14145102,I,12.0,12.0
14150002,D,9.0,9.0
14160002,F,6.0,6.0
14160003,,9.0,9.0
14180001,A,12.0,12.0
14180002,A,9.0,9.0
14180003,A,16.0,16.0
14180004,A,16.0,16.0
14180005,A,16.0,16.0
14180006,A,13.0,13.0
14180007,A,12.0,12.0
14183103,A,12.0,12.0
14190001,,6.0,6.0
14190002,D,9.0,9.0
14190003,D,16.0,16.0
14190005,D,12.0,12.0
15030002,D,12.0,12.0
15040001,D,6.0,6.0
15040002,D,9.0,9.0
15040003,D,12.0,12.0
15040004,A,9.0,9.0
15040006,D,13.0,13.0
15040007,D,12.0,12.0
15040008,,12.0,12.0
15040010,D,13.0,13.0
15043103,D,13.0,13.0
15043202,D,13.0,13.0
15050001,D,12.0,12.0
15050002,D,16.0,16.0
15050003,D,18.0,18.0
15050005,D,16.0,16.0
15060001,D,12.0,12.0
15060002,D,12.0,12.0
15060003,D,15.0,15.0
15060004,D,16.0,16.0
15060006,D,16.0,16.0
15070001,D,9.0,9.0
15070002,D,6.0,6.0
15070004,D,13.0,13.0
15070005,D,9.0,9.0
15070006,D,15.0,15.0
15070007,D,12.0,12.0
15070008,D,9.0,9.0
15070009,D,9.0,9.0
15080002,,6.0,6.0
15080003,D,12.0,12.0
15080004,D,12.0,12.0
15080005,D,12.0,12.0
15080006,D,16.0,16.0
15080007,D,13.0,13.0
15080009,,12.0,12.0
15080010,D,13.0,13.0
15080011,D,12.0,12.0
15080012,D,12.0,12.0
15080013,D,13.0,13.0
15080014,D,16.0,16.0
15080015,D,15.0,15.0
15083201,D,16.0,16.0
15085101,,12.0,12.0
15090001,D,15.0,15.0
15090002,D,12.0,12.0
15090003,D,16.0,16.0
15090006,D,16.0,16.0
15090007,D,12.0,12.0
15100001,,12.0,12.0
15100005,D,13.0,13.0
15100008,D,13.0,13.0
15100014,,6.0,6.0
15104102,D,12.0,12.0
15110002,D,6.0,6.0
15110003,D,13.0,13.0
15110006,,12.0,12.0
15110007,,13.0,13.0
15114101,D,12.0,12.0
15140002,D,9.0,9.0
15140003,D,16.0,16.0
15140004,D,16.0,16.0
15140005,D,13.0,13.0
15140007,D,12.0,12.0
15140010,,6.0,6.0
15150002,D,13.0,13.0
15150003,D,15.0,15.0
15150004,D,15.0,15.0
15155102,D,12.0,12.0
15160002,D,16.0,16.0
15160003,D,16.0,16.0
15160004,D,16.0,16.0
15160005,D,15.0,15.0
15160009,D,12.0,12.0
15160011,D,13.0,13.0
15164102,D,15.0,15.0
15170001,D,15.0,15.0
15170002,D,12.0,12.0
15170003,D,18.0,18.0
15170006,D,12.0,12.0
15180001,D,16.0,16.0
15180002,D,16.0,16.0
15180003,D,16.0,16.0
15180004,D,16.0,16.0
15180007,D,16.0,16.0
15180009,D,12.0,12.0
15190001,,13.0,13.0
15190002,D,9.0,9.0
15190003,D,12.0,12.0
15190005,D,16.0,16.0
15190011,D,12.0,12.0
15193106,D,12.0,12.0
15200001,D,13.0,13.0
15200003,D,16.0,16.0
15200004,D,16.0,16.0
15200005,D,12.0,12.0
15201102,D,16.0,16.0
16010002,I,13.0,13.0
16010004,F,12.0,12.0
16010005,D,6.0,6.0
16012107,I,12.0,12.0
16020001,F,6.0,6.0
16020002,F,12.0,12.0
16020003,F,16.0,16.0
16020004,F,12.0,12.0
16020005,F,16.0,16.0
16020010,F,16.0,16.0
16025102,,16.0,16.0
16030002,D,12.0,12.0
16040002,,6.0,6.0
16040003,I,12.0,12.0
16040004,,6.0,6.0
16040005,I,6.0,6.0
16040006,I,6.0,6.0
16040007,I,12.0,12.0
16040010,A,16.0,16.0
16040011,A,12.0,12.0
16040012,A,13.0,13.0
16040013,I,13.0,13.0
16043104,I,9.0,9.0
16050005,D,6.0,6.0
16050017,D,9.0,9.0
16070002,D V,6.0,6.0
16070003,S,13.0,13.0
16074102,D,12.0,12.0
16120003,D,6.0,6.0
16120009,,12.0,12.0
16120013,D,13.0,13.0
16130004,D,9.0,9.0
16130005,D,16.0,16.0
16130007,D,12.0,12.0
16130008,D,9.0,9.0
16130009,D,16.0,16.0
16130010,D,15.0,15.0
16130011,D,16.0,16.0
16130013,D,9.0,9.0
16130014,D,12.0,12.0
16130015,D,13.0,13.0
16130016,D,13.0,13.0
16130018,D,16.0,16.0
16130019,D,13.0,13.0
16132102,D,12.0,12.0
16132207,D,15.0,15.0
16135102,D,15.0,15.0
16135201,,12.0,12.0
16140003,D,12.0,12.0
16140005,D,16.0,16.0
16150004,A,12.0,12.0
16150006,D,12.0,12.0
16160001,B1,12.0,12.0
16160002,B1,12.0,12.0
16160003,B1,12.0,12.0
16160006,A,18.0,18.0
16160007,A,18.0,18.0
16160008,B1,12.0,12.0
16164103,B1,12.0,12.0
16170002,A,9.0,9.0
16170003,D,9.0,9.0
16170004,A,13.0,13.0
16170005,A,16.0,16.0
16180005,F,16.0,16.0
16190002,D,6.0,6.0
16190004,D,12.0,12.0
16190008,D,9.0,9.0
16200001,,6.0,6.0
16200003,,9.0,9.0
16200004,I,9.0,9.0
16410001,D,13.0,13.0
16410002,D,13.0,13.0
16410005,D,18.0,18.0
17030001,F,12.0,12.0
17030002,F,9.0,9.0
17030005,F,16.0,16.0
17040001,D,9.0,9.0
17040005,D,9.0,9.0
17040007,S,6.0,6.0
17040008,,9.0,9.0
17040009,D,9.0,9.0
17040010,D,6.0,6.0
17040011,D,12.0,12.0
17043202,D,13.0,13.0
17050001,B1,9.0,9.0
17050002,D,6.0,6.0
17050003,B1,12.0,12.0
17050004,B1,12.0,12.0
17050005,B1,13.0,13.0
17050006,B1,12.0,12.0
17050007,,9.0,9.0
17055101,,13.0,13.0
17060001,A,9.0,9.0
17060002,A,6.0,6.0
17060003,A,12.0,12.0
17064102,D,12.0,12.0
17070002,I,6.0,6.0
17070003,I,16.0,16.0
17070005,I,16.0,16.0
17070006,I,12.0,12.0
17070007,D,9.0,9.0
17073206,,12.0,12.0
17073208,D,12.0,12.0
17075101,I,12.0,12.0
17080001,D,6.0,6.0
17080002,D,6.0,6.0
17080003,D,6.0,6.0
17080004,D,6.0,6.0
17080005,,9.0,9.0
17080006,D,9.0,9.0
17080007,A,6.0,6.0
17080008,D,13.0,13.0
17080009,D,9.0,9.0
17084102,D,9.0,9.0
17084204,E,6.0,6.0
17084302,D,9.0,9.0
17090002,A,6.0,6.0
17090003,A,13.0,13.0
17090004,A,12.0,12.0
17090005,A,12.0,12.0
17090006,A,13.0,13.0
17090008,A,12.0,12.0
17095201,I,12.0,12.0
17100001,V,9.0,9.0
17100003,F,15.0,15.0
17100004,F,12.0,12.0
17100005,F,12.0,12.0
17100008,F,16.0,16.0
17100009,D,9.0,9.0
17120001,D,6.0,6.0
17120002,M,6.0,6.0
17120003,D,9.0,9.0
17120004,D,9.0,9.0
17120005,D,12.0,12.0
17120006,D,13.0,13.0
17120007,D,13.0,13.0
17124101,,9.0,9.0
17124202,S,15.0,15.0
17125102,D,13.0,13.0
17125202,D,6.0,6.0
17130002,M,6.0,6.0
17130003,,13.0,13.0
17130004,I,12.0,12.0
17130006,I,13.0,13.0
17130007,D,9.0,9.0
17130008,S,9.0,9.0
17130009,D,13.0,13.0
17132104,I,16.0,16.0
17132105,S,9.0,9.0
17132108,D,16.0,16.0
17134102,I,13.0,13.0
17134103,I,15.0,15.0
17134202,D,12.0,12.0
17134302,D,9.0,9.0
17160002,S,6.0,6.0
17160004,S,16.0,16.0
17160005,S,13.0,13.0
17160006,S,15.0,15.0
17160007,S,13.0,13.0
17160009,S,9.0,9.0
17160010,S,16.0,16.0
17160012,S,12.0,12.0
17160013,S,12.0,12.0
17160015,S,16.0,16.0
17160016,S,12.0,12.0
17164102,D,9.0,9.0
17164103,S,12.0,12.0
17164104,S,13.0,13.0
17164202,A,12.0,12.0
17165202,D,15.0,15.0
17165401,I,12.0,12.0
17165501,D,12.0,12.0
17170003,D,9.0,9.0
17170004,D,13.0,13.0
17170005,D,12.0,12.0
17170006,A,13.0,13.0
17170007,D V,6.0,6.0
17170008,A,6.0,6.0
17170009,D,9.0,9.0
17170010,D,13.0,13.0
17173101,,12.0,12.0
17173103,D,13.0,13.0
17173104,D,13.0,13.0
17174202,D,9.0,9.0
17175201,,6.0,6.0
17180001,D,6.0,6.0
17180003,I,9.0,9.0
17180004,I,6.0,6.0
17180006,M,9.0,9.0
17180007,I,12.0,12.0
17180011,A,13.0,13.0
17184101,D,6.0,6.0
17184301,M,6.0,6.0
17190001,A,6.0,6.0
17190003,A,13.0,13.0
17190004,A,12.0,12.0
17190005,A,12.0,12.0
17190006,,12.0,12.0
17194101,,12.0,12.0
17194103,I,16.0,16.0
17194104,I,13.0,13.0
17194302,F,12.0,12.0
17200001,I,9.0,9.0
17200002,D,9.0,9.0
17200003,I,12.0,12.0
17200004,I,16.0,16.0
17205102,D,15.0,15.0
17205201,D,12.0,12.0
18020001,A,6.0,6.0
18020002,A,6.0,6.0
18020005,A,6.0,6.0
18020007,A,6.0,6.0
18020008,A,6.0,6.0
18020010,A,6.0,6.0
18020012,,6.0,6.0
18025201,S,6.0,6.0
18025301,A,13.0,13.0
18030002,S,12.0,12.0
18030003,I,9.0,9.0
18030004,S,16.0,16.0
18030005,I,16.0,16.0
18030006,,13.0,13.0
18030007,A,9.0,9.0
18030010,D,9.0,9.0
18031103,D S,16.0,16.0
18035202,,22.0,22.0
18040002,A,6.0,6.0
18040003,,6.0,6.0
18040006,J,6.0,6.0
18040007,J,6.0,6.0
18040008,D,6.0,6.0
18043102,D,13.0,13.0
18043103,A,12.0,12.0
18043104,A,12.0,12.0
18043204,S,6.0,6.0
18050004,D,12.0,12.0
18053104,S,12.0,12.0
18060001,A,6.0,6.0
18060002,A,9.0,9.0
18060003,,13.0,13.0
18060004,A,13.0,13.0
18060005,J,15.0,15.0
18060006,J,16.0,16.0
18060007,A,6.0,6.0
18060008,A,12.0,12.0
18060009,,6.0,6.0
18063101,B1,16.0,16.0
18063103,B1,12.0,12.0
18065101,,6.0,6.0
18070001,D,6.0,6.0
18070003,D,6.0,6.0
18080001,D,6.0,6.0
18080002,D,6.0,6.0
18080003,D,12.0,12.0
18080004,D,12.0,12.0
18090001,D,6.0,6.0
18090002,S,9.0,9.0
18090007,S,6.0,6.0
18090008,D,6.0,6.0
18090009,D,12.0,12.0
18091101,D,16.0,16.0
18091104,D,12.0,12.0
18093103,D,6.0,6.0
18093104,D,9.0,9.0
18095102,D,6.0,6.0
18095103,,6.0,6.0
18100001,D,9.0,9.0
18100002,B1,12.0,12.0
18110001,D,18.0,18.0
18110002,D,12.0,12.0
18110003,D,16.0,16.0
18110004,D,16.0,16.0
18110007,S,12.0,12.0
18120004,D,9.0,9.0
18120005,D,6.0,6.0
18120006,,12.0,12.0
18120007,D,6.0,6.0
18130001,,9.0,9.0
18130002,D,6.0,6.0
18140002,D,6.0,6.0
18140003,D,6.0,6.0
18140004,D,12.0,12.0
18144102,D,6.0,6.0
18144201,D,12.0,12.0
18150001,D,6.0,6.0
18150002,S,6.0,6.0
18150003,A,6.0,6.0
18150004,D,6.0,6.0
18150005,D,12.0,12.0
18154101,D,6.0,6.0
18160002,D,6.0,6.0
18160003,D,16.0,16.0
18160004,D,16.0,16.0
18160005,D,12.0,12.0
18160007,S,12.0,12.0
18160008,S,13.0,13.0
18160011,D,9.0,9.0
18163102,D,6.0,6.0
18170002,I,3.0,3.0
18170004,V,15.0,15.0
18170005,S,15.0,15.0
18175102,D,9.0,9.0
18175103,,13.0,13.0
18180006,D,9.0,9.0
18180007,D,6.0,6.0
18180008,D,12.0,12.0
18180012,,6.0,6.0
18190001,D,6.0,6.0
18190002,S,12.0,12.0
18190005,S,6.0,6.0
18190008,S,16.0,16.0
18200001,D,9.0,9.0
18200002,S,12.0,12.0
19040001,F,6.0,6.0
19040002,F,6.0,6.0
19080003,A,13.0,13.0
19080006,A,13.0,13.0
19080008,A,9.0,9.0
19080010,A,12.0,12.0
19083102,J,6.0,6.0
19083103,A,12.0,12.0
19084102,A,6.0,6.0
19084201,J,12.0,12.0
19090002,A,9.0,9.0
19090003,A,15.0,15.0
19090004,A,16.0,16.0
19093103,,13.0,13.0
19095102,B1,16.0,16.0
19100003,D,13.0,13.0
19100004,D,9.0,9.0
19100006,A,9.0,9.0
19100011,A,13.0,13.0
19100016,D,12.0,12.0
19101103,D,16.0,16.0
19101104,D,16.0,16.0
19103102,D1,6.0,6.0
19103103,A,12.0,12.0
19120002,F,9.0,9.0
19120003,F,12.0,12.0
19120012,,6.0,6.0
19200001,F,9.0,9.0
19200004,F,12.0,12.0
19200007,F,12.0,12.0
20010001,F,6.0,6.0
20010002,F,6.0,6.0
20010003,F,12.0,12.0
20020001,D,6.0,6.0
20030002,A,13.0,13.0
20030004,A,12.0,12.0
20050004,D,12.0,12.0
20050006,D,6.0,6.0
20055102,D,12.0,12.0
20060006,D,16.0,16.0
20060010,D,13.0,13.0
20063101,D,12.0,12.0
20063103,D,12.0,12.0
20080006,A,12.0,12.0
20090001,D,12.0,12.0
20090004,D,6.0,6.0
20100002,D,13.0,13.0
20100003,,15.0,15.0
20100004,D,13.0,13.0
20100005,,15.0,15.0
20103102,D,13.0,13.0
20103103,D,13.0,13.0
20103104,,12.0,12.0
20103201,D,12.0,12.0
20103203,D,16.0,16.0
20103204,D,12.0,12.0
20110001,D,9.0,9.0
20110004,D,16.0,16.0
20110005,D,16.0,16.0
20120001,D,6.0,6.0
20120002,D,9.0,9.0
20130002,D,13.0,13.0
20130003,D,16.0,16.0
20130004,D,16.0,16.0
20130006,D,9.0,9.0
20140001,D,9.0,9.0
20140002,D,16.0,16.0
20150006,D,12.0,12.0
20150008,D,16.0,16.0
20150009,D,13.0,13.0
20153101,I,9.0,9.0
20153103,I,13.0,13.0
20153104,I,9.0,9.0
20170001,D1,6.0,6.0
20170002,J,6.0,6.0
20170003,D1,13.0,13.0
20170004,A,13.0,13.0
20170005,J,9.0,9.0
20170006,J,13.0,13.0
20180001,A,6.0,6.0
20180002,A,12.0,12.0
20180003,A,16.0,16.0
20180006,A,13.0,13.0
20184101,A,13.0,13.0
20190004,D,15.0,15.0
20190007,D,12.0,12.0
20190008,D,16.0,16.0
20190009,D,12.0,12.0
20190010,D,16.0,16.0
20194101,D,13.0,13.0
20195101,D,12.0,12.0
20195103,D,12.0,12.0
20200006,I,9.0,9.0
20200007,A,12.0,12.0
20200008,S,13.0,13.0
21010001,,12.0,12.0
21010002,A,15.0,15.0
21010003,A,16.0,16.0
21010008,A,16.0,16.0
21030003,A,13.0,13.0
21030004,A,6.0,6.0
21030006,A,13.0,13.0
21040002,A,6.0,6.0
21040003,A,9.0,9.0
21040004,A,13.0,13.0
21050002,D1,6.0,6.0
21050003,D,6.0,6.0
21050004,D,6.0,6.0
21050005,D,13.0,13.0
21050006,D,9.0,9.0
21050007,D,12.0,12.0
21050009,A,6.0,6.0
21050010,A,13.0,13.0
21050011,D,13.0,13.0
21054201,S,12.0,12.0
21054203,S,12.0,12.0
21055102,A,12.0,12.0
21060002,D,16.0,16.0
21060003,A,12.0,12.0
21060006,A,16.0,16.0
21060007,A,16.0,16.0
21060008,A,9.0,9.0
21070001,A,6.0,6.0
21070002,A,6.0,6.0
21070003,A,13.0,13.0
21070004,A,16.0,16.0
21075102,A,12.0,12.0
21075202,A,13.0,13.0
21090007,A,6.0,6.0
21090010,A,13.0,13.0
21100001,A,9.0,9.0
21100002,A,6.0,6.0
21100003,A,12.0,12.0
21100004,A,13.0,13.0
21100005,A,12.0,12.0
21110002,A,9.0,9.0
21110003,A,6.0,6.0
21110004,A,6.0,6.0
21110008,A,12.0,12.0
21113103,A,9.0,9.0
21113104,A,9.0,9.0
21130001,A,9.0,9.0
21130002,D,6.0,6.0
21130003,A,9.0,9.0
21130004,,9.0,9.0
21130005,A,9.0,9.0
21130006,A,9.0,9.0
21130007,A,9.0,9.0
21130008,A,13.0,13.0
21130009,A,9.0,9.0
21134101,A,6.0,6.0
21134201,D,9.0,9.0
21134301,D,12.0,12.0
21135102,A,9.0,9.0
21140001,A,6.0,6.0
21140002,A,6.0,6.0
21140003,A,13.0,13.0
21140004,A,12.0,12.0
21140005,A,13.0,13.0
21145101,A,13.0,13.0
21150002,A,6.0,6.0
21150003,A,6.0,6.0
21150005,A,6.0,6.0
21150006,A,6.0,6.0
21160001,D1,6.0,6.0
21160004,A,9.0,9.0
21160005,D1,9.0,9.0
21165101,D,9.0,9.0
21170004,A,6.0,6.0
21170005,A,9.0,9.0
21170006,A,9.0,9.0
21170007,A,9.0,9.0
21170008,A,9.0,9.0
21170012,A,13.0,13.0
21173201,A,13.0,13.0
21173203,A,12.0,12.0
21174102,A,9.0,9.0
21174201,B1,12.0,12.0
21180001,A,6.0,6.0
21180003,A,12.0,12.0
21180005,A,13.0,13.0
21180006,A,9.0,9.0
21181105,A,13.0,13.0
21184102,A,13.0,13.0
21184103,A,13.0,13.0
21190001,A,6.0,6.0
21190002,A,9.0,9.0
21190003,A,13.0,13.0
21190004,A,9.0,9.0
21190005,A,15.0,15.0
21190006,A,12.0,12.0
21190008,D,12.0,12.0
21195101,D,12.0,12.0
21195202,A,9.0,9.0
21200003,A,6.0,6.0
21200004,A,6.0,6.0
21200005,A,9.0,9.0
22010004,I,12.0,12.0
22010005,I,12.0,12.0
22010006,,9.0,9.0
22010007,D,12.0,12.0
22020004,A,6.0,6.0
22020005,A,6.0,6.0
22020007,A,6.0,6.0
22020009,A,9.0,9.0
22020012,A,6.0,6.0
22025101,,9.0,9.0
22050001,D,16.0,16.0
22050002,D,13.0,13.0
22050003,D,16.0,16.0
22050004,D,15.0,15.0
22050005,D,16.0,16.0
22050006,D,16.0,16.0
22050007,D,16.0,16.0
22050010,D,16.0,16.0
22053103,D,13.0,13.0
22054101,D,16.0,16.0
22054201,B1,12.0,12.0
22055101,D,12.0,12.0
22060002,A,6.0,6.0
22060003,A,13.0,13.0
22060004,D,13.0,13.0
22060005,A,13.0,13.0
22060006,D,16.0,16.0
22070003,D,12.0,12.0
22070006,D,12.0,12.0
22070008,A,13.0,13.0
22073102,D,12.0,12.0
22080003,A,12.0,12.0
22080004,A,12.0,12.0
22080005,S,15.0,15.0
22080006,A,13.0,13.0
22080007,S,12.0,12.0
22080008,S,13.0,13.0
22084202,D,15.0,15.0
22085101,D,13.0,13.0
22090001,D,9.0,9.0
22090002,A,13.0,13.0
22090003,D,12.0,12.0
22090004,I,12.0,12.0
22090005,I,6.0,6.0
22090006,B,16.0,16.0
22090007,B,12.0,12.0
22090010,A,12.0,12.0
22094102,,9.0,9.0
22094103,,12.0,12.0
22094203,A,12.0,12.0
22100002,D,6.0,6.0
22100004,I,12.0,12.0
22100005,I,15.0,15.0
22105102,I,12.0,12.0
22105201,,16.0,16.0
22110004,S,12.0,12.0
22110005,S,12.0,12.0
22110006,S,12.0,12.0
22110007,S,12.0,12.0
22110008,I,13.0,13.0
22110009,I,13.0,13.0
22110010,S,9.0,9.0
22110011,A,12.0,12.0
22110012,A,12.0,12.0
22110016,S,13.0,13.0
22111104,I,13.0,13.0
22113101,S,12.0,12.0
22113103,S,13.0,13.0
22120001,D,6.0,6.0
22120002,D,12.0,12.0
22120003,D,13.0,13.0
22120004,D,16.0,16.0
22120005,D,13.0,13.0
22120007,D,13.0,13.0
22140002,D,6.0,6.0
22140006,D,13.0,13.0
22140008,D,13.0,13.0
22140009,D,13.0,13.0
22140010,D,16.0,16.0
22140011,D,16.0,16.0
22160001,I,12.0,12.0
22160002,I,12.0,12.0
22160003,I,12.0,12.0
22160004,,12.0,12.0
22170001,I,6.0,6.0
22170002,I,12.0,12.0
22170004,I,13.0,13.0
22175102,A,12.0,12.0
22180001,I,6.0,6.0
22180002,I,9.0,9.0
22180003,I,9.0,9.0
22180004,I,12.0,12.0
22180005,I,12.0,12.0
22180006,I,16.0,16.0
22180007,I,16.0,16.0
22180008,I,6.0,6.0
22181101,A,13.0,13.0
22183107,D,16.0,16.0
22184102,J,12.0,12.0
22185101,A,16.0,16.0
22190001,D,13.0,13.0
22190002,D,13.0,13.0
22190003,D,13.0,13.0
22190005,D,12.0,12.0
22200003,,9.0,9.0
22200004,A,12.0,12.0
22200007,D,13.0,13.0
22200009,,9.0,9.0
23020001,D,13.0,13.0
23020002,,12.0,12.0
23020003,,9.0,9.0
23020004,D,12.0,12.0
23020006,D,12.0,12.0
23020007,D,12.0,12.0
23050003,A,12.0,12.0
23050006,A,6.0,6.0
23070003,D,16.0,16.0
23070004,D,15.0,15.0
23070009,D,12.0,12.0
23070010,D,12.0,12.0
23070012,D,9.0,9.0
23070017,D,15.0,15.0
23073102,D,12.0,12.0
23073103,D,15.0,15.0
23073104,D,12.0,12.0
23075202,D,13.0,13.0
23080001,A,13.0,13.0
23080002,A,15.0,15.0
23080003,V,12.0,12.0
23080004,A,12.0,12.0
23080005,A,13.0,13.0
23080009,A,9.0,9.0
23080010,A,12.0,12.0
23085107,A,13.0,13.0
23100001,A,9.0,9.0
23100002,A,9.0,9.0
23100003,A,16.0,16.0
23100004,A,15.0,15.0
23100005,A,16.0,16.0
23100006,A,16.0,16.0
23100007,A,12.0,12.0
23100008,D,13.0,13.0
23104102,A,15.0,15.0
23105202,D,13.0,13.0
23105302,D,12.0,12.0
23105401,D,13.0,13.0
23110002,,6.0,6.0
23110003,A,16.0,16.0
23110004,A,13.0,13.0
23110007,A,9.0,9.0
23110008,A,12.0,12.0
23110011,,13.0,13.0
23120002,A,9.0,9.0
23120003,A,15.0,15.0
23120004,A,15.0,15.0
23120005,B1,12.0,12.0
23120007,I,12.0,12.0
23140001,,9.0,9.0
23140006,D,15.0,15.0
23140007,D,13.0,13.0
23145102,D,12.0,12.0
23170002,D,9.0,9.0
23170003,D,16.0,16.0
23170004,D,16.0,16.0
23170005,D,16.0,16.0
23170006,D,15.0,15.0
23190003,S,13.0,13.0
23190005,D S,13.0,13.0
23190006,,12.0,12.0
24010002,D,16.0,16.0
24010003,D,16.0,16.0
24010004,D,15.0,15.0
24010005,D,15.0,15.0
24010006,D,16.0,16.0
24010007,D,15.0,15.0
24010009,D,12.0,12.0
24014102,A,16.0,16.0
24014103,A,12.0,12.0
24015202,D,16.0,16.0
24020003,A,6.0,6.0
24030001,A,6.0,6.0
24030002,A,13.0,13.0
24030003,A,12.0,12.0
24030004,A,13.0,13.0
24030005,A,13.0,13.0
24030006,A,6.0,6.0
24030007,A,16.0,16.0
24030008,S,13.0,13.0
24030009,,9.0,9.0
24030010,A,9.0,9.0
24033102,A,13.0,13.0
24034102,D,6.0,6.0
24040002,A,6.0,6.0
24040004,P,16.0,16.0
24040005,A,9.0,9.0
24040006,A,12.0,12.0
24040008,A,9.0,9.0
24040009,A,6.0,6.0
24040010,A,6.0,6.0
24040011,P,13.0,13.0
24040012,A,13.0,13.0
24041106,D,9.0,9.0
24042104,A,13.0,13.0
24044202,A,9.0,9.0
24044301,A,3.0,3.0
24044404,A,13.0,13.0
24050001,A,6.0,6.0
24050003,A,9.0,9.0
24050004,A,9.0,9.0
24050005,A,9.0,9.0
24050006,A,6.0,6.0
24050008,A,6.0,6.0
24070002,S,6.0,6.0
24070004,,12.0,12.0
24070005,I,13.0,13.0
24070006,A,9.0,9.0
24070010,,12.0,12.0
24074102,D,16.0,16.0
24075101,,9.0,9.0
24080004,A,12.0,12.0
24080007,A,13.0,13.0
24080008,B,12.0,12.0
24080009,A,12.0,12.0
24080011,A,9.0,9.0
24080013,D,13.0,13.0
24081102,D,12.0,12.0
24082104,A,9.0,9.0
24083203,A,6.0,6.0
24084208,A,9.0,9.0
24085101,I,15.0,15.0
24085207,J,12.0,12.0
24090002,A,6.0,6.0
24090003,A,9.0,9.0
24090004,A,16.0,16.0
24090006,A,13.0,13.0
24090008,A,13.0,13.0
24090009,A,12.0,12.0
24090010,A,13.0,13.0
24090012,A,9.0,9.0
24090013,A,12.0,12.0
24090014,B,12.0,12.0
24091203,A,16.0,16.0
24093102,A,12.0,12.0
24093103,A,16.0,16.0
24093104,A,12.0,12.0
24094201,A,13.0,13.0
24110001,A,12.0,12.0
24110002,A,6.0,6.0
24110005,S,12.0,12.0
24140001,A,6.0,6.0
24140002,A,13.0,13.0
24140003,A,13.0,13.0
24140005,A,6.0,6.0
24140007,A,6.0,6.0
24143108,D1,12.0,12.0
24144101,,6.0,6.0
24145102,D,12.0,12.0
24160004,A,12.0,12.0
24160006,A,12.0,12.0
24160008,A,12.0,12.0
24160009,D1,9.0,9.0
24160010,S,13.0,13.0
24160011,B1,12.0,12.0
24160012,A,12.0,12.0
24160014,A,12.0,12.0
24160015,D1,12.0,12.0
24160016,B,16.0,16.0
24161108,D,13.0,13.0
24165201,,12.0,12.0
24170002,A,6.0,6.0
24170003,A,6.0,6.0
24170004,A,6.0,6.0
24170005,A,9.0,9.0
24170009,A,13.0,13.0
24172105,D,16.0,16.0
24172106,D,12.0,12.0
24173102,A,6.0,6.0
24173103,A,13.0,13.0
24173104,A,13.0,13.0
24173105,A,13.0,13.0
24173201,A,13.0,13.0
24180001,A,9.0,9.0
24180003,,13.0,13.0
24190002,A,9.0,9.0
24190003,A,13.0,13.0
24190004,,6.0,6.0
24190005,,9.0,9.0
24190006,A,9.0,9.0
24190008,S,9.0,9.0
24200001,A,6.0,6.0
24200002,A,6.0,6.0
24200003,A,13.0,13.0
24200004,A,6.0,6.0
24200005,,6.0,6.0
24200006,I,6.0,6.0
24210001,A,6.0,6.0
24210005,A,12.0,12.0
24210006,A,6.0,6.0
24210007,A,12.0,12.0
24210008,I,15.0,15.0
24210010,A,13.0,13.0
24212103,A,9.0,9.0
24213103,A,13.0,13.0
24220001,D1,12.0,12.0
24220002,A,9.0,9.0
24220004,D1,16.0,16.0
24220005,B,15.0,15.0
24224102,Q,16.0,16.0
24230001,A,6.0,6.0
24230003,A,9.0,9.0
24230004,A,12.0,12.0
24230006,A,9.0,9.0
24230007,A,9.0,9.0
24235102,S,9.0,9.0
24235202,A,12.0,12.0
24240003,A,13.0,13.0
24240004,A,13.0,13.0
24240005,A,12.0,12.0
24240010,A,9.0,9.0
24260005,A,9.0,9.0
24280001,A,6.0,6.0
24280002,A,6.0,6.0
24280003,,13.0,13.0
24280004,A,9.0,9.0
24280006,A,9.0,9.0
24280007,A,9.0,9.0
24280010,A,9.0,9.0
24284102,A,6.0,6.0
24284103,A,13.0,13.0
24284105,A,9.0,9.0
24284107,A,9.0,9.0
24284202,A,12.0,12.0
25010003,A,13.0,13.0
25010012,A,9.0,9.0
25010014,A,9.0,9.0
25010015,A,12.0,12.0
25010017,A,6.0,6.0
25013101,A,15.0,15.0
25013103,A,16.0,16.0
25013104,A,12.0,12.0
25030001,A,6.0,6.0
25030002,D,6.0,6.0
25030003,,9.0,9.0
25030004,A,12.0,12.0
25040001,D,6.0,6.0
25040002,A,6.0,6.0
25040003,D,15.0,15.0
25040004,D,16.0,16.0
25040006,A,13.0,13.0
25045101,A,13.0,13.0
25060001,A,6.0,6.0
25060003,D,12.0,12.0
25060004,A,9.0,9.0
25060005,A,12.0,12.0
25060006,A,9.0,9.0
25064102,D,13.0,13.0
25065102,D,12.0,12.0
25070001,D,9.0,9.0
25070002,D,6.0,6.0
25070003,D,15.0,15.0
25070004,D,12.0,12.0
25070008,,12.0,12.0
25070009,,12.0,12.0
25073102,,16.0,16.0
25080001,A,9.0,9.0
25080002,A,9.0,9.0
25080004,A,12.0,12.0
25080005,A,12.0,12.0
25080006,A,12.0,12.0
25084101,A,12.0,12.0
25084201,,12.0,12.0
25085101,D,12.0,12.0
25100001,A,6.0,6.0
25100002,A,6.0,6.0
25100003,,13.0,13.0
25100004,A,12.0,12.0
25100005,A,12.0,12.0
25100006,A,9.0,9.0
25100007,,9.0,9.0
25100008,A,9.0,9.0
25103102,A,12.0,12.0
25103103,A,12.0,12.0
25104102,A,12.0,12.0
25104202,A,12.0,12.0
25105202,D,12.0,12.0
25110001,D,9.0,9.0
25110002,D,9.0,9.0
25110003,D,15.0,15.0
25110004,D,12.0,12.0
25110005,D,16.0,16.0
25110006,D,13.0,13.0
25110008,D,16.0,16.0
25114102,D,16.0,16.0
25115302,A,13.0,13.0
25115402,A,13.0,13.0
25120001,A,6.0,6.0
25120002,A,6.0,6.0
25120003,A,16.0,16.0
25120004,A,16.0,16.0
25120005,A,15.0,15.0
25120007,A,13.0,13.0
25120008,A,6.0,6.0
25123105,A,13.0,13.0
25125302,A,9.0,9.0
25125303,A,12.0,12.0
25130001,F,6.0,6.0
25130002,A,6.0,6.0
25130003,A,6.0,6.0
25130004,A,13.0,13.0
25130005,A,9.0,9.0
25130006,A,9.0,9.0
25133101,A,12.0,12.0
25133103,A,13.0,13.0
25134102,D,12.0,12.0
25135102,S,6.0,6.0
25150001,D,9.0,9.0
25150002,A,9.0,9.0
25150003,D,13.0,13.0
25150005,A,13.0,13.0
25150007,A,9.0,9.0
25150008,A,9.0,9.0
25150010,D,13.0,13.0
25155101,A,12.0,12.0
25160001,A,6.0,6.0
25160002,A,6.0,6.0
25160003,A,13.0,13.0
25160004,A,13.0,13.0
25160005,A,13.0,13.0
25160006,A,13.0,13.0
25160007,A,13.0,13.0
25164102,A,9.0,9.0
25164202,A,13.0,13.0
25165202,A,12.0,12.0
25170001,A,6.0,6.0
25170002,D,6.0,6.0
25170003,A,15.0,15.0
25170004,A,13.0,13.0
25180001,A,6.0,6.0
25180002,A,6.0,6.0
25180004,A,6.0,6.0
25180005,A,9.0,9.0
25180006,D,9.0,9.0
25180008,,12.0,12.0
25183101,A,13.0,13.0
25184102,S,6.0,6.0
25190004,D,6.0,6.0
25190006,A I,13.0,13.0
25193103,D,9.0,9.0
25193209,D,6.0,6.0
25195102,D,12.0,12.0
25195103,D,12.0,12.0
26020003,F,9.0,9.0
26022101,F,12.0,12.0
26022103,F,16.0,16.0
26022104,F,12.0,12.0
26050003,,16.0,16.0
26050004,B,9.0,9.0
26080004,F,13.0,13.0
26080007,,15.0,15.0
26160003,F,15.0,15.0
26160005,F,15.0,15.0
26160007,A B H,9.0,9.0
26165101,,16.0,16.0
26180002,S,9.0,9.0
26180005,S,16.0,16.0
26200006,D,16.0,16.0
26410001,,12.0,12.0
26410002,F,16.0,16.0
26410005,F,16.0,16.0
26415102,,16.0,16.0
26415202,F,15.0,15.0
27010001,I,6.0,6.0
27010002,I,12.0,12.0
27010003,I,12.0,12.0
27010005,I,12.0,12.0
27010006,I,6.0,6.0
27010007,I,12.0,12.0
27010011,I,13.0,13.0
27014102,I,15.0,15.0
27014201,,16.0,16.0
27020003,I,6.0,6.0
27024102,I,6.0,6.0
27030001,I,6.0,6.0
27030002,I,6.0,6.0
27030003,I,9.0,9.0
27030004,I,6.0,6.0
27030006,I,12.0,12.0
27030007,I,12.0,12.0
27040001,I,6.0,6.0
27040002,I,6.0,6.0
27040003,,12.0,12.0
27040004,I,12.0,12.0
27040006,I,9.0,9.0
27040007,I,6.0,6.0
27060002,,6.0,6.0
27060003,I,6.0,6.0
27060004,S,6.0,6.0
27060005,I,6.0,6.0
27060006,I,6.0,6.0
27060007,I,6.0,6.0
27060008,I,6.0,6.0
27060009,I,16.0,16.0
27060010,I,6.0,6.0
27060011,I,15.0,15.0
27060013,I,9.0,9.0
27060015,I,12.0,12.0
27061102,I,6.0,6.0
27061207,I,6.0,6.0
27061208,I,9.0,9.0
27061304,I,9.0,9.0
27065102,I,13.0,13.0
27070001,I,6.0,6.0
27070002,I,6.0,6.0
27070003,I,6.0,6.0
27070004,I,13.0,13.0
27070006,I,12.0,12.0
27070009,I,13.0,13.0
27070010,I,12.0,12.0
27070012,I,13.0,13.0
27070013,I,6.0,6.0
27073103,I,12.0,12.0
27074202,I,9.0,9.0
27080002,I,6.0,6.0
27080003,I,13.0,13.0
27080004,I,12.0,12.0
27080007,I,6.0,6.0
27080008,I,6.0,6.0
27083104,I,6.0,6.0
27083105,I,12.0,12.0
27083202,I,9.0,9.0
27085102,I,12.0,12.0
27090001,I,6.0,6.0
27090002,I,6.0,6.0
27090003,I,12.0,12.0
27090004,I,12.0,12.0
27090005,I,13.0,13.0
27090006,I,6.0,6.0
27090009,I,6.0,6.0
27090010,I,6.0,6.0
27090011,I,6.0,6.0
27090013,I,9.0,9.0
27090015,,6.0,6.0
27093101,I,9.0,9.0
27093202,I,6.0,6.0
27093206,I,12.0,12.0
27093210,I,9.0,9.0
27094202,I,12.0,12.0
27094302,I,6.0,6.0
27094402,I,9.0,9.0
27100001,I,6.0,6.0
27100002,I,6.0,6.0
27100003,I,12.0,12.0
27100004,I,16.0,16.0
27100005,,6.0,6.0
27100008,I,9.0,9.0
27105102,I,12.0,12.0
27110002,I,6.0,6.0
27110003,,9.0,9.0
27110004,I,12.0,12.0
27110005,I,6.0,6.0
27110007,,6.0,6.0
27110008,I,9.0,9.0
27110010,A,6.0,6.0
27110012,I,6.0,6.0
27115202,B,12.0,12.0
27115302,I,9.0,9.0
27120001,I,13.0,13.0
27120003,I,6.0,6.0
27120008,I,12.0,12.0
27121104,I,6.0,6.0
27121108,I,16.0,16.0
27124103,I,6.0,6.0
27130001,I,6.0,6.0
27130002,I,6.0,6.0
27130003,I,9.0,9.0
27130004,I,9.0,9.0
27130005,I,12.0,12.0
27130006,I,12.0,12.0
27130007,I,9.0,9.0
27135102,I,9.0,9.0
27140001,I,6.0,6.0
27140002,I,6.0,6.0
27140003,I,6.0,6.0
27140004,I,9.0,9.0
27140006,,6.0,6.0
27145102,I,6.0,6.0
27150001,I,6.0,6.0
27150004,I,13.0,13.0
27150010,I,12.0,12.0
27160001,I,6.0,6.0
27160006,I,12.0,12.0
27180001,I,6.0,6.0
27180002,I,6.0,6.0
27180003,I,6.0,6.0
27180005,I,9.0,9.0
27180010,I,6.0,6.0
27191102,I,9.0,9.0
27191105,I,12.0,12.0
27200002,I,6.0,6.0
27200003,I,6.0,6.0
27200005,I,6.0,6.0
27200006,I,9.0,9.0
27200007,I,12.0,12.0
27200009,I,6.0,6.0
27200010,I,12.0,12.0
27203105,I,12.0,12.0
27203203,I,9.0,9.0
27203205,I,9.0,9.0
27204101,,6.0,6.0
27230001,I,6.0,6.0
27230002,I,6.0,6.0
27230003,I,15.0,15.0
27230006,,6.0,6.0
27240002,I,6.0,6.0
27240004,I,6.0,6.0
27240005,I,6.0,6.0
27240007,I,9.0,9.0
27240008,I,6.0,6.0
27240011,I,12.0,12.0
27241118,I,6.0,6.0
27241120,I,12.0,12.0
27245102,I,6.0,6.0
27250001,I,6.0,6.0
27250002,I,6.0,6.0
27250003,I,6.0,6.0
27250009,I,6.0,6.0
27250010,I,9.0,9.0
27253203,I,9.0,9.0
27253205,I,6.0,6.0
27260003,I,6.0,6.0
27260004,I,6.0,6.0
27260005,I,13.0,13.0
27260007,I,12.0,12.0
27260008,I,12.0,12.0
27260009,I,12.0,12.0
27260010,I,9.0,9.0
27260011,I,12.0,12.0
27260016,I,16.0,16.0
27263209,I,12.0,12.0
27263210,I,13.0,13.0
27264102,I,13.0,13.0
27280002,,6.0,6.0
27280007,I,6.0,6.0
27280008,I,12.0,12.0
27280009,I,6.0,6.0
27280010,I,6.0,6.0
27280013,I,12.0,12.0
27280014,I,12.0,12.0
27281102,B,6.0,6.0
27281103,I,9.0,9.0
27283102,I,9.0,9.0
27283103,I,9.0,9.0
27283202,V,6.0,6.0
27284101,I,6.0,6.0
27285102,I,9.0,9.0
27290002,I,6.0,6.0
27290003,I,6.0,6.0
27290005,,9.0,9.0
27290006,I,12.0,12.0
27290010,I,6.0,6.0
27294101,I,6.0,6.0
27294103,I,9.0,9.0
27294202,I,9.0,9.0
27300002,,6.0,6.0
27300003,I,13.0,13.0
27300004,I,15.0,15.0
27300005,I,12.0,12.0
27300006,I,12.0,12.0
27300010,,16.0,16.0
27305102,I,12.0,12.0
27430001,,6.0,6.0
27430002,I,9.0,9.0
27430003,I,16.0,16.0
27430004,I,16.0,16.0
27430007,I,12.0,12.0
27430009,I,12.0,12.0
27430010,I,12.0,12.0
27430018,I,6.0,6.0
27431105,I,16.0,16.0
27431113,I,13.0,13.0
27433107,A,16.0,16.0
27434103,I,12.0,12.0
27440001,I,6.0,6.0
27440002,,6.0,6.0
27440003,I,9.0,9.0
27440004,I,13.0,13.0
27440006,I,13.0,13.0
28010002,,6.0,6.0
28010003,I,16.0,16.0
28010004,I,16.0,16.0
28010005,,6.0,6.0
28010007,I,16.0,16.0
28010009,I,12.0,12.0
28010010,I,16.0,16.0
28013102,I,16.0,16.0
28020001,,6.0,6.0
28020003,I,12.0,12.0
28030002,,6.0,6.0
28030003,I,6.0,6.0
28030005,I,12.0,12.0
28030006,I,12.0,12.0
28030010,,6.0,6.0
28033102,I,12.0,12.0
28040001,I,6.0,6.0
28040002,I,6.0,6.0
28040003,I,9.0,9.0
28040004,I,9.0,9.0
28040005,I,12.0,12.0
28040006,I,13.0,13.0
28040007,I,12.0,12.0
28040010,I,13.0,13.0
28040011,I,6.0,6.0
28044102,A,6.0,6.0
28050001,I,6.0,6.0
28050002,I,16.0,16.0
28050003,I,12.0,12.0
28050004,I,15.0,15.0
28050006,I,16.0,16.0
28050007,I,12.0,12.0
28050008,I,12.0,12.0
28050010,I,9.0,9.0
28053302,I,6.0,6.0
28060001,I,9.0,9.0
28060003,I,9.0,9.0
28060004,I,12.0,12.0
28070001,I,9.0,9.0
28070002,I,6.0,6.0
28070003,I,13.0,13.0
28070006,I,13.0,13.0
28070007,I,16.0,16.0
28073104,I,12.0,12.0
28080001,I,6.0,6.0
28080002,I,6.0,6.0
28080006,I,9.0,9.0
28090001,I,9.0,9.0
28090003,I,9.0,9.0
28090005,I,12.0,12.0
28094102,I,6.0,6.0
28100002,I,6.0,6.0
28100003,I,16.0,16.0
28100004,I,9.0,9.0
28100005,I,12.0,12.0
28100007,I,13.0,13.0
28103102,I,12.0,12.0
28104202,I,16.0,16.0
28120001,I,6.0,6.0
28120002,I,6.0,6.0
28120003,I,6.0,6.0
28120005,I,9.0,9.0
28120006,I,9.0,9.0
28120007,I,9.0,9.0
28120008,,6.0,6.0
28125102,,6.0,6.0
28125202,I,6.0,6.0
28130001,B1,13.0,13.0
28130002,I,13.0,13.0
28130004,I,16.0,16.0
28130005,I,16.0,16.0
28160001,I,6.0,6.0
28160002,I,12.0,12.0
28160003,I,9.0,9.0
28160004,I,16.0,16.0
28160006,I,9.0,9.0
28170001,I,6.0,6.0
28170002,I,6.0,6.0
28170003,I,9.0,9.0
28170004,I,12.0,12.0
28170007,,6.0,6.0
28170011,I,9.0,9.0
28173103,I,9.0,9.0
28173104,I,12.0,12.0
28175202,I,12.0,12.0
28190001,I,6.0,6.0
28200001,I,6.0,6.0
28200003,I,12.0,12.0
28200004,I,12.0,12.0
28200008,S,6.0,6.0
28204101,,9.0,9.0
28205101,I,6.0,6.0
28210003,I,13.0,13.0
28210004,I,9.0,9.0
28210009,I,6.0,6.0
28215102,I,9.0,9.0
28215203,I,9.0,9.0
28230004,,6.0,6.0
28250003,I,6.0,6.0
28250004,I,6.0,6.0
28250005,I,6.0,6.0
28250006,I,12.0,12.0
28260001,I,15.0,15.0
28260002,I,16.0,16.0
28260003,I,16.0,16.0
28260004,I,16.0,16.0
28260005,,6.0,6.0
28260006,I,13.0,13.0
28270001,I,12.0,12.0
28270002,I,16.0,16.0
28270003,I,16.0,16.0
28270004,I,15.0,15.0
28270005,,6.0,6.0
28275101,I,15.0,15.0
28275301,I,13.0,13.0
28280003,I,16.0,16.0
28280004,I,12.0,12.0
28280005,I,6.0,6.0
28285102,I,16.0,16.0
28290001,I,6.0,6.0
28290002,I,9.0,9.0
28290003,I,12.0,12.0
28290004,I,16.0,16.0
28295101,I,12.0,12.0
28300003,I,6.0,6.0
28300005,I,6.0,6.0
28300007,I,9.0,9.0
28410002,,6.0,6.0
28420001,I,6.0,6.0
29010001,,6.0,6.0
29020004,I,12.0,12.0
29020006,I,16.0,16.0
29030002,I,6.0,6.0
29040002,I,6.0,6.0
29040004,I,12.0,12.0
29040005,G I,13.0,13.0
29040008,I,12.0,12.0
29040009,I,12.0,12.0
29043206,I,15.0,15.0
29045202,I,15.0,15.0
29050002,I,12.0,12.0
29050003,I,15.0,15.0
29050006,I,12.0,12.0
29054201,I,15.0,15.0
29060002,I,12.0,12.0
29060006,I,12.0,12.0
29070001,I,6.0,6.0
29070005,I,12.0,12.0
29070006,I,12.0,12.0
29070007,I,16.0,16.0
29074101,I,12.0,12.0
29074202,I,16.0,16.0
29090002,I,13.0,13.0
29090003,I,12.0,12.0
29090005,I,13.0,13.0
29090007,I,18.0,18.0
29094102,I,16.0,16.0
29094202,I,16.0,16.0
29110001,I,16.0,16.0
29110002,I,13.0,13.0
29110003,I,12.0,12.0
29120002,,12.0,12.0
29120004,I,16.0,16.0
29120006,I,15.0,15.0
29121102,I,12.0,12.0
29121104,I,9.0,9.0
29130001,V,13.0,13.0
29130002,V,12.0,12.0
29130003,,13.0,13.0
29130004,,12.0,12.0
29130006,V,16.0,16.0
29133118,,12.0,12.0
29140001,I,6.0,6.0
29140002,I,15.0,15.0
29140003,I,13.0,13.0
29160001,I,6.0,6.0
29160002,,6.0,6.0
29160004,I,16.0,16.0
29164102,I,16.0,16.0
29170001,I,9.0,9.0
29170002,I,13.0,13.0
29170003,I,12.0,12.0
29170006,I,16.0,16.0
29170007,I,16.0,16.0
29170009,I,16.0,16.0
29170010,I,16.0,16.0
29170011,I,15.0,15.0
29170012,I,12.0,12.0
29170013,I,9.0,9.0
29170014,I,12.0,12.0
29173104,I,12.0,12.0
29173105,I,12.0,12.0
29174101,I,13.0,13.0
29175102,I,16.0,16.0
29180002,I,6.0,6.0
29180005,I,12.0,12.0
29180006,I,9.0,9.0
29180007,I,12.0,12.0
29185102,I,13.0,13.0
29220001,I,6.0,6.0
29220002,I,6.0,6.0
29240002,I,15.0,15.0
29240003,I,16.0,16.0
29240004,I,16.0,16.0
29244102,I,16.0,16.0
29260004,I,9.0,9.0
29260005,I,16.0,16.0
29270002,I,12.0,12.0
29273102,I,13.0,13.0
29290001,,6.0,6.0
29290002,I,12.0,12.0
29290003,I,9.0,9.0
29293102,I,9.0,9.0
30010003,I,6.0,6.0
30010004,I,6.0,6.0
30010005,I,6.0,6.0
30011102,I,6.0,6.0
30011103,I,9.0,9.0
30030001,I,6.0,6.0
30030002,I,9.0,9.0
30030004,I,9.0,9.0
30030005,I,16.0,16.0
30030007,I,15.0,15.0
30030009,I,16.0,16.0
30030010,I,12.0,12.0
30030011,I,9.0,9.0
30040003,,9.0,9.0
30040005,I,16.0,16.0
30040006,I,16.0,16.0
30050001,I,6.0,6.0
30060001,I,6.0,6.0
30060002,I,6.0,6.0
30060003,I,9.0,9.0
30060004,I,12.0,12.0
30070003,I,9.0,9.0
30070004,I,6.0,6.0
30070005,I,13.0,13.0
30083103,I,15.0,15.0
30090002,I,9.0,9.0
30100003,I,15.0,15.0
30100005,I,13.0,13.0
30100006,I,16.0,16.0
30120002,I,9.0,9.0
30120003,I,16.0,16.0
30120005,I,15.0,15.0
30120006,I,15.0,15.0
30130003,I,9.0,9.0
30130006,I,12.0,12.0
30140003,I,13.0,13.0
30140004,I,9.0,9.0
30140005,I,9.0,9.0
30160001,I,9.0,9.0
30160002,I,12.0,12.0
30160003,I,12.0,12.0
30160004,,6.0,6.0
30160006,,9.0,9.0
30160007,I,13.0,13.0
30165102,I,12.0,12.0
30170002,I,6.0,6.0
30170003,I,12.0,12.0
30170004,I,16.0,16.0
30173102,I,12.0,12.0
30173103,I,9.0,9.0
30174102,I,16.0,16.0
30180003,I,9.0,9.0
30180005,I,6.0,6.0
30180007,I,12.0,12.0
30181102,I,6.0,6.0
30181103,I,12.0,12.0
30190004,I,16.0,16.0
30200001,I,6.0,6.0
30200002,I,9.0,9.0
30200003,I,12.0,12.0
30200004,I,12.0,12.0
30210003,I,6.0,6.0
30210005,I,9.0,9.0
30210006,I,12.0,12.0
30210007,I,12.0,12.0
30210008,I,12.0,12.0
30210009,I,9.0,9.0
30215101,,13.0,13.0
30215201,I,9.0,9.0
30220001,I,6.0,6.0
30240007,I,12.0,12.0
30240008,,9.0,9.0
30250001,I,15.0,15.0
30250002,I,12.0,12.0
30250003,I,13.0,13.0
30250004,I,12.0,12.0
30250005,I,12.0,12.0
30250006,I,15.0,15.0
30260001,I,6.0,6.0
30260002,I,6.0,6.0
30260003,I,12.0,12.0
30260004,I,12.0,12.0
30260006,I,9.0,9.0
30263102,I,9.0,9.0
30263103,I,13.0,13.0
30270002,I,6.0,6.0
30280002,I,6.0,6.0
30280003,I,9.0,9.0
30280004,I,6.0,6.0
30280005,I,6.0,6.0
30280006,I,9.0,9.0
30280007,I,6.0,6.0
30283104,I,6.0,6.0
30285101,I,13.0,13.0
30285202,I,6.0,6.0
30290001,I,6.0,6.0
30290002,I,9.0,9.0
30290003,I,12.0,12.0
30300003,I,12.0,12.0
31010002,I,13.0,13.0
31010003,,16.0,16.0
31020002,I,13.0,13.0
31020003,I,16.0,16.0
31020004,I,12.0,12.0
31020005,I,16.0,16.0
31020007,I,13.0,13.0
31020008,I,16.0,16.0
31030002,I,6.0,6.0
31030003,I,12.0,12.0
31030004,I,12.0,12.0
31030005,I,12.0,12.0
31030008,I,12.0,12.0
31030009,I,13.0,13.0
31030010,,12.0,12.0
31030012,,13.0,13.0
31040002,I,13.0,13.0
31040004,I,12.0,12.0
31050002,I,6.0,6.0
31050004,I,16.0,16.0
31053104,I,16.0,16.0
31060001,D,13.0,13.0
31060002,S,16.0,16.0
31060003,D,15.0,15.0
31060004,D,12.0,12.0
31070001,I,9.0,9.0
31070003,I,16.0,16.0
31080003,I,13.0,13.0
31080004,I,13.0,13.0
31083102,I,12.0,12.0
31090005,I,6.0,6.0
31120003,I,15.0,15.0
31120004,I,13.0,13.0
31120005,I,6.0,6.0
31120006,I,6.0,6.0
31120007,I,9.0,9.0
31120010,I,13.0,13.0
31123202,I,9.0,9.0
31123203,I,13.0,13.0
31123204,I,9.0,9.0
31123302,I,6.0,6.0
31124102,I,13.0,13.0
31130001,S,6.0,6.0
31130002,I,6.0,6.0
31130004,I,9.0,9.0
31140001,,9.0,9.0
31140004,I,12.0,12.0
31143102,I,12.0,12.0
31160004,I,18.0,18.0
31190003,I,12.0,12.0
31190005,I,12.0,12.0
31190006,,12.0,12.0
31190008,I,16.0,16.0
31190010,I,16.0,16.0
31190011,I,12.0,12.0
31190012,I,13.0,13.0
31190013,D,16.0,16.0
31193101,,12.0,12.0
31193103,I,9.0,9.0
31193104,I,13.0,13.0
31210002,I,15.0,15.0
31210005,I,12.0,12.0
31210006,,6.0,6.0
31220002,V,18.0,18.0
31220003,I,18.0,18.0
31220004,I,18.0,18.0
31220005,,12.0,12.0
31220006,I,12.0,12.0
31220012,I,16.0,16.0
31220013,D,12.0,12.0
31230002,,6.0,6.0
31230003,I,13.0,13.0
31230005,I,12.0,12.0
31230006,I,13.0,13.0
31233103,I,12.0,12.0
31235101,,13.0,13.0
31240001,I,9.0,9.0
31240002,I,13.0,13.0
31240004,I,16.0,16.0
31240005,I,9.0,9.0
31250003,I,13.0,13.0
31250004,I,12.0,12.0
31250005,I,16.0,16.0
31250006,I,13.0,13.0
31250008,I,12.0,12.0
31250011,I,13.0,13.0
31251104,I,16.0,16.0
31254103,B,12.0,12.0
31260006,I,13.0,13.0
31270001,I,9.0,9.0
31270002,I,6.0,6.0
31270006,I,9.0,9.0
31270007,I,9.0,9.0
31280002,I,13.0,13.0
31280003,I,16.0,16.0
31280004,I,13.0,13.0
31280005,I,13.0,13.0
31280006,I,16.0,16.0
31280008,I,12.0,12.0
31281102,I,12.0,12.0
31281104,I,13.0,13.0
31290002,I,13.0,13.0
31290003,I,16.0,16.0
31290004,I,16.0,16.0
31290005,I,12.0,12.0
31290008,I,16.0,16.0
31290009,I,12.0,12.0
31290012,I,12.0,12.0
31295102,I,15.0,15.0
31300003,I,12.0,12.0
31300004,I,12.0,12.0
31300005,I,16.0,16.0
31300006,I,16.0,16.0
31300007,I,16.0,16.0
31300009,,6.0,6.0
31305101,I,13.0,13.0
32010002,I,6.0,6.0
32010003,I,16.0,16.0
32010006,I,16.0,16.0
32020002,I,6.0,6.0
32020003,I,12.0,12.0
32024101,I,9.0,9.0
32030001,I,6.0,6.0
32030004,I,12.0,12.0
32030006,I,9.0,9.0
32030008,I,9.0,9.0
32030009,I,9.0,9.0
32033101,I,9.0,9.0
32034102,I,15.0,15.0
32034202,I,13.0,13.0
32040001,I,6.0,6.0
32040002,I,6.0,6.0
32040003,I,9.0,9.0
32040004,I,13.0,13.0
32040005,I,9.0,9.0
32050002,I,6.0,6.0
32050003,I,6.0,6.0
32050005,I,13.0,13.0
32050006,I,13.0,13.0
32050007,I,6.0,6.0
32050010,,13.0,13.0
32050011,I,6.0,6.0
32050012,I,9.0,9.0
32050016,I,13.0,13.0
32054301,,9.0,9.0
32054404,I,13.0,13.0
32060001,I,12.0,12.0
32060002,I,9.0,9.0
32060003,I,16.0,16.0
32060004,I,6.0,6.0
32060007,I,16.0,16.0
32070001,I,13.0,13.0
32070005,I,13.0,13.0
32080001,I,6.0,6.0
32080002,,6.0,6.0
32080003,I,12.0,12.0
32080005,I,16.0,16.0
32080010,I,12.0,12.0
32090002,I,6.0,6.0
32090003,,13.0,13.0
32090004,I,13.0,13.0
32090005,I,12.0,12.0
32093104,I,12.0,12.0
32093201,I,6.0,6.0
32094102,I,15.0,15.0
32110001,I,6.0,6.0
32110002,I,9.0,9.0
32110003,I,6.0,6.0
32110004,,12.0,12.0
32110005,I,9.0,9.0
32110006,I,6.0,6.0
32110007,I,12.0,12.0
32114202,I,6.0,6.0
32114301,,13.0,13.0
32115102,I,15.0,15.0
32120001,I,6.0,6.0
32120002,I,6.0,6.0
32120004,I,6.0,6.0
32120005,I,12.0,12.0
32120006,I,6.0,6.0
32121205,I,13.0,13.0
32121206,I,6.0,6.0
32121207,I,6.0,6.0
32130001,,6.0,6.0
32130004,I,12.0,12.0
32130005,I,15.0,15.0
32130008,I,12.0,12.0
32140003,I,13.0,13.0
32140004,I,12.0,12.0
32140005,I,15.0,15.0
32140006,I,13.0,13.0
32140011,I,9.0,9.0
32143106,I,13.0,13.0
32143109,I,12.0,12.0
32144202,I,15.0,15.0
32144301,,13.0,13.0
32150003,I,15.0,15.0
32160001,I,6.0,6.0
32160003,I,12.0,12.0
32160004,,12.0,12.0
32160009,I,12.0,12.0
32165102,I,12.0,12.0
32170001,I,12.0,12.0
32170002,I,9.0,9.0
32170004,I,16.0,16.0
32173103,I,18.0,18.0
32180001,I,6.0,6.0
32190001,I,12.0,12.0
32190002,I,16.0,16.0
32190003,,16.0,16.0
32190005,,6.0,6.0
32190006,,6.0,6.0
32195102,I,16.0,16.0
32200001,I,9.0,9.0
32200002,I,6.0,6.0
32200006,I,13.0,13.0
32200007,I,12.0,12.0
32200008,I,13.0,13.0
32200010,I,6.0,6.0
32200011,,12.0,12.0
32200013,I,9.0,9.0
32200014,I,13.0,13.0
32201109,I,13.0,13.0
32201110,I,13.0,13.0
32205102,I,16.0,16.0
32205205,I,13.0,13.0
32220001,I,6.0,6.0
32240001,I,6.0,6.0
32240005,I,13.0,13.0
32250001,I,6.0,6.0
32250002,I,6.0,6.0
32250003,I,16.0,16.0
32254102,I,12.0,12.0
32270002,I,12.0,12.0
32270003,I,13.0,13.0
32270004,I,12.0,12.0
32274101,I,12.0,12.0
32274202,I,12.0,12.0
32275102,,12.0,12.0
32280001,I,9.0,9.0
32280004,I,12.0,12.0
32280005,V,15.0,15.0
32280006,I,6.0,6.0
32280007,I,9.0,9.0
32281102,I,12.0,12.0
32281103,I,13.0,13.0
32281104,I,13.0,13.0
32284101,V,15.0,15.0
32290003,I,9.0,9.0
32290006,I,13.0,13.0
32290008,I,13.0,13.0
32294101,I,13.0,13.0
32294103,I,12.0,12.0
32294201,I,13.0,13.0
32295002,I,16.0,16.0
32300002,I,6.0,6.0
32300004,I,9.0,9.0
32300005,I,13.0,13.0
32300006,I,6.0,6.0
32300007,I,13.0,13.0
32304202,I,15.0,15.0
32305101,,12.0,12.0
32305202,,15.0,15.0
33010003,I,6.0,6.0
33010005,I,9.0,9.0
33010009,I,13.0,13.0
33014103,I,12.0,12.0
33030001,I,6.0,6.0
33030003,I,9.0,9.0
33030004,I,9.0,9.0
33030005,I,6.0,6.0
33030006,I,12.0,12.0
33031102,I,9.0,9.0
33031103,I,13.0,13.0
33031104,I,9.0,9.0
33040003,S,12.0,12.0
33040004,I,12.0,12.0
33040007,S,13.0,13.0
33040008,F,6.0,6.0
33050001,F,6.0,6.0
33050002,F,9.0,9.0
33050005,F,12.0,12.0
33054202,,16.0,16.0
33060001,I,9.0,9.0
33060003,I,13.0,13.0
33060006,I,6.0,6.0
33060008,I,13.0,13.0
33060009,I,9.0,9.0
33060010,I,9.0,9.0
33060011,,13.0,13.0
33060013,B,12.0,12.0
33060014,I,6.0,6.0
33061105,I,15.0,15.0
33065102,I,12.0,12.0
33065202,I,12.0,12.0
33070001,I,6.0,6.0
33070002,I,9.0,9.0
33070003,I,16.0,16.0
33070004,I,13.0,13.0
33080002,I,9.0,9.0
33080003,I,12.0,12.0
33080004,I,6.0,6.0
33080005,I,9.0,9.0
33080008,I,9.0,9.0
33080011,I,16.0,16.0
33090001,I,6.0,6.0
33090002,I,6.0,6.0
33090003,I,16.0,16.0
33090004,I,13.0,13.0
33090007,I,12.0,12.0
33090009,,13.0,13.0
33094102,I,9.0,9.0
33100007,M,12.0,12.0
33110001,I,13.0,13.0
33110002,I,6.0,6.0
33110003,I,12.0,12.0
33110004,I,15.0,15.0
33110005,I,12.0,12.0
33111101,I,9.0,9.0
33111103,I,13.0,13.0
33120002,M,9.0,9.0
33120003,I,13.0,13.0
33120005,I,12.0,12.0
33120006,I,13.0,13.0
33120013,,12.0,12.0
33124102,I,13.0,13.0
33140001,I,9.0,9.0
33140002,I,13.0,13.0
33140004,I,9.0,9.0
33140006,I,12.0,12.0
33140007,I,6.0,6.0
33140008,,9.0,9.0
33140009,I,13.0,13.0
33140010,I,13.0,13.0
33144101,I,12.0,12.0
33144202,,13.0,13.0
33150002,I,6.0,6.0
33150003,I,9.0,9.0
33150004,I,9.0,9.0
33150005,I,12.0,12.0
33150006,I,13.0,13.0
33160001,I,13.0,13.0
33160002,I,9.0,9.0
33160003,I,13.0,13.0
33160004,I,13.0,13.0
33160006,I,13.0,13.0
33160011,I,9.0,9.0
33165102,I,12.0,12.0
33165202,A,13.0,13.0
33170001,,6.0,6.0
33170002,I,6.0,6.0
33170003,I,12.0,12.0
33170004,A D,13.0,13.0
33170006,I,12.0,12.0
33170008,I,12.0,12.0
33180003,I,6.0,6.0
33180006,I,9.0,9.0
33180007,I,13.0,13.0
33190003,I,9.0,9.0
33190005,I,9.0,9.0
33190006,I,16.0,16.0
33191104,I,13.0,13.0
33200001,I,16.0,16.0
33200002,I,6.0,6.0
33200003,I,16.0,16.0
33200004,I,12.0,12.0
33210001,I,9.0,9.0
33210002,I,6.0,6.0
33210003,I,9.0,9.0
33210005,I,13.0,13.0
33210007,I,9.0,9.0
33214202,I,13.0,13.0
33220001,I,9.0,9.0
33220002,I,6.0,6.0
33220003,I,13.0,13.0
33220004,I,13.0,13.0
33220005,I,12.0,12.0
33220006,I,13.0,13.0
33220009,I,12.0,12.0
33220011,I,12.0,12.0
33230002,I,9.0,9.0
33230003,,13.0,13.0
33230005,I,13.0,13.0
33230006,I,16.0,16.0
33230007,I,13.0,13.0
33230008,,6.0,6.0
33230009,I,16.0,16.0
33230015,I,13.0,13.0
33234102,I,15.0,15.0
33235202,I,16.0,16.0
33240002,I,6.0,6.0
33240003,S,13.0,13.0
33240004,I,9.0,9.0
33240005,I,9.0,9.0
33240006,S,13.0,13.0
33240007,I,9.0,9.0
33250003,I,6.0,6.0
33250004,I,9.0,9.0
33250005,I,9.0,9.0
33250007,I,6.0,6.0
33250008,I,13.0,13.0
33250009,I,12.0,12.0
33250010,I,12.0,12.0
33250011,I,12.0,12.0
33250015,I,12.0,12.0
33251105,I,12.0,12.0
33251106,I,13.0,13.0
33254102,I,6.0,6.0
33254202,I,9.0,9.0
33254203,I,13.0,13.0
33260002,I,6.0,6.0
33260004,I,13.0,13.0
33260005,I,13.0,13.0
33260006,D,9.0,9.0
33263102,I,9.0,9.0
33270001,I,6.0,6.0
33270003,I,6.0,6.0
33270004,I,13.0,13.0
33270005,S,12.0,12.0
33270006,I,9.0,9.0
33270007,I,16.0,16.0
33270008,,9.0,9.0
33271104,I,12.0,12.0
33274101,B,12.0,12.0
33280002,I,9.0,9.0
33280003,I,6.0,6.0
33280004,,6.0,6.0
33280005,F,9.0,9.0
33284102,I,9.0,9.0
33285102,I,9.0,9.0
33290003,I,6.0,6.0
33290007,I,6.0,6.0
33290009,I,6.0,6.0
33294201,I,12.0,12.0
33295102,I,12.0,12.0
33300003,I,13.0,13.0
33300005,I,13.0,13.0
33300006,I,15.0,15.0
33300007,I,6.0,6.0
33300008,F,9.0,9.0
33300009,I,13.0,13.0
33300010,I,13.0,13.0
33301104,I,13.0,13.0
33301202,M,6.0,6.0
33301203,S,13.0,13.0
33303102,I,13.0,13.0
33303103,I,12.0,12.0
33304201,,12.0,12.0
33304304,I,9.0,9.0
34020006,M,12.0,12.0
34020007,,6.0,6.0
34020013,,6.0,6.0
34030001,A,9.0,9.0
34030002,I,9.0,9.0
34030003,A,12.0,12.0
34030005,A,9.0,9.0
34030006,I,12.0,12.0
34030007,I,12.0,12.0
34030008,I,9.0,9.0
34030009,I,12.0,12.0
34030010,I,12.0,12.0
34030015,I,12.0,12.0
34033102,F,12.0,12.0
34034102,I,12.0,12.0
34034103,I,12.0,12.0
34035102,I,15.0,15.0
34035302,,16.0,16.0
34035402,,12.0,12.0
34035502,S,16.0,16.0
34040002,I,9.0,9.0
34040005,I,12.0,12.0
34040006,I,12.0,12.0
34040007,I,12.0,12.0
34040008,I,12.0,12.0
34040015,I,13.0,13.0
34044101,I,13.0,13.0
34045102,I,16.0,16.0
34050001,F,6.0,6.0
34050002,F,6.0,6.0
34050003,F,16.0,16.0
34050004,F,12.0,12.0
34050005,F,16.0,16.0
34050006,F,16.0,16.0
34060001,F,9.0,9.0
34060002,F,6.0,6.0
34060004,F,12.0,12.0
34060008,F,12.0,12.0
34070001,,6.0,6.0
34080002,I,6.0,6.0
34080005,I,15.0,15.0
34080006,I,12.0,12.0
34080009,I,12.0,12.0
34080010,I,12.0,12.0
34080011,I,16.0,16.0
34080012,D I,12.0,12.0
34080013,I,16.0,16.0
34080016,,12.0,12.0
34085101,I,12.0,12.0
34090001,F,6.0,6.0
34090003,F,12.0,12.0
34090004,F,12.0,12.0
34090005,F,9.0,9.0
34090006,M,12.0,12.0
34090010,M,12.0,12.0
34095102,I,12.0,12.0
34100004,I,6.0,6.0
34100005,I,6.0,6.0
34100006,I,6.0,6.0
34100007,I,13.0,13.0
34100008,M,16.0,16.0
34100009,I,13.0,13.0
34100010,I,13.0,13.0
34104201,I,13.0,13.0
34105101,I,6.0,6.0
34110002,I,15.0,15.0
34110003,I,16.0,16.0
34110004,I,16.0,16.0
34110005,I,18.0,18.0
34110007,I,15.0,15.0
34110008,I,16.0,16.0
34110010,I,16.0,16.0
34110011,I,16.0,16.0
34110012,,16.0,16.0
34110013,I,16.0,16.0
34110014,I,13.0,13.0
34110015,I,13.0,13.0
34114201,I,18.0,18.0
34114203,I,12.0,12.0
34120004,S,6.0,6.0
34120007,I,12.0,12.0
34130001,I,6.0,6.0
34130002,I,6.0,6.0
34130003,I,13.0,13.0
34130005,I,6.0,6.0
34130006,I,6.0,6.0
34130008,I,12.0,12.0
34130010,I,12.0,12.0
34130011,I,12.0,12.0
34130012,I,9.0,9.0
34130013,I,12.0,12.0
34130014,I,12.0,12.0
34130015,I,12.0,12.0
34150002,I,6.0,6.0
34150003,I,16.0,16.0
34150004,I,13.0,13.0
34150007,I,12.0,12.0
34150009,I,6.0,6.0
34150010,I,12.0,12.0
34150011,I,13.0,13.0
34150012,I,12.0,12.0
34150013,I,12.0,12.0
34154102,I,13.0,13.0
34160001,M,9.0,9.0
34160004,M,9.0,9.0
34160006,F,9.0,9.0
34160007,,9.0,9.0
34160009,F,6.0,6.0
34160014,I,13.0,13.0
34160015,F M,12.0,12.0
34160016,A I,6.0,6.0
34163202,I,6.0,6.0
34164102,I,9.0,9.0
34180001,M,13.0,13.0
34180002,M,6.0,6.0
34180006,M,12.0,12.0
34190002,I,6.0,6.0
34190003,I,9.0,9.0
34190004,I,6.0,6.0
34190006,I,9.0,9.0
34190008,I,9.0,9.0
34190009,I,9.0,9.0
34200002,I,6.0,6.0
34200004,I,12.0,12.0
34200006,I,13.0,13.0
34200007,S,13.0,13.0
34204102,I,13.0,13.0
34204201,B1,12.0,12.0
35010002,I,9.0,9.0
35010004,S,12.0,12.0
35010005,I,12.0,12.0
35033102,I,6.0,6.0
35033103,I,12.0,12.0
35033104,I,13.0,13.0
35040001,I,6.0,6.0
35040002,I,6.0,6.0
35040003,I,9.0,9.0
35040006,I,12.0,12.0
35040007,I,13.0,13.0
35040008,I,16.0,16.0
35050002,I,6.0,6.0
35050003,I,12.0,12.0
35050004,I,6.0,6.0
35050005,I,12.0,12.0
35050009,I,13.0,13.0
35060002,I,6.0,6.0
35060005,I,18.0,18.0
35060006,I,15.0,15.0
35070001,I,6.0,6.0
35070003,I,9.0,9.0
35070007,I,6.0,6.0
35070009,I,12.0,12.0
35080003,I,13.0,13.0
35080005,I,13.0,13.0
35080007,I,12.0,12.0
35080009,I,15.0,15.0
35080011,I,12.0,12.0
35080012,I,12.0,12.0
35080013,I,12.0,12.0
35083102,I,13.0,13.0
35083103,I,16.0,16.0
35084102,I,12.0,12.0
35084201,I,13.0,13.0
35090001,I,6.0,6.0
35090002,I,6.0,6.0
35090003,,13.0,13.0
35090004,I,13.0,13.0
35090005,I,9.0,9.0
35090006,I,9.0,9.0
35090007,I,13.0,13.0
35090008,,6.0,6.0
35090009,I,12.0,12.0
35090015,I,12.0,12.0
35095102,I,9.0,9.0
35100008,I,16.0,16.0
35100010,I,15.0,15.0
35100013,I,12.0,12.0
35100014,I,16.0,16.0
35100015,I,13.0,13.0
35120001,I,15.0,15.0
35120002,I,13.0,13.0
35120003,I,15.0,15.0
35120004,I,15.0,15.0
35130002,I,15.0,15.0
35130003,I,16.0,16.0
35130004,I,18.0,18.0
35130005,I,15.0,15.0
35130006,I,18.0,18.0
35130007,I,13.0,13.0
35130011,I,12.0,12.0
35130012,I,13.0,13.0
35135202,I,22.0,22.0
35150001,I,16.0,16.0
35150002,I,15.0,15.0
35150003,I,12.0,12.0
35150005,I,16.0,16.0
35155101,V,16.0,16.0
35160001,I,16.0,16.0
35160002,I,16.0,16.0
35160003,I,16.0,16.0
35160004,I,16.0,16.0
35160011,B,16.0,16.0
35165104,I,16.0,16.0
35190001,,6.0,6.0
35190002,I,12.0,12.0
35190006,I,12.0,12.0
35190009,I,12.0,12.0
35200002,I,9.0,9.0
35200003,I,12.0,12.0
35200005,I,15.0,15.0
35200007,I,12.0,12.0
35200008,I,16.0,16.0
35200009,I,13.0,13.0
35200010,I,12.0,12.0
35204105,I,13.0,13.0
35204202,I,15.0,15.0
35410003,I,16.0,16.0
35410004,,9.0,9.0
35410007,I,12.0,12.0
35410008,I,12.0,12.0
35410009,I,12.0,12.0
35410010,I,9.0,9.0
35415202,I,13.0,13.0
35430002,I,6.0,6.0
35430003,I,12.0,12.0
35430004,I,12.0,12.0
35430005,I,12.0,12.0
35430006,I,12.0,12.0
35430007,I,12.0,12.0
35430008,I,9.0,9.0
35430009,I,13.0,13.0
35430010,I,13.0,13.0
35430013,I,13.0,13.0
35433102,D,12.0,12.0
35433103,D,13.0,13.0
35433104,D I,9.0,9.0
35433202,D,12.0,12.0
35434102,I,12.0,12.0
35435102,I,12.0,12.0
35440001,I,6.0,6.0
35440002,I,6.0,6.0
35440003,I,16.0,16.0
35440004,I,15.0,15.0
35440005,I,12.0,12.0
35440006,I,12.0,12.0
35440007,I,15.0,15.0
35440008,I,12.0,12.0
35440013,I,16.0,16.0
35444102,I,12.0,12.0
35444201,I,13.0,13.0
35444301,I,12.0,12.0
35445201,I,9.0,9.0
35450001,I,12.0,12.0
35450002,I,9.0,9.0
35450006,I,13.0,13.0
35450008,I,13.0,13.0
35450009,I,13.0,13.0
36010005,I,9.0,9.0
36010006,I,13.0,13.0
36010010,I,9.0,9.0
36020001,I,9.0,9.0
36020002,I,12.0,12.0
36020003,I,16.0,16.0
36020004,I,9.0,9.0
36020006,I,12.0,12.0
36023102,I,9.0,9.0
36023103,I,12.0,12.0
36023104,I,9.0,9.0
36030002,I,15.0,15.0
36030005,I,16.0,16.0
36030006,I,13.0,13.0
36030007,,13.0,13.0
36030008,I,9.0,9.0
36034101,I,16.0,16.0
36035102,I,16.0,16.0
36035201,I,15.0,15.0
36040002,I,16.0,16.0
36040003,I,13.0,13.0
36040004,I,12.0,12.0
36044102,I,13.0,13.0
36045102,I,12.0,12.0
36050001,F,13.0,13.0
36050002,I,16.0,16.0
36050004,I,16.0,16.0
36050005,I,16.0,16.0
36050006,I,16.0,16.0
36060002,I,16.0,16.0
36080001,I,13.0,13.0
36080002,I,16.0,16.0
36080003,I,9.0,9.0
36080004,I,13.0,13.0
36085101,I,13.0,13.0
36090003,I,13.0,13.0
36090004,I,6.0,6.0
36090005,,12.0,12.0
36090006,I,12.0,12.0
36090007,I,13.0,13.0
36095102,I,12.0,12.0
36100006,I,15.0,15.0
36100007,I,16.0,16.0
36100008,I,12.0,12.0
36100009,I,16.0,16.0
36100010,I,16.0,16.0
36100011,I,16.0,16.0
36101104,I,18.0,18.0
36104202,I,15.0,15.0
36110001,,6.0,6.0
36110002,I,6.0,6.0
36110003,I,9.0,9.0
36110004,I,9.0,9.0
36110005,,13.0,13.0
36110006,I,13.0,13.0
36110008,I,13.0,13.0
36110012,D,6.0,6.0
36111104,I,12.0,12.0
36111105,I,12.0,12.0
36113103,I,12.0,12.0
36113202,I,12.0,12.0
36113305,I,13.0,13.0
36120001,I,13.0,13.0
36120002,I,6.0,6.0
36120003,F,16.0,16.0
36120006,I,13.0,13.0
36125102,I,13.0,13.0
36130001,I,12.0,12.0
36130002,I,12.0,12.0
36130003,I,16.0,16.0
36130004,I,12.0,12.0
36140001,I,16.0,16.0
36140002,I,13.0,13.0
36140003,I,16.0,16.0
36140004,I,16.0,16.0
36140006,I,16.0,16.0
36140008,I,9.0,9.0
36144102,I,18.0,18.0
36170001,I,15.0,15.0
36170002,I,13.0,13.0
36180002,,9.0,9.0
36180003,I,6.0,6.0
36190001,I,6.0,6.0
36190002,I,6.0,6.0
36190003,I,6.0,6.0
36190004,I,6.0,6.0
36190005,I,6.0,6.0
36190007,I,6.0,6.0
36195101,I,9.0,9.0
36195201,I,9.0,9.0
36200001,I,6.0,6.0
36200002,I,6.0,6.0
36200004,I,9.0,9.0
36200005,I,9.0,9.0
36200007,I,6.0,6.0
36203102,I,12.0,12.0
36203103,I,9.0,9.0
36203104,I,9.0,9.0
37010001,,6.0,6.0
37010002,I,13.0,13.0
37010003,I,12.0,12.0
37010006,I,13.0,13.0
37020001,I,6.0,6.0
37020003,I,15.0,15.0
37020004,I,13.0,13.0
37020005,I,16.0,16.0
37020006,I,16.0,16.0
37020009,I,12.0,12.0
37024102,I,6.0,6.0
37030001,I,16.0,16.0
37030002,I,16.0,16.0
37030003,I,18.0,18.0
37030004,I,18.0,18.0
37030006,I,9.0,9.0
37034302,I,15.0,15.0
37060002,I,12.0,12.0
37060003,I,13.0,13.0
37070003,,13.0,13.0
37070004,I,13.0,13.0
37070006,I,12.0,12.0
37070009,I,13.0,13.0
37070010,I,12.0,12.0
37070011,I,12.0,12.0
37075102,F I,9.0,9.0
37080001,I,9.0,9.0
37080002,B,9.0,9.0
37080004,I,16.0,16.0
37080005,B,16.0,16.0
37080006,I,16.0,16.0
37084101,I,9.0,9.0
37085101,I,15.0,15.0
37090001,I,9.0,9.0
37090002,I,15.0,15.0
37090003,I,16.0,16.0
37090005,I,16.0,16.0
37094102,,13.0,13.0
37100001,,9.0,9.0
37100002,,16.0,16.0
37100003,I,16.0,16.0
37100004,I,15.0,15.0
37100005,I,16.0,16.0
37100006,I,16.0,16.0
37100009,I,18.0,18.0
37110001,A,6.0,6.0
37110002,A,6.0,6.0
37110003,A,13.0,13.0
37110004,A,13.0,13.0
37113102,B,9.0,9.0
37114101,I,6.0,6.0
37120002,S,6.0,6.0
37120003,S,15.0,15.0
37120004,I,6.0,6.0
37120005,I,9.0,9.0
37120006,S,9.0,9.0
37120007,S,13.0,13.0
37120008,,13.0,13.0
37120009,I,13.0,13.0
37120010,I,15.0,15.0
37123106,I,9.0,9.0
37124102,I,13.0,13.0
37170001,I,12.0,12.0
37170003,I,12.0,12.0
37174101,I,9.0,9.0
37180001,I,9.0,9.0
37180002,I,15.0,15.0
37180003,I,13.0,13.0
37180004,I,6.0,6.0
37180005,I,13.0,13.0
37185102,I,16.0,16.0
37185202,I,13.0,13.0
37190001,I,6.0,6.0
37190002,,9.0,9.0
37190005,I,6.0,6.0
37190006,I,13.0,13.0
37190007,I,13.0,13.0
37190009,I,6.0,6.0
37193105,I,13.0,13.0
37193106,I,13.0,13.0
37193107,I,9.0,9.0
37200001,I,9.0,9.0
37200006,I,16.0,16.0
37200007,I,16.0,16.0
38010003,I,13.0,13.0
38010004,I,12.0,12.0
38010006,I,9.0,9.0
38010007,F,12.0,12.0
38010008,I,13.0,13.0
38013102,I,9.0,9.0
38014104,I,9.0,9.0
38014201,I,9.0,9.0
38020003,I,13.0,13.0
38023102,I,15.0,15.0
38030001,I,13.0,13.0
38030002,I,13.0,13.0
38030003,I,16.0,16.0
38030005,I,16.0,16.0
38030006,I,16.0,16.0
38034102,I,16.0,16.0
38034203,,16.0,16.0
38040003,A,13.0,13.0
38040005,I,9.0,9.0
38040006,A,13.0,13.0
38040007,A D,9.0,9.0
38040011,D,13.0,13.0
38050001,,16.0,16.0
38050002,I,9.0,9.0
38060002,I,13.0,13.0
38060005,I,15.0,15.0
38060008,I,15.0,15.0
38090001,,13.0,13.0
38090003,I,12.0,12.0
38093102,I,16.0,16.0
38093103,I,12.0,12.0
38100001,I,18.0,18.0
38100002,I,16.0,16.0
38100005,I,16.0,16.0
38100006,I,16.0,16.0
38104102,I,16.0,16.0
38105101,I,16.0,16.0
38110001,I,6.0,6.0
38110002,I,16.0,16.0
38110003,I,16.0,16.0
38110004,I,16.0,16.0
38114102,I,18.0,18.0
38114202,A,16.0,16.0
38120003,A,9.0,9.0
38120008,A,13.0,13.0
38120009,A,9.0,9.0
38120014,A,12.0,12.0
38120015,A,16.0,16.0
38120018,I,6.0,6.0
38121105,A I,13.0,13.0
38125102,I,15.0,15.0
38130001,I,9.0,9.0
38130002,I,15.0,15.0
38130003,I,16.0,16.0
38130004,I,15.0,15.0
38130005,I,18.0,18.0
38134102,F,12.0,12.0
38140002,A,9.0,9.0
38140003,A,12.0,12.0
38140004,A,12.0,12.0
38140005,A,16.0,16.0
38140006,A,16.0,16.0
38140007,A,16.0,16.0
38140008,A,16.0,16.0
38140014,I,16.0,16.0
38143101,,12.0,12.0
38143103,A,13.0,13.0
38144102,A,12.0,12.0
38150001,A,13.0,13.0
38150002,I,16.0,16.0
38150003,I,13.0,13.0
38150004,I,13.0,13.0
38160001,I,13.0,13.0
38160002,I,13.0,13.0
38160003,I,16.0,16.0
38164102,I,16.0,16.0
38164301,I,18.0,18.0
38164304,I,9.0,9.0
38170001,A,9.0,9.0
38170002,I,13.0,13.0
38170003,A I,16.0,16.0
38170004,,16.0,16.0
38170005,A,12.0,12.0
38180003,A,12.0,12.0
38180004,A,12.0,12.0
38180006,A,15.0,15.0
38180008,S,12.0,12.0
38180012,A,13.0,13.0
38184102,A,12.0,12.0
38185101,S,13.0,13.0
38190001,I,12.0,12.0
38190002,I,12.0,12.0
38190003,I,15.0,15.0
38190004,A,13.0,13.0
38195102,I,15.0,15.0
38200001,A,9.0,9.0
38200003,A,12.0,12.0
38200004,A,12.0,12.0
38200005,A,12.0,12.0
38200006,A,12.0,12.0
38200012,A,12.0,12.0
38205102,I,13.0,13.0
38205202,I,16.0,16.0
38205302,A,12.0,12.0
39010001,I,6.0,6.0
39010003,I,13.0,13.0
39010004,I,13.0,13.0
39010006,I,13.0,13.0
39014101,I,9.0,9.0
39014103,I,9.0,9.0
39015102,I,6.0,6.0
39020001,I,6.0,6.0
39020002,I,9.0,9.0
39020003,I,6.0,6.0
39030003,,12.0,12.0
39031107,I,12.0,12.0
39041103,I,13.0,13.0
39050002,I,6.0,6.0
39050004,I,13.0,13.0
39050006,I,12.0,12.0
39050008,I,9.0,9.0
39054102,I,16.0,16.0
39055102,I,13.0,13.0
39060001,I,9.0,9.0
39060002,I,13.0,13.0
39060003,,6.0,6.0
39060004,I,16.0,16.0
39063104,I,22.0,22.0
39070001,I,12.0,12.0
39070002,I,13.0,13.0
39070003,I,18.0,18.0
39070004,I,15.0,15.0
39070005,,6.0,6.0
39074102,,12.0,12.0
39080001,I,6.0,6.0
39080002,I,6.0,6.0
39080003,I,13.0,13.0
39080004,I,12.0,12.0
39080006,I,16.0,16.0
39080007,I,12.0,12.0
39083103,I,16.0,16.0
39083104,I,12.0,12.0
39084102,,16.0,16.0
39090001,,13.0,13.0
39090002,I,16.0,16.0
39090006,I,13.0,13.0
39090009,I,12.0,12.0
39100002,I,12.0,12.0
39100003,I,12.0,12.0
39100004,I,16.0,16.0
39100005,I,15.0,15.0
39100006,I,15.0,15.0
39100007,I,16.0,16.0
39100008,I,9.0,9.0
39100010,I,6.0,6.0
39100011,I,16.0,16.0
39103105,I,16.0,16.0
39104103,I,12.0,12.0
39104104,I,9.0,9.0
39104203,A,16.0,16.0
39104303,,15.0,15.0
39110003,I,12.0,12.0
39110004,,9.0,9.0
39110006,I,9.0,9.0
39110008,I,12.0,12.0
39110009,I,9.0,9.0
39113203,I,12.0,12.0
39115102,I,13.0,13.0
39130001,I,6.0,6.0
39130002,I,12.0,12.0
39130003,I,15.0,15.0
39130007,I,6.0,6.0
39140001,I,12.0,12.0
39140002,I,9.0,9.0
39140003,I,15.0,15.0
39140005,I,13.0,13.0
39140006,I,15.0,15.0
39150001,I,6.0,6.0
39150002,I,6.0,6.0
39150004,I,9.0,9.0
39150006,I,13.0,13.0
39150007,I,13.0,13.0
39150010,,13.0,13.0
39153102,I,6.0,6.0
39160007,I,13.0,13.0
39170001,I,6.0,6.0
39170002,I,6.0,6.0
39170004,I,13.0,13.0
39170006,,9.0,9.0
39180002,I,6.0,6.0
39180004,I,12.0,12.0
39190001,I,6.0,6.0
39190002,I,6.0,6.0
39190004,I,9.0,9.0
39190005,I,9.0,9.0
39200001,I,6.0,6.0
39200002,I,6.0,6.0
39204101,A,6.0,6.0
39204202,I,9.0,9.0
40010002,I,12.0,12.0
40010004,I,6.0,6.0
40010008,I,13.0,13.0
40010009,I,13.0,13.0
40010011,I,13.0,13.0
40020001,I,6.0,6.0
40020003,I,16.0,16.0
40020005,I,12.0,12.0
40020006,I,12.0,12.0
40020007,I,9.0,9.0
40023102,I,16.0,16.0
40023202,I,15.0,15.0
40023203,I,13.0,13.0
40023204,I,12.0,12.0
40030002,I,9.0,9.0
40030003,I,12.0,12.0
40030005,I,9.0,9.0
40030006,I,13.0,13.0
40030007,I,13.0,13.0
40030008,I,16.0,16.0
40034101,I,9.0,9.0
40034202,I,6.0,6.0
40035102,I,6.0,6.0
40050001,I,6.0,6.0
40050002,I,6.0,6.0
40050003,I,12.0,12.0
40050004,,6.0,6.0
40050006,I,12.0,12.0
40060001,I,9.0,9.0
40060002,I,9.0,9.0
40060004,I,9.0,9.0
40060006,I,13.0,13.0
40070001,I,9.0,9.0
40070002,I,12.0,12.0
40070003,I,12.0,12.0
40070004,I,9.0,9.0
40075101,,15.0,15.0
40080002,I,13.0,13.0
40080003,I,13.0,13.0
40080004,,13.0,13.0
40090003,I,16.0,16.0
40090005,,16.0,16.0
40100001,I,6.0,6.0
40100002,I,9.0,9.0
40100003,I,15.0,15.0
40100004,,6.0,6.0
40100005,I,13.0,13.0
40100007,,9.0,9.0
40100008,I,9.0,9.0
40110002,I,6.0,6.0
40110004,I,9.0,9.0
40140001,I,12.0,12.0
40140010,I,6.0,6.0
40140011,I,13.0,13.0
40143111,I,6.0,6.0
40150002,I,6.0,6.0
40150004,I,12.0,12.0
40150006,I,6.0,6.0
40150009,I,12.0,12.0
40150010,I,13.0,13.0
40154101,,9.0,9.0
40154103,I,9.0,9.0
40170002,I,6.0,6.0
40170003,I,6.0,6.0
40180002,I,6.0,6.0
40180003,I,6.0,6.0
40180004,I,6.0,6.0
40183102,I,6.0,6.0
40183104,I,9.0,9.0
40190001,I,6.0,6.0
40190002,I,6.0,6.0
40190003,I,13.0,13.0
40190004,I,13.0,13.0
40194201,I,9.0,9.0
40195101,I,16.0,16.0
40200001,I,9.0,9.0
40200002,,6.0,6.0
40200003,I,9.0,9.0
40200004,I,9.0,9.0
40200005,I,9.0,9.0
40204102,I,13.0,13.0
40230001,I,16.0,16.0
40230002,I,9.0,9.0
40230004,I,12.0,12.0
40230007,I,6.0,6.0
40231102,I,16.0,16.0
40231103,I,12.0,12.0
40231106,I,12.0,12.0
40234202,,12.0,12.0
40235102,I,12.0,12.0
40250002,I,9.0,9.0
40250003,I,6.0,6.0
40250004,I,9.0,9.0
40250005,I,12.0,12.0
40250009,A S,6.0,6.0
40255102,I,9.0,9.0
40260001,I,9.0,9.0
40260002,I,12.0,12.0
40260003,I,12.0,12.0
40260004,I,13.0,13.0
40260005,I,13.0,13.0
40260006,I,13.0,13.0
40260007,I,9.0,9.0
40260008,I,13.0,13.0
40260009,I,16.0,16.0
40260010,I,9.0,9.0
40261102,I,12.0,12.0
40261103,I,12.0,12.0
40263102,I,12.0,12.0
40264101,I,12.0,12.0
40270001,I,16.0,16.0
40270002,I,12.0,12.0
40270003,I,16.0,16.0
40270004,I,15.0,15.0
40280003,I,16.0,16.0
40280004,,16.0,16.0
40280005,I,18.0,18.0
40280006,I,16.0,16.0
40280008,I,15.0,15.0
40280009,I,12.0,12.0
40410002,I,15.0,15.0
40410003,I,12.0,12.0
40410004,I,13.0,13.0
41010001,A,6.0,6.0
41010002,A,6.0,6.0
41010003,A,6.0,6.0
41010004,A,9.0,9.0
41010005,A,6.0,6.0
41010006,A,6.0,6.0
41010007,A,9.0,9.0
41010008,A,9.0,9.0
41013102,A,6.0,6.0
41014101,A,12.0,12.0
41014201,A,6.0,6.0
41015102,A,6.0,6.0
41015201,A,12.0,12.0
41030001,A,6.0,6.0
41030002,A,6.0,6.0
41030004,A,6.0,6.0
41030005,A,6.0,6.0
41030006,A,9.0,9.0
41030007,A,6.0,6.0
41034201,A,6.0,6.0
41035101,A,6.0,6.0
41040004,A,6.0,6.0
41060001,A,6.0,6.0
41060002,A,6.0,6.0
41060003,A,9.0,9.0
41060004,A,6.0,6.0
41060005,A,6.0,6.0
41060006,A,9.0,9.0
41060007,A,9.0,9.0
41064102,A,6.0,6.0
41064201,A,6.0,6.0
41070001,A,6.0,6.0
41070003,A,6.0,6.0
41070004,A,6.0,6.0
41070005,A,9.0,9.0
41090001,A,6.0,6.0
41090002,A,6.0,6.0
41090003,,9.0,9.0
41090004,A,9.0,9.0
41094108,A,9.0,9.0
41100002,A,6.0,6.0
41100003,A,6.0,6.0
41100004,A,6.0,6.0
41100005,A,9.0,9.0
41100007,A,9.0,9.0
41101101,A,6.0,6.0
41101103,A,12.0,12.0
41104102,A,6.0,6.0
41105102,A,9.0,9.0
41105202,A,12.0,12.0
41110001,A,6.0,6.0
41110004,A,9.0,9.0
41110005,A,9.0,9.0
41110006,A,9.0,9.0
41114101,A,6.0,6.0
41115102,A,16.0,16.0
41120001,A,6.0,6.0
41120002,A,6.0,6.0
41120003,A,13.0,13.0
41125101,A,13.0,13.0
41130002,,6.0,6.0
41130003,A,6.0,6.0
41130004,A,6.0,6.0
41130005,A,6.0,6.0
41130006,A,6.0,6.0
41130007,A,6.0,6.0
41130008,A,6.0,6.0
41130009,A,6.0,6.0
41132101,A,6.0,6.0
41133102,A,6.0,6.0
41133103,A,12.0,12.0
41133206,A,6.0,6.0
41135101,A,9.0,9.0
41135502,A,12.0,12.0
41140001,A,6.0,6.0
41140002,A,6.0,6.0
41140003,A,6.0,6.0
41140004,A,9.0,9.0
41160004,A,9.0,9.0
41160005,A,9.0,9.0
41164102,A,9.0,9.0
41170001,A,9.0,9.0
41170002,A,6.0,6.0
41170003,A,9.0,9.0
41170009,A,6.0,6.0
41175102,A,12.0,12.0
41180002,A,6.0,6.0
41180003,A,6.0,6.0
41180004,A,6.0,6.0
41180005,A,9.0,9.0
41184102,A,9.0,9.0
41185101,A,9.0,9.0
41190001,A,6.0,6.0
41190003,A,9.0,9.0
41190004,A,9.0,9.0
41195102,A,16.0,16.0
41200001,,6.0,6.0
41200002,A,6.0,6.0
41200004,A,6.0,6.0
41200005,A,15.0,15.0
41200006,A,12.0,12.0
41210001,A,6.0,6.0
41210003,A,9.0,9.0
41210004,A,6.0,6.0
41210005,A,9.0,9.0
41214102,A,6.0,6.0
41214201,T,12.0,12.0
41214301,A,9.0,9.0
41215102,A,12.0,12.0
41220001,A,6.0,6.0
41220002,A,12.0,12.0
41220003,A,12.0,12.0
41220004,A,12.0,12.0
41220006,A,9.0,9.0
41225102,T,13.0,13.0
41240004,A,6.0,6.0
41240006,A,9.0,9.0
41245102,A,12.0,12.0
41250003,A,6.0,6.0
41250004,A,6.0,6.0
41250005,A,6.0,6.0
41250006,A,9.0,9.0
41253102,A,6.0,6.0
41253203,A,9.0,9.0
41255102,A,12.0,12.0
41255202,A,9.0,9.0
41270001,A,6.0,6.0
41270002,A,6.0,6.0
41270003,A,9.0,9.0
41270004,A,9.0,9.0
41270005,A,9.0,9.0
41275102,A,9.0,9.0
41280001,A,6.0,6.0
41280003,A,13.0,13.0
41280004,A,9.0,9.0
41285102,A,12.0,12.0
41285201,A,6.0,6.0
41300001,A,6.0,6.0
41300002,A,6.0,6.0
41410001,A,6.0,6.0
41410003,A,6.0,6.0
41410004,A,9.0,9.0
41415101,A,6.0,6.0
41415201,A,9.0,9.0
41420002,A,6.0,6.0
41420003,A,6.0,6.0
41420004,A,6.0,6.0
41420006,A,13.0,13.0
41421103,A,9.0,9.0
41421201,A,6.0,6.0
41421203,A,9.0,9.0
41425301,A,6.0,6.0
41430002,A,6.0,6.0
41430003,A,6.0,6.0
41430004,A,6.0,6.0
41430005,A,13.0,13.0
41430006,A,9.0,9.0
41435102,A,9.0,9.0
41435201,A,6.0,6.0
41440001,A,6.0,6.0
41440002,A,6.0,6.0
41440003,A,6.0,6.0
41440004,A,9.0,9.0
41440005,,9.0,9.0
41440006,A,6.0,6.0
41440008,A,6.0,6.0
41440009,A,12.0,12.0
41440010,A,6.0,6.0
41440011,A,6.0,6.0
41440013,A,9.0,9.0
41442108,A V,13.0,13.0
41443101,A,6.0,6.0
41443103,A,13.0,13.0
41445202,T,9.0,9.0
41445301,A,6.0,6.0
41445401,A,12.0,12.0
41450001,A,6.0,6.0
41450002,A,6.0,6.0
41450008,G,6.0,6.0
42010001,A,6.0,6.0
42010002,A,6.0,6.0
42010003,A,6.0,6.0
42010005,A,9.0,9.0
42020001,A,6.0,6.0
42020005,A,6.0,6.0
42020006,A,9.0,9.0
42020007,A,9.0,9.0
42020009,A,12.0,12.0
42020010,A,12.0,12.0
42020011,A,12.0,12.0
42020012,A,12.0,12.0
42020013,A,9.0,9.0
42023103,A,6.0,6.0
42024102,T,12.0,12.0
42024203,A,9.0,9.0
42024302,A,9.0,9.0
42025101,A,9.0,9.0
42025202,A,12.0,12.0
42030001,,6.0,6.0
42030004,A,12.0,12.0
42030005,A,6.0,6.0
42030006,A,9.0,9.0
42033203,A,9.0,9.0
42034101,A,6.0,6.0
42035102,A,12.0,12.0
42040003,T,6.0,6.0
42040006,A,12.0,12.0
42040007,T,6.0,6.0
42040008,A,9.0,9.0
42040009,A,12.0,12.0
42040011,A,6.0,6.0
42050002,,6.0,6.0
42050007,A,6.0,6.0
42050008,A,6.0,6.0
42053105,A,6.0,6.0
42060002,,6.0,6.0
42060004,A,6.0,6.0
42060005,A,6.0,6.0
42060007,A,6.0,6.0
42060009,T,6.0,6.0
42060010,A,12.0,12.0
42060011,,6.0,6.0
42060013,A,12.0,12.0
42060014,A,9.0,9.0
42064203,A,12.0,12.0
42070003,A,12.0,12.0
42070006,A,12.0,12.0
42070007,A,6.0,6.0
42074102,A,9.0,9.0
42080001,A,6.0,6.0
42080002,A,6.0,6.0
42080003,A,16.0,16.0
42080004,A,12.0,12.0
42090001,A,6.0,6.0
42090003,A,6.0,6.0
42091105,A,6.0,6.0
42095101,A,6.0,6.0
42100001,A,12.0,12.0
42100002,A,9.0,9.0
42100003,A,16.0,16.0
42100005,A,16.0,16.0
42100006,A,16.0,16.0
42103104,A,16.0,16.0
42110004,A,9.0,9.0
42110005,A,12.0,12.0
42120001,A,6.0,6.0
42120002,A,6.0,6.0
42120003,A,6.0,6.0
42120004,A,6.0,6.0
42120005,A,6.0,6.0
42124101,A,6.0,6.0
42124203,A,6.0,6.0
42130001,A,6.0,6.0
42130002,T,6.0,6.0
42130004,A,9.0,9.0
42130005,T,12.0,12.0
42130006,T,13.0,13.0
42130007,A,9.0,9.0
42130010,A,12.0,12.0
42134102,A,6.0,6.0
42135102,A,12.0,12.0
42135201,,6.0,6.0
42140001,A,6.0,6.0
42140002,A,6.0,6.0
42140003,A,9.0,9.0
42140004,A,9.0,9.0
42144102,A,6.0,6.0
42144201,T,6.0,6.0
42144303,A,6.0,6.0
42150002,A,6.0,6.0
42150004,A,6.0,6.0
42150005,A,6.0,6.0
42150007,A,6.0,6.0
42150010,A,6.0,6.0
42150012,A,6.0,6.0
42150014,C1,9.0,9.0
42150034,A,12.0,12.0
42153103,A,12.0,12.0
42153201,A,12.0,12.0
42153301,A,6.0,6.0
42153403,A,9.0,9.0
42153404,A,9.0,9.0
42153504,A,9.0,9.0
42153606,A,12.0,12.0
42160003,A,6.0,6.0
42160005,T,6.0,6.0
42160007,A,9.0,9.0
42170001,A,6.0,6.0
42170002,A,6.0,6.0
42170003,C1,6.0,6.0
42170004,A,6.0,6.0
42170005,A,6.0,6.0
42170006,A,12.0,12.0
42170008,A,6.0,6.0
42172103,A,12.0,12.0
42173101,C1,6.0,6.0
42173104,C1,12.0,12.0
42173201,T,6.0,6.0
42175102,T,6.0,6.0
42180003,A,6.0,6.0
42180004,A,6.0,6.0
42180005,A,6.0,6.0
42180010,A,6.0,6.0
42180012,A,6.0,6.0
42180013,A,13.0,13.0
42180014,A,6.0,6.0
42180017,A,6.0,6.0
42180018,A,6.0,6.0
42183104,A,9.0,9.0
42184201,A,9.0,9.0
42190001,,6.0,6.0
42190002,,6.0,6.0
42190003,A,6.0,6.0
42190004,A,6.0,6.0
42193102,A,6.0,6.0
42195101,C1,6.0,6.0
42200001,A,6.0,6.0
42200002,A,6.0,6.0
42200003,A,9.0,9.0
42200004,A,12.0,12.0
42200005,A,16.0,16.0
42200006,A,12.0,12.0
42204104,A,16.0,16.0
42220001,T,6.0,6.0
42220002,T,9.0,9.0
42220003,T,6.0,6.0
42220004,S,9.0,9.0
42220006,B,9.0,9.0
42220008,C1,6.0,6.0
42222102,T,6.0,6.0
42223203,C1,12.0,12.0
42225102,B,9.0,9.0
42230002,,6.0,6.0
42230004,T,6.0,6.0
42230005,T,6.0,6.0
42230006,T,12.0,12.0
42230007,T,6.0,6.0
42234101,A,9.0,9.0
42234202,T,12.0,12.0
42235101,T,12.0,12.0
42235202,T,12.0,12.0
42240002,,6.0,6.0
42240003,A,6.0,6.0
42240004,A,6.0,6.0
42240005,A,9.0,9.0
42250001,A,6.0,6.0
42250002,A,6.0,6.0
42250003,A,12.0,12.0
42255101,A,6.0,6.0
42260001,A,6.0,6.0
42260002,A,6.0,6.0
42260003,A C1,6.0,6.0
42260004,A,6.0,6.0
42260005,A,12.0,12.0
42260006,A,12.0,12.0
42263103,A,9.0,9.0
42264202,A,9.0,9.0
42270002,,6.0,6.0
42280001,T,6.0,6.0
42280002,T,6.0,6.0
42280003,T,12.0,12.0
42280004,T,12.0,12.0
42280005,T,15.0,15.0
42280006,T,12.0,12.0
42280008,A,9.0,9.0
42284103,,15.0,15.0
42290003,A,6.0,6.0
42290004,A,6.0,6.0
42290005,,6.0,6.0
42300002,A,6.0,6.0
42300003,A,9.0,9.0
42300004,A,12.0,12.0
42300005,A,16.0,16.0
42300007,A,9.0,9.0
43010001,C1,6.0,6.0
43010003,C1,6.0,6.0
43010004,C1,6.0,6.0
43010005,,6.0,6.0
43010006,C1,6.0,6.0
43014103,C1,12.0,12.0
43015101,T,6.0,6.0
43020003,C1,9.0,9.0
43020004,C1,6.0,6.0
43020006,T,6.0,6.0
43020010,C1,6.0,6.0
43030001,C1,6.0,6.0
43030002,C1,6.0,6.0
43030003,C1,6.0,6.0
43030004,C1,6.0,6.0
43030005,C1,6.0,6.0
43030006,C1,6.0,6.0
43030008,N,6.0,6.0
43033102,C1,6.0,6.0
43033104,C1,6.0,6.0
43033201,C1,6.0,6.0
43034102,C1,6.0,6.0
43035101,C1,6.0,6.0
43040001,C1,6.0,6.0
43040002,C1,6.0,6.0
43060001,N,6.0,6.0
43060002,N,6.0,6.0
43060004,N,6.0,6.0
43060005,N,6.0,6.0
43060006,C1,6.0,6.0
43060008,C1,6.0,6.0
43070003,C1,6.0,6.0
43070004,C1,6.0,6.0
43070006,C1,6.0,6.0
43070013,N,6.0,6.0
43080001,C1,6.0,6.0
43080002,C1,6.0,6.0
43080003,C1,6.0,6.0
43080004,C1,6.0,6.0
43085102,C1,9.0,9.0
43090001,C1,6.0,6.0
43090003,C1,6.0,6.0
43090005,C1,12.0,12.0
43090007,,6.0,6.0
43090009,C1,6.0,6.0
43094103,C1,6.0,6.0
43100001,C1,6.0,6.0
43100002,C1,6.0,6.0
43100003,C1,6.0,6.0
43100004,C1,6.0,6.0
43100006,C1,6.0,6.0
43104102,N,12.0,12.0
43110001,C1,6.0,6.0
43110003,N,6.0,6.0
43110005,N,6.0,6.0
43110006,N,9.0,9.0
43113103,C1,6.0,6.0
43120001,N,6.0,6.0
43120002,N,6.0,6.0
43120003,C1,6.0,6.0
43120004,S,9.0,9.0
43120005,C1,6.0,6.0
43120007,N,6.0,6.0
43120009,C1,6.0,6.0
43123104,C1,6.0,6.0
43123105,C1,6.0,6.0
43130001,N,6.0,6.0
43130003,V,6.0,6.0
43130004,N,6.0,6.0
43134101,C1,6.0,6.0
43135102,N,6.0,6.0
43140002,C1,6.0,6.0
43140003,N,6.0,6.0
43140015,N,6.0,6.0
43150003,C1,6.0,6.0
43150006,A,6.0,6.0
43150007,C1,6.0,6.0
43150013,N,6.0,6.0
43154201,C1,6.0,6.0
43154301,C1,6.0,6.0
43160001,,6.0,6.0
43160002,C1,6.0,6.0
43160004,S,6.0,6.0
43160006,C1,6.0,6.0
43161104,C1,6.0,6.0
43161105,C1,6.0,6.0
43161106,C1,9.0,9.0
43164102,C1,6.0,6.0
43165103,S,6.0,6.0
43165203,C1,6.0,6.0
43170002,C1,6.0,6.0
43170003,C1,6.0,6.0
43170005,C1,6.0,6.0
43170006,C1,6.0,6.0
43170007,C1,6.0,6.0
43170008,C1,6.0,6.0
43170010,C1,6.0,6.0
43170012,B,6.0,6.0
43174101,C1,6.0,6.0
43175101,A,6.0,6.0
43180001,C1,6.0,6.0
43180006,C1,6.0,6.0
43190001,C1,6.0,6.0
43190002,C1,6.0,6.0
43190004,N,6.0,6.0
43190005,C1,6.0,6.0
43190006,N,6.0,6.0
43190007,C1,6.0,6.0
43190011,N,6.0,6.0
43192103,N,6.0,6.0
43194102,C1,6.0,6.0
43194201,C1,6.0,6.0
43195102,C1,6.0,6.0
43200001,,6.0,6.0
43200003,C1,9.0,9.0
43200004,C1,9.0,9.0
43200006,S,12.0,12.0
43200012,C1,6.0,6.0
43200014,C1,12.0,12.0
43200015,,12.0,12.0
43200016,C1,15.0,15.0
43200017,C1,16.0,16.0
43200018,C1,12.0,12.0
43200020,N,12.0,12.0
43200028,N,6.0,6.0
43200029,T,9.0,9.0
43203102,C1,6.0,6.0
43203109,C1,15.0,15.0
43203110,C1,16.0,16.0
43203111,C1,12.0,12.0
43210001,C1,6.0,6.0
43210002,C1,6.0,6.0
43210004,,9.0,9.0
43210005,C1,9.0,9.0
43210006,C1,12.0,12.0
43210007,C1,9.0,9.0
43215102,C1,9.0,9.0
43215202,C1,6.0,6.0
43220002,C1,6.0,6.0
43220003,C1,6.0,6.0
43220004,N,6.0,6.0
43220006,N,6.0,6.0
43220008,C1,6.0,6.0
43223101,C1,6.0,6.0
43224102,N,6.0,6.0
43224103,N,9.0,9.0
43230003,C1,6.0,6.0
43230004,C1,13.0,13.0
43230005,C1,6.0,6.0
43234104,C1,9.0,9.0
43234105,C1,6.0,6.0
43240003,C1,6.0,6.0
43240005,C1,6.0,6.0
43240006,C1,12.0,12.0
43240008,C1,6.0,6.0
43240012,S,6.0,6.0
43240013,C1,6.0,6.0
43240014,C1,9.0,9.0
43242102,C1,6.0,6.0
43243103,C1,9.0,9.0
43250001,C1,12.0,12.0
43250002,,6.0,6.0
43250003,C1,9.0,9.0
43250004,N,6.0,6.0
43250005,C1,6.0,6.0
43250006,C1,6.0,6.0
43250007,T,13.0,13.0
43250008,N,6.0,6.0
43250009,C1,6.0,6.0
43250011,C1,13.0,13.0
43250012,C1,12.0,12.0
43253104,N,12.0,12.0
43253105,N,12.0,12.0
43254102,C1,9.0,9.0
43254203,C1,6.0,6.0
43255202,C1,9.0,9.0
43255302,N,12.0,12.0
43260001,,6.0,6.0
43260002,,6.0,6.0
43260003,N,9.0,9.0
43260004,C1,6.0,6.0
43260005,C1,9.0,9.0
43260006,C1,13.0,13.0
43260007,C1,9.0,9.0
43260010,C1,9.0,9.0
43260011,N,9.0,9.0
43260012,C1,16.0,16.0
43260013,C1,6.0,6.0
43263101,I,9.0,9.0
43264202,C1,9.0,9.0
43264203,C1,12.0,12.0
43264204,C1,6.0,6.0
43270003,T,13.0,13.0
43270004,T,16.0,16.0
43270005,C1,9.0,9.0
43270007,T,16.0,16.0
43270008,C1,9.0,9.0
43270010,C1,9.0,9.0
43270011,,12.0,12.0
43270012,C1,12.0,12.0
43270013,C1,9.0,9.0
43271103,C1,12.0,12.0
43271106,N,12.0,12.0
43275201,C1,13.0,13.0
43280001,C1,12.0,12.0
43280003,C1,9.0,9.0
43280004,N,6.0,6.0
43280005,S,15.0,15.0
43280006,,6.0,6.0
43280008,C1,12.0,12.0
43280009,C1,9.0,9.0
43290001,C1,9.0,9.0
43290002,T,15.0,15.0
43290005,C1,9.0,9.0
43300002,C1,6.0,6.0
43300003,C1,12.0,12.0
43300004,C1,16.0,16.0
43300005,C1,12.0,12.0
43300007,C1,12.0,12.0
43301101,C1,9.0,9.0
43305102,C1,16.0,16.0
44010002,C1,12.0,12.0
44010003,C1,9.0,9.0
44013103,C1,9.0,9.0
44013104,C1,9.0,9.0
44020001,F,12.0,12.0
44020002,N,6.0,6.0
44020003,C1,16.0,16.0
44020004,N,15.0,15.0
44020005,C1,16.0,16.0
44020006,C1,12.0,12.0
44025102,C1,15.0,15.0
44030003,F,12.0,12.0
44030004,N,12.0,12.0
44030007,N,13.0,13.0
44030008,N,12.0,12.0
44030009,N,9.0,9.0
44030010,,9.0,9.0
44030012,N,13.0,13.0
44030013,C1,9.0,9.0
44034101,N,15.0,15.0
44034202,A,12.0,12.0
44040001,F,12.0,12.0
44040002,B,13.0,13.0
44040004,N,15.0,15.0
44044103,,13.0,13.0
44050001,A,9.0,9.0
44050002,T,12.0,12.0
44050004,C1,12.0,12.0
44050006,I,12.0,12.0
44050007,N,15.0,15.0
44050008,I,16.0,16.0
44050009,V,12.0,12.0
44050011,B,12.0,12.0
44054103,C1,6.0,6.0
44055102,C1,12.0,12.0
44060001,C1,6.0,6.0
44060002,C1,6.0,6.0
44060004,C1,9.0,9.0
44060005,C1,9.0,9.0
44065103,C1,9.0,9.0
44080001,A,12.0,12.0
44080002,B,9.0,9.0
44080003,C1,12.0,12.0
44080004,A,16.0,16.0
44085101,C1,12.0,12.0
44090001,V,12.0,12.0
44090002,A,13.0,13.0
44090003,U,15.0,15.0
44090004,A1,16.0,16.0
44090005,C1,16.0,16.0
44100002,C1,6.0,6.0
44100003,C1,16.0,16.0
44100004,N,12.0,12.0
44100005,N,16.0,16.0
44100006,C1,16.0,16.0
44100007,C1,12.0,12.0
44104105,B1,6.0,6.0
44105101,C1,13.0,13.0
44110001,C1,9.0,9.0
44110002,C1,9.0,9.0
44110004,C1,6.0,6.0
44110005,C1,6.0,6.0
44120001,I,13.0,13.0
44120002,I,6.0,6.0
44120003,I,13.0,13.0
44120004,I,16.0,16.0
44120005,I,16.0,16.0
44120007,C1,12.0,12.0
44121105,I,16.0,16.0
44125102,I,16.0,16.0
44130002,A,6.0,6.0
44130004,N,12.0,12.0
44130005,A,9.0,9.0
44130006,A,6.0,6.0
44130007,A,12.0,12.0
44130008,A,12.0,12.0
44133104,A,12.0,12.0
44140001,A,12.0,12.0
44140002,A,13.0,13.0
44140004,N,12.0,12.0
44140005,N,12.0,12.0
44143102,A,12.0,12.0
44143103,A,16.0,16.0
44143104,A,16.0,16.0
44150002,C1,6.0,6.0
44150004,C1,12.0,12.0
44150005,C1,12.0,12.0
44150006,C1,12.0,12.0
44150007,C1,12.0,12.0
44150010,C1,9.0,9.0
44150011,A,12.0,12.0
44150012,A,12.0,12.0
44151106,C1,12.0,12.0
44154204,C1,9.0,9.0
44160001,,6.0,6.0
44160002,B,6.0,6.0
44160003,C1,12.0,12.0
44160005,A,16.0,16.0
44160007,C1,12.0,12.0
44164104,F,16.0,16.0
44170002,S,12.0,12.0
44180001,C1,12.0,12.0
44180002,C1,9.0,9.0
44180006,C1,6.0,6.0
44180007,C1,12.0,12.0
44180008,C1,12.0,12.0
44180009,C1,12.0,12.0
44180010,C1,6.0,6.0
44180011,C1,6.0,6.0
44181108,C1,6.0,6.0
44183101,C1,12.0,12.0
44185201,C1,9.0,9.0
44190002,A,6.0,6.0
44190003,A,12.0,12.0
44192101,A,12.0,12.0
44192103,C1,13.0,13.0
44210001,A,9.0,9.0
44210002,A,6.0,6.0
44210003,A,16.0,16.0
44210004,A,16.0,16.0
44230001,,12.0,12.0
44230002,C1,9.0,9.0
44230003,C1,12.0,12.0
44230004,C1,12.0,12.0
44230005,C1,12.0,12.0
44230006,C1,9.0,9.0
44230007,C1,9.0,9.0
44230010,C1,13.0,13.0
44234101,C1,12.0,12.0
44234202,A,12.0,12.0
44240001,C1,9.0,9.0
44240003,C1,12.0,12.0
44240004,A,12.0,12.0
44240006,A,12.0,12.0
44244103,C1,6.0,6.0
44244201,A,6.0,6.0
44250001,T,9.0,9.0
44250002,C1,6.0,6.0
44250003,C1,12.0,12.0
44250004,C1,12.0,12.0
44250005,C1,12.0,12.0
44254103,C1,13.0,13.0
44260003,A,12.0,12.0
44260004,C1,12.0,12.0
44260005,N,9.0,9.0
44263105,C1,15.0,15.0
44263107,,9.0,9.0
44265102,C1,13.0,13.0
44290003,A,6.0,6.0
44290005,N,12.0,12.0
44290006,N,12.0,12.0
44294101,B,16.0,16.0
44295102,A,12.0,12.0
44300001,A,6.0,6.0
44300002,,6.0,6.0
44300003,F,12.0,12.0
44300004,A,12.0,12.0
44300005,C1,9.0,9.0
44300006,F,12.0,12.0
44300009,C1,6.0,6.0
44300010,C1,16.0,16.0
44300011,C1,16.0,16.0
44300012,A,16.0,16.0
44302106,C1,9.0,9.0
44304102,Q,13.0,13.0
45010001,C1,6.0,6.0
45010002,C1,6.0,6.0
45010004,C1,12.0,12.0
45010005,C1,12.0,12.0
45010006,C1,16.0,16.0
45010007,,9.0,9.0
45014101,C1,6.0,6.0
45020002,C1,12.0,12.0
45020003,N,12.0,12.0
45030002,C1,12.0,12.0
45030003,C1,6.0,6.0
45030004,C1,12.0,12.0
45040005,C1,6.0,6.0
45050001,C1,6.0,6.0
45050002,C1,6.0,6.0
45050003,C1,9.0,9.0
45060002,,6.0,6.0
45060003,C1,12.0,12.0
45060004,C1,12.0,12.0
45060005,S,12.0,12.0
45060006,C1,12.0,12.0
45060009,C1,12.0,12.0
45063101,C1,12.0,12.0
45064101,C1,12.0,12.0
45070002,C1,6.0,6.0
45070004,C1,9.0,9.0
45070005,C1,9.0,9.0
45070006,C1,6.0,6.0
45070009,N,16.0,16.0
45070010,A,12.0,12.0
45075101,C1,6.0,6.0
45100001,C1,6.0,6.0
45100002,C1,9.0,9.0
45100004,N,12.0,12.0
45100005,C1,9.0,9.0
45100006,C1,16.0,16.0
45100007,D,12.0,12.0
45104101,,9.0,9.0
45104202,C1,6.0,6.0
45105104,C1,12.0,12.0
45110004,C1,6.0,6.0
45110005,C1,6.0,6.0
45110007,C1,12.0,12.0
45110008,C1,6.0,6.0
45110009,C1,6.0,6.0
45110010,C1,13.0,13.0
45120001,C1,6.0,6.0
45120005,C1,6.0,6.0
45120006,C1,6.0,6.0
45140005,C1,9.0,9.0
45140009,C1,6.0,6.0
45150002,C1,6.0,6.0
45150004,C1,12.0,12.0
45150005,C1,12.0,12.0
45150006,C1,12.0,12.0
45150007,C1,6.0,6.0
45150008,C1,6.0,6.0
45150009,C1,12.0,12.0
45150012,C1,16.0,16.0
45150013,C1,12.0,12.0
45150015,C1,9.0,9.0
45150016,C1,12.0,12.0
45153102,C1,6.0,6.0
45153103,C1,12.0,12.0
45153106,C1,12.0,12.0
45153108,C1,12.0,12.0
45153207,C1,6.0,6.0
45153302,C1,9.0,9.0
45154102,C1,9.0,9.0
45155101,C1,9.0,9.0
45160002,C1,9.0,9.0
45160003,C1,6.0,6.0
45170002,C1,6.0,6.0
45170003,N,12.0,12.0
45170004,N,12.0,12.0
45170006,S,9.0,9.0
45170007,N,12.0,12.0
45170008,C1,6.0,6.0
45180001,C1,6.0,6.0
45180002,C1,6.0,6.0
45180003,R C1,13.0,13.0
45180004,C1,12.0,12.0
45180005,C1,12.0,12.0
45180006,C1,12.0,12.0
45180007,C1,16.0,16.0
45180008,C1,16.0,16.0
45180010,C1,12.0,12.0
45180011,C1,16.0,16.0
45180012,C1,12.0,12.0
45183103,C1,12.0,12.0
45183204,C1,12.0,12.0
45184101,C1,6.0,6.0
45190002,C1,6.0,6.0
45190005,C1,12.0,12.0
45190006,C1,12.0,12.0
45210004,C1,6.0,6.0
45210006,C1,16.0,16.0
45210013,C1,12.0,12.0
45220001,C1,6.0,6.0
45220002,C1,6.0,6.0
45220004,C1,9.0,9.0
45220005,C1,9.0,9.0
45220006,C1,9.0,9.0
45220007,C1,9.0,9.0
45225102,C1,6.0,6.0
45230001,C1,6.0,6.0
45230002,C1,9.0,9.0
45230005,C1,9.0,9.0
45230008,C1,6.0,6.0
45235102,C1,9.0,9.0
45240001,C1,9.0,9.0
45240002,C1,6.0,6.0
45240003,C1,9.0,9.0
45240005,C1,9.0,9.0
45240006,C1,9.0,9.0
45240007,C1,12.0,12.0
45244107,A,9.0,9.0
45244202,C1,9.0,9.0
45244301,C1,12.0,12.0
45250002,C1,9.0,9.0
45250006,C1,6.0,6.0
45250007,C1,6.0,6.0
45252106,C1,6.0,6.0
45252107,C1,12.0,12.0
45260003,C1,6.0,6.0
45260004,C1,12.0,12.0
45260005,C1,9.0,9.0
45260006,N,9.0,9.0
45260009,C1,6.0,6.0
45260010,C1,9.0,9.0
45263202,C1,9.0,9.0
45265102,C1,6.0,6.0
45265202,C1,6.0,6.0
45270003,C1,9.0,9.0
45270004,C1,13.0,13.0
45270008,C1,12.0,12.0
45270009,C1,12.0,12.0
45273101,C1,16.0,16.0
45273103,C1,12.0,12.0
45273104,C1,12.0,12.0
45280002,N,9.0,9.0
45280003,C1,12.0,12.0
45280004,C1,12.0,12.0
45280005,C1,12.0,12.0
45280009,N,12.0,12.0
45283104,C1,13.0,13.0
45290001,C1,6.0,6.0
45290003,C1,12.0,12.0
45290005,C1,6.0,6.0
45290006,C1,9.0,9.0
45290007,C1,6.0,6.0
45290008,C1,6.0,6.0
45290009,C1,6.0,6.0
45290010,C1,9.0,9.0
45290011,C1,6.0,6.0
45290012,,6.0,6.0
45290015,,6.0,6.0
45293104,C1,6.0,6.0
45293105,C1,12.0,12.0
45294102,C1,6.0,6.0
45294202,C1,12.0,12.0
45294301,C1,9.0,9.0
45295102,C1,9.0,9.0
45300002,,13.0,13.0
45300003,C1,16.0,16.0
45300004,C1,12.0,12.0
45300006,N,12.0,12.0
45300007,N,12.0,12.0
45300008,C1,16.0,16.0
45303102,C1,9.0,9.0
45303103,N,15.0,15.0
45303104,N,12.0,12.0
46010003,C1,12.0,12.0
46020001,S,9.0,9.0
46020002,C1,13.0,13.0
46020003,C1,6.0,6.0
46020004,C1,16.0,16.0
46020005,C1,13.0,13.0
46020006,,16.0,16.0
46020008,A,9.0,9.0
46024102,C1,16.0,16.0
46030001,C1,6.0,6.0
46030002,S,9.0,9.0
46030003,S,12.0,12.0
46035101,,13.0,13.0
46040001,C1,9.0,9.0
46040002,N,12.0,12.0
46040003,N,13.0,13.0
46040004,N,15.0,15.0
46050002,A,6.0,6.0
46050003,A,9.0,9.0
46050005,A,9.0,9.0
46050006,C1,9.0,9.0
46050008,C1,6.0,6.0
46050009,A,6.0,6.0
46050010,A,12.0,12.0
46050011,C1,6.0,6.0
46052102,A,6.0,6.0
46052204,N,12.0,12.0
46052208,C1,9.0,9.0
46053103,A,13.0,13.0
46054102,C1,6.0,6.0
46060001,B,6.0,6.0
46060002,B,12.0,12.0
46060003,B,13.0,13.0
46060004,B,9.0,9.0
46060005,C1,12.0,12.0
46060007,N,12.0,12.0
46060008,B,6.0,6.0
46060009,B,13.0,13.0
46063101,A,9.0,9.0
46063202,A,9.0,9.0
46070002,A,12.0,12.0
46070003,A,13.0,13.0
46070004,A,12.0,12.0
46070005,A,12.0,12.0
46070006,C1,13.0,13.0
46070007,A,12.0,12.0
46073102,C1,9.0,9.0
46074101,C1,12.0,12.0
46074201,A,13.0,13.0
46080001,N,13.0,13.0
46080002,C1,12.0,12.0
46080003,C1,15.0,15.0
46080005,N,12.0,12.0
46085101,C1,16.0,16.0
46090001,A,6.0,6.0
46090002,A,6.0,6.0
46100001,C1,16.0,16.0
46100003,C1,16.0,16.0
46100004,,12.0,12.0
46100006,C1,16.0,16.0
46100010,C1,16.0,16.0
46101108,A,16.0,16.0
46110001,A,9.0,9.0
46110002,B,6.0,6.0
46110004,B,13.0,13.0
46130001,C1,9.0,9.0
46130002,C1,15.0,15.0
46130003,C1,16.0,16.0
46130005,,6.0,6.0
46131105,C1,12.0,12.0
46131106,,12.0,12.0
46131107,,16.0,16.0
46140002,,6.0,6.0
46140003,N,13.0,13.0
46140004,A,12.0,12.0
46140007,I,9.0,9.0
46145102,A,12.0,12.0
46150002,B,12.0,12.0
46150004,C1,13.0,13.0
46150005,A,13.0,13.0
46150007,T,16.0,16.0
46155103,C1,13.0,13.0
46160001,C1,6.0,6.0
46160002,A,6.0,6.0
46160003,C1,9.0,9.0
46160004,A,6.0,6.0
46160005,N,9.0,9.0
46165102,A,6.0,6.0
46165204,N,12.0,12.0
46170003,C1,6.0,6.0
46170004,N,12.0,12.0
46170005,C1,15.0,15.0
46170006,C1,12.0,12.0
46170007,C1,13.0,13.0
46171102,C1,12.0,12.0
46173101,,15.0,15.0
46173103,,13.0,13.0
46180002,A,6.0,6.0
46180003,A,13.0,13.0
46180004,A,16.0,16.0
46180005,T,16.0,16.0
46180006,N,15.0,15.0
46182103,A,13.0,13.0
46182105,C1,15.0,15.0
46182106,A,16.0,16.0
46190001,A,16.0,16.0
46190002,Q,12.0,12.0
46190003,N,16.0,16.0
46190004,A,13.0,13.0
46190005,A,15.0,15.0
46193102,C1,12.0,12.0
46200002,,6.0,6.0
46200003,C1,6.0,6.0
46200005,N,13.0,13.0
46200008,C1,13.0,13.0
46200009,N,12.0,12.0
46200011,N,12.0,12.0
46201101,N,6.0,6.0
46203102,N,12.0,12.0
46205103,N,12.0,12.0
47010002,C1,6.0,6.0
47010003,C1,9.0,9.0
47010004,C1,12.0,12.0
47010005,C1,12.0,12.0
47010006,C1,9.0,9.0
47010007,C1,12.0,12.0
47010009,C1,6.0,6.0
47015102,N,6.0,6.0
47015202,C1,16.0,16.0
47015302,C1,6.0,6.0
47020003,,6.0,6.0
47020005,C1,6.0,6.0
47020007,C1,6.0,6.0
47030002,C1,6.0,6.0
47030003,C1,9.0,9.0
47030004,C1,6.0,6.0
47030005,C1,12.0,12.0
47030008,C1,6.0,6.0
47030009,C1,12.0,12.0
47030010,C1,12.0,12.0
47035102,C1,12.0,12.0
47040001,C1,6.0,6.0
47040002,C1,6.0,6.0
47040004,C1,13.0,13.0
47040005,C1,13.0,13.0
47040006,,12.0,12.0
47040007,C1,6.0,6.0
47040008,C1,12.0,12.0
47044102,C1,13.0,13.0
47050001,C1,12.0,12.0
47050002,C1,13.0,13.0
47050003,C1,13.0,13.0
47050004,N,12.0,12.0
47060002,C1,6.0,6.0
47060004,C1,13.0,13.0
47060007,C1,15.0,15.0
47065102,C1,12.0,12.0
47080002,C1,6.0,6.0
47080004,C1,6.0,6.0
47080005,C1,12.0,12.0
47080006,C1,9.0,9.0
47080007,C1,6.0,6.0
47084101,C1,6.0,6.0
47084201,C1,6.0,6.0
47100003,C1,9.0,9.0
47110001,C1,12.0,12.0
47110002,C1,12.0,12.0
47110003,C1,12.0,12.0
47110004,C1,12.0,12.0
47110005,C1,12.0,12.0
47120001,C1,6.0,6.0
47120002,C1,6.0,6.0
47120003,C1,12.0,12.0
47120004,C1,6.0,6.0
47120005,C1,9.0,9.0
47120006,C1,12.0,12.0
47124102,C1,9.0,9.0
47124202,C1,9.0,9.0
47125102,C1,15.0,15.0
47130001,C1,6.0,6.0
47130002,C1,6.0,6.0
47130003,C1,9.0,9.0
47130004,C1,6.0,6.0
47130005,C1,6.0,6.0
47130006,C1,9.0,9.0
47130007,C1,9.0,9.0
47130008,C1,6.0,6.0
47131101,C1,12.0,12.0
47131103,C1,12.0,12.0
47134102,C1,9.0,9.0
47140002,C1,6.0,6.0
47140004,C1,6.0,6.0
47140006,,9.0,9.0
47140007,C1,6.0,6.0
47140010,C1,6.0,6.0
47143102,C1,6.0,6.0
47143203,C1,9.0,9.0
47150002,,6.0,6.0
47150003,C1,6.0,6.0
47150004,C1,12.0,12.0
47150005,C1,9.0,9.0
47150006,C1,16.0,16.0
47150007,C1,15.0,15.0
47154102,C1,6.0,6.0
47155101,C1,12.0,12.0
47155201,S,9.0,9.0
47160002,C1,6.0,6.0
47160003,N,9.0,9.0
47160006,C1,6.0,6.0
47160007,C1,9.0,9.0
47165102,C1,16.0,16.0
47165302,C1,6.0,6.0
47170001,C1,6.0,6.0
47170002,,6.0,6.0
47170004,C1,9.0,9.0
47174101,C1,6.0,6.0
47180001,C1,6.0,6.0
47180002,C1,6.0,6.0
47180003,,6.0,6.0
47185101,C1,6.0,6.0
47190001,C1,9.0,9.0
47190002,C1,9.0,9.0
47190003,C1,6.0,6.0
47190008,C1,6.0,6.0
47190012,C1,9.0,9.0
47190016,C1,6.0,6.0
47190017,C1,6.0,6.0
47192104,C1,12.0,12.0
47192107,C1,9.0,9.0
47193105,C1,6.0,6.0
47193108,C1,9.0,9.0
47200001,C1,6.0,6.0
47200002,C1,6.0,6.0
47200003,C1,15.0,15.0
47200004,C1,12.0,12.0
47200005,C1,15.0,15.0
47205102,A,12.0,12.0
47205201,C1,13.0,13.0
47210001,C1,15.0,15.0
47210002,C1,6.0,6.0
47210003,C1,16.0,16.0
47220001,C1,6.0,6.0
47220004,C1,6.0,6.0
47220005,C1,6.0,6.0
47220009,N,9.0,9.0
47225101,C1,9.0,9.0
47230001,C1,9.0,9.0
47230002,C1,6.0,6.0
47230003,N,12.0,12.0
47230004,S,12.0,12.0
47230006,C1,12.0,12.0
47233106,Q,12.0,12.0
47234102,S,12.0,12.0
47235102,C1,13.0,13.0
47240001,C1,9.0,9.0
47240003,C1,6.0,6.0
47240004,,6.0,6.0
47240005,C1,6.0,6.0
47240006,C1,9.0,9.0
47240010,A N,13.0,13.0
47242104,C1,6.0,6.0
47245101,C1,9.0,9.0
47250001,C1,6.0,6.0
47250002,C1,6.0,6.0
47250003,C1,6.0,6.0
47250004,C1,6.0,6.0
47250005,N,12.0,12.0
47250006,C1,6.0,6.0
47253103,C1,9.0,9.0
47254102,C1,9.0,9.0
47270001,C1,9.0,9.0
47270002,S,6.0,6.0
47270003,C1,6.0,6.0
47270004,C1,9.0,9.0
47274102,A,12.0,12.0
47280003,C1,9.0,9.0
47280006,C1,6.0,6.0
47280008,C1,6.0,6.0
47281104,,6.0,6.0
47281107,A,12.0,12.0
47290001,C1,6.0,6.0
47290002,C1,6.0,6.0
47290006,C1,6.0,6.0
47290007,C1,6.0,6.0
47295102,C1,12.0,12.0
47300001,C1,6.0,6.0
47300002,C1,6.0,6.0
47300003,C1,6.0,6.0
47300004,C1,6.0,6.0
47300005,C1,6.0,6.0
47300006,C1,6.0,6.0
47303102,C1,6.0,6.0
47303103,C1,12.0,12.0
47303201,C1,6.0,6.0
47303203,C1,9.0,9.0
47303204,C1,12.0,12.0
47305102,C1,6.0,6.0
48010005,C1,12.0,12.0
48010006,C1,6.0,6.0
48011104,C1,12.0,12.0
48011105,T,6.0,6.0
48015002,C1,9.0,9.0
48030004,C1,12.0,12.0
48033102,C1,12.0,12.0
48050001,A,6.0,6.0
48050002,A,9.0,9.0
48050003,A,12.0,12.0
48050004,A,12.0,12.0
48060001,C1,15.0,15.0
48060004,C1,16.0,16.0
48060005,C1,12.0,12.0
48070006,C1,12.0,12.0
48073104,C1,16.0,16.0
48090004,A,6.0,6.0
48090005,A,6.0,6.0
48090006,A,12.0,12.0
48090010,C1,12.0,12.0
48100002,A,6.0,6.0
48100004,A,6.0,6.0
48100005,C1,12.0,12.0
48100006,A,12.0,12.0
48104101,C1,9.0,9.0
48105102,C1,12.0,12.0
48110001,C1,9.0,9.0
48110002,,12.0,12.0
48110005,C1,12.0,12.0
48120001,B,6.0,6.0
48120002,C1,6.0,6.0
48120004,C1,6.0,6.0
48120005,C1,6.0,6.0
48120006,C1,12.0,12.0
48120007,B,9.0,9.0
48120008,C1,12.0,12.0
48120009,C1,12.0,12.0
48121104,C1,12.0,12.0
48124105,A,12.0,12.0
48125101,C1,13.0,13.0
48130002,C1,6.0,6.0
48130003,B,6.0,6.0
48130004,C1,9.0,9.0
48130005,C1,9.0,9.0
48130007,,9.0,9.0
48130008,C1,13.0,13.0
48130009,C1,12.0,12.0
48130014,C1,12.0,12.0
48133102,C1,6.0,6.0
48133103,C1,12.0,12.0
48133104,C1,12.0,12.0
48133203,C1,9.0,9.0
48140001,A,6.0,6.0
48140002,A,6.0,6.0
48160001,C1,6.0,6.0
48160002,,6.0,6.0
48160003,C1,12.0,12.0
48160005,C1,9.0,9.0
48160008,C1,12.0,12.0
48160009,C1,12.0,12.0
48163102,C1,13.0,13.0
48170002,S,6.0,6.0
48170003,C1,13.0,13.0
48170004,C1,12.0,12.0
48170005,C1,13.0,13.0
48170009,E,16.0,16.0
48170010,S,12.0,12.0
48170011,,12.0,12.0
48170012,E,13.0,13.0
48174104,A,13.0,13.0
48175102,C1,12.0,12.0
48180001,A,6.0,6.0
48180002,C1,6.0,6.0
48180003,C1,13.0,13.0
48180004,A,13.0,13.0
48180005,A,12.0,12.0
48185104,C1,9.0,9.0
48190001,C1,6.0,6.0
48190002,C1,6.0,6.0
48190003,C1,13.0,13.0
48190005,C1,15.0,15.0
48190006,C1,13.0,13.0
48194102,C1,15.0,15.0
48195102,A,15.0,15.0
48200001,,15.0,15.0
48200002,,6.0,6.0
48200003,A,6.0,6.0
48200004,A,15.0,15.0
48200006,A,6.0,6.0
48204102,C1,9.0,9.0
48210001,,6.0,6.0
48210002,C1,12.0,12.0
48210005,C1,9.0,9.0
48220001,A,9.0,9.0
48220002,A,6.0,6.0
48220006,C1,12.0,12.0
48220007,,12.0,12.0
48220008,A,12.0,12.0
48230002,A,6.0,6.0
48230003,S,15.0,15.0
48235101,A,12.0,12.0
48280001,,6.0,6.0
48290002,N,6.0,6.0
48290003,C1,9.0,9.0
48290005,C1,6.0,6.0
48290006,C1,9.0,9.0
48290007,C1,12.0,12.0
48290008,C1,6.0,6.0
48294101,C1,6.0,6.0
48294201,C1,9.0,9.0
48294203,C1,13.0,13.0
48294301,C1,9.0,9.0
48294401,,6.0,6.0
48295001,C1,15.0,15.0
49010001,I,12.0,12.0
49010002,I,13.0,13.0
49010003,I,16.0,16.0
49020002,I,6.0,6.0
49020003,I,12.0,12.0
49020004,I,12.0,12.0
49020005,I,12.0,12.0
49020007,A,16.0,16.0
49030001,S,6.0,6.0
49030004,C1,12.0,12.0
49030006,S,12.0,12.0
49030007,C1,12.0,12.0
49030010,C1,12.0,12.0
49034101,Q,16.0,16.0
49040003,C1,12.0,12.0
49040004,I,12.0,12.0
49041103,C1,16.0,16.0
49041104,C1,12.0,12.0
49070003,I,15.0,15.0
49070006,I,6.0,6.0
49070007,I,6.0,6.0
49074101,I,12.0,12.0
49080002,C1,16.0,16.0
49080003,C1,16.0,16.0
49080004,C1,16.0,16.0
49080005,C1,12.0,12.0
49085102,C1,16.0,16.0
49100002,,6.0,6.0
49100003,I,9.0,9.0
49100004,I,12.0,12.0
49100005,I,6.0,6.0
49100006,I,6.0,6.0
49100008,I Q,12.0,12.0
49102110,I,12.0,12.0
49102111,I,13.0,13.0
49120001,A,16.0,16.0
49120002,I,12.0,12.0
49120003,A I,16.0,16.0
49120004,C1,16.0,16.0
49120005,C1,16.0,16.0
49125102,T,15.0,15.0
49130001,A,18.0,18.0
49130003,A,18.0,18.0
49130004,A,12.0,12.0
49130008,C1,12.0,12.0
49140001,A,13.0,13.0
49140002,I,13.0,13.0
49140003,A,12.0,12.0
49140004,A I,12.0,12.0
49140005,A,12.0,12.0
49140006,C1,12.0,12.0
49140009,C1,13.0,13.0
49144101,C1,16.0,16.0
49144202,A,9.0,9.0
49145101,I,9.0,9.0
49145201,A,6.0,6.0
49150003,I,9.0,9.0
49150004,N,9.0,9.0
49153101,I,12.0,12.0
49153103,N,13.0,13.0
49160001,I,9.0,9.0
49160002,I,9.0,9.0
49160003,I,12.0,12.0
49160004,I,12.0,12.0
49160006,C1,13.0,13.0
49165104,A,12.0,12.0
49170001,I,6.0,6.0
49170002,I,6.0,6.0
49170005,,13.0,13.0
49170006,,12.0,12.0
49170008,,13.0,13.0
49180001,C1,9.0,9.0
49180002,C1,12.0,12.0
49180004,C1,12.0,12.0
49180006,A,13.0,13.0
49184101,C1,16.0,16.0
49190005,I,12.0,12.0
49190007,I,12.0,12.0
49190009,I,18.0,18.0
49190016,N,18.0,18.0
49193101,I,16.0,16.0
49193103,I,12.0,12.0
49193104,N,9.0,9.0
49194202,C1,12.0,12.0
49200001,,16.0,16.0
49200002,I,16.0,16.0
49200003,I,16.0,16.0
49200004,I,16.0,16.0
49200005,V,16.0,16.0
49200006,C1,18.0,18.0
49200009,C1,12.0,12.0
50010001,A,16.0,16.0
50010002,N,16.0,16.0
50010003,N,16.0,16.0
50010004,N,16.0,16.0
50010005,N,12.0,12.0
50010006,,9.0,9.0
50010007,,9.0,9.0
50020001,I,6.0,6.0
50020002,Q,6.0,6.0
50020004,I,12.0,12.0
50020005,S,13.0,13.0
50020006,A,12.0,12.0
50020009,I,12.0,12.0
50020010,O,6.0,6.0
50020012,A,12.0,12.0
50020013,A,13.0,13.0
50023104,A,12.0,12.0
50024101,N,6.0,6.0
50024202,I,12.0,12.0
50030003,N,16.0,16.0
50030005,T,12.0,12.0
50030006,T,12.0,12.0
50034101,,12.0,12.0
50040003,T,12.0,12.0
50040004,T,15.0,15.0
50040005,V,15.0,15.0
50040007,T,12.0,12.0
50044102,A,15.0,15.0
50060002,N,15.0,15.0
50060004,N,12.0,12.0
50060006,N,16.0,16.0
50060007,C1,16.0,16.0
50060008,C1,18.0,18.0
50060009,C1,16.0,16.0
50060010,D,12.0,12.0
50060011,D,12.0,12.0
50060016,B1,12.0,12.0
50062101,C1,16.0,16.0
50062105,C1,12.0,12.0
50070002,C1,15.0,15.0
50070003,T,15.0,15.0
50070004,N,16.0,16.0
50070005,T,15.0,15.0
50070006,T,16.0,16.0
50080002,,6.0,6.0
50080003,T,16.0,16.0
50080004,C1,9.0,9.0
50080005,T,16.0,16.0
50080006,T,12.0,12.0
50080009,T,6.0,6.0
50080013,T,12.0,12.0
50085102,C1,12.0,12.0
50100002,O,12.0,12.0
50100004,B,15.0,15.0
50100006,N,15.0,15.0
50100008,N,15.0,15.0
50100009,A D,13.0,13.0
50110001,C1,15.0,15.0
50110003,C1,16.0,16.0
50110004,S,16.0,16.0
50110005,N,16.0,16.0
50110006,C1,15.0,15.0
50110007,C1,16.0,16.0
50114101,C1,15.0,15.0
50114201,S,12.0,12.0
50114301,T,16.0,16.0
50115101,S,16.0,16.0
50130001,T,13.0,13.0
50130002,T,9.0,9.0
50130004,T,15.0,15.0
50130007,T,12.0,12.0
50130008,T,12.0,12.0
50130009,N,12.0,12.0
50130010,,6.0,6.0
50130011,A,12.0,12.0
50130012,T,16.0,16.0
50140001,T,13.0,13.0
50140004,T,16.0,16.0
50140005,T,12.0,12.0
50140013,T,12.0,12.0
50140014,T,12.0,12.0
50140015,T,16.0,16.0
50140016,A,9.0,9.0
50144102,N,12.0,12.0
50144208,B,13.0,13.0
50160004,C1,16.0,16.0
50160006,N,16.0,16.0
50160007,N,16.0,16.0
50160012,T,16.0,16.0
50164104,N,16.0,16.0
50165102,S,16.0,16.0
50170002,N,12.0,12.0
50170006,N,12.0,12.0
50175002,C1,12.0,12.0
50190001,A,13.0,13.0
50190006,A,6.0,6.0
50420003,T,6.0,6.0
50420006,T,16.0,16.0
50424103,T,16.0,16.0
51010001,,6.0,6.0
51010004,F,12.0,12.0
51010008,F,12.0,12.0
51040001,S,13.0,13.0
51040002,S,9.0,9.0
51040004,A,16.0,16.0
51070001,F,6.0,6.0
51070002,F,6.0,6.0
51070003,F,13.0,13.0
51070004,F,13.0,13.0
51070006,F,13.0,13.0
51070007,F,9.0,9.0
51070010,F,12.0,12.0
51073202,F,9.0,9.0
51100001,S,16.0,16.0
51100002,B,12.0,12.0
51100003,S,16.0,16.0
51100004,S,15.0,15.0
51100005,S,12.0,12.0
51104102,A,16.0,16.0
51130001,S,6.0,6.0
51130002,S,6.0,6.0
51140002,S,6.0,6.0
51140003,S,12.0,12.0
51140004,S,9.0,9.0
51140006,,12.0,12.0
51140007,S,9.0,9.0
51140008,S,13.0,13.0
51160002,C1,6.0,6.0
51160003,S,13.0,13.0
51160004,S,12.0,12.0
51160005,S,13.0,13.0
51160007,S,13.0,13.0
51160008,C1,12.0,12.0
51165102,C1,12.0,12.0
51170001,S,6.0,6.0
51170002,S,9.0,9.0
51170003,S,12.0,12.0
51170004,S,13.0,13.0
51170008,S,12.0,12.0
51180001,,9.0,9.0
51180002,S,9.0,9.0
51180003,S V,12.0,12.0
51180004,S,12.0,12.0
51184101,,12.0,12.0
52010001,F,9.0,9.0
52010005,N,15.0,15.0
52010006,F,13.0,13.0
52014104,,16.0,16.0
52030001,F,6.0,6.0
52050001,A,9.0,9.0
52050004,A,12.0,12.0
52050010,A,13.0,13.0
52054102,A,9.0,9.0
52054201,A,9.0,9.0
52060002,A1,12.0,12.0
52060003,A1,12.0,12.0
52060004,V,12.0,12.0
52060005,,12.0,12.0
52070002,,6.0,6.0
52070024,F,12.0,12.0
52073102,A,13.0,13.0
52073103,A,13.0,13.0
52073104,A,9.0,9.0
52080001,N,16.0,16.0
52080002,C1,12.0,12.0
52083103,N,13.0,13.0
52090004,N,12.0,12.0
52093106,G,13.0,13.0
52100004,N,16.0,16.0
52100005,N,16.0,16.0
52100006,N,12.0,12.0
52100007,N,12.0,12.0
52100012,N,13.0,13.0
52100013,N,12.0,12.0
52100014,N,16.0,16.0
52100016,O,15.0,15.0
52101105,N,13.0,13.0
52104102,N,16.0,16.0
52104202,A,16.0,16.0
52130001,N,6.0,6.0
52130002,C1,6.0,6.0
52130004,C1,12.0,12.0
52130005,N,13.0,13.0
52135103,C1,6.0,6.0
52170002,N,12.0,12.0
52170003,A,9.0,9.0
52170004,N,13.0,13.0
52170005,N,13.0,13.0
52180001,F,12.0,12.0
52180002,N,9.0,9.0
52180003,N,13.0,13.0
52180004,N,12.0,12.0
52190001,T,6.0,6.0
52190002,C1,6.0,6.0
52190003,N,12.0,12.0
52190004,N,16.0,16.0
52193103,A,16.0,16.0
52194104,N,16.0,16.0
53050001,O,12.0,12.0
53050003,N,16.0,16.0
53050004,N,12.0,12.0
53050005,N,12.0,12.0
53050006,N,12.0,12.0
53050007,N,12.0,12.0
53050014,D1,6.0,6.0
53054102,C1,16.0,16.0
53055102,T,12.0,12.0
53055201,C1,12.0,12.0
53110002,N,6.0,6.0
53110006,N,12.0,12.0
53110009,N,6.0,6.0
53110010,N,6.0,6.0
53110011,C1,6.0,6.0
53114202,,9.0,9.0
53120001,,15.0,15.0
53120002,N,9.0,9.0
53120003,N,18.0,18.0
53120005,N,16.0,16.0
53120007,,6.0,6.0
53120011,N,12.0,12.0
53123101,A,12.0,12.0
53150003,B,13.0,13.0
53150004,B,9.0,9.0
53150006,,6.0,6.0
53154101,A,6.0,6.0
53160001,B,6.0,6.0
53160002,B,13.0,13.0
53160003,B,12.0,12.0
53160004,B,9.0,9.0
53162101,B,9.0,9.0
53164102,Q,13.0,13.0
53170003,Q,6.0,6.0
53172108,N,12.0,12.0
53180003,N,16.0,16.0
53180004,T,15.0,15.0
53180005,T,16.0,16.0
53183103,T,16.0,16.0
53184102,N,16.0,16.0
53190001,B,6.0,6.0
53190002,B,6.0,6.0
53190003,B,13.0,13.0
53190006,B,6.0,6.0
53190007,B,12.0,12.0
53200005,,12.0,12.0
53202102,B,6.0,6.0
54030001,,12.0,12.0
54030002,D,9.0,9.0
54030003,D,18.0,18.0
54030004,D,16.0,16.0
54030005,D,16.0,16.0
54035102,D,15.0,15.0
54035201,D,16.0,16.0
54040003,C1,12.0,12.0
54040004,C1,13.0,13.0
54040006,V,13.0,13.0
54040007,S,12.0,12.0
54043102,C1,13.0,13.0
54050001,S,9.0,9.0
54050002,A,9.0,9.0
54050003,C1,12.0,12.0
54050004,S,12.0,12.0
54100001,C1,12.0,12.0
54100002,C1,16.0,16.0
54100003,C1,16.0,16.0
54100004,S C1,16.0,16.0
54100005,C1,13.0,13.0
54100007,A,12.0,12.0
54120001,G,6.0,6.0
54120003,G,13.0,13.0
54120004,C1,16.0,16.0
54120005,G,6.0,6.0
54120006,C1,12.0,12.0
54120011,C1,12.0,12.0
54123104,V,9.0,9.0
54125102,G,6.0,6.0
54130001,,6.0,6.0
54130002,G,6.0,6.0
54130003,G,6.0,6.0
54130004,G,9.0,9.0
54130005,G,6.0,6.0
54130006,G,12.0,12.0
54130009,A,12.0,12.0
54134101,N,12.0,12.0
54135103,C1,6.0,6.0
54135202,V,9.0,9.0
54140002,T,12.0,12.0
54140006,T,16.0,16.0
54150001,C1,22.0,22.0
54150003,A C1,22.0,22.0
54150004,S,18.0,18.0
54150005,C1,16.0,16.0
54150007,A,12.0,12.0
54150009,A,12.0,12.0
54155102,V,22.0,22.0
54155204,A,18.0,18.0
54155302,,16.0,16.0
54160003,B,12.0,12.0
54161105,V,9.0,9.0
54170001,A,12.0,12.0
54170005,A,16.0,16.0
54170007,C1,12.0,12.0
54180001,C1,13.0,13.0
54180002,C1,9.0,9.0
54180003,G C1,12.0,12.0
54180004,C1,12.0,12.0
54180007,C1,6.0,6.0
54180010,C1,12.0,12.0
54184101,C1,12.0,12.0
54190001,V,16.0,16.0
54190002,C1,9.0,9.0
54190003,C1,16.0,16.0
54190004,S,16.0,16.0
54190005,C1,16.0,16.0
54190006,V,16.0,16.0
54190007,S,16.0,16.0
54190008,S,16.0,16.0
54193103,V,16.0,16.0
54194102,C1,15.0,15.0
54195105,N,16.0,16.0
54200001,G,9.0,9.0
54200003,A,9.0,9.0
55070001,,6.0,6.0
55070002,,6.0,6.0
55070003,C1,9.0,9.0
55070005,S,9.0,9.0
55070007,C1,9.0,9.0
55070010,C1,6.0,6.0
55070012,C1,9.0,9.0
55070013,C1,6.0,6.0
55070014,C1,12.0,12.0
55070015,C1,16.0,16.0
55071103,S,9.0,9.0
55075101,V,9.0,9.0
55075102,C1,6.0,6.0
55080002,V,6.0,6.0
55080003,S,12.0,12.0
55080004,C1,12.0,12.0
55080008,C1,6.0,6.0
55085102,V,16.0,16.0
55110002,C1,9.0,9.0
55110003,C1,9.0,9.0
55110004,S,12.0,12.0
55110005,,9.0,9.0
55110006,S,9.0,9.0
55110007,C1,15.0,15.0
55110008,C1,13.0,13.0
55110010,,16.0,16.0
55114102,C1,6.0,6.0
55114103,C1,12.0,12.0
55114202,B,9.0,9.0
55120003,V,9.0,9.0
55120004,C1,13.0,13.0
55120005,V,9.0,9.0
55130001,C1,6.0,6.0
55130002,C1,13.0,13.0
55130004,C1,13.0,13.0
55130005,C1,13.0,13.0
55130006,C1,12.0,12.0
55134102,V,12.0,12.0
55140001,C1,6.0,6.0
55140002,V,6.0,6.0
55140003,C1,12.0,12.0
55140004,C1,12.0,12.0
55140005,V,16.0,16.0
55140006,C1,12.0,12.0
55140007,C1,9.0,9.0
55143101,S,12.0,12.0
55143103,C1,13.0,13.0
55145102,C1,16.0,16.0
55150001,G,6.0,6.0
55150003,C1,16.0,16.0
55150004,C1,12.0,12.0
55150005,V,12.0,12.0
55150010,C1,12.0,12.0
55150011,C1,12.0,12.0
55150012,V,9.0,9.0
55151105,C1,13.0,13.0
55151107,C1,13.0,13.0
55151108,V,13.0,13.0
55151201,V,16.0,16.0
55151203,S,15.0,15.0
55151204,V,13.0,13.0
55154107,C1,13.0,13.0
55160002,C1,6.0,6.0
55160004,S,18.0,18.0
55160006,C1,18.0,18.0
55160007,S,16.0,16.0
55160008,,16.0,16.0
55160009,C1,16.0,16.0
55160010,C1,15.0,15.0
55160019,S,12.0,12.0
55165102,,16.0,16.0
55170003,F,13.0,13.0
55170006,C1,13.0,13.0
55170007,C1,13.0,13.0
55190008,S,9.0,9.0
55194202,C1,6.0,6.0
55200002,,6.0,6.0
55200004,N,13.0,13.0
55200006,C1,9.0,9.0
55200010,S,12.0,12.0
55200012,C1,6.0,6.0
55200014,S,16.0,16.0
55201202,S,9.0,9.0
55201203,C1,16.0,16.0
55201204,S,16.0,16.0
55204103,S,12.0,12.0
55204104,S,12.0,12.0
56010001,A,9.0,9.0
56010002,A,12.0,12.0
56010004,A,12.0,12.0
56030002,B,9.0,9.0
56030003,D1,12.0,12.0
56030004,B,12.0,12.0
56030006,B,13.0,13.0
56030009,B,12.0,12.0
56040001,B,6.0,6.0
56040004,B,12.0,12.0
56040005,B,12.0,12.0
56040006,B,12.0,12.0
56040007,B,12.0,12.0
56044103,I,15.0,15.0
56044201,A,12.0,12.0
56044302,,12.0,12.0
56045202,C1,12.0,12.0
56050001,B,6.0,6.0
56050002,B,6.0,6.0
56050003,B,16.0,16.0
56050004,B,12.0,12.0
56060002,A,6.0,6.0
56060003,A,6.0,6.0
56060004,A,9.0,9.0
56060005,A,6.0,6.0
56060006,A,9.0,9.0
56060007,B,12.0,12.0
56063101,A,9.0,9.0
56063103,A,9.0,9.0
56064101,A,13.0,13.0
56070003,D1,9.0,9.0
56070005,A,6.0,6.0
56070006,D1,13.0,13.0
56070008,A,9.0,9.0
56070010,,6.0,6.0
56070011,D1,15.0,15.0
56074101,D1,6.0,6.0
56074202,D1,15.0,15.0
56080001,V,9.0,9.0
56080002,D1,6.0,6.0
56080003,D1,12.0,12.0
56080005,D1,13.0,13.0
56080006,D1,9.0,9.0
56080008,D1,9.0,9.0
56084102,B,6.0,6.0
56085202,A,9.0,9.0
56090004,B,6.0,6.0
56090005,B,6.0,6.0
56090006,B,6.0,6.0
56090009,A,6.0,6.0
56090011,B,6.0,6.0
56090013,B,6.0,6.0
56090014,B,6.0,6.0
56091107,B,12.0,12.0
56094101,B,6.0,6.0
56100003,D1,9.0,9.0
56100005,D1,12.0,12.0
56100006,D1,9.0,9.0
56100007,D1,15.0,15.0
56100008,D1,12.0,12.0
56100009,D1,15.0,15.0
56104102,D1,9.0,9.0
56110001,D1,6.0,6.0
56110002,B,9.0,9.0
56110003,D1,9.0,9.0
56110004,D1,9.0,9.0
56110005,D1,6.0,6.0
56110006,D1,6.0,6.0
56110012,D1,9.0,9.0
56114102,D1,6.0,6.0
56114201,,6.0,6.0
56120001,B,6.0,6.0
56120003,B,9.0,9.0
56120007,B,13.0,13.0
56120008,B,16.0,16.0
56120009,B,12.0,12.0
56120011,B,13.0,13.0
56120013,,12.0,12.0
56124103,A,15.0,15.0
56124302,B,12.0,12.0
56130001,C1,16.0,16.0
56130002,C1,13.0,13.0
56130003,C1,16.0,16.0
56130006,C1,13.0,13.0
56135101,C1,16.0,16.0
56140001,B,9.0,9.0
56140002,B,6.0,6.0
56140003,B,15.0,15.0
56140004,,6.0,6.0
56140005,A,13.0,13.0
56140006,A,12.0,12.0
56140007,B,12.0,12.0
56140010,B,13.0,13.0
56140011,D1,12.0,12.0
56140013,B,9.0,9.0
56140016,A,9.0,9.0
56144202,C1,6.0,6.0
56144302,C1,12.0,12.0
56144305,A,9.0,9.0
56145101,A,9.0,9.0
56150001,C1,15.0,15.0
56150002,C1,6.0,6.0
56150004,C1,16.0,16.0
56150006,C1,12.0,12.0
56154101,C1,16.0,16.0
56155102,S,15.0,15.0
56160002,I,12.0,12.0
56160004,I,12.0,12.0
56160006,I,13.0,13.0
56160012,A,12.0,12.0
56165101,B,9.0,9.0
56170007,A,6.0,6.0
56173201,,12.0,12.0
56173204,C1,9.0,9.0
56180002,I,9.0,9.0
56180003,I,16.0,16.0
56180004,C1,12.0,12.0
56180005,A,13.0,13.0
56180007,I,15.0,15.0
56180009,I,6.0,6.0
56183105,,16.0,16.0
56184103,,12.0,12.0
56190001,I,12.0,12.0
56190002,C1,13.0,13.0
57010002,,6.0,6.0
57010004,B,9.0,9.0
57010006,B,9.0,9.0
57010007,B,6.0,6.0
57010008,B,6.0,6.0
57010009,B,9.0,9.0
57010010,B,9.0,9.0
57010016,Q,9.0,9.0
57013102,B,9.0,9.0
57013105,B,12.0,12.0
57015103,B,9.0,9.0
57020001,B,6.0,6.0
57020002,B,9.0,9.0
57020003,B,6.0,6.0
57020005,B,6.0,6.0
57020007,B,13.0,13.0
57020009,B,6.0,6.0
57020010,B,6.0,6.0
57023104,B,9.0,9.0
57023112,B,9.0,9.0
57023115,B,9.0,9.0
57025103,B,13.0,13.0
57040001,A,12.0,12.0
57040002,B,9.0,9.0
57040003,B,6.0,6.0
57040004,B,12.0,12.0
57040005,B,13.0,13.0
57040006,B,12.0,12.0
57040008,,9.0,9.0
57044102,D1,16.0,16.0
57050001,B,6.0,6.0
57050002,,6.0,6.0
57050003,A,9.0,9.0
57050004,Q,12.0,12.0
57050005,B,13.0,13.0
57054101,,12.0,12.0
57055201,B,13.0,13.0
57060002,B,6.0,6.0
57060003,B,12.0,12.0
57060004,B,6.0,6.0
57060005,B,6.0,6.0
57060006,B,13.0,13.0
57060007,B,13.0,13.0
57064102,B,9.0,9.0
57064201,,6.0,6.0
57065103,B,9.0,9.0
57070002,B,6.0,6.0
57070003,B,6.0,6.0
57070004,B,13.0,13.0
57070005,B,6.0,6.0
57070006,B,9.0,9.0
57070007,B,6.0,6.0
57070008,B,12.0,12.0
57070009,B,6.0,6.0
57070010,B,12.0,12.0
57073102,A,12.0,12.0
57090001,B,12.0,12.0
57090002,B,9.0,9.0
57090004,B,12.0,12.0
57100001,B,9.0,9.0
57100002,B,6.0,6.0
57100003,B,9.0,9.0
57100004,B,13.0,13.0
57100005,B,12.0,12.0
57100006,B,12.0,12.0
57105101,,9.0,9.0
57110003,B,9.0,9.0
57110004,B,6.0,6.0
57111108,,6.0,6.0
57120001,B,9.0,9.0
57120002,B,9.0,9.0
57120003,B,12.0,12.0
57120004,B,12.0,12.0
57120005,B,12.0,12.0
57120006,B,12.0,12.0
57120007,,12.0,12.0
57124102,A,13.0,13.0
57125103,,9.0,9.0
57125202,B,13.0,13.0
57130001,B,9.0,9.0
57130002,B,6.0,6.0
57130003,B,13.0,13.0
57130005,B,12.0,12.0
57130006,B,9.0,9.0
57133103,B,13.0,13.0
57133104,B,9.0,9.0
57140003,A,9.0,9.0
57140007,,6.0,6.0
57150001,A,6.0,6.0
57150002,B,6.0,6.0
57150004,B,9.0,9.0
57150005,B,12.0,12.0
57150006,B,9.0,9.0
57150009,B,12.0,12.0
57155102,A,6.0,6.0
57160001,B,9.0,9.0
57160002,B,6.0,6.0
57160004,B,6.0,6.0
57160005,,9.0,9.0
57160006,B,12.0,12.0
57160010,A,6.0,6.0
57160011,B,12.0,12.0
57161202,B,9.0,9.0
57161206,B,9.0,9.0
57165101,B,6.0,6.0
57170001,,6.0,6.0
57170002,B,9.0,9.0
57170003,B,13.0,13.0
57170004,B,13.0,13.0
57170005,B,13.0,13.0
57170007,B,12.0,12.0
57170008,B,6.0,6.0
57170009,B,6.0,6.0
57170010,B,9.0,9.0
57174104,B,13.0,13.0
57174202,B,6.0,6.0
57175202,D,12.0,12.0
57180005,B,9.0,9.0
57180006,C1,6.0,6.0
57190003,B,13.0,13.0
57190004,B,9.0,9.0
57190005,B,12.0,12.0
57190006,B,6.0,6.0
57191202,B,9.0,9.0
57200002,B,6.0,6.0
57200004,B,16.0,16.0
57200006,D,16.0,16.0
57210001,C1,9.0,9.0
57210002,B,9.0,9.0
57210003,B,13.0,13.0
57210004,B,9.0,9.0
57215202,B,9.0,9.0
57215302,B,6.0,6.0
57220001,B,9.0,9.0
57220002,C1,9.0,9.0
57220003,B,13.0,13.0
57220004,B,9.0,9.0
57220005,B,9.0,9.0
57220006,B,9.0,9.0
57220009,B,6.0,6.0
57230001,,6.0,6.0
57230002,,6.0,6.0
57230005,A,6.0,6.0
57230006,A,6.0,6.0
57230009,B,6.0,6.0
57230010,B,6.0,6.0
57240003,A,6.0,6.0
57240004,B,6.0,6.0
57240005,B,9.0,9.0
57240006,A,9.0,9.0
57240010,B,16.0,16.0
57244101,B,6.0,6.0
57250003,B,13.0,13.0
57250004,C1,9.0,9.0
57250005,B,6.0,6.0
57250006,B,6.0,6.0
57255102,A,13.0,13.0
57260001,B,12.0,12.0
57260002,B,9.0,9.0
57260003,B,9.0,9.0
57260005,B,9.0,9.0
57260007,B,12.0,12.0
57265101,B,9.0,9.0
57270001,B,6.0,6.0
57270002,B,6.0,6.0
57270003,B,9.0,9.0
57270004,B,12.0,12.0
57270005,B,12.0,12.0
57270006,B,9.0,9.0
57270008,B,9.0,9.0
57270009,B,16.0,16.0
57275102,B,12.0,12.0
57275202,B,6.0,6.0
57280002,B,6.0,6.0
57280004,N,12.0,12.0
57280005,B,9.0,9.0
57280006,B,12.0,12.0
57285201,,12.0,12.0
57290001,A,6.0,6.0
57290002,B,9.0,9.0
57290003,A,9.0,9.0
57290004,B,9.0,9.0
57295102,B,9.0,9.0
57300001,B,9.0,9.0
57300002,B,6.0,6.0
57300003,B,9.0,9.0
57300004,B,12.0,12.0
57300005,B,12.0,12.0
57300006,B,6.0,6.0
57305102,,6.0,6.0
58010001,A,6.0,6.0
58010002,A,6.0,6.0
58010003,A,9.0,9.0
58010004,A,9.0,9.0
58010006,A,6.0,6.0
58014101,A,9.0,9.0
58020001,A,6.0,6.0
58020004,A,9.0,9.0
58020006,A,13.0,13.0
58030002,A,6.0,6.0
58030005,A,9.0,9.0
58040001,A,6.0,6.0
58040004,A,9.0,9.0
58040005,A,6.0,6.0
58040008,,6.0,6.0
58045102,A,6.0,6.0
58050001,,6.0,6.0
58050003,A,9.0,9.0
58060003,A,9.0,9.0
58064103,A,13.0,13.0
58070001,A,9.0,9.0
58070002,A,6.0,6.0
58070003,A,9.0,9.0
58080001,A,6.0,6.0
58080003,A,9.0,9.0
58080005,A,9.0,9.0
58084103,A,13.0,13.0
58084104,A,9.0,9.0
58084106,A,13.0,13.0
58085202,A,9.0,9.0
58085301,A,13.0,13.0
58090003,,6.0,6.0
58090004,A,13.0,13.0
58090005,A,13.0,13.0
58090006,A,12.0,12.0
58090007,A,15.0,15.0
58093102,A,6.0,6.0
58094101,A,13.0,13.0
58095102,A,16.0,16.0
58100001,A,6.0,6.0
58100002,A,6.0,6.0
58100003,A,13.0,13.0
58110001,A,6.0,6.0
58110006,A,12.0,12.0
58110009,E,9.0,9.0
58120001,A,6.0,6.0
58120004,,6.0,6.0
58120005,A,9.0,9.0
58120007,A,6.0,6.0
58120010,A,9.0,9.0
58130003,A,6.0,6.0
58130005,A,6.0,6.0
58130006,A,6.0,6.0
58130007,A,9.0,9.0
58140003,A,13.0,13.0
58150003,A,9.0,9.0
58150004,A,6.0,6.0
58150005,A,9.0,9.0
58150007,A,6.0,6.0
58154101,A,12.0,12.0
58160003,A,12.0,12.0
58160005,A,6.0,6.0
58160007,A,12.0,12.0
58160008,A,9.0,9.0
58160009,A,9.0,9.0
58160012,A,13.0,13.0
58163103,A,12.0,12.0
58170004,A,6.0,6.0
58170005,A,6.0,6.0
58170006,A,9.0,9.0
58171101,A,9.0,9.0
58171201,A,6.0,6.0
58171203,A,9.0,9.0
58173203,A,6.0,6.0
58175101,A,6.0,6.0
58180002,A,6.0,6.0
58180003,A,9.0,9.0
58180004,A,9.0,9.0
58180005,A,9.0,9.0
58180006,A,9.0,9.0
58185102,A,9.0,9.0
58185202,A,6.0,6.0
58190001,,6.0,6.0
58190003,A,9.0,9.0
58190004,A,9.0,9.0
58190005,A,9.0,9.0
58194101,A,13.0,13.0
58200001,A,6.0,6.0
58200003,A,6.0,6.0
58200004,A,6.0,6.0
58203101,A,6.0,6.0
58204102,A,9.0,9.0
58210001,B,6.0,6.0
58210004,A,9.0,9.0
58215101,A,6.0,6.0
58220001,A,6.0,6.0
58220002,A,6.0,6.0
58220003,A,9.0,9.0
58220004,A,9.0,9.0
58220005,A,9.0,9.0
58225102,A,9.0,9.0
58225201,A,9.0,9.0
58230004,A,12.0,12.0
58240001,A,6.0,6.0
58240002,A,6.0,6.0
58240003,A,9.0,9.0
58240004,A,9.0,9.0
58240005,A,9.0,9.0
58244101,A,6.0,6.0
58244202,A,9.0,9.0
58245103,A,6.0,6.0
58250001,,6.0,6.0
58250003,A,12.0,12.0
58250004,A,6.0,6.0
58250005,A,6.0,6.0
58250006,A,9.0,9.0
58250007,A,9.0,9.0
58250008,A,6.0,6.0
58251103,A,9.0,9.0
58253102,A,6.0,6.0
58254104,A,9.0,9.0
58254203,A,9.0,9.0
58255201,A,6.0,6.0
58260001,A,6.0,6.0
58260003,A,6.0,6.0
58260004,A,9.0,9.0
58265101,A,6.0,6.0
58265201,A,9.0,9.0
58270001,A,6.0,6.0
58270002,A,6.0,6.0
58270003,A,9.0,9.0
58270004,A,9.0,9.0
58270005,A,16.0,16.0
58274101,A,13.0,13.0
58274201,A,13.0,13.0
58275101,A,13.0,13.0
58280003,A,6.0,6.0
58280005,A,9.0,9.0
58280006,A,9.0,9.0
58280007,A,9.0,9.0
58283101,A,6.0,6.0
58284102,A,6.0,6.0
58284201,A,9.0,9.0
58285103,A,9.0,9.0
58290002,A,6.0,6.0
58290003,A,6.0,6.0
58290005,A,6.0,6.0
58290006,A,9.0,9.0
58290007,A,9.0,9.0
58290008,A,12.0,12.0
58294101,A,9.0,9.0
58295103,A,9.0,9.0
58300001,A,9.0,9.0
58300002,A,6.0,6.0
58300003,A,9.0,9.0
58300004,A,9.0,9.0
58305101,A,9.0,9.0
59010001,A,9.0,9.0
59010002,A,6.0,6.0
59010003,A,13.0,13.0
59010004,A,13.0,13.0
59010006,A,12.0,12.0
59013102,A,6.0,6.0
59014102,A,13.0,13.0
59015102,A,13.0,13.0
59020001,A,6.0,6.0
59020004,A,9.0,9.0
59020006,A,9.0,9.0
59030001,A,6.0,6.0
59030002,A,6.0,6.0
59030003,A,12.0,12.0
59040001,A,6.0,6.0
59040002,A,6.0,6.0
59040003,A,13.0,13.0
59040004,A,13.0,13.0
59040005,A,9.0,9.0
59050001,A,6.0,6.0
59050002,A,6.0,6.0
59050003,A,13.0,13.0
59050006,A,12.0,12.0
59054101,A,6.0,6.0
59060003,A,9.0,9.0
59060004,A,6.0,6.0
59060005,A,9.0,9.0
59060006,A,12.0,12.0
59060007,A,9.0,9.0
59060008,A,13.0,13.0
59060009,A,13.0,13.0
59061101,A,6.0,6.0
59061105,A,9.0,9.0
59063101,A,9.0,9.0
59065101,A,9.0,9.0
59070002,A,6.0,6.0
59070003,A,6.0,6.0
59070004,A,12.0,12.0
59080001,,6.0,6.0
59080003,A,6.0,6.0
59080004,A,12.0,12.0
59080006,A,9.0,9.0
59080007,A,6.0,6.0
59080008,A,9.0,9.0
59080009,A,6.0,6.0
59080010,A,13.0,13.0
59083103,A,12.0,12.0
59084102,A,6.0,6.0
59084202,A,9.0,9.0
59084302,A,6.0,6.0
59100001,A,6.0,6.0
59100002,A,6.0,6.0
59100003,A,13.0,13.0
59105101,A,12.0,12.0
59110001,A,6.0,6.0
59110002,A,6.0,6.0
59110003,A,16.0,16.0
59110004,A,12.0,12.0
59120001,A,13.0,13.0
59120002,A,12.0,12.0
59120003,A,15.0,15.0
59120004,A,9.0,9.0
59130001,A,6.0,6.0
59130002,A,6.0,6.0
59130003,A,9.0,9.0
59130004,A,6.0,6.0
59130005,A,13.0,13.0
59130006,A,12.0,12.0
59130007,A,12.0,12.0
59130009,A,13.0,13.0
59130010,S,6.0,6.0
59133202,A,12.0,12.0
59133205,A,9.0,9.0
59134106,C1,9.0,9.0
59135205,A,12.0,12.0
59140004,A,9.0,9.0
59150001,A,6.0,6.0
59150002,A,3.0,3.0
59150005,A,6.0,6.0
59153103,A,9.0,9.0
59160001,A,6.0,6.0
59160002,A,6.0,6.0
59160004,A,13.0,13.0
59160006,A,9.0,9.0
59170001,A,6.0,6.0
59170002,A,6.0,6.0
59170005,A,12.0,12.0
59180001,,6.0,6.0
59180002,A,6.0,6.0
59180003,A,9.0,9.0
59180004,A,6.0,6.0
59183104,A,9.0,9.0
59190001,A,6.0,6.0
59190002,A,6.0,6.0
59190004,A,6.0,6.0
59190005,A,6.0,6.0
59193103,A,12.0,12.0
59200001,A,6.0,6.0
59200002,A,6.0,6.0
59200004,A,13.0,13.0
59200006,A,9.0,9.0
59204102,A,9.0,9.0
59220002,A,6.0,6.0
59220005,A,9.0,9.0
59220007,A,9.0,9.0
59220009,A,13.0,13.0
59230004,A,9.0,9.0
59233106,C,13.0,13.0
59240003,A,6.0,6.0
59243101,A,9.0,9.0
59250003,A,9.0,9.0
59250004,A,9.0,9.0
59253102,A,9.0,9.0
59253103,A,9.0,9.0
59254102,A,6.0,6.0
59260003,A,6.0,6.0
59260004,B,6.0,6.0
59260006,A,9.0,9.0
59263102,A,6.0,6.0
59263201,A,6.0,6.0
59264102,A,9.0,9.0
59270001,A,6.0,6.0
59270003,A,13.0,13.0
59270004,A,13.0,13.0
59270005,A,6.0,6.0
59270007,A,6.0,6.0
59270008,A,13.0,13.0
59273102,A,9.0,9.0
59273103,A,13.0,13.0
59273202,A,9.0,9.0
59273401,A,12.0,12.0
59275101,A,6.0,6.0
59280002,A,6.0,6.0
59280003,A,6.0,6.0
59280004,A,12.0,12.0
59290001,A,6.0,6.0
59290003,A,9.0,9.0
59290004,A,16.0,16.0
59290007,A,13.0,13.0
59290008,A,6.0,6.0
59290009,A,12.0,12.0
59300001,A,6.0,6.0
59300003,A,6.0,6.0
59300004,A,12.0,12.0
59300007,A,16.0,16.0
59304102,A,9.0,9.0
60010001,A,6.0,6.0
60010002,A,6.0,6.0
60010003,A,12.0,12.0
60010004,A,13.0,13.0
60010005,A,9.0,9.0
60010009,A,9.0,9.0
60020001,A,6.0,6.0
60020002,A,6.0,6.0
60020004,A,13.0,13.0
60020005,A,13.0,13.0
60030001,A,6.0,6.0
60030002,A,6.0,6.0
60030003,,6.0,6.0
60030004,A,13.0,13.0
60030005,A,6.0,6.0
60034102,A,9.0,9.0
60035102,A,12.0,12.0
60040002,A,6.0,6.0
60040004,A,9.0,9.0
60040006,A,6.0,6.0
60040007,A,6.0,6.0
60043204,A,12.0,12.0
60044101,A,6.0,6.0
60050001,,6.0,6.0
60050002,A,6.0,6.0
60050003,A,13.0,13.0
60050004,A,9.0,9.0
60050005,A,9.0,9.0
60050006,A,9.0,9.0
60060006,,9.0,9.0
60060007,A,6.0,6.0
60060009,A,9.0,9.0
60070001,A,6.0,6.0
60070002,A,6.0,6.0
60070004,A,9.0,9.0
60070005,A,9.0,9.0
60070006,A,9.0,9.0
60070007,A,6.0,6.0
60074101,B,9.0,9.0
60074201,A,9.0,9.0
60074302,A,9.0,9.0
60080001,A,6.0,6.0
60080002,A,6.0,6.0
60080003,A,16.0,16.0
60080004,A,9.0,9.0
60080006,A,9.0,9.0
60084104,A,12.0,12.0
60085102,A,9.0,9.0
60085203,A,9.0,9.0
60090001,A,6.0,6.0
60090002,A,9.0,9.0
60094101,A,6.0,6.0
60100001,A,6.0,6.0
60100002,A,6.0,6.0
60100003,A,9.0,9.0
60100004,A,9.0,9.0
60100007,A,12.0,12.0
60104102,A,9.0,9.0
60110001,A,6.0,6.0
60110002,A,6.0,6.0
60110003,A,13.0,13.0
60110004,A,9.0,9.0
60114102,A,9.0,9.0
60115101,A,12.0,12.0
60120001,A,6.0,6.0
60120002,A,6.0,6.0
60120003,A,9.0,9.0
60120004,A,9.0,9.0
60120005,A,9.0,9.0
60124104,A,9.0,9.0
60124203,A,13.0,13.0
60130002,A,6.0,6.0
60140001,A,6.0,6.0
60140003,A,9.0,9.0
60140005,A,9.0,9.0
60140006,B,13.0,13.0
60140007,A,9.0,9.0
60143102,A,9.0,9.0
60144102,B,6.0,6.0
60145102,A,6.0,6.0
60150002,A,6.0,6.0
60150003,A,6.0,6.0
60150004,A,6.0,6.0
60150006,A,6.0,6.0
60150008,A,6.0,6.0
60160003,A,9.0,9.0
60165002,A,9.0,9.0
60170001,A,16.0,16.0
60170002,A,12.0,12.0
60170003,A,16.0,16.0
60170004,A,16.0,16.0
60170007,A,16.0,16.0
60174102,V,16.0,16.0
60180004,A,9.0,9.0
60180006,A,6.0,6.0
60180007,A,6.0,6.0
60180008,A,9.0,9.0
60183104,A,9.0,9.0
60190002,,6.0,6.0
60190004,A,6.0,6.0
60190005,A,6.0,6.0
60190006,A,9.0,9.0
60190007,A,6.0,6.0
60190008,A,6.0,6.0
60190010,A,16.0,16.0
60190012,,9.0,9.0
60190013,A,9.0,9.0
60190015,A,9.0,9.0
60194201,A,9.0,9.0
60195102,,13.0,13.0
60200001,A,6.0,6.0
60200004,A,15.0,15.0
60200005,A,9.0,9.0
60203101,A,16.0,16.0
60205102,A,13.0,13.0
60210003,A,9.0,9.0
60210004,A,9.0,9.0
60210005,A,9.0,9.0
60211101,A,6.0,6.0
60214102,A,12.0,12.0
60220002,A,6.0,6.0
60220003,A,9.0,9.0
60220004,A,9.0,9.0
60220005,A,9.0,9.0
60220006,A,9.0,9.0
60225101,A,12.0,12.0
60225202,A,9.0,9.0
60230001,A,12.0,12.0
60230002,A,9.0,9.0
60230003,A,16.0,16.0
60230004,A,9.0,9.0
60230005,A,9.0,9.0
60230007,A,9.0,9.0
60234102,,13.0,13.0
60235102,A,13.0,13.0
60235201,A,9.0,9.0
60250001,A,6.0,6.0
60250002,A,6.0,6.0
60250004,A,9.0,9.0
60250005,A,9.0,9.0
60250006,A,12.0,12.0
60250007,A,13.0,13.0
60255102,A,13.0,13.0
60255202,A,9.0,9.0
60255301,A,9.0,9.0
60260001,A,6.0,6.0
60260002,A,9.0,9.0
60260003,A,9.0,9.0
60260004,A,13.0,13.0
60270001,A,6.0,6.0
60270002,A,6.0,6.0
60270003,A,9.0,9.0
60270004,A,12.0,12.0
60270005,A,13.0,13.0
60270006,A,13.0,13.0
60270007,A,13.0,13.0
60274101,A,6.0,6.0
60274201,A,9.0,9.0
60275102,A,12.0,12.0
60280002,A,12.0,12.0
60280004,A,13.0,13.0
60280007,A,13.0,13.0
60290001,A,6.0,6.0
60290002,A,6.0,6.0
60290004,A,6.0,6.0
60300005,,6.0,6.0
60300006,A,6.0,6.0
60300008,A,6.0,6.0
61010001,C1,6.0,6.0
61010003,C1,13.0,13.0
61010004,C1,9.0,9.0
61010005,C1,9.0,9.0
61010007,C1,12.0,12.0
61010008,C1,6.0,6.0
61014105,C1,12.0,12.0
61015202,C1,9.0,9.0
61020001,C1,6.0,6.0
61020005,C1,6.0,6.0
61020010,T,6.0,6.0
61024001,C1,12.0,12.0
61024005,A,9.0,9.0
61025102,C1,9.0,9.0
61030003,C1,6.0,6.0
61030005,C1,6.0,6.0
61030006,C1,6.0,6.0
61030007,C1,6.0,6.0
61030008,C1,6.0,6.0
61030009,,12.0,12.0
61030010,,12.0,12.0
61030011,C1,12.0,12.0
61033102,C1,6.0,6.0
61033103,C1,12.0,12.0
61035202,C1,6.0,6.0
61040003,C1,6.0,6.0
61043102,N,12.0,12.0
61043103,C1,12.0,12.0
61043104,C1,12.0,12.0
61050002,T,9.0,9.0
61050005,,16.0,16.0
61050006,T,13.0,13.0
61060002,,6.0,6.0
61060005,C1,9.0,9.0
61060007,N,12.0,12.0
61060008,,16.0,16.0
61060009,C1,12.0,12.0
61070001,C1,6.0,6.0
61070002,C1,6.0,6.0
61070003,C1,6.0,6.0
61070004,C1,6.0,6.0
61070005,,6.0,6.0
61070006,C1,6.0,6.0
61070007,C1,9.0,9.0
61070009,C1,12.0,12.0
61070010,C1,9.0,9.0
61070011,Q,9.0,9.0
61073101,C1,6.0,6.0
61075202,N,9.0,9.0
61090002,A,6.0,6.0
61090003,C1,6.0,6.0
61090004,C1,12.0,12.0
61090005,C1,6.0,6.0
61090006,C1,12.0,12.0
61090008,C1,12.0,12.0
61090010,C1,9.0,9.0
61093106,C1,9.0,9.0
61093108,C1,9.0,9.0
61100003,C1,12.0,12.0
61100004,C1,6.0,6.0
61100006,V,13.0,13.0
61100007,C1,6.0,6.0
61100008,C1,9.0,9.0
61101104,V,13.0,13.0
61101105,C1,13.0,13.0
61110001,C1,6.0,6.0
61110002,C1,6.0,6.0
61110003,C1,9.0,9.0
61110004,C1,9.0,9.0
61110005,C1,6.0,6.0
61110006,C1,6.0,6.0
61110007,C1,6.0,6.0
61113102,C1,6.0,6.0
61114101,A,16.0,16.0
61115102,C1,6.0,6.0
61115202,T,12.0,12.0
61115302,C1,9.0,9.0
61120001,C1,12.0,12.0
61120002,C1,6.0,6.0
61120004,,13.0,13.0
61120005,C1,12.0,12.0
61120008,C1,12.0,12.0
61120012,C1,6.0,6.0
61130001,C1,9.0,9.0
61130002,C1,6.0,6.0
61130003,C1,13.0,13.0
61130004,C1,12.0,12.0
61130005,C1,12.0,12.0
61135001,N,6.0,6.0
61140002,C1,6.0,6.0
61140003,N,9.0,9.0
61140004,C1,12.0,12.0
61140006,C1,9.0,9.0
61140009,A,9.0,9.0
61145101,C1,12.0,12.0
61145202,C1,9.0,9.0
61150004,C1,6.0,6.0
61150005,C1,6.0,6.0
61150006,C1,6.0,6.0
61150007,C1,6.0,6.0
61150008,C1,6.0,6.0
61155101,,13.0,13.0
61160001,C1,6.0,6.0
61160004,C1,6.0,6.0
61160005,C1,12.0,12.0
61160006,C1,6.0,6.0
61160007,C1,9.0,9.0
61160008,C1,9.0,9.0
61160009,C1,6.0,6.0
61164205,,9.0,9.0
61165103,B,13.0,13.0
61170001,C1,6.0,6.0
61170002,,6.0,6.0
61170003,C1,13.0,13.0
61170004,C1,6.0,6.0
61170006,C1,9.0,9.0
61170009,C1,6.0,6.0
61174101,N,9.0,9.0
61175101,V,6.0,6.0
61180009,C1,12.0,12.0
61190001,C1,6.0,6.0
61190002,C1,6.0,6.0
61190007,C1,6.0,6.0
61190009,C1,12.0,12.0
61190013,C1,12.0,12.0
61193101,T,6.0,6.0
61220001,C1,12.0,12.0
61220002,C1,6.0,6.0
61220003,C1,12.0,12.0
61220004,C1,9.0,9.0
61220005,C1,12.0,12.0
61220006,C1,12.0,12.0
61220007,C1,12.0,12.0
61220008,C1,12.0,12.0
61220009,C1,13.0,13.0
61220010,C1,13.0,13.0
61220011,C1,13.0,13.0
61220012,C1,12.0,12.0
61224101,T,9.0,9.0
61250002,C1,6.0,6.0
61250003,C1,6.0,6.0
61250004,C1,6.0,6.0
61250005,C1,6.0,6.0
61250007,C1,6.0,6.0
61250008,C1,6.0,6.0
61250010,A,12.0,12.0
61250012,N,9.0,9.0
61253101,C1,6.0,6.0
61253103,C1,9.0,9.0
61254102,C1,9.0,9.0
61255201,,9.0,9.0
61290001,C1,6.0,6.0
61290003,C1,9.0,9.0
61290009,C1,6.0,6.0
61294102,C1,9.0,9.0
61300001,C1,6.0,6.0
61300002,C1,6.0,6.0
61300005,T,12.0,12.0
61304102,T,12.0,12.0
62010001,A,6.0,6.0
62010002,A,6.0,6.0
62010003,A,9.0,9.0
62010004,A,12.0,12.0
62010005,A,12.0,12.0
62010006,A,9.0,9.0
62014101,A,9.0,9.0
62014203,A,12.0,12.0
62015101,A,13.0,13.0
62020001,B,6.0,6.0
62020003,B,9.0,9.0
62020004,B,9.0,9.0
62023105,A,9.0,9.0
62023107,B,13.0,13.0
62024202,A,15.0,15.0
62030002,B,6.0,6.0
62030003,B,9.0,9.0
62030004,B,9.0,9.0
62030005,B,9.0,9.0
62030006,,6.0,6.0
62033101,B,6.0,6.0
62033103,B,13.0,13.0
62034203,B,12.0,12.0
62050001,A,12.0,12.0
62050002,B,9.0,9.0
62050003,A,12.0,12.0
62050004,A,13.0,13.0
62070001,A,6.0,6.0
62070002,A,6.0,6.0
62070003,A,16.0,16.0
62070005,A,15.0,15.0
62080001,C1,9.0,9.0
62080002,,6.0,6.0
62080003,C1,12.0,12.0
62080004,C1,6.0,6.0
62080008,C1,12.0,12.0
62080009,C1,13.0,13.0
62080012,C1,6.0,6.0
62090002,A,6.0,6.0
62090009,B,9.0,9.0
62090010,A,6.0,6.0
62091303,B,13.0,13.0
62110003,B,9.0,9.0
62110004,B,9.0,9.0
62110006,A,6.0,6.0
62115102,A,6.0,6.0
62120001,A,9.0,9.0
62120002,A,6.0,6.0
62120003,A,6.0,6.0
62120004,A,6.0,6.0
62120005,A,12.0,12.0
62120006,A,9.0,9.0
62120007,A,9.0,9.0
62120008,A,15.0,15.0
62120009,A,6.0,6.0
62123103,A,9.0,9.0
62123201,B,12.0,12.0
62123203,A,12.0,12.0
62124102,A,9.0,9.0
62125302,B,9.0,9.0
62130001,A,6.0,6.0
62130003,A,9.0,9.0
62130004,A,6.0,6.0
62130005,A,13.0,13.0
62130006,A,9.0,9.0
62131101,A,9.0,9.0
62140001,,6.0,6.0
62140003,A,9.0,9.0
62140004,A,13.0,13.0
62140005,A,9.0,9.0
62140006,A,12.0,12.0
62140009,A,6.0,6.0
62141102,A,6.0,6.0
62141105,,6.0,6.0
62141107,A,9.0,9.0
62144102,A,6.0,6.0
62145101,A,9.0,9.0
62150004,C1,12.0,12.0
62150005,,6.0,6.0
62150006,A,16.0,16.0
62150007,A,16.0,16.0
62150008,C1,15.0,15.0
62150009,C1,16.0,16.0
62160003,A,6.0,6.0
62160004,A,9.0,9.0
62160007,A,6.0,6.0
62164102,A,9.0,9.0
62170001,A,6.0,6.0
62180001,B,6.0,6.0
62180002,B,6.0,6.0
62180004,B,9.0,9.0
62180007,B,13.0,13.0
62184102,B,6.0,6.0
62190004,A,13.0,13.0
62190005,A,9.0,9.0
62190006,A,13.0,13.0
62190007,A,9.0,9.0
62190008,A,13.0,13.0
62190009,A,13.0,13.0
62190010,A,9.0,9.0
62190012,,9.0,9.0
62193101,A,6.0,6.0
62194102,A,6.0,6.0
62194203,A,12.0,12.0
62195101,C1,12.0,12.0
62200001,C1,6.0,6.0
62200005,V,12.0,12.0
62200006,S,13.0,13.0
62200007,A,6.0,6.0
62200008,C1,12.0,12.0
62200011,A,12.0,12.0
62203102,Q,6.0,6.0
62205102,A,9.0,9.0
62205302,A,9.0,9.0
62210002,,6.0,6.0
62210003,B,13.0,13.0
62210004,B,13.0,13.0
62210006,B,12.0,12.0
62210008,B,13.0,13.0
62220002,B,6.0,6.0
62220003,B,13.0,13.0
62220004,B,9.0,9.0
62220005,B,9.0,9.0
62220006,B,9.0,9.0
62220007,B,12.0,12.0
62220008,B,9.0,9.0
62220009,B,12.0,12.0
62220010,A,13.0,13.0
62224101,B,9.0,9.0
62225102,A,9.0,9.0
62225202,A,13.0,13.0
62230002,A,6.0,6.0
62230003,A,12.0,12.0
62240001,A,6.0,6.0
62240002,A,6.0,6.0
62240003,A,9.0,9.0
62245101,A,6.0,6.0
62270002,A,6.0,6.0
62270003,A,6.0,6.0
62280001,A,6.0,6.0
62280002,A,6.0,6.0
62280003,A,6.0,6.0
62280005,A,12.0,12.0
62285102,A,9.0,9.0
62290003,A,9.0,9.0
62290004,,6.0,6.0
62290005,A,6.0,6.0
62290006,A,12.0,12.0
62300002,A,6.0,6.0
62300003,A,12.0,12.0
62300004,A,16.0,16.0
62305102,C1,9.0,9.0
63010001,A,9.0,9.0
63010003,A,12.0,12.0
63015102,C1,15.0,15.0
63020001,A,6.0,6.0
63020002,A,6.0,6.0
63020003,A,13.0,13.0
63020006,A,13.0,13.0
63024102,A,6.0,6.0
63030001,A,6.0,6.0
63030003,A,9.0,9.0
63030004,A,9.0,9.0
63030005,A,9.0,9.0
63033101,A,9.0,9.0
63033103,A,12.0,12.0
63035102,A,9.0,9.0
63040001,A,9.0,9.0
63040002,A,6.0,6.0
63040003,A,6.0,6.0
63040004,A,13.0,13.0
63040005,A,13.0,13.0
63040006,A,13.0,13.0
63040008,A,9.0,9.0
63045102,A,6.0,6.0
63045205,A,6.0,6.0
63050001,A,6.0,6.0
63050003,A,9.0,9.0
63070001,A,6.0,6.0
63070002,A,6.0,6.0
63070003,A,9.0,9.0
63070004,A,9.0,9.0
63070005,A,13.0,13.0
63070007,A,13.0,13.0
63074102,A C1,12.0,12.0
63075101,,9.0,9.0
63080001,A,12.0,12.0
63080002,A,6.0,6.0
63083104,A,9.0,9.0
63090001,A,6.0,6.0
63090002,A,6.0,6.0
63090003,A,6.0,6.0
63090005,A,6.0,6.0
63090006,A,6.0,6.0
63093102,I,6.0,6.0
63100002,A,12.0,12.0
63100005,A,13.0,13.0
63110002,B,6.0,6.0
63110003,A,9.0,9.0
63110004,,6.0,6.0
63120001,A,9.0,9.0
63120002,,9.0,9.0
63120004,,12.0,12.0
63120005,A,13.0,13.0
63120006,A,16.0,16.0
63125101,E,13.0,13.0
63130002,A,6.0,6.0
63130004,A,13.0,13.0
63130005,A,12.0,12.0
63130008,A,6.0,6.0
63135201,A,9.0,9.0
63150003,B,9.0,9.0
63154101,G,13.0,13.0
63160001,A,9.0,9.0
63160002,A,6.0,6.0
63160003,A,9.0,9.0
63160004,A,9.0,9.0
63160006,A,12.0,12.0
63160007,A,9.0,9.0
63163102,A,9.0,9.0
63164201,N,12.0,12.0
63180001,A,6.0,6.0
63180002,A,6.0,6.0
63180003,A,12.0,12.0
63180004,,6.0,6.0
63180006,A,15.0,15.0
63190001,A,6.0,6.0
63190002,A,6.0,6.0
63190003,A,12.0,12.0
63190004,A,9.0,9.0
63190006,A,9.0,9.0
63195101,A,6.0,6.0
63200001,A,6.0,6.0
63200002,A,6.0,6.0
63200003,A,9.0,9.0
63200004,A,13.0,13.0
63200006,A,13.0,13.0
63205102,A,9.0,9.0
63210001,A,6.0,6.0
63210002,A,6.0,6.0
63210003,A,9.0,9.0
63210005,A,9.0,9.0
63210006,N,13.0,13.0
63210007,,9.0,9.0
63213103,A N,12.0,12.0
63215102,A,12.0,12.0
63215103,,12.0,12.0
63215104,A,12.0,12.0
63220001,A,6.0,6.0
63220002,A,6.0,6.0
63220003,A,9.0,9.0
63220004,A,12.0,12.0
63224104,A,9.0,9.0
63225102,A,9.0,9.0
63230001,A,6.0,6.0
63230003,A,9.0,9.0
63230005,A,12.0,12.0
63230006,,9.0,9.0
63230007,A,9.0,9.0
63230009,A,9.0,9.0
63230013,A,9.0,9.0
63230016,A,6.0,6.0
63230018,A,6.0,6.0
63234102,A,9.0,9.0
63234202,A,6.0,6.0
63235102,N,13.0,13.0
63235301,A,6.0,6.0
63240003,A,6.0,6.0
63240004,A,6.0,6.0
63240005,A,6.0,6.0
63243101,A,9.0,9.0
63243103,A,6.0,6.0
63243104,A,6.0,6.0
63244101,A,6.0,6.0
63244103,A,13.0,13.0
63250005,,9.0,9.0
63250006,A,6.0,6.0
63260001,A,6.0,6.0
63260003,A,6.0,6.0
63260004,A,9.0,9.0
63260005,A,9.0,9.0
63260007,B,9.0,9.0
63265202,A,9.0,9.0
63270004,A,6.0,6.0
63270005,,9.0,9.0
63271202,A,6.0,6.0
63271204,A,13.0,13.0
63280001,A,6.0,6.0
63280002,A,6.0,6.0
63280003,A,12.0,12.0
63280005,A,9.0,9.0
63280006,A,12.0,12.0
63285101,A,6.0,6.0
63290002,A,9.0,9.0
63290003,A,13.0,13.0
63290004,A,13.0,13.0
63294101,A,9.0,9.0
64010003,,6.0,6.0
64010004,A,6.0,6.0
64010005,A,6.0,6.0
64010006,A,9.0,9.0
64010007,A,13.0,13.0
64014102,A B,6.0,6.0
64014201,A,6.0,6.0
64030004,B,9.0,9.0
64030006,B,9.0,9.0
64030007,C1,12.0,12.0
64040003,B,12.0,12.0
64040004,B,12.0,12.0
64040007,B,16.0,16.0
64043102,D1,13.0,13.0
64043106,B,13.0,13.0
64044103,,16.0,16.0
64050001,,6.0,6.0
64050002,A,6.0,6.0
64050003,A,6.0,6.0
64054101,B,6.0,6.0
64060004,A,9.0,9.0
64060005,A,13.0,13.0
64060006,B,12.0,12.0
64060007,B,9.0,9.0
64060009,B,9.0,9.0
64060011,B,12.0,12.0
64060012,B,9.0,9.0
64061104,B,12.0,12.0
64065101,A,13.0,13.0
64065102,B,9.0,9.0
64065104,B,6.0,6.0
64065203,I,13.0,13.0
64065301,A,13.0,13.0
64070001,,6.0,6.0
64070003,B,6.0,6.0
64070004,B,9.0,9.0
64070005,B,9.0,9.0
64070006,B,9.0,9.0
64070007,B,9.0,9.0
64070009,B,9.0,9.0
64070011,C1,9.0,9.0
64073102,D1,6.0,6.0
64073106,D1,12.0,12.0
64073202,N,6.0,6.0
64074101,D1,6.0,6.0
64080004,,9.0,9.0
64080005,A,6.0,6.0
64080006,A,9.0,9.0
64080007,A,9.0,9.0
64080008,B,6.0,6.0
64080009,B,12.0,12.0
64080011,A,13.0,13.0
64081101,,9.0,9.0
64081103,A,13.0,13.0
64083103,N,15.0,15.0
64083107,A,12.0,12.0
64100005,A,6.0,6.0
64100008,A,9.0,9.0
64100009,A,9.0,9.0
64100010,A,9.0,9.0
64103105,,12.0,12.0
64110002,B,6.0,6.0
64110003,B,6.0,6.0
64110006,B,9.0,9.0
64110007,B,9.0,9.0
64114103,B,6.0,6.0
64120001,A,6.0,6.0
64120002,A,6.0,6.0
64120004,A,9.0,9.0
64125101,,13.0,13.0
64130001,A,13.0,13.0
64130002,A,12.0,12.0
64140001,Q,6.0,6.0
64140003,Q,6.0,6.0
64140004,Q,6.0,6.0
64140005,Q,9.0,9.0
64140006,Q,9.0,9.0
64140007,A,6.0,6.0
64140009,B,6.0,6.0
64143102,B,6.0,6.0
64143103,B,9.0,9.0
64144103,A,13.0,13.0
64170008,G,9.0,9.0
64170011,A,6.0,6.0
64190001,C1,6.0,6.0
64190002,C1,6.0,6.0
64190003,C1,9.0,9.0
64190004,C1,6.0,6.0
64190005,C1,13.0,13.0
64190006,C1,9.0,9.0
64190007,C1,12.0,12.0
64193106,A,9.0,9.0
64193108,C1,13.0,13.0
64194102,C1,9.0,9.0
64194201,I,12.0,12.0
64194301,A,9.0,9.0
64200001,G,9.0,9.0
64200002,C1,6.0,6.0
64200005,A,12.0,12.0
64200007,C1,12.0,12.0
64200008,C1,6.0,6.0
64200011,C1,15.0,15.0
64220001,A,6.0,6.0
64220002,A,6.0,6.0
64220003,A,6.0,6.0
64220004,A,9.0,9.0
64220005,A,6.0,6.0
64220006,A,13.0,13.0
64225102,B,9.0,9.0
64240002,A,6.0,6.0
64240003,,6.0,6.0
64250010,A,6.0,6.0
64250012,G,9.0,9.0
64253103,A,13.0,13.0
64260002,G,6.0,6.0
64260003,G,6.0,6.0
64260004,G,6.0,6.0
64260007,G,6.0,6.0
64260008,A,6.0,6.0
64264101,D1,9.0,9.0
64265102,A,6.0,6.0
64265201,A,6.0,6.0
64265302,B,6.0,6.0
64270002,V,6.0,6.0
64270003,C1,13.0,13.0
64270006,V,12.0,12.0
64270007,D1,9.0,9.0
64270009,,9.0,9.0
64274201,,13.0,13.0
64300001,G,6.0,6.0
64300002,A,12.0,12.0
65010003,B,6.0,6.0
65010005,B,9.0,9.0
65010009,A,9.0,9.0
65020001,B,6.0,6.0
65020002,B,6.0,6.0
65020005,B,9.0,9.0
65020006,B,13.0,13.0
65030003,N,13.0,13.0
65030004,C1,13.0,13.0
65030008,A,15.0,15.0
65040005,N,9.0,9.0
65040006,B,13.0,13.0
65050001,B,16.0,16.0
65050003,B,12.0,12.0
65050004,B,15.0,15.0
65050007,B,9.0,9.0
65050010,A,13.0,13.0
65053102,A,9.0,9.0
65060002,I,9.0,9.0
65060003,I,13.0,13.0
65060009,C1,9.0,9.0
65060010,A,13.0,13.0
65060013,I,12.0,12.0
65061105,A,9.0,9.0
65061106,C1,12.0,12.0
65064101,I,12.0,12.0
65070001,B,6.0,6.0
65070002,B,6.0,6.0
65070003,B,6.0,6.0
65070005,B,15.0,15.0
65070008,D1,15.0,15.0
65073102,A,9.0,9.0
65080001,A,6.0,6.0
65080002,B,6.0,6.0
65080003,B,12.0,12.0
65080004,A,9.0,9.0
65080005,A,9.0,9.0
65080007,B,12.0,12.0
65080008,B,9.0,9.0
65080009,B,9.0,9.0
65080010,A,13.0,13.0
65080014,B,9.0,9.0
65080015,R,15.0,15.0
65081102,A,9.0,9.0
65081103,B,9.0,9.0
65085102,B,12.0,12.0
65085303,I,9.0,9.0
65090002,B,9.0,9.0
65090004,N,15.0,15.0
65090006,A,6.0,6.0
65090007,B,9.0,9.0
65090009,A,16.0,16.0
65091106,A,12.0,12.0
65110001,C1,12.0,12.0
65110002,C1,9.0,9.0
65110003,V,16.0,16.0
65110004,V,13.0,13.0
65110005,,6.0,6.0
65110006,,6.0,6.0
65110007,C1,16.0,16.0
65120001,D1,9.0,9.0
65120002,B,6.0,6.0
65120004,D1,15.0,15.0
65120006,D1,16.0,16.0
65120007,D1,15.0,15.0
65120012,D1,12.0,12.0
65125102,D,16.0,16.0
65130001,D1,13.0,13.0
65130002,,13.0,13.0
65133104,B,12.0,12.0
65150002,C1,6.0,6.0
65150004,V,12.0,12.0
65150005,A,15.0,15.0
65150006,N V,12.0,12.0
65150007,V,16.0,16.0
65150008,V,12.0,12.0
65154101,A,13.0,13.0
65154103,C1,16.0,16.0
65154104,C1,12.0,12.0
65160009,I,16.0,16.0
65180001,N,6.0,6.0
65180006,A,9.0,9.0
65180007,A,13.0,13.0
65200003,B,12.0,12.0
65200004,B,15.0,15.0
65200005,A,12.0,12.0
65200007,A,15.0,15.0
65200008,B,16.0,16.0
65200009,A,16.0,16.0
65200010,A,16.0,16.0
65200012,A,13.0,13.0
66030003,V,12.0,12.0
66030004,C1,12.0,12.0
66030006,C1,16.0,16.0
66030007,,9.0,9.0
66030008,C1,13.0,13.0
66035104,,12.0,12.0
66040005,A,9.0,9.0
66050001,B,12.0,12.0
66050002,C1,16.0,16.0
66050003,C1,15.0,15.0
66050004,C1,12.0,12.0
66050005,C1,16.0,16.0
66050008,B,13.0,13.0
66055101,T,12.0,12.0
66055204,A,12.0,12.0
66080002,,6.0,6.0
66080003,C1,9.0,9.0
66080004,C1,6.0,6.0
66080005,A C1,12.0,12.0
66080007,C1,13.0,13.0
66110001,B,6.0,6.0
66110002,B,9.0,9.0
66110003,B,9.0,9.0
66110004,B,12.0,12.0
66110005,Q,9.0,9.0
66110006,Q,12.0,12.0
66114101,A,6.0,6.0
66120003,C1,13.0,13.0
66120004,A,12.0,12.0
66124105,C1,13.0,13.0
66124201,A,13.0,13.0
66130001,A,6.0,6.0
66130002,,6.0,6.0
66130003,D1,6.0,6.0
66130004,A,6.0,6.0
66130005,A,13.0,13.0
66130006,A,12.0,12.0
66130007,A,13.0,13.0
66135101,,6.0,6.0
66135202,A,12.0,12.0
66140001,A,6.0,6.0
66140004,A,13.0,13.0
66140006,A,16.0,16.0
66140007,D1,9.0,9.0
66170001,C1,12.0,12.0
66170003,C1,18.0,18.0
67010003,Q,13.0,13.0
67010006,E1,6.0,6.0
67020001,,6.0,6.0
67020003,A,15.0,15.0
67020005,A,15.0,15.0
67020006,A,13.0,13.0
67020008,A,15.0,15.0
67020012,Q,15.0,15.0
67020013,Q,16.0,16.0
67020014,A,12.0,12.0
67023102,A,12.0,12.0
67040003,A,12.0,12.0
67040004,,16.0,16.0
67040005,B,15.0,15.0
67040006,A,16.0,16.0
67040007,A,18.0,18.0
67040008,A,15.0,15.0
67040009,A,15.0,15.0
67040010,A,16.0,16.0
67040011,A,12.0,12.0
67040015,A,16.0,16.0
67040018,A,12.0,12.0
67043104,A,12.0,12.0
67043105,A,13.0,13.0
67045102,B,16.0,16.0
67050002,,6.0,6.0
67050004,,12.0,12.0
67050007,A,12.0,12.0
67050008,A,12.0,12.0
67050012,,13.0,13.0
67054101,,16.0,16.0
67060001,A,6.0,6.0
67060002,A,9.0,9.0
67061101,A,6.0,6.0
67061102,A,6.0,6.0
67061104,,12.0,12.0
67070002,,12.0,12.0
67070004,,6.0,6.0
67070005,A,6.0,6.0
67074102,A,12.0,12.0
67080003,F,12.0,12.0
67080005,Q,15.0,15.0
67080006,A,6.0,6.0
67090001,,6.0,6.0
67090003,Q,16.0,16.0
67090005,Q,16.0,16.0
67090007,Q,13.0,13.0
67100001,B1,12.0,12.0
67100007,A,12.0,12.0
67101101,,16.0,16.0
67110001,,6.0,6.0
67110002,A,6.0,6.0
67110003,A,13.0,13.0
67120001,A,6.0,6.0
67140002,A,12.0,12.0
67140004,A Q,15.0,15.0
67140005,Q,16.0,16.0
67150001,Q,6.0,6.0
67150002,Q,9.0,9.0
67150003,Q,12.0,12.0
67150004,Q,13.0,13.0
67150005,Q,13.0,13.0
67150006,Q,13.0,13.0
67200002,,6.0,6.0
67200003,A,15.0,15.0
67200004,E,16.0,16.0
67200005,A Q,9.0,9.0
67203102,G,13.0,13.0
67204102,,18.0,18.0
67420002,Q,12.0,12.0
68030002,A,6.0,6.0
68030003,A,13.0,13.0
68030004,,9.0,9.0
68030007,,13.0,13.0
68030008,,13.0,13.0
68035102,,12.0,12.0
68035202,,9.0,9.0
68040003,B,12.0,12.0
68040005,B,15.0,15.0
68040006,,16.0,16.0
68040008,B,16.0,16.0
68050002,,12.0,12.0
68050003,,12.0,12.0
68050004,Q,12.0,12.0
68050006,Q,16.0,16.0
68050007,Q,16.0,16.0
68050008,Q,16.0,16.0
68050009,,13.0,13.0
68050010,A,16.0,16.0
68051102,Q,9.0,9.0
68051103,,13.0,13.0
68054102,,12.0,12.0
68060001,A,9.0,9.0
68060002,A,6.0,6.0
68060003,A,13.0,13.0
68060004,A,13.0,13.0
68070002,Q,6.0,6.0
68070003,Q,13.0,13.0
68070004,Q,12.0,12.0
68074101,Q,15.0,15.0
68080001,Q,12.0,12.0
68080002,,6.0,6.0
68080003,Q,16.0,16.0
68090001,,9.0,9.0
68090002,Q,6.0,6.0
68090003,,13.0,13.0
68090004,Q,13.0,13.0
68090005,Q,13.0,13.0
68090006,Q,13.0,13.0
68090007,,13.0,13.0
68090013,,12.0,12.0
68090014,,16.0,16.0
68120001,,6.0,6.0
68120002,Q,6.0,6.0
68120003,Q,13.0,13.0
68120004,,12.0,12.0
68130002,Q,6.0,6.0
68130003,Q,12.0,12.0
68130004,,9.0,9.0
68130005,Q,13.0,13.0
68130006,Q,13.0,13.0
68130007,Q,9.0,9.0
68130008,Q,12.0,12.0
68133102,B,9.0,9.0
68133103,,12.0,12.0
68133201,Q,16.0,16.0
68134202,Q,13.0,13.0
68134301,Q,13.0,13.0
68134401,Q,12.0,12.0
68140003,A,16.0,16.0
68140004,,16.0,16.0
68140007,A,16.0,16.0
68190001,A,22.0,22.0
68190002,A,13.0,13.0
68190003,A,16.0,16.0
68190004,A,16.0,16.0
68190006,A,16.0,16.0
68190010,A,16.0,16.0
68190013,A,13.0,13.0
68190014,A,9.0,9.0
68193101,A,18.0,18.0
68410001,Q,15.0,15.0
68410002,A,13.0,13.0
68410003,,15.0,15.0
68430001,A,6.0,6.0
70010001,V,15.0,15.0
70010002,Q,9.0,9.0
70010003,Q,15.0,15.0
70010004,Q,13.0,13.0
70020003,Q,16.0,16.0
70021103,Q,15.0,15.0
70030002,,6.0,6.0
70030003,Q,12.0,12.0
70030004,Q,15.0,15.0
70030005,Q,16.0,16.0
70030006,Q,15.0,15.0
70030010,,12.0,12.0
70033102,Q,12.0,12.0
70033103,Q,12.0,12.0
70034202,B,16.0,16.0
70040001,Q,12.0,12.0
70040002,Q,9.0,9.0
70040003,Q,15.0,15.0
70040004,Q,16.0,16.0
70040005,Q,16.0,16.0
70045102,,16.0,16.0
70050003,Q,9.0,9.0
70050004,Q,9.0,9.0
70050006,Q,15.0,15.0
70050007,Q,13.0,13.0
70050010,Q,12.0,12.0
70050011,Q,15.0,15.0
70050012,Q,13.0,13.0
70050013,A,9.0,9.0
70053102,B,6.0,6.0
70053103,B Q,13.0,13.0
70055101,,9.0,9.0
70070001,,9.0,9.0
70070002,A,6.0,6.0
70070003,A,13.0,13.0
70070004,A,13.0,13.0
70070005,A,12.0,12.0
70073102,Q,12.0,12.0
70073103,Q,13.0,13.0
70100003,A,6.0,6.0
70100005,Q,13.0,13.0
70103101,A,12.0,12.0
70103103,A,12.0,12.0
70103104,A,9.0,9.0
70104105,Q,13.0,13.0
70110002,Q,6.0,6.0
70110003,Q,6.0,6.0
70110004,Q,9.0,9.0
70110005,Q,13.0,13.0
70120001,Q,12.0,12.0
70120002,Q,12.0,12.0
70130001,Q,6.0,6.0
70130002,Q,6.0,6.0
70130003,Q,13.0,13.0
70130005,Q,16.0,16.0
70130006,Q,13.0,13.0
70130007,Q,13.0,13.0
70130008,Q,13.0,13.0
70133103,Q,13.0,13.0
70134101,,6.0,6.0
70140003,Q,12.0,12.0
70140005,Q,9.0,9.0
70140006,Q,13.0,13.0
70140008,Q,9.0,9.0
70160001,,6.0,6.0
70160005,Q,12.0,12.0
70160011,Q,12.0,12.0
70160012,,12.0,12.0
70163102,Q,13.0,13.0
70164102,,13.0,13.0
70170001,Q,12.0,12.0
70170002,Q,6.0,6.0
70170003,Q,15.0,15.0
70180001,B,6.0,6.0
70180002,B,6.0,6.0
70180003,B,13.0,13.0
70185102,A,13.0,13.0
70200001,Q,9.0,9.0
70200002,Q,6.0,6.0
70200003,Q,13.0,13.0
70200004,Q,15.0,15.0
70200005,Q,13.0,13.0
70410002,Q,9.0,9.0
70410003,Q,15.0,15.0
70410004,Q,16.0,16.0
70414102,Q,15.0,15.0
70414201,Q,13.0,13.0
70420001,A,13.0,13.0
70430002,B,9.0,9.0
70430003,B,13.0,13.0
70430004,B,15.0,15.0
70430005,B,13.0,13.0
71010001,Q,12.0,12.0
71010002,Q,6.0,6.0
71010003,Q,12.0,12.0
71010004,Q,9.0,9.0
71015101,,13.0,13.0
71023103,A,16.0,16.0
71040001,B,13.0,13.0
71040002,C1,13.0,13.0
71040003,B,16.0,16.0
71040004,B,13.0,13.0
71050001,,12.0,12.0
71050004,,12.0,12.0
71054102,B,12.0,12.0
71054103,B,9.0,9.0
71054202,B,6.0,6.0
71060002,A,13.0,13.0
71060005,A,16.0,16.0
71060006,A,16.0,16.0
71060007,A,12.0,12.0
71060008,A,13.0,13.0
71060010,A,12.0,12.0
71063202,A,16.0,16.0
71063203,A,12.0,12.0
71063302,A,13.0,13.0
71063303,A,13.0,13.0
71080001,A,13.0,13.0
71080002,A,12.0,12.0
71090001,,16.0,16.0
71090003,V,6.0,6.0
71090004,,18.0,18.0
71090005,B,18.0,18.0
71090009,,16.0,16.0
71090011,Q,18.0,18.0
71120003,A,13.0,13.0
71120005,A,12.0,12.0
71120006,Q,12.0,12.0
71120007,Q,16.0,16.0
71120008,Q,16.0,16.0
71123101,Q,13.0,13.0
71123103,A,13.0,13.0
71130002,A,12.0,12.0
71130003,A,13.0,13.0
71130004,A,12.0,12.0
71140004,B,12.0,12.0
71140005,B,16.0,16.0
71140009,B,12.0,12.0
71140011,B,9.0,9.0
71140012,B,9.0,9.0
71140016,B,12.0,12.0
71141104,B,13.0,13.0
71141105,B,13.0,13.0
71143204,B,12.0,12.0
71143302,B,6.0,6.0
71143304,B,12.0,12.0
71143402,B,13.0,13.0
71145003,B,6.0,6.0
71145101,B,6.0,6.0
71160002,A,6.0,6.0
71160003,A,12.0,12.0
71160004,A,13.0,13.0
71165001,A,13.0,13.0
71170002,,9.0,9.0
71170003,A,13.0,13.0
71170005,A,12.0,12.0
71170012,A,12.0,12.0
71200001,A,6.0,6.0
71410001,A,18.0,18.0
71410002,A,16.0,16.0
71410003,A,15.0,15.0
71420004,A,13.0,13.0
71420005,Q,15.0,15.0
71420006,A,12.0,12.0
71421102,Q,13.0,13.0
71421103,A Q,13.0,13.0
71423201,,15.0,15.0
71423302,Q,12.0,12.0
71423303,A,9.0,9.0
71430001,A,12.0,12.0
71430003,A,12.0,12.0
72070005,,16.0,16.0
72070006,S,16.0,16.0
72170004,B,13.0,13.0
72170008,,9.0,9.0
72180002,,6.0,6.0
72180003,Q,13.0,13.0
72180005,Q,13.0,13.0
73020001,Q,6.0,6.0
73020002,Q,6.0,6.0
73020003,Q,13.0,13.0
73020004,Q,13.0,13.0
73020005,Q,13.0,13.0
73020006,Q,16.0,16.0
73024102,Q,12.0,12.0
73024202,B,12.0,12.0
73030002,Q,6.0,6.0
73030003,Q,13.0,13.0
73030004,Q,9.0,9.0
73030005,Q,13.0,13.0
73031103,Q,13.0,13.0
73034101,Q,13.0,13.0
73034201,B,13.0,13.0
73040001,Q,12.0,12.0
73040002,,6.0,6.0
73040003,Q,13.0,13.0
73040004,Q,9.0,9.0
73043102,B,9.0,9.0
73043103,Q,13.0,13.0
73043204,Q,12.0,12.0
73060003,Q,13.0,13.0
73060004,A,6.0,6.0
73070002,A,6.0,6.0
73070003,,6.0,6.0
73070005,Q,9.0,9.0
73070007,Q,9.0,9.0
73070009,Q,9.0,9.0
73075102,B,6.0,6.0
73075302,Q,13.0,13.0
73080001,A,13.0,13.0
73080002,B,6.0,6.0
73080003,A,13.0,13.0
73080004,A,13.0,13.0
73080005,Q,16.0,16.0
73080006,Q,16.0,16.0
73080007,A,13.0,13.0
73085102,A B,15.0,15.0
73090001,Q,6.0,6.0
73090002,A,6.0,6.0
73090004,Q,13.0,13.0
73090005,B,9.0,9.0
73090006,Q,9.0,9.0
73090008,Q,16.0,16.0
73090009,Q,13.0,13.0
73090010,Q,9.0,9.0
73094102,B,9.0,9.0
73094201,G,6.0,6.0
73100001,G,6.0,6.0
73100002,G,6.0,6.0
73100003,G,6.0,6.0
73100009,G,9.0,9.0
73103102,G,6.0,6.0
73103103,G,6.0,6.0
73105102,G,6.0,6.0
73110001,B,6.0,6.0
73110002,B,12.0,12.0
73110004,B,16.0,16.0
73110007,B,9.0,9.0
73130001,A,12.0,12.0
73140001,B,9.0,9.0
73140002,B,9.0,9.0
73140003,B,16.0,16.0
73140004,B,16.0,16.0
73140005,B,6.0,6.0
73140006,B,16.0,16.0
73140009,B,15.0,15.0
73144103,B,13.0,13.0
73144107,B,6.0,6.0
73145202,A,15.0,15.0
73160003,Q,9.0,9.0
73160005,Q,12.0,12.0
73160008,B,9.0,9.0
73170001,Q,6.0,6.0
73170002,Q,9.0,9.0
73170003,Q,13.0,13.0
73170004,Q,13.0,13.0
73170006,Q,15.0,15.0
73180002,Q,6.0,6.0
73180004,Q,12.0,12.0
73180006,Q,16.0,16.0
73180007,,12.0,12.0
73184202,Q,12.0,12.0
73190003,Q,15.0,15.0
73190004,Q,13.0,13.0
73190005,Q,16.0,16.0
73190006,Q,16.0,16.0
73190007,Q,16.0,16.0
73190008,Q,16.0,16.0
73190009,Q,12.0,12.0
73190012,A,16.0,16.0
73193103,Q,13.0,13.0
73194102,Q,13.0,13.0
73194202,A,16.0,16.0
73410002,Q,9.0,9.0
73410003,Q,15.0,15.0
73414102,B,13.0,13.0
73420002,Q,9.0,9.0
73420004,A,9.0,9.0
73420005,Q,13.0,13.0
74020001,Q,12.0,12.0
74020002,Q,6.0,6.0
74020003,Q,12.0,12.0
74020005,Q,13.0,13.0
74020006,Q,13.0,13.0
74025102,A,15.0,15.0
74030003,B,9.0,9.0
74030004,Q,18.0,18.0
74030006,Q,6.0,6.0
74030007,A,9.0,9.0
74030010,B,13.0,13.0
74030011,Q,13.0,13.0
74030014,A,13.0,13.0
74034103,Q,12.0,12.0
74034203,Q,13.0,13.0
74034301,A,6.0,6.0
74035101,A,12.0,12.0
74040001,B,6.0,6.0
74040002,B,16.0,16.0
74040003,B,13.0,13.0
74042103,B,13.0,13.0
74060001,A,13.0,13.0
74060002,A,13.0,13.0
74060003,A,16.0,16.0
74060004,A,16.0,16.0
74060006,A,13.0,13.0
74064102,A,12.0,12.0
74064202,,15.0,15.0
74090005,B,12.0,12.0
74100001,B,9.0,9.0
74100002,Q,6.0,6.0
74100003,B,15.0,15.0
74100004,B,12.0,12.0
74110002,A,6.0,6.0
74110004,A Q,9.0,9.0
74110006,Q,13.0,13.0
74114102,A,6.0,6.0
74120001,A,6.0,6.0
74120002,A,6.0,6.0
74120003,Q,9.0,9.0
74122102,A,6.0,6.0
74122103,A,6.0,6.0
74122104,Q,13.0,13.0
74122105,A,6.0,6.0
74130002,A,13.0,13.0
74130004,Q,6.0,6.0
74130005,Q,6.0,6.0
74130007,Q,9.0,9.0
74130008,Q,13.0,13.0
74130009,Q,9.0,9.0
74130010,Q,9.0,9.0
74130012,Q,9.0,9.0
74130013,Q,9.0,9.0
74132104,Q,9.0,9.0
74134102,Q,13.0,13.0
74134201,A,9.0,9.0
74140004,Q,6.0,6.0
74140005,Q,13.0,13.0
74140007,Q,13.0,13.0
74140009,B,6.0,6.0
74170001,Q,6.0,6.0
74170002,Q,13.0,13.0
74170003,Q,13.0,13.0
74175101,Q,13.0,13.0
74190004,Q,12.0,12.0
74194301,,15.0,15.0
74200002,B,9.0,9.0
74200005,Q,13.0,13.0
74200006,Q,12.0,12.0
74200012,Q,13.0,13.0
74205102,Q,13.0,13.0
74420001,A,6.0,6.0
74420002,Q,6.0,6.0
74420003,Q,12.0,12.0
74420004,A,6.0,6.0
74420005,Q,13.0,13.0
74424101,Q,12.0,12.0
75010002,A,12.0,12.0
75010003,A,12.0,12.0
75010004,A,13.0,13.0
75014102,,16.0,16.0
75030001,N,15.0,15.0
75030002,C1,16.0,16.0
75030003,C1,16.0,16.0
75030004,N,16.0,16.0
75030005,N,16.0,16.0
75040002,B,6.0,6.0
75040003,B,13.0,13.0
75050002,A,12.0,12.0
75050003,A,16.0,16.0
75050004,,16.0,16.0
75050005,A,13.0,13.0
75050006,A,16.0,16.0
75054102,,16.0,16.0
75054202,A,13.0,13.0
75060001,,6.0,6.0
75060003,A,15.0,15.0
75060005,A,6.0,6.0
75080002,Q,6.0,6.0
75080006,B,16.0,16.0
75080007,B,15.0,15.0
75110002,A,16.0,16.0
75110003,A V,16.0,16.0
75110005,A V,12.0,12.0
75140001,A,15.0,15.0
75140002,A,15.0,15.0
75140003,A,15.0,15.0
75140004,A,12.0,12.0
75140007,A,15.0,15.0
75140008,A,13.0,13.0
75143101,A,12.0,12.0
75143103,,13.0,13.0
75160002,S,12.0,12.0
75160003,S,12.0,12.0
75160005,Q,12.0,12.0
75170001,A,6.0,6.0
75170002,A,6.0,6.0
75170005,A,9.0,9.0
75170006,A,13.0,13.0
75170007,A,6.0,6.0
75171105,A,13.0,13.0
75173102,A,6.0,6.0
75173103,B,13.0,13.0
75190001,B,16.0,16.0
75190002,Q,12.0,12.0
75190003,,16.0,16.0
75190004,B,15.0,15.0
75190005,B,16.0,16.0
75194102,C1,15.0,15.0
75195103,B,15.0,15.0
75410001,A,13.0,13.0
75410002,A,9.0,9.0
75410004,A,13.0,13.0
75410007,B1,16.0,16.0
75430003,B,13.0,13.0
75430004,B,12.0,12.0
76010001,A,16.0,16.0
76010002,A,15.0,15.0
76010004,,16.0,16.0
76014201,A,16.0,16.0
76015102,A,18.0,18.0
76020009,B,6.0,6.0
76023301,B,13.0,13.0
76023303,B,13.0,13.0
76030001,A,9.0,9.0
76030003,,6.0,6.0
76030004,A,12.0,12.0
76030006,,6.0,6.0
76035104,Q,13.0,13.0
76040001,,12.0,12.0
76040002,,13.0,13.0
76040003,A,15.0,15.0
76040005,A,13.0,13.0
76040008,A,12.0,12.0
76040009,Q,13.0,13.0
76060002,B,9.0,9.0
76080001,B,16.0,16.0
76080002,B,9.0,9.0
76080004,B,16.0,16.0
76080005,B,12.0,12.0
76083102,A,15.0,15.0
76083103,B,12.0,12.0
76084101,A,12.0,12.0
76100008,A,9.0,9.0
76110001,,12.0,12.0
76110003,A,13.0,13.0
76110005,A,12.0,12.0
76110006,A,9.0,9.0
76113103,A,12.0,12.0
76120002,A,6.0,6.0
76120003,A,13.0,13.0
76120005,A,16.0,16.0
76120006,A,16.0,16.0
76160002,B,16.0,16.0
76160005,B,16.0,16.0
76164101,Q,15.0,15.0
76180002,B,9.0,9.0
76180003,B,15.0,15.0
76183101,A,12.0,12.0
76183103,B,12.0,12.0
76190001,A,9.0,9.0
76200001,A,16.0,16.0
76410001,U,16.0,16.0
76410002,B,15.0,15.0
76410003,U,16.0,16.0
76410005,U,12.0,12.0
77010002,Q,12.0,12.0
77010009,Q,13.0,13.0
77014101,Q,12.0,12.0
77020001,A,15.0,15.0
77020002,A,13.0,13.0
77020004,A,16.0,16.0
77020005,A,16.0,16.0
77020008,A,16.0,16.0
77020011,B,6.0,6.0
77023101,A,16.0,16.0
77023103,A,9.0,9.0
77023201,A,16.0,16.0
77024102,,16.0,16.0
77050001,A,6.0,6.0
77110001,A,13.0,13.0
77110007,A Q,13.0,13.0
77120003,A,15.0,15.0
77120004,A,16.0,16.0
77123103,B,13.0,13.0
77123105,B,13.0,13.0
77140004,Q,9.0,9.0
77140005,Q,13.0,13.0
77140006,Q,13.0,13.0
77140007,Q,13.0,13.0
77150001,J,15.0,15.0
77150002,J,15.0,15.0
77160002,D,15.0,15.0
77180004,A,13.0,13.0
77183102,B,13.0,13.0
77410001,A,18.0,18.0
77410004,A,16.0,16.0
77410006,A,16.0,16.0
77430001,Q,9.0,9.0
77430002,A,6.0,6.0
77430003,A,13.0,13.0
77430005,Q,13.0,13.0
77434102,A,6.0,6.0
77450002,B,12.0,12.0
77450003,Q,12.0,12.0
77450004,B,16.0,16.0
77450011,B,16.0,16.0
77450012,Q,12.0,12.0
77460001,Q,6.0,6.0
77460002,A,6.0,6.0
77460003,Q,12.0,12.0
77460004,Q,12.0,12.0
77460005,Q,12.0,12.0
77460006,Q,9.0,9.0
77460007,Q,12.0,12.0
77460010,A,15.0,15.0
77465102,B,16.0,16.0
77465103,B,13.0,13.0
77470001,Q,9.0,9.0
77470004,Q,9.0,9.0
77470005,Q,13.0,13.0
77470006,Q,13.0,13.0
77475102,Q,12.0,12.0
77475201,A,16.0,16.0
77480003,Q,12.0,12.0
77483210,Q,12.0,12.0
78030002,Q,9.0,9.0
78040002,Q,12.0,12.0
78040003,Q,12.0,12.0
78040004,A,12.0,12.0
78040005,Q,16.0,16.0
78043102,B,12.0,12.0
78050002,A,9.0,9.0
78050003,A,12.0,12.0
78050004,A,12.0,12.0
78060001,Q,6.0,6.0
78060002,Q,6.0,6.0
78060003,Q,13.0,13.0
78060004,Q,13.0,13.0
78070006,Q,12.0,12.0
78070009,A,13.0,13.0
78070010,Q,13.0,13.0
78073104,A,13.0,13.0
78073105,Q,9.0,9.0
78074201,Q,16.0,16.0
78080001,B,9.0,9.0
78080002,Q,6.0,6.0
78080005,Q,9.0,9.0
78080007,Q,12.0,12.0
78100001,A,9.0,9.0
78100002,A,9.0,9.0
78100006,Q,6.0,6.0
78110002,B,6.0,6.0
78110005,B,9.0,9.0
78110006,B,13.0,13.0
78110007,B,13.0,13.0
78110008,B,9.0,9.0
78113103,B,6.0,6.0
78113114,B,12.0,12.0
78114202,B,13.0,13.0
78114402,A,13.0,13.0
78114501,Q,13.0,13.0
78120001,Q,9.0,9.0
78120002,B,6.0,6.0
78120003,Q,6.0,6.0
78120004,Q,13.0,13.0
78120005,Q,13.0,13.0
78120006,Q,12.0,12.0
78120007,B,9.0,9.0
78124102,Q,12.0,12.0
78130002,Q,6.0,6.0
78130003,K,12.0,12.0
78150001,Q,12.0,12.0
78150002,Q,15.0,15.0
78150003,Q,16.0,16.0
78150004,Q,13.0,13.0
78160002,B,6.0,6.0
78160004,B,12.0,12.0
78160005,B,12.0,12.0
78170004,A,13.0,13.0
78170005,A,9.0,9.0
78170009,A,13.0,13.0
78180002,A,9.0,9.0
78180003,A,9.0,9.0
78180004,A,16.0,16.0
78180005,A,13.0,13.0
78200001,,13.0,13.0
78200002,A,13.0,13.0
78200003,A,13.0,13.0
78200004,A,12.0,12.0
78205101,A,16.0,16.0
78410007,B,12.0,12.0
78430002,A,6.0,6.0
78430003,A,13.0,13.0
78430004,A,13.0,13.0
78430005,,9.0,9.0
78433101,A,12.0,12.0
78434102,A,13.0,13.0
78440001,,13.0,13.0
78440002,I,12.0,12.0
78440006,I,12.0,12.0
78440007,I,9.0,9.0
78440008,I,9.0,9.0
79020003,,6.0,6.0
79020004,Q,6.0,6.0
79020005,Q,9.0,9.0
79020007,Q,6.0,6.0
79020008,Q,9.0,9.0
79020009,Q,9.0,9.0
79020015,,9.0,9.0
79020016,,12.0,12.0
79020018,,6.0,6.0
79030002,Q,6.0,6.0
79040002,A,9.0,9.0
79040003,B,13.0,13.0
79040004,A,13.0,13.0
79044101,B,13.0,13.0
79044202,A,12.0,12.0
79050001,A,13.0,13.0
79050002,A,9.0,9.0
79050003,,16.0,16.0
79070001,A,9.0,9.0
79070002,A,12.0,12.0
79070003,,18.0,18.0
79070005,A,16.0,16.0
79090001,A,9.0,9.0
79090002,Q,6.0,6.0
79090003,A,13.0,13.0
79090004,A,12.0,12.0
79090005,A Q,16.0,16.0
79090006,A,13.0,13.0
79090008,A,16.0,16.0
79095101,A,16.0,16.0
79100002,D,12.0,12.0
79100003,A,13.0,13.0
79100004,A,13.0,13.0
79110003,B,12.0,12.0
79110004,B,13.0,13.0
79110005,Q,13.0,13.0
79110007,B,12.0,12.0
79110008,A,13.0,13.0
79113102,Q,12.0,12.0
79114101,Q,13.0,13.0
79140001,A,12.0,12.0
79140002,A,9.0,9.0
79140003,A,12.0,12.0
79140004,,16.0,16.0
79140006,B,12.0,12.0
79170001,I,12.0,12.0
79170002,I,12.0,12.0
79170003,I,13.0,13.0
79170004,I,12.0,12.0
79410002,Q,6.0,6.0
79410003,Q,13.0,13.0
79410005,Q,9.0,9.0
79410006,B,13.0,13.0
79414101,Q,13.0,13.0
79430005,A,15.0,15.0
79430010,Q,9.0,9.0
79433307,Q,12.0,12.0
80090001,,15.0,15.0
80090002,,15.0,15.0
80090003,N C1,16.0,16.0
80090006,N,15.0,15.0
80090008,B,18.0,18.0
80110001,F,16.0,16.0
80110002,F,15.0,15.0
80110003,F,15.0,15.0
80110004,F,16.0,16.0
80112102,F,15.0,15.0
80120002,A,16.0,16.0
80120004,A,6.0,6.0
80120015,A,9.0,9.0
80125101,,9.0,9.0
80130004,A,16.0,16.0
80132104,,9.0,9.0
80180001,A,16.0,16.0
80180002,B,16.0,16.0
80180004,A,16.0,16.0
80180005,Z,16.0,16.0
80184202,I,16.0,16.0
80184302,U,16.0,16.0
81011103,I,12.0,12.0
81020002,B,12.0,12.0
81030002,B,9.0,9.0
81030003,B,9.0,9.0
81030006,B,9.0,9.0
81035102,Q,9.0,9.0
81035202,Q,13.0,13.0
81040001,B,13.0,13.0
81040002,A,6.0,6.0
81040005,B,16.0,16.0
81040008,Q,13.0,13.0
81060006,I,13.0,13.0
81060009,B,13.0,13.0
81060013,Q,13.0,13.0
81063102,B,9.0,9.0
81063103,B,9.0,9.0
81070002,B,16.0,16.0
81070003,A,16.0,16.0
81080002,Q,6.0,6.0
81080003,B,9.0,9.0
81100002,B,13.0,13.0
81100004,B,12.0,12.0
81100005,B,12.0,12.0
81100007,B,16.0,16.0
81100008,B,12.0,12.0
81100009,A,12.0,12.0
81100010,Q,16.0,16.0
81100016,B,9.0,9.0
81100017,A,6.0,6.0
81100018,B,6.0,6.0
81101102,,6.0,6.0
81101104,,13.0,13.0
81104102,B,6.0,6.0
81104103,B,13.0,13.0
81140004,Q,6.0,6.0
81150001,B,6.0,6.0
81150002,A,6.0,6.0
81150003,Q,13.0,13.0
81150005,Q,13.0,13.0
81150006,B,13.0,13.0
81150007,A,13.0,13.0
81150008,Q,12.0,12.0
81150010,Q,12.0,12.0
81155102,B,9.0,9.0
81180001,B,6.0,6.0
81180002,,6.0,6.0
81180003,Q,13.0,13.0
81180004,,6.0,6.0
81180005,,13.0,13.0
81180007,B,13.0,13.0
81180009,B,9.0,9.0
81180010,B,6.0,6.0
81180013,B,9.0,9.0
81200002,B,12.0,12.0
82020002,,15.0,15.0
82020003,Q,12.0,12.0
82020004,Q,13.0,13.0
82020005,Q,13.0,13.0
82020008,B,6.0,6.0
82023102,A,12.0,12.0
82023103,Q,13.0,13.0
82023104,Q,9.0,9.0
82030001,B,6.0,6.0
82030002,B,13.0,13.0
82030004,Q,9.0,9.0
82030007,,9.0,9.0
82030008,Q,9.0,9.0
82030010,,13.0,13.0
82030012,,6.0,6.0
82030013,,13.0,13.0
82030014,,12.0,12.0
82031102,Q,6.0,6.0
82034102,B,12.0,12.0
82040002,Q,9.0,9.0
82040003,Q,12.0,12.0
82040004,S,9.0,9.0
82040006,Q,13.0,13.0
82040007,,12.0,12.0
82040008,Q,12.0,12.0
82041201,,9.0,9.0
82041203,,6.0,6.0
82050001,Q,6.0,6.0
82050002,B,6.0,6.0
82050003,Q,9.0,9.0
82050004,Q,6.0,6.0
82050005,B,6.0,6.0
82053102,Q,6.0,6.0
82053103,Q,9.0,9.0
82054102,,6.0,6.0
82055101,Q,9.0,9.0
82055103,Q,13.0,13.0
82060007,B,9.0,9.0
82060008,A,13.0,13.0
82060009,A,13.0,13.0
82060010,B,13.0,13.0
82060012,B,12.0,12.0
82060013,Q,13.0,13.0
82063101,A,12.0,12.0
82063103,A1,13.0,13.0
82065101,,12.0,12.0
82070001,A,12.0,12.0
82070002,A,13.0,13.0
82070005,A,13.0,13.0
82070006,A,13.0,13.0
82070007,A,15.0,15.0
82080002,D,12.0,12.0
82080005,,15.0,15.0
82100003,B,6.0,6.0
82110002,Q,6.0,6.0
82110004,Q,13.0,13.0
82110005,Q,13.0,13.0
82110006,Q,13.0,13.0
82114102,Q,15.0,15.0
82114202,A,12.0,12.0
82114304,A,13.0,13.0
82120003,B,12.0,12.0
82120006,B,9.0,9.0
82130002,A,12.0,12.0
82130008,A,6.0,6.0
82140001,I,9.0,9.0
82140002,I,9.0,9.0
82140003,I,13.0,13.0
82140004,,15.0,15.0
82145101,,12.0,12.0
82150001,Q,13.0,13.0
82150002,Q,6.0,6.0
82150003,Q,13.0,13.0
82150005,Q,13.0,13.0
82150006,Q,13.0,13.0
82150009,Q,6.0,6.0
82150010,B,6.0,6.0
82150011,Q,16.0,16.0
82151105,Q,12.0,12.0
82151106,Q,13.0,13.0
82154102,A,13.0,13.0
82160001,Q,6.0,6.0
82160002,Q,6.0,6.0
82160003,B,12.0,12.0
82160004,Q,13.0,13.0
82160005,Q,9.0,9.0
82160006,,13.0,13.0
82163103,,12.0,12.0
82163201,B,9.0,9.0
82163203,Q,13.0,13.0
82164102,A,9.0,9.0
82180001,U,9.0,9.0
82180002,U,6.0,6.0
82180003,U,12.0,12.0
82180008,U,13.0,13.0
82200005,V,12.0,12.0
83050002,B,13.0,13.0
83050003,B,12.0,12.0
83050004,Q,13.0,13.0
83050005,B,16.0,16.0
83050006,A,16.0,16.0
83050009,B,9.0,9.0
83055102,A,13.0,13.0
83060006,Q,12.0,12.0
83060009,A,9.0,9.0
83064101,Q,12.0,12.0
83080003,A,16.0,16.0
83080005,B,9.0,9.0
83080006,B,9.0,9.0
83090001,A,12.0,12.0
83090002,A,6.0,6.0
83090003,A,13.0,13.0
83095101,A,12.0,12.0
83100003,,13.0,13.0
83100005,B,13.0,13.0
83100006,Q,13.0,13.0
83104102,B,6.0,6.0
83104103,,13.0,13.0
83104203,A,12.0,12.0
83104301,A,16.0,16.0
83110002,,6.0,6.0
83110003,Q,16.0,16.0
83110004,Q,15.0,15.0
83110009,Q,12.0,12.0
83110010,Q,13.0,13.0
83110011,Q,13.0,13.0
83113101,A,15.0,15.0
83113201,Q,9.0,9.0
83113203,Q,16.0,16.0
83113204,Q,12.0,12.0
83120001,Q,9.0,9.0
83120002,Q,9.0,9.0
83120005,Q,13.0,13.0
83120006,Q,12.0,12.0
83125102,B,13.0,13.0
83130001,,6.0,6.0
83130002,B,6.0,6.0
83130004,Q,9.0,9.0
83130005,Q,13.0,13.0
83130008,Q,12.0,12.0
83130010,Q,13.0,13.0
83140001,Q,6.0,6.0
83140002,Q,6.0,6.0
83140003,Q,13.0,13.0
83140005,Q,12.0,12.0
83145102,Q,13.0,13.0
83150001,F1,15.0,15.0
83150002,,15.0,15.0
83160001,,12.0,12.0
83160002,A,13.0,13.0
83160004,,12.0,12.0
83160005,Q,13.0,13.0
83160006,I,12.0,12.0
83160009,,6.0,6.0
83170001,A,9.0,9.0
83170002,A,9.0,9.0
83170003,,15.0,15.0
83170004,A,12.0,12.0
83170006,A,12.0,12.0
83170007,A,13.0,13.0
83170008,,12.0,12.0
83173101,B,12.0,12.0
83173103,A,13.0,13.0
83173104,A,13.0,13.0
83174102,B,13.0,13.0
83180002,B,9.0,9.0
83180003,Q,13.0,13.0
83180006,Q,13.0,13.0
83183101,B1,16.0,16.0
83190001,B,6.0,6.0
83190003,,13.0,13.0
83190004,,6.0,6.0
83190006,B,13.0,13.0
83190007,B,13.0,13.0
83193206,B,12.0,12.0
83420006,Q,13.0,13.0
83420010,Q,12.0,12.0
83440002,B,6.0,6.0
83440005,Q,13.0,13.0
83440006,Q,13.0,13.0
84010001,A,6.0,6.0
84010004,A,15.0,15.0
84020002,,6.0,6.0
84020003,Q,9.0,9.0
84020004,I,6.0,6.0
84020006,Q,6.0,6.0
84020008,L,9.0,9.0
84020011,Q,13.0,13.0
84024101,L,12.0,12.0
84024202,Q,9.0,9.0
84040001,A,6.0,6.0
84040002,A,12.0,12.0
84040003,,6.0,6.0
84040004,A,9.0,9.0
84040006,A,12.0,12.0
84050002,A,6.0,6.0
84050003,,6.0,6.0
84050005,,9.0,9.0
84050006,A,6.0,6.0
84050007,A,6.0,6.0
84050008,A,6.0,6.0
84050010,,13.0,13.0
84053102,Q,9.0,9.0
84053105,Q,13.0,13.0
84053106,Q,12.0,12.0
84053107,Q,12.0,12.0
84053108,Q,9.0,9.0
84055102,Q,13.0,13.0
84060002,Q,6.0,6.0
84060004,Q,6.0,6.0
84060005,,6.0,6.0
84060006,B,6.0,6.0
84060008,Q,13.0,13.0
84060010,Q,6.0,6.0
84060012,B,13.0,13.0
84061104,Q,13.0,13.0
84070001,A,6.0,6.0
84070008,Q,9.0,9.0
84070009,Q,3.0,3.0
84070011,A,12.0,12.0
84070012,A,13.0,13.0
84070013,Q,13.0,13.0
84070015,Q,13.0,13.0
84070017,A,6.0,6.0
84073103,Q,12.0,12.0
84073106,A,9.0,9.0
84073107,A,13.0,13.0
84073108,A,12.0,12.0
84073109,A,12.0,12.0
84073110,I,13.0,13.0
84075101,Q,9.0,9.0
84075202,B,13.0,13.0
84080003,,12.0,12.0
84080005,V,15.0,15.0
84080018,Q,6.0,6.0
84084102,Q,9.0,9.0
84100001,B,12.0,12.0
84100004,Q,16.0,16.0
84100005,Q,13.0,13.0
84110010,F,6.0,6.0
84110012,F,13.0,13.0
84112102,A,9.0,9.0
84112106,A,13.0,13.0
84130001,F,9.0,9.0
84130002,B,9.0,9.0
84130003,B,16.0,16.0
84130004,F,9.0,9.0
84130007,F,13.0,13.0
84150001,F,6.0,6.0
84160001,I,9.0,9.0
84160002,Q,6.0,6.0
84160003,Q,9.0,9.0
84160007,Q,6.0,6.0
84160008,Q,12.0,12.0
84162103,,6.0,6.0
84165101,I,13.0,13.0
84200003,,9.0,9.0
84200005,,6.0,6.0
85010001,D,16.0,16.0
85010002,D,12.0,12.0
85010005,D,16.0,16.0
85020001,,6.0,6.0
85020002,Q,12.0,12.0
85020003,E1,13.0,13.0
85020005,B,16.0,16.0
85020006,Q,13.0,13.0
85020007,Q,16.0,16.0
85020008,Q,13.0,13.0
85020009,Q,13.0,13.0
85021105,A,12.0,12.0
85023101,Q,12.0,12.0
85023103,Q,13.0,13.0
85025203,B,12.0,12.0
85025303,B,9.0,9.0
85030002,B,13.0,13.0
85030006,Q,13.0,13.0
85030008,A,9.0,9.0
85050002,Q,12.0,12.0
85050003,,16.0,16.0
85050008,Q,18.0,18.0
85050010,B,13.0,13.0
85053101,Q,9.0,9.0
85090001,D,13.0,13.0
85100003,Q,12.0,12.0
85110001,A,13.0,13.0
85110002,A,6.0,6.0
85110003,A,16.0,16.0
85110005,A,16.0,16.0
85110013,A,16.0,16.0
85113102,I,13.0,13.0
85120002,B,13.0,13.0
85120003,B,16.0,16.0
85120005,B,15.0,15.0
85120006,,15.0,15.0
85120007,B,15.0,15.0
85120008,B,15.0,15.0
85120009,Q,15.0,15.0
85124101,B,16.0,16.0
85124201,B,15.0,15.0
85140001,I,16.0,16.0
85140002,I,13.0,13.0
85160001,,6.0,6.0
85160003,Q,12.0,12.0
85160009,Q,9.0,9.0
85170001,Q,6.0,6.0
85170002,B,6.0,6.0
85170009,P,15.0,15.0
85190009,A,12.0,12.0
85192202,A,15.0,15.0
85192203,A,16.0,16.0
85200003,Q,13.0,13.0
85200005,Q,12.0,12.0
85200006,Q,12.0,12.0
86040005,I,16.0,16.0
86040009,Q,15.0,15.0
86050003,B,13.0,13.0
86050007,Q,12.0,12.0
86050013,Q,12.0,12.0
86053101,Q,15.0,15.0
86053103,Q,12.0,12.0
86055101,A,16.0,16.0
86060001,Q,16.0,16.0
86060003,Q,13.0,13.0
86060005,Q,15.0,15.0
86060007,Q,12.0,12.0
86063108,I,15.0,15.0
86063110,I,12.0,12.0
86070007,I,15.0,15.0
86073101,A,12.0,12.0
86100001,A,12.0,12.0
86100002,Q,12.0,12.0
86100003,Q,12.0,12.0
86100004,Q,13.0,13.0
86100005,Q,12.0,12.0
86110002,A,6.0,6.0
86113106,A,9.0,9.0
86120003,A,16.0,16.0
86124102,Q,16.0,16.0
86140001,Q,13.0,13.0
86140002,Q,9.0,9.0
86140003,Q,12.0,12.0
86140004,Q,12.0,12.0
86140005,A,16.0,16.0
86144103,A,16.0,16.0
86150002,,9.0,9.0
86150004,,16.0,16.0
86150005,,16.0,16.0
86180003,Q,6.0,6.0
86180005,Q,12.0,12.0
86180006,Q,13.0,13.0
86180008,Q,13.0,13.0
86180012,B,15.0,15.0
86183203,Q,9.0,9.0
86190001,B,12.0,12.0
86190002,B,13.0,13.0
86190003,B,15.0,15.0
86190005,B,12.0,12.0
86190009,B,9.0,9.0
86193103,B,13.0,13.0
86200002,B,6.0,6.0
86200003,B,13.0,13.0
86200004,B,12.0,12.0
86200005,,12.0,12.0
86200006,A,13.0,13.0
86200007,B,13.0,13.0
87014102,A,16.0,16.0
87020001,A,9.0,9.0
87020002,A,6.0,6.0
87020003,A,13.0,13.0
87020005,A,12.0,12.0
87020006,A,13.0,13.0
87020009,B,15.0,15.0
87020011,B,18.0,18.0
87020012,B,16.0,16.0
87020013,B,16.0,16.0
87022102,B,12.0,12.0
87023102,B,15.0,15.0
87023103,B,16.0,16.0
87030003,A,9.0,9.0
87030004,A,12.0,12.0
87030005,A,13.0,13.0
87030006,A,6.0,6.0
87030007,A,9.0,9.0
87030008,A,9.0,9.0
87030009,A,9.0,9.0
87032104,,6.0,6.0
87060001,Q,13.0,13.0
87060002,Q,12.0,12.0
87060004,Q,9.0,9.0
87060005,Q,9.0,9.0
87060006,Q,13.0,13.0
87065101,B,12.0,12.0
87070003,Q,16.0,16.0
87080005,B,13.0,13.0
87080006,Q,12.0,12.0
87080008,B,12.0,12.0
87080009,Q,9.0,9.0
87100002,A,9.0,9.0
87100005,A,6.0,6.0
87100006,A,12.0,12.0
87102104,A,13.0,13.0
87140001,B,15.0,15.0
87140002,B,12.0,12.0
87140004,B,13.0,13.0
87140005,B,13.0,13.0
87160004,A,12.0,12.0
87160006,A,13.0,13.0
87160007,A,12.0,12.0
87160008,A,16.0,16.0
87160009,Q,12.0,12.0
87160011,A,9.0,9.0
87161101,A,12.0,12.0
87161103,Q,16.0,16.0
87163102,A,9.0,9.0
87190001,A,12.0,12.0
87190003,A,12.0,12.0
87194102,A,13.0,13.0
87200001,A,15.0,15.0
87200002,A,12.0,12.0
87200003,A,12.0,12.0
87200004,Q,16.0,16.0
87200005,,12.0,12.0
87200006,A,12.0,12.0
87200007,A,13.0,13.0
87202101,A,16.0,16.0
88030002,,12.0,12.0
88030004,F,12.0,12.0
88030007,F,13.0,13.0
88040001,F,12.0,12.0
88040002,F,15.0,15.0
88040003,F,16.0,16.0
88040004,F,16.0,16.0
88040011,F,16.0,16.0
88050001,Q,6.0,6.0
88050002,B,6.0,6.0
88050003,Q,6.0,6.0
88050005,,9.0,9.0
88050006,Q,9.0,9.0
88050007,Q,9.0,9.0
88050008,Q,9.0,9.0
88050009,Q,6.0,6.0
88050010,Q,13.0,13.0
88050012,B,6.0,6.0
88055101,,9.0,9.0
88060001,B,9.0,9.0
88060002,B,9.0,9.0
88060003,B,9.0,9.0
88062107,B,12.0,12.0
88080001,A,6.0,6.0
88080002,A,6.0,6.0
88090001,A,12.0,12.0
88100002,B,9.0,9.0
88100003,Q,15.0,15.0
88100004,Q,13.0,13.0
88100005,Q,13.0,13.0
88100007,B,9.0,9.0
88102103,Q,12.0,12.0
88104101,A,15.0,15.0
88104201,B,13.0,13.0
88110003,B,6.0,6.0
88110004,B,6.0,6.0
88110005,B,12.0,12.0
88110006,B,12.0,12.0
88110007,B,6.0,6.0
88110010,B,9.0,9.0
88113104,B,9.0,9.0
88130002,Q,6.0,6.0
88130003,Q,12.0,12.0
88130005,B,6.0,6.0
88134102,B,13.0,13.0
88134103,Q,13.0,13.0
88134104,Q,12.0,12.0
88140003,Q,9.0,9.0
88140004,Q,9.0,9.0
88140007,A D,13.0,13.0
88160001,,13.0,13.0
88160002,A,6.0,6.0
88160003,,6.0,6.0
88160005,B,9.0,9.0
88160006,A,9.0,9.0
88165101,,9.0,9.0
88170001,,6.0,6.0
88170003,Q,6.0,6.0
88170004,Q,6.0,6.0
88170006,B,9.0,9.0
88170008,Q,6.0,6.0
88170009,A,9.0,9.0
88173102,Q,6.0,6.0
88173103,Q,6.0,6.0
88175101,B,13.0,13.0
88175201,,9.0,9.0
88180001,Q,6.0,6.0
88190002,Q,16.0,16.0
88190004,A,15.0,15.0
88190005,Q,9.0,9.0
88190007,B,12.0,12.0
88194101,,12.0,12.0
88194102,A,12.0,12.0
88195102,Q,12.0,12.0
88200001,B,6.0,6.0
88200002,A,6.0,6.0
88200009,A,12.0,12.0
88200010,A,13.0,13.0
89040001,B,6.0,6.0
89040004,B,6.0,6.0
89040005,Q,13.0,13.0
89040006,B,9.0,9.0
89040007,Q,13.0,13.0
89040008,Q,13.0,13.0
89040009,Q,13.0,13.0
89044101,Q,6.0,6.0
89044301,Q,13.0,13.0
89045101,Q,12.0,12.0
89090001,,6.0,6.0
89090002,Q,9.0,9.0
89090006,Q,12.0,12.0
89090009,B,12.0,12.0
89090010,Q,12.0,12.0
89094205,B,15.0,15.0
89100001,Q,6.0,6.0
89100003,Q,12.0,12.0
89100004,Q,13.0,13.0
89100005,Q,13.0,13.0
89100006,Q,9.0,9.0
89105203,Q,9.0,9.0
89110002,Q,13.0,13.0
89110003,B,13.0,13.0
89110004,Q,13.0,13.0
89110005,Q,6.0,6.0
89110006,B Q,9.0,9.0
89110007,Q,13.0,13.0
89110008,Q,13.0,13.0
89110009,Q,9.0,9.0
89113104,Q,9.0,9.0
89115202,Q,13.0,13.0
89180003,D,18.0,18.0
89183101,N,18.0,18.0
89183103,N,9.0,9.0
89200002,B,12.0,12.0
89200003,B,16.0,16.0
89200004,B,18.0,18.0
89204102,B,12.0,12.0
90010003,Q,15.0,15.0
90014201,E,15.0,15.0
90030002,Q,6.0,6.0
90031102,Q,9.0,9.0
90031103,Q,13.0,13.0
90031104,Q,13.0,13.0
90040001,,13.0,13.0
90040002,A,12.0,12.0
90040003,B,16.0,16.0
90040004,B,13.0,13.0
90040005,B,13.0,13.0
90040007,A,12.0,12.0
90044103,A,13.0,13.0
90045101,Q,13.0,13.0
90050001,A,9.0,9.0
90050002,A,9.0,9.0
90050003,A,9.0,9.0
90050004,A,16.0,16.0
90053102,A,9.0,9.0
90053103,A,6.0,6.0
90053104,,9.0,9.0
90060001,Q,9.0,9.0
90060002,Q,6.0,6.0
90060003,Q,12.0,12.0
90060005,Q,13.0,13.0
90060006,Q,12.0,12.0
90060007,Q,15.0,15.0
90063103,Q,13.0,13.0
90065201,,13.0,13.0
90070001,I,12.0,12.0
90070002,B,6.0,6.0
90070003,I,16.0,16.0
90070004,B,6.0,6.0
90070005,Q,13.0,13.0
90070006,Q,13.0,13.0
90073103,B,6.0,6.0
90100003,Q,6.0,6.0
90100004,Q,6.0,6.0
90100005,Q,6.0,6.0
90100006,Q,9.0,9.0
90100007,Q,6.0,6.0
90100008,Q,12.0,12.0
90100011,B,9.0,9.0
90104202,A,12.0,12.0
90104301,Q,6.0,6.0
90120001,Q,6.0,6.0
90120002,Q,6.0,6.0
90120003,Q,9.0,9.0
90120005,Q,13.0,13.0
90124101,Q,13.0,13.0
90150001,Q,13.0,13.0
90150002,Q,13.0,13.0
90150003,Q,16.0,16.0
90150005,Q,13.0,13.0
90150006,Q,16.0,16.0
90154102,D,12.0,12.0
90410001,A,15.0,15.0
90410002,A,12.0,12.0
90410003,A,16.0,16.0
90410006,A,15.0,15.0
90413102,Q,16.0,16.0
91020001,B,6.0,6.0
91020002,B,9.0,9.0
91020004,,12.0,12.0
91020008,,12.0,12.0
91020012,A,9.0,9.0
91040005,A,13.0,13.0
91040006,A,13.0,13.0
91060001,,9.0,9.0
91060002,,12.0,12.0
91060004,D,12.0,12.0
91060005,D,12.0,12.0
91060008,C1,12.0,12.0
91060009,D,13.0,13.0
91060010,A,12.0,12.0
91070002,A,6.0,6.0
91070003,A,9.0,9.0
91070004,B,13.0,13.0
91073101,,13.0,13.0
91073104,,9.0,9.0
91080001,Q,6.0,6.0
91080003,Q,12.0,12.0
91080004,Q,9.0,9.0
91080005,B,9.0,9.0
91080006,Q,9.0,9.0
91084105,A,12.0,12.0
91084203,Q,9.0,9.0
91085103,Q,12.0,12.0
91090001,Q,6.0,6.0
91090002,A,6.0,6.0
91090005,B,6.0,6.0
91090006,A,9.0,9.0
91090007,B,6.0,6.0
91095102,B,9.0,9.0
91095103,B,6.0,6.0
91095201,A,9.0,9.0
91100001,A,9.0,9.0
91100002,A,6.0,6.0
91100003,A,13.0,13.0
91100004,A,13.0,13.0
91104102,B,13.0,13.0
91110001,B,6.0,6.0
91110002,B,6.0,6.0
91110004,B,9.0,9.0
91110005,B,6.0,6.0
91110006,B,6.0,6.0
91110009,N,9.0,9.0
91114102,Q,9.0,9.0
91114201,B,6.0,6.0
91114203,B,6.0,6.0
91114301,B,9.0,9.0
91114303,B,13.0,13.0
91120004,A,9.0,9.0
91124101,Q,9.0,9.0
91130007,,13.0,13.0
91130010,A,6.0,6.0
91140001,A,6.0,6.0
91140002,A,6.0,6.0
91140003,A,13.0,13.0
91150001,,6.0,6.0
91150002,A,6.0,6.0
91150003,A,15.0,15.0
91150004,A,9.0,9.0
91170001,A,6.0,6.0
91170005,A,6.0,6.0
91180001,Q,6.0,6.0
91180002,B,9.0,9.0
91180003,Q,12.0,12.0
91180004,Q,12.0,12.0
91180005,Q,16.0,16.0
91180006,Q,9.0,9.0
91180007,Q,13.0,13.0
91180008,A,12.0,12.0
91184101,Q,13.0,13.0
91185201,Q,12.0,12.0
91190001,B,9.0,9.0
91190002,B,13.0,13.0
91190005,B,9.0,9.0
91190006,B,16.0,16.0
91190007,B,12.0,12.0
92010001,B,9.0,9.0
92010002,Q,9.0,9.0
92010003,Q,16.0,16.0
92010004,Q,13.0,13.0
92020002,A,12.0,12.0
92020004,,13.0,13.0
92020009,A,18.0,18.0
92020010,,13.0,13.0
92023102,B,9.0,9.0
92023103,A,12.0,12.0
92030005,A,12.0,12.0
92030008,A,9.0,9.0
92030011,B,13.0,13.0
92040004,Q,9.0,9.0
92040006,A,6.0,6.0
92040008,A,13.0,13.0
92040009,A,13.0,13.0
92040010,A,9.0,9.0
92040012,A,9.0,9.0
92041105,Q,6.0,6.0
92044201,Q,9.0,9.0
92050001,V,12.0,12.0
92050002,I,9.0,9.0
92050004,,12.0,12.0
92060002,Q,6.0,6.0
92060005,Q,9.0,9.0
92060006,Q,6.0,6.0
92065201,,12.0,12.0
92070001,A,9.0,9.0
92070002,B,9.0,9.0
92080007,Q,6.0,6.0
92080010,,9.0,9.0
92080011,B,9.0,9.0
92084202,A,9.0,9.0
92110002,Q,13.0,13.0
92110004,Q,13.0,13.0
92110005,I Q,13.0,13.0
92110006,Q,13.0,13.0
92130002,A,6.0,6.0
92130003,A,12.0,12.0
92130004,A,6.0,6.0
92135101,A,13.0,13.0
92140001,A,13.0,13.0
92140002,B,6.0,6.0
92140003,A,13.0,13.0
92140004,A,13.0,13.0
92140005,Q,13.0,13.0
92150001,Q,9.0,9.0
92150002,Q,9.0,9.0
92150003,Q,13.0,13.0
92160007,B,9.0,9.0
92163103,Q,13.0,13.0
92170001,,9.0,9.0
92170002,Q,9.0,9.0
92170003,Q,13.0,13.0
93010002,,6.0,6.0
93010003,A,13.0,13.0
93010004,A,13.0,13.0
93010005,Q,9.0,9.0
93010006,A,13.0,13.0
93010007,A,12.0,12.0
93010008,Q,12.0,12.0
93010010,Q,15.0,15.0
93010011,Q,13.0,13.0
93010012,A,6.0,6.0
93010013,A,9.0,9.0
93011104,Q,13.0,13.0
93013102,A,6.0,6.0
93013105,A,13.0,13.0
93013106,A,13.0,13.0
93014101,A,13.0,13.0
93015202,A,13.0,13.0
93020006,A,13.0,13.0
93021106,Q,16.0,16.0
93030003,A1,12.0,12.0
93030005,A1,12.0,12.0
93040003,Q,13.0,13.0
93040004,,9.0,9.0
93040005,B,13.0,13.0
93040006,Q,16.0,16.0
93040007,Q,13.0,13.0
93040008,A,12.0,12.0
93050001,A,15.0,15.0
93050002,V,9.0,9.0
93050003,V,16.0,16.0
93050004,,6.0,6.0
93060001,B,13.0,13.0
93060002,A,13.0,13.0
93060003,A,13.0,13.0
93060004,A,9.0,9.0
93065101,A,9.0,9.0
93065201,Q,9.0,9.0
93070001,S,12.0,12.0
93070002,C1,9.0,9.0
93070004,C1,16.0,16.0
93080004,B,16.0,16.0
93084102,Q,12.0,12.0
93100002,I,15.0,15.0
93100004,I,15.0,15.0
93100005,I,16.0,16.0
93100007,A,9.0,9.0
93100008,A,15.0,15.0
93104202,A,15.0,15.0
93104301,,22.0,22.0
93120003,Q,16.0,16.0
93120004,A,12.0,12.0
93120005,A,15.0,15.0
93120006,,15.0,15.0
93124302,A,15.0,15.0
93140003,A,15.0,15.0
93140005,A,16.0,16.0
93140008,B,12.0,12.0
93143102,Q,13.0,13.0
93143103,,16.0,16.0
93143104,Q,12.0,12.0
93160001,D,12.0,12.0
93160002,D,12.0,12.0
93160003,D,16.0,16.0
93160004,D,15.0,15.0
93160005,D,15.0,15.0
93160006,D,13.0,13.0
93163102,,9.0,9.0
93164202,D,12.0,12.0
93170002,A,6.0,6.0
93170003,A,16.0,16.0
93175101,,18.0,18.0
93180001,A,9.0,9.0
93180002,,13.0,13.0
93180003,A,15.0,15.0
93180004,A,15.0,15.0
93180007,B,13.0,13.0
93184103,A,18.0,18.0
93184201,,15.0,15.0
93200005,F,15.0,15.0
93200008,F,13.0,13.0
93203102,F,13.0,13.0
93203103,F,13.0,13.0
94010001,Q,6.0,6.0
94010002,A,6.0,6.0
94010003,A,9.0,9.0
94010004,A,12.0,12.0
94020001,B,6.0,6.0
94020002,B,6.0,6.0
94020003,A,13.0,13.0
94020005,B,9.0,9.0
94020006,D1,13.0,13.0
94020007,Q,9.0,9.0
94023102,A,6.0,6.0
94023103,A,9.0,9.0
94025102,Q,13.0,13.0
94030001,A,12.0,12.0
94030002,Q,13.0,13.0
94030003,B,6.0,6.0
94030004,Q,9.0,9.0
94033102,B,9.0,9.0
94040001,Q,9.0,9.0
94040004,Q,12.0,12.0
94050001,I,12.0,12.0
94050002,Q,6.0,6.0
94050003,Q,13.0,13.0
94050004,B,6.0,6.0
94060002,B,6.0,6.0
94060003,B,15.0,15.0
94070001,B,6.0,6.0
94070002,A,9.0,9.0
94070003,,13.0,13.0
94090001,A,13.0,13.0
94090002,B,6.0,6.0
94100001,Q,9.0,9.0
94100002,B,9.0,9.0
94100003,B,9.0,9.0
94100004,B,9.0,9.0
94100005,B,12.0,12.0
94100006,B Q,9.0,9.0
94104105,A,13.0,13.0
94110001,A,9.0,9.0
94110002,Q,9.0,9.0
94110003,Q,13.0,13.0
94115101,B,9.0,9.0
94120001,Q,6.0,6.0
94120002,B,9.0,9.0
94120003,Q,18.0,18.0
94120004,Q,13.0,13.0
94120005,Q,13.0,13.0
94120008,B,9.0,9.0
94120009,V,12.0,12.0
94130001,Q,6.0,6.0
94130002,B,6.0,6.0
94130003,Q,13.0,13.0
94130004,B Q,13.0,13.0
94140001,B,16.0,16.0
94144002,B,9.0,9.0
94150001,B,13.0,13.0
94150003,D,16.0,16.0
94150007,B,12.0,12.0
94153101,D,12.0,12.0
94154102,Q,13.0,13.0
94190002,B,6.0,6.0
95050001,A,6.0,6.0
95050002,A,6.0,6.0
95050003,A,13.0,13.0
95050004,A,6.0,6.0
95050005,A,13.0,13.0
95054102,A,6.0,6.0
95100001,A,16.0,16.0
95110004,A,13.0,13.0
95140001,Q,9.0,9.0
95140002,Q,6.0,6.0
95140003,Q,13.0,13.0
95140005,Q,15.0,15.0
95140006,Q,12.0,12.0
95140007,Q,12.0,12.0
95140009,A,16.0,16.0
95144103,A,9.0,9.0
95145102,Q,13.0,13.0
95160002,Q,12.0,12.0
95160004,Q,9.0,9.0
95160010,B,13.0,13.0
95161102,A,6.0,6.0
95170002,Q,6.0,6.0
95170003,D Q,16.0,16.0
95170004,Q,13.0,13.0
95170007,Q,13.0,13.0
95173102,A,12.0,12.0
95190001,C,15.0,15.0
95190002,C,13.0,13.0
95190003,C,16.0,16.0
95190004,C,18.0,18.0
95190005,C,18.0,18.0
95190009,,16.0,16.0
95194201,C,22.0,22.0
95410001,A,9.0,9.0
95440001,A,6.0,6.0
95440002,A,6.0,6.0
95450001,A,9.0,9.0
95450004,A,13.0,13.0
95450005,A,12.0,12.0
95450006,A,13.0,13.0
95450008,A,9.0,9.0
95453102,A,12.0,12.0
95453201,B,13.0,13.0
95453203,B,13.0,13.0
95455101,Q,13.0,13.0
95455103,Q,13.0,13.0
95470002,A,6.0,6.0
95470004,A,12.0,12.0
95473101,B,9.0,9.0
96010002,B,9.0,9.0
96010003,Q,12.0,12.0
96010004,Q,13.0,13.0
96010005,B,12.0,12.0
96010009,Q,12.0,12.0
96010010,A,9.0,9.0
96010011,B,13.0,13.0
96010012,B,9.0,9.0
96014203,A,9.0,9.0
96014302,,9.0,9.0
96014303,B,16.0,16.0
96020001,B,13.0,13.0
96020003,B,15.0,15.0
96020004,B,13.0,13.0
96022101,,9.0,9.0
96024102,D,12.0,12.0
96030004,B,6.0,6.0
96030006,B,9.0,9.0
96040001,,6.0,6.0
96040002,B,6.0,6.0
96040003,B,12.0,12.0
96040004,B,16.0,16.0
96040005,B,12.0,12.0
96045201,,12.0,12.0
96050014,B,9.0,9.0
96060009,A,16.0,16.0
96060010,B,9.0,9.0
96140003,A,6.0,6.0
96140004,B,13.0,13.0
96140005,,13.0,13.0
96144106,,12.0,12.0
96150001,A,9.0,9.0
96150002,A,9.0,9.0
96170004,B,6.0,6.0
96170005,B,6.0,6.0
96170006,B,12.0,12.0
96173101,B,6.0,6.0
96174102,B,9.0,9.0
96180002,A,6.0,6.0
96180003,A,16.0,16.0
96180007,A,16.0,16.0
96190001,A,9.0,9.0
96190002,A,9.0,9.0
96190003,A,9.0,9.0
96190004,A,16.0,16.0
96192104,A,12.0,12.0
96195101,A,16.0,16.0
96200002,B,16.0,16.0
97030001,A,6.0,6.0
97030002,B,6.0,6.0
97030003,B,12.0,12.0
97030004,B,13.0,13.0
97040001,Q,9.0,9.0
97040002,Q,9.0,9.0
97040003,Q,6.0,6.0
97040004,Q,13.0,13.0
97040005,Q,12.0,12.0
97044102,Q,9.0,9.0
97080002,B,6.0,6.0
97080004,Q,15.0,15.0
97080005,B,13.0,13.0
97080011,B,13.0,13.0
97080012,B,13.0,13.0
97084102,B,12.0,12.0
97110003,Q,6.0,6.0
97110004,Q,9.0,9.0
97110005,Q,9.0,9.0
97120002,F,6.0,6.0
97120004,,13.0,13.0
97120005,,12.0,12.0
97140003,B,12.0,12.0
97170001,A,9.0,9.0
97170003,Q,6.0,6.0
97170006,A,13.0,13.0
97170010,B,12.0,12.0
97170011,Q,9.0,9.0
97170012,B,9.0,9.0
97173101,B,6.0,6.0
97173104,B,13.0,13.0
97173210,B,9.0,9.0
97175101,Q,12.0,12.0
97180005,B,9.0,9.0
97180006,B,13.0,13.0
97180007,Q,6.0,6.0
97180008,B,6.0,6.0
97180011,A,15.0,15.0
97200001,B,6.0,6.0
97200002,Q,6.0,6.0
97200003,Q,13.0,13.0
97200004,B,9.0,9.0
97200005,,9.0,9.0
97200006,B,9.0,9.0
97200007,,9.0,9.0
97205201,Q,9.0,9.0
98020001,Q,9.0,9.0
98020002,Q,12.0,12.0
98020005,Q,12.0,12.0
98020006,,9.0,9.0
98020007,Q,12.0,12.0
98020008,B,9.0,9.0
98030002,,6.0,6.0
98030003,B,6.0,6.0
98030005,,6.0,6.0
98030006,Q,9.0,9.0
98030007,Q,9.0,9.0
98030008,Q,12.0,12.0
98050001,,9.0,9.0
98050002,A,6.0,6.0
98050003,,15.0,15.0
98050004,,16.0,16.0
98070001,,9.0,9.0
98070002,Q,13.0,13.0
98070003,Q,13.0,13.0
98070005,B,9.0,9.0
98070006,Q,13.0,13.0
98070007,,9.0,9.0
98070009,Q,13.0,13.0
98070010,Q,12.0,12.0
98070011,Q,12.0,12.0
98070012,Q,13.0,13.0
98075102,Q,12.0,12.0
98090005,,9.0,9.0
98090008,B,6.0,6.0
98090010,,9.0,9.0
98090011,B,9.0,9.0
98090012,B,9.0,9.0
98110004,B,6.0,6.0
98110005,B,9.0,9.0
98110006,B,12.0,12.0
98170001,,6.0,6.0
98170003,Q,12.0,12.0
98170004,B,12.0,12.0
98180001,A,9.0,9.0
98180003,,16.0,16.0
98180004,,16.0,16.0
98180005,A,12.0,12.0
98180007,A,15.0,15.0
98180008,A,16.0,16.0
98180011,,16.0,16.0
98180012,,12.0,12.0
98180013,B,12.0,12.0
98180017,,16.0,16.0
98183102,A,12.0,12.0
98200001,Q,6.0,6.0
98200002,A,6.0,6.0
99010002,A,6.0,6.0
99010003,A,13.0,13.0
99010004,A,13.0,13.0
99010005,A,15.0,15.0
99010006,,6.0,6.0
99020003,B,9.0,9.0
99020004,,12.0,12.0
99020005,B,13.0,13.0
99030002,A,6.0,6.0
99030004,Q,9.0,9.0
99030005,A,13.0,13.0
99035102,B,9.0,9.0
99035201,,13.0,13.0
99040002,A,6.0,6.0
99040004,Q,12.0,12.0
99040005,Q,9.0,9.0
99050002,A,6.0,6.0
99060001,,6.0,6.0
99060002,B,13.0,13.0
99060004,Q,9.0,9.0
99061104,B,6.0,6.0
99070001,A,9.0,9.0
99070002,A,6.0,6.0
99070003,A,12.0,12.0
99070005,A,13.0,13.0
99075105,A,12.0,12.0
99080001,,6.0,6.0
99080003,A,9.0,9.0
99080004,Q,6.0,6.0
99080007,B,9.0,9.0
99080008,Q,6.0,6.0
99080010,B,6.0,6.0
99080011,A,9.0,9.0
99080012,B,9.0,9.0
99080013,Q,13.0,13.0
99080014,Q,12.0,12.0
99081108,B,12.0,12.0
99081201,B,9.0,9.0
99081203,B,13.0,13.0
99083103,Q,6.0,6.0
99084102,B,6.0,6.0
99084202,B,9.0,9.0
99090005,B,6.0,6.0
99110002,Q,6.0,6.0
99110003,Q,9.0,9.0
99110004,Q,6.0,6.0
99110005,Q,12.0,12.0
99110006,Q,6.0,6.0
99110007,Q,6.0,6.0
99110010,,6.0,6.0
99110011,B,6.0,6.0
99110012,Q,6.0,6.0
99110013,Q,9.0,9.0
99110014,Q,13.0,13.0
99110015,A,13.0,13.0
99114102,A,6.0,6.0
99115302,B,12.0,12.0
99115401,,6.0,6.0
99120004,Q,15.0,15.0
99140001,A,6.0,6.0
99140002,Q,6.0,6.0
99140003,Q,13.0,13.0
99140005,A,6.0,6.0
99140006,A,6.0,6.0
99140007,Q,9.0,9.0
99144107,,12.0,12.0
99150002,A,6.0,6.0
99150004,B,9.0,9.0
99150005,Q,6.0,6.0
99150006,B,6.0,6.0
99155102,A,9.0,9.0
99160003,Q,9.0,9.0
99160004,B,6.0,6.0
99163101,B,6.0,6.0
99163103,B,13.0,13.0
99164201,B,6.0,6.0
99170002,B,6.0,6.0
99170003,B,9.0,9.0
99170004,B,9.0,9.0
99175102,B,12.0,12.0
99190001,Q,6.0,6.0
99190002,B,6.0,6.0
99190003,Q,9.0,9.0
99190004,B,9.0,9.0
99190006,Q,12.0,12.0
99195102,Q,9.0,9.0
100010001,E,6.0,6.0
100010002,E,6.0,6.0
100010003,E,12.0,12.0
100010004,E,9.0,9.0
100015101,E,13.0,13.0
100020001,E,6.0,6.0
100020002,E,9.0,9.0
100020004,E,13.0,13.0
100020005,L,13.0,13.0
100030001,E,13.0,13.0
100030002,E,9.0,9.0
100030003,E,13.0,13.0
100030004,Q,13.0,13.0
100030005,E,13.0,13.0
100035101,Q,12.0,12.0
100040002,E,9.0,9.0
100040003,E,9.0,9.0
100040004,E,6.0,6.0
100040005,E,6.0,6.0
100040006,,6.0,6.0
100043101,B,6.0,6.0
100043103,B,13.0,13.0
100044104,B,12.0,12.0
100045101,,6.0,6.0
100050001,B,9.0,9.0
100050002,A,9.0,9.0
100050004,A,6.0,6.0
100050005,A,9.0,9.0
100060002,B,9.0,9.0
100060004,Q,6.0,6.0
100060005,A,15.0,15.0
100060006,B,15.0,15.0
100060007,Q,12.0,12.0
100060009,A,13.0,13.0
100070001,E,6.0,6.0
100070002,B,6.0,6.0
100070003,E,6.0,6.0
100070004,B,6.0,6.0
100070005,B,6.0,6.0
100070006,E,9.0,9.0
100070010,Q,13.0,13.0
100070011,B,9.0,9.0
100080003,E,6.0,6.0
100080004,,9.0,9.0
100080005,E,6.0,6.0
100080006,E,6.0,6.0
100080007,E,13.0,13.0
100080009,A,9.0,9.0
100080010,Q,9.0,9.0
100083101,E,12.0,12.0
100083103,E,13.0,13.0
100083104,E,6.0,6.0
100083201,E,6.0,6.0
100083203,E,12.0,12.0
100084102,Q,9.0,9.0
100084103,Q,13.0,13.0
100085102,A,6.0,6.0
100090001,E,6.0,6.0
100090002,E,6.0,6.0
100090004,E,9.0,9.0
100090005,E,9.0,9.0
100090006,E,9.0,9.0
100090007,,6.0,6.0
100093103,B,6.0,6.0
100093104,B,6.0,6.0
100094202,A,6.0,6.0
100095101,C1,6.0,6.0
100120001,E,15.0,15.0
100120002,Q,9.0,9.0
100120003,E,15.0,15.0
100120004,E,15.0,15.0
100120005,E,12.0,12.0
100130002,Q,6.0,6.0
100130005,Q,9.0,9.0
100150001,E,6.0,6.0
100150002,E,6.0,6.0
100150003,E,12.0,12.0
100150004,E,13.0,13.0
100150005,E,9.0,9.0
100170001,,9.0,9.0
100170003,V,13.0,13.0
100170004,V,13.0,13.0
100170005,E,13.0,13.0
100170006,Q,13.0,13.0
100170009,E,12.0,12.0
100170010,,13.0,13.0
100173104,B,6.0,6.0
100174105,A,9.0,9.0
100180001,,6.0,6.0
100180002,F,12.0,12.0
100200001,E,6.0,6.0
100200002,,6.0,6.0
100200003,E,6.0,6.0
100200006,E,13.0,13.0
100200007,E,13.0,13.0
100200008,E,13.0,13.0
100200010,E,6.0,6.0
100410002,,6.0,6.0
100410003,E,12.0,12.0
100410005,Q,13.0,13.0
100430003,Q,6.0,6.0
100430004,Q,6.0,6.0
100430005,Q,9.0,9.0
100430006,Q,13.0,13.0
100430007,Q,13.0,13.0
100430008,Q,6.0,6.0
100430009,Q,6.0,6.0
100430010,Q,13.0,13.0
100430012,,9.0,9.0
100430013,Q,9.0,9.0
100433103,Q,13.0,13.0
100435301,Q,6.0,6.0
100440001,B,6.0,6.0
100440002,B,6.0,6.0
100440003,B,6.0,6.0
100440006,B,9.0,9.0
100440007,B,6.0,6.0
100444102,E,6.0,6.0
101010002,I,9.0,9.0
101040001,F,6.0,6.0
101040002,F,6.0,6.0
101040003,F,13.0,13.0
101040004,F Q,13.0,13.0
101050001,B,6.0,6.0
101050002,A,6.0,6.0
101050003,A,13.0,13.0
101050004,A,13.0,13.0
101050008,B,12.0,12.0
101055102,G,9.0,9.0
101055201,B,12.0,12.0
101060002,A,6.0,6.0
101070002,,6.0,6.0
101070005,B,13.0,13.0
101070007,Q,13.0,13.0
101074102,B,9.0,9.0
101080002,B,6.0,6.0
101100002,A,6.0,6.0
101100003,,6.0,6.0
101103103,B,13.0,13.0
101120001,A,13.0,13.0
101120002,A,13.0,13.0
101120003,A,16.0,16.0
101120004,,6.0,6.0
101120005,A,13.0,13.0
101120006,A,16.0,16.0
101125101,A,12.0,12.0
101130001,B,6.0,6.0
101130002,B,6.0,6.0
101130003,B,9.0,9.0
101130004,B,6.0,6.0
101130005,B,6.0,6.0
101130006,B,9.0,9.0
101130007,B,12.0,12.0
101130008,B,9.0,9.0
101130009,B,16.0,16.0
101130014,A,13.0,13.0
101133106,B,12.0,12.0
101133202,B,9.0,9.0
101134104,B,12.0,12.0
101134202,A,13.0,13.0
101134302,A,13.0,13.0
101150002,Q,9.0,9.0
101153102,Q,13.0,13.0
101160002,A,6.0,6.0
101160003,A,13.0,13.0
102010001,,6.0,6.0
102010002,,6.0,6.0
102010003,B,6.0,6.0
102010004,B,6.0,6.0
102020001,B,6.0,6.0
102020002,B,9.0,9.0
102020003,B,13.0,13.0
102020004,B,12.0,12.0
102020005,Q,13.0,13.0
102020006,A B,16.0,16.0
102020007,B,9.0,9.0
102020008,Q,12.0,12.0
102020009,B,12.0,12.0
102020011,,9.0,9.0
102025202,B,13.0,13.0
102025302,A,13.0,13.0
102030003,B,12.0,12.0
102030004,B,9.0,9.0
102030008,B,9.0,9.0
102030009,B,9.0,9.0
102034202,B,9.0,9.0
102035201,A,12.0,12.0
102060002,Q,13.0,13.0
102060003,A Q,13.0,13.0
102060004,A,13.0,13.0
102060006,,6.0,6.0
102064103,A,12.0,12.0
102064104,A,9.0,9.0
102065102,A,12.0,12.0
102070001,B,6.0,6.0
102070002,A,6.0,6.0
102070003,A,13.0,13.0
102070010,,6.0,6.0
102071105,A,13.0,13.0
102080001,,6.0,6.0
102080003,A,9.0,9.0
102080004,A,13.0,13.0
102080005,A,13.0,13.0
102080009,A,12.0,12.0
102080010,A,9.0,9.0
102080012,V,9.0,9.0
102084105,A,12.0,12.0
102090003,A,12.0,12.0
102090004,A,12.0,12.0
102090005,A,13.0,13.0
102090011,,12.0,12.0
102090012,,6.0,6.0
102100004,A,6.0,6.0
102100005,A,6.0,6.0
102103102,A,6.0,6.0
102103103,A,13.0,13.0
102110001,A,6.0,6.0
102110004,A,6.0,6.0
102110005,A,6.0,6.0
102110006,A,13.0,13.0
102110007,Q,6.0,6.0
102110008,A,13.0,13.0
102110010,A,6.0,6.0
102110013,A,9.0,9.0
102110016,Q,9.0,9.0
102110018,B,9.0,9.0
102114201,B,6.0,6.0
102114301,A,12.0,12.0
102115101,I,9.0,9.0
102115302,,13.0,13.0
102115501,B,9.0,9.0
102120004,Q,13.0,13.0
102120005,A,13.0,13.0
102120008,B,13.0,13.0
102120009,A,13.0,13.0
102130001,A,12.0,12.0
102130002,A,12.0,12.0
102130003,A,13.0,13.0
102130005,A,13.0,13.0
102133109,A,13.0,13.0
102134207,F,12.0,12.0
102140002,A,6.0,6.0
102150001,Q,9.0,9.0
102150002,B,9.0,9.0
102150003,A,13.0,13.0
102150004,B,12.0,12.0
102160002,B,9.0,9.0
102160005,A,12.0,12.0
102164102,,12.0,12.0
102170004,Q,9.0,9.0
102170005,Q,13.0,13.0
102170006,G,12.0,12.0
102170007,A,9.0,9.0
102170008,G,9.0,9.0
102170009,A,12.0,12.0
102174105,A,9.0,9.0
102175101,A Q,12.0,12.0
102180007,B,6.0,6.0
102180013,B,13.0,13.0
102190009,B,6.0,6.0
102200002,A,6.0,6.0
102200003,A,13.0,13.0
102200004,Q,9.0,9.0
102200005,A,13.0,13.0
102200006,A,13.0,13.0
102200009,Q,9.0,9.0
102205101,,12.0,12.0
103030002,F,16.0,16.0
103040001,F,16.0,16.0
103040002,F,16.0,16.0
103040004,F,16.0,16.0
103160001,P,12.0,12.0
103160002,P,12.0,12.0
103200002,C,16.0,16.0
104010001,D,12.0,12.0
104010002,D,13.0,13.0
104010003,D,16.0,16.0
104010006,D,13.0,13.0
104010008,D,16.0,16.0
104013101,D,16.0,16.0
104013104,D,13.0,13.0
104014102,D,16.0,16.0
104030002,S,9.0,9.0
104030003,S,16.0,16.0
104030004,N,13.0,13.0
104030005,N,13.0,13.0
104030007,Q,13.0,13.0
104035104,N,13.0,13.0
104070001,A,13.0,13.0
104070002,A,13.0,13.0
104070003,A,16.0,16.0
104080003,A,13.0,13.0
104080004,A,6.0,6.0
104080005,A,12.0,12.0
104080006,A,9.0,9.0
104080007,A,6.0,6.0
104080008,A,12.0,12.0
104080009,A,12.0,12.0
104080010,A,16.0,16.0
104080011,A,13.0,13.0
104090003,,9.0,9.0
104090004,A,9.0,9.0
104090005,A,9.0,9.0
104090007,,12.0,12.0
104094201,A,13.0,13.0
104095102,H,12.0,12.0
104100002,A,6.0,6.0
104100003,A,13.0,13.0
104100004,A,13.0,13.0
104100005,A,13.0,13.0
104105102,A,16.0,16.0
104120001,A,6.0,6.0
104120002,A,6.0,6.0
104120005,A,15.0,15.0
104120006,,15.0,15.0
104120010,,16.0,16.0
104123202,B,16.0,16.0
104124102,B,12.0,12.0
104124103,A,12.0,12.0
104140003,A,15.0,15.0
104140004,A,12.0,12.0
104140005,,12.0,12.0
104140006,A,12.0,12.0
104140007,A,12.0,12.0
104140008,A,9.0,9.0
104140009,A,13.0,13.0
104140010,A,13.0,13.0
104145204,B,12.0,12.0
104150002,Q,6.0,6.0
104150004,Q,15.0,15.0
104150005,B,13.0,13.0
104154201,A,13.0,13.0
104180001,A,6.0,6.0
104180002,A,12.0,12.0
104180003,A,13.0,13.0
104180004,A,12.0,12.0
104180005,A,12.0,12.0
104180007,A,12.0,12.0
104180008,A,15.0,15.0
104180009,A,13.0,13.0
104180010,B,9.0,9.0
104180011,B,13.0,13.0
104180012,A,13.0,13.0
104183104,Q,9.0,9.0
104184102,B,6.0,6.0
104184201,A,12.0,12.0
104185101,B,13.0,13.0
104190001,A,6.0,6.0
104190002,A,6.0,6.0
104190004,A,13.0,13.0
104200001,A,6.0,6.0
104200002,A,6.0,6.0
104200003,A,6.0,6.0
104203105,A,9.0,9.0
105020003,I,15.0,15.0
105020004,I,13.0,13.0
105020005,I,13.0,13.0
105020008,I,13.0,13.0
105020011,,16.0,16.0
105024201,I,9.0,9.0
105030002,A,9.0,9.0
105060003,A,13.0,13.0
105080002,B,9.0,9.0
105080003,B,16.0,16.0
105080007,B,16.0,16.0
105080009,B,15.0,15.0
105080010,B,16.0,16.0
105084102,Q,15.0,15.0
105090001,D,9.0,9.0
105090002,A,6.0,6.0
105090005,A,16.0,16.0
105095101,,16.0,16.0
105100003,B,16.0,16.0
105100004,B,12.0,12.0
105100006,B,6.0,6.0
105100009,B,6.0,6.0
105110001,Q,9.0,9.0
105110002,B,12.0,12.0
105110003,Q,16.0,16.0
105110004,Q,15.0,15.0
105120001,Q,13.0,13.0
105120002,A,13.0,13.0
105120004,Q,13.0,13.0
105124101,A,13.0,13.0
105140004,,6.0,6.0
105140006,,13.0,13.0
105140007,A,13.0,13.0
105140009,,13.0,13.0
105140010,Q,6.0,6.0
105140013,B,13.0,13.0
105150004,Q,9.0,9.0
105150005,Q,12.0,12.0
105150006,,6.0,6.0
105150007,B,13.0,13.0
105150008,Q,9.0,9.0
105150009,,13.0,13.0
105150010,Q,12.0,12.0
105150014,A,6.0,6.0
105164101,A,13.0,13.0
105180002,A,6.0,6.0
105180003,A,12.0,12.0
105180004,A,12.0,12.0
105180006,A,13.0,13.0
105180007,S,16.0,16.0
105180008,A,9.0,9.0
105180010,A,13.0,13.0
105190004,Q,9.0,9.0
105190005,A,6.0,6.0
105410001,Q,12.0,12.0
105410002,A,13.0,13.0
105410003,Q,12.0,12.0
105410005,J Q,13.0,13.0
106010003,N,12.0,12.0
106010007,C1,9.0,9.0
106010009,C1,9.0,9.0
106010010,Q,12.0,12.0
106013102,C1,12.0,12.0
106014102,A,9.0,9.0
106070001,A,6.0,6.0
106070002,Q,6.0,6.0
106070003,A Q,13.0,13.0
106070005,Q,12.0,12.0
106070006,Q,12.0,12.0
106070007,A Q,13.0,13.0
106070011,A,9.0,9.0
106074301,Q,13.0,13.0
106080001,Q,6.0,6.0
106080002,Q,6.0,6.0
106080004,Q,16.0,16.0
106080006,A,15.0,15.0
106100003,Q,16.0,16.0
106100004,Q,9.0,9.0
106100005,Q,9.0,9.0
106100006,Q,13.0,13.0
106100007,Q,9.0,9.0
106100008,Q,13.0,13.0
106100009,Q,13.0,13.0
106100010,Q,13.0,13.0
106103103,Q,16.0,16.0
106103106,Q,6.0,6.0
106104101,Q,9.0,9.0
106104202,B,6.0,6.0
106104302,Q,9.0,9.0
106104401,S,12.0,12.0
106120002,Q,6.0,6.0
106120003,Q,6.0,6.0
106120006,Q,12.0,12.0
106120007,Q,13.0,13.0
106120008,Q,12.0,12.0
106121103,Q,9.0,9.0
106121104,Q,9.0,9.0
106130001,A,9.0,9.0
106130004,Q,13.0,13.0
106150003,Q,12.0,12.0
106150005,Q,12.0,12.0
106150007,Q,13.0,13.0
106150008,Q,12.0,12.0
106150009,Q,16.0,16.0
106150010,Q,12.0,12.0
106150011,Q,12.0,12.0
106150012,Q,16.0,16.0
106150013,Q,16.0,16.0
106150015,A,12.0,12.0
106154102,Q,9.0,9.0
106154402,Q,9.0,9.0
106155202,Q,12.0,12.0
106160001,A,12.0,12.0
106160002,A,9.0,9.0
106410002,B,6.0,6.0
106410003,B,9.0,9.0
107010008,B,9.0,9.0
107040002,B,6.0,6.0
107050003,B,9.0,9.0
107050004,B,13.0,13.0
107055102,B,16.0,16.0
107055107,B,9.0,9.0
107060001,B,6.0,6.0
107060002,,6.0,6.0
107060003,B,9.0,9.0
107060004,A,6.0,6.0
107060006,B,6.0,6.0
107063105,Q,9.0,9.0
107063201,A,6.0,6.0
107064202,,6.0,6.0
107070001,,6.0,6.0
107070002,B,6.0,6.0
107070003,B,6.0,6.0
107070004,B,9.0,9.0
107070005,B,9.0,9.0
107070008,B,9.0,9.0
107070009,B,9.0,9.0
107070015,B,6.0,6.0
107073102,B,6.0,6.0
107073103,B,9.0,9.0
107074101,,6.0,6.0
107075102,B,13.0,13.0
107080002,B,6.0,6.0
107080003,B,12.0,12.0
107080005,B,9.0,9.0
107110002,B,6.0,6.0
107120002,B,6.0,6.0
107120003,B,6.0,6.0
107130001,B,6.0,6.0
107130002,B,6.0,6.0
107140001,,6.0,6.0
107140002,B,6.0,6.0
107140003,B,6.0,6.0
107140004,B,12.0,12.0
107140007,B,6.0,6.0
107144102,B,6.0,6.0
107144201,A,13.0,13.0
107150002,B,6.0,6.0
107150003,B,6.0,6.0
107150004,B,6.0,6.0
107155102,B,6.0,6.0
107155103,B,6.0,6.0
107155104,B,9.0,9.0
107160003,B,6.0,6.0
107170001,A,6.0,6.0
107170002,B,6.0,6.0
107170003,B,6.0,6.0
107170004,B,6.0,6.0
107170005,B,6.0,6.0
107170007,D1,13.0,13.0
107172103,B,12.0,12.0
107174102,A,9.0,9.0
107174201,I,9.0,9.0
107180001,B,6.0,6.0
107180002,B,6.0,6.0
107180003,,6.0,6.0
107180004,B,6.0,6.0
107180005,B,6.0,6.0
107184103,D,16.0,16.0
107190002,,6.0,6.0
107190004,B,6.0,6.0
107190005,B,6.0,6.0
107190006,B,6.0,6.0
107190007,B,6.0,6.0
107190008,B,6.0,6.0
107190009,B,9.0,9.0
107191106,A,9.0,9.0
107194102,B,6.0,6.0
107194303,A,9.0,9.0
107194601,B,6.0,6.0
107200001,B,6.0,6.0
107200002,B,6.0,6.0
107200008,B,6.0,6.0
107220001,B,6.0,6.0
107220002,B,6.0,6.0
107220004,B,6.0,6.0
107220005,B,6.0,6.0
107230004,B,12.0,12.0
107230006,B,9.0,9.0
107230007,B,6.0,6.0
107230008,B,6.0,6.0
107232209,A,13.0,13.0
107240004,B,6.0,6.0
107240005,B,6.0,6.0
107240006,B,6.0,6.0
107241101,B,6.0,6.0
107244101,B,6.0,6.0
107245102,B,13.0,13.0
107250001,B,6.0,6.0
107250002,B,6.0,6.0
107250003,B,9.0,9.0
107260002,,6.0,6.0
107260003,B,9.0,9.0
107260004,B,12.0,12.0
107260007,B,9.0,9.0
107260008,B,13.0,13.0
107260009,B,13.0,13.0
107270001,B,6.0,6.0
107270002,B,6.0,6.0
107280001,B,6.0,6.0
107280002,B,6.0,6.0
107280003,B,6.0,6.0
107280005,B,6.0,6.0
107280006,B,6.0,6.0
107280009,B,9.0,9.0
107281101,B,6.0,6.0
107290001,B,9.0,9.0
107290003,B,9.0,9.0
107290004,B,9.0,9.0
107290005,,9.0,9.0
107290006,B,6.0,6.0
107295101,Q,13.0,13.0
107295202,B,6.0,6.0
107295302,B,6.0,6.0
108020002,B,6.0,6.0
108030003,B,9.0,9.0
108030004,A,9.0,9.0
108034102,B,6.0,6.0
108034202,Q,12.0,12.0
108040001,D,13.0,13.0
108040003,D,13.0,13.0
108040004,D,13.0,13.0
108040005,D,12.0,12.0
108040007,D,12.0,12.0
108050001,,6.0,6.0
108050002,B,6.0,6.0
108050003,B,13.0,13.0
108050004,B,9.0,9.0
108050005,B,9.0,9.0
108050006,B,13.0,13.0
108054201,B,9.0,9.0
108055101,B,9.0,9.0
108060002,A,12.0,12.0
108060004,A,13.0,13.0
108060005,A,9.0,9.0
108060006,A,12.0,12.0
108060007,A,12.0,12.0
108064101,A,13.0,13.0
108064201,A,6.0,6.0
108070003,B,6.0,6.0
108070004,B,6.0,6.0
108070005,B,9.0,9.0
108070006,B,13.0,13.0
108080001,B,6.0,6.0
108090001,B,6.0,6.0
108090002,,6.0,6.0
108090003,B,9.0,9.0
108090004,B,9.0,9.0
108094101,B,9.0,9.0
108120003,A,12.0,12.0
108130001,B,6.0,6.0
108130003,B,13.0,13.0
108130004,B,6.0,6.0
108130006,B,15.0,15.0
108130007,B,9.0,9.0
108130008,B,16.0,16.0
108130009,B,16.0,16.0
108130010,A,13.0,13.0
108133105,B,16.0,16.0
108134202,A,12.0,12.0
108135101,B,16.0,16.0
108135201,B,16.0,16.0
108140001,D,13.0,13.0
108140002,D,9.0,9.0
108140005,D,13.0,13.0
108160002,B,6.0,6.0
108170003,Q,16.0,16.0
108170005,B,12.0,12.0
108190003,B,12.0,12.0
108190004,B,12.0,12.0
108190006,,13.0,13.0
108200004,B,13.0,13.0
108200006,B,12.0,12.0
108200010,B,6.0,6.0
108200011,A,6.0,6.0
108200014,B,13.0,13.0
108205101,B,15.0,15.0
109020001,B,6.0,6.0
109020002,B,6.0,6.0
109020003,B,9.0,9.0
109020005,B,13.0,13.0
109024102,B,13.0,13.0
109030001,B,9.0,9.0
109030003,B,6.0,6.0
109030005,B,6.0,6.0
109030007,B,6.0,6.0
109030008,B,13.0,13.0
109030010,B,13.0,13.0
109035102,B,6.0,6.0
109040001,B,6.0,6.0
109040005,B,6.0,6.0
109060004,B,6.0,6.0
109060009,B,6.0,6.0
109070001,B,6.0,6.0
109070003,B,6.0,6.0
109070004,B,6.0,6.0
109070006,B,6.0,6.0
109074102,B,6.0,6.0
109075102,B,6.0,6.0
109090003,B,6.0,6.0
109100001,B,6.0,6.0
109100008,B,9.0,9.0
109110001,B,6.0,6.0
109110002,B,6.0,6.0
109130004,B,15.0,15.0
109140001,B,6.0,6.0
109140003,B,6.0,6.0
109140007,B,6.0,6.0
109140010,B,6.0,6.0
109143103,B,13.0,13.0
109150001,B,6.0,6.0
109150002,B,6.0,6.0
109150003,B,6.0,6.0
109150004,B,6.0,6.0
109150005,B,6.0,6.0
109150006,B,6.0,6.0
109150009,,9.0,9.0
109154101,,6.0,6.0
109154107,B,12.0,12.0
109154201,B,9.0,9.0
109160005,B,6.0,6.0
109160007,B,12.0,12.0
109170004,B,6.0,6.0
109170006,B,6.0,6.0
109180001,B,6.0,6.0
109180004,B,13.0,13.0
109200002,B,9.0,9.0
109200003,B,6.0,6.0
109203106,B,9.0,9.0
109220003,B,6.0,6.0
109220006,B,6.0,6.0
109220007,B,6.0,6.0
109225102,B,6.0,6.0
109230001,B,6.0,6.0
109230002,B,6.0,6.0
109240001,B,6.0,6.0
109240002,B,9.0,9.0
109240003,B,9.0,9.0
109240007,B,13.0,13.0
109240009,B,6.0,6.0
109250001,B,6.0,6.0
109250002,B,6.0,6.0
109250004,B,6.0,6.0
109250006,B,6.0,6.0
109250007,B,9.0,9.0
109250009,B,12.0,12.0
109254102,B,12.0,12.0
109260002,B,6.0,6.0
109270001,B,6.0,6.0
109270002,B,6.0,6.0
109270004,B,6.0,6.0
109270012,B,6.0,6.0
109280002,,6.0,6.0
109280004,B,6.0,6.0
109280005,B,6.0,6.0
109280007,B,6.0,6.0
109290002,B,6.0,6.0
109290003,B,6.0,6.0
109290004,B,6.0,6.0
109290006,B,6.0,6.0
109290007,B,6.0,6.0
109290008,B,6.0,6.0
109290009,B,6.0,6.0
109290010,B,13.0,13.0
109294102,B,6.0,6.0
109294201,B,6.0,6.0
109300001,B,6.0,6.0
109300002,B,6.0,6.0
109300003,B,13.0,13.0
110010001,B,6.0,6.0
110010003,B,12.0,12.0
110010004,B,6.0,6.0
110013102,B,12.0,12.0
110015101,B,12.0,12.0
110020001,B,6.0,6.0
110020002,B,6.0,6.0
110020004,B,6.0,6.0
110024201,B,6.0,6.0
110030002,B,6.0,6.0
110030003,B,6.0,6.0
110030004,B,6.0,6.0
110030005,B,6.0,6.0
110030006,B,6.0,6.0
110030007,B,6.0,6.0
110030009,B,13.0,13.0
110030010,,6.0,6.0
110033102,B,6.0,6.0
110033103,B,9.0,9.0
110040004,B,6.0,6.0
110040005,B,12.0,12.0
110040006,B,13.0,13.0
110044104,A,12.0,12.0
110050003,B,6.0,6.0
110050004,B,12.0,12.0
110050005,B,16.0,16.0
110050007,B,13.0,13.0
110055102,B,16.0,16.0
110060004,B,12.0,12.0
110060006,B,9.0,9.0
110060007,B,13.0,13.0
110060009,B,6.0,6.0
110065102,B,12.0,12.0
110065202,B,9.0,9.0
110070001,,13.0,13.0
110070002,B,6.0,6.0
110070003,B,12.0,12.0
110070004,B,16.0,16.0
110070005,,13.0,13.0
110070006,B,6.0,6.0
110080003,B,6.0,6.0
110081103,B,13.0,13.0
110090001,B,6.0,6.0
110090002,B,6.0,6.0
110090003,B,9.0,9.0
110090004,B,9.0,9.0
110100001,B,6.0,6.0
110100002,B,6.0,6.0
110100003,B,6.0,6.0
110100004,B,9.0,9.0
110100005,B,16.0,16.0
110100006,B,9.0,9.0
110100007,B,13.0,13.0
110104101,B,13.0,13.0
110110001,B,6.0,6.0
110110002,B,6.0,6.0
110110003,B,12.0,12.0
110120001,B,6.0,6.0
110120002,B,6.0,6.0
110120003,B,12.0,12.0
110120004,B,9.0,9.0
110124102,,12.0,12.0
110125102,B,6.0,6.0
110130001,B,6.0,6.0
110130002,B,6.0,6.0
110130003,B,6.0,6.0
110130004,B,6.0,6.0
110130006,B,13.0,13.0
110134204,B,13.0,13.0
110140001,B,6.0,6.0
110140002,B,6.0,6.0
110140003,B,6.0,6.0
110140004,B,6.0,6.0
110144102,B,6.0,6.0
110150002,B,6.0,6.0
110150003,B,6.0,6.0
110150004,B,16.0,16.0
110150005,B,16.0,16.0
110151104,A,12.0,12.0
110151105,B,13.0,13.0
110153202,B,18.0,18.0
110160001,B,6.0,6.0
110160002,B,6.0,6.0
110160004,B,6.0,6.0
110160005,B,6.0,6.0
110160007,B,16.0,16.0
110160008,B,6.0,6.0
110163103,B,13.0,13.0
110170002,B,6.0,6.0
110170004,B,6.0,6.0
110170005,B,12.0,12.0
110171102,B,6.0,6.0
110171103,B,13.0,13.0
110180001,B,9.0,9.0
110180002,B,6.0,6.0
110180003,B,16.0,16.0
110180004,B,16.0,16.0
110180005,B,9.0,9.0
110180006,B,9.0,9.0
110180007,B,6.0,6.0
110180009,B,12.0,12.0
110185101,B,12.0,12.0
110190002,B,6.0,6.0
110190003,B,12.0,12.0
110190004,B,12.0,12.0
110190005,B,13.0,13.0
110194102,B,12.0,12.0
110200001,B,6.0,6.0
110200007,B,13.0,13.0
110200008,B,12.0,12.0
110200009,B,6.0,6.0
110200010,B,12.0,12.0
110200011,B,12.0,12.0
110205101,B,6.0,6.0
110210001,B,6.0,6.0
110210002,B,6.0,6.0
110210003,B,6.0,6.0
110213101,B,6.0,6.0
110213103,B,13.0,13.0
110220001,B,6.0,6.0
110220002,B,6.0,6.0
110220004,B,9.0,9.0
110220005,B,6.0,6.0
110220006,B,13.0,13.0
110224102,B,6.0,6.0
110240004,B,12.0,12.0
110250001,B,13.0,13.0
110250002,B,9.0,9.0
110255102,B,12.0,12.0
110280002,B,6.0,6.0
110280005,B,9.0,9.0
110290001,B,6.0,6.0
110290002,B,6.0,6.0
110290003,B,13.0,13.0
110290004,B,12.0,12.0
110290006,B,13.0,13.0
110290007,B,13.0,13.0
110290009,B,13.0,13.0
110294103,B,9.0,9.0
110295102,B,6.0,6.0
110300004,B,6.0,6.0
110300005,B,6.0,6.0
110300006,B,6.0,6.0
110300008,B,9.0,9.0
110300009,B,9.0,9.0
111010001,B,16.0,16.0
111010002,B,15.0,15.0
111010006,B,16.0,16.0
111010010,B,15.0,15.0
111020001,B,9.0,9.0
111020002,B,6.0,6.0
111020003,B,13.0,13.0
111020004,B,13.0,13.0
111030001,B,6.0,6.0
111030008,B,13.0,13.0
111040001,B,9.0,9.0
111040002,R,9.0,9.0
111040005,B,15.0,15.0
111040006,B J,15.0,15.0
111043201,B,15.0,15.0
111043203,B,9.0,9.0
111043302,B,12.0,12.0
111044102,B,16.0,16.0
111045102,B,16.0,16.0
111050003,B,9.0,9.0
111050004,B,12.0,12.0
111055102,B,6.0,6.0
111070002,B,12.0,12.0
111070003,B,9.0,9.0
111070004,B,6.0,6.0
111070005,B,13.0,13.0
111070006,B,6.0,6.0
111073104,B,9.0,9.0
111080002,B,6.0,6.0
111090004,A,16.0,16.0
111120001,A,6.0,6.0
111120002,A,15.0,15.0
111120003,A,16.0,16.0
111120006,A,16.0,16.0
111124101,A,16.0,16.0
111124102,B,16.0,16.0
111130001,A,15.0,15.0
111130002,A,13.0,13.0
111130003,A,13.0,13.0
111130006,A,16.0,16.0
111131103,B,15.0,15.0
111135102,B,16.0,16.0
111140003,B,16.0,16.0
111144102,,18.0,18.0
111150002,A,12.0,12.0
111190001,A,12.0,12.0
111190002,I,13.0,13.0
111190005,A,16.0,16.0
111195102,B,15.0,15.0
112020002,A,16.0,16.0
112020003,A,15.0,15.0
112020004,A,16.0,16.0
112021102,A,12.0,12.0
112021103,A,16.0,16.0
112021104,,13.0,13.0
112021105,A,13.0,13.0
112040002,B,13.0,13.0
112040004,B,16.0,16.0
112040005,B,16.0,16.0
112040008,B,16.0,16.0
112100006,B,15.0,15.0
112103101,B,18.0,18.0
112160001,A,16.0,16.0
112160002,N,13.0,13.0
112160005,,6.0,6.0
112160006,C1,9.0,9.0
112165102,C1,9.0,9.0
112170002,A,12.0,12.0
112170003,A,18.0,18.0
112170004,A,16.0,16.0
112180001,S,15.0,15.0
112180002,B,16.0,16.0
112180005,B,16.0,16.0
112180006,B,12.0,12.0
113010001,B,9.0,9.0
113010002,B,6.0,6.0
113010004,B,13.0,13.0
113010005,B,13.0,13.0
113010008,B,12.0,12.0
113015101,,9.0,9.0
113020003,B,12.0,12.0
113020004,B,9.0,9.0
113020006,B,12.0,12.0
113020008,B,12.0,12.0
113020009,B,16.0,16.0
113020010,B,12.0,12.0
113020011,B,12.0,12.0
113023102,B,6.0,6.0
113023103,B,9.0,9.0
113024301,B,13.0,13.0
113024401,A,15.0,15.0
113030001,B,6.0,6.0
113030002,B,6.0,6.0
113030003,B,12.0,12.0
113030004,B,12.0,12.0
113030005,,12.0,12.0
113035102,B,9.0,9.0
113035201,,13.0,13.0
113050001,B,9.0,9.0
113050002,B,6.0,6.0
113050003,B,9.0,9.0
113054101,B,12.0,12.0
113060001,B,6.0,6.0
113060002,B,6.0,6.0
113060004,B,6.0,6.0
113060005,B,12.0,12.0
113060006,B,9.0,9.0
113060007,B,9.0,9.0
113060008,B,9.0,9.0
113063104,B,6.0,6.0
113063205,B,9.0,9.0
113064205,B,6.0,6.0
113065102,B,9.0,9.0
113070001,,6.0,6.0
113070002,B,6.0,6.0
113070003,B,9.0,9.0
113070004,B,9.0,9.0
113070005,B,13.0,13.0
113074102,B,9.0,9.0
113075102,B,9.0,9.0
113080001,,6.0,6.0
113080002,B,6.0,6.0
113080003,B,6.0,6.0
113080004,B,13.0,13.0
113083101,B,9.0,9.0
113084101,B,12.0,12.0
113084202,B,12.0,12.0
113090001,B,6.0,6.0
113090002,B,9.0,9.0
113090003,B,6.0,6.0
113090004,B,9.0,9.0
113090005,B,13.0,13.0
113090006,B,9.0,9.0
113100002,B,9.0,9.0
113100003,B,12.0,12.0
113100004,B,15.0,15.0
113100005,B,9.0,9.0
113110001,B,6.0,6.0
113110003,B,6.0,6.0
113110004,B,9.0,9.0
113110005,B,6.0,6.0
113110006,B,9.0,9.0
113110007,B,13.0,13.0
113110008,B,9.0,9.0
113111105,B,9.0,9.0
113113102,B,6.0,6.0
113114102,B,15.0,15.0
113120001,B,6.0,6.0
113120002,B,6.0,6.0
113120003,B,6.0,6.0
113120004,B,6.0,6.0
113120005,B,12.0,12.0
113123104,B,9.0,9.0
113130001,B,6.0,6.0
113130002,B,6.0,6.0
113130003,B,6.0,6.0
113130004,B,6.0,6.0
113130006,B,9.0,9.0
113130007,B,9.0,9.0
113135102,B,9.0,9.0
113135201,B,9.0,9.0
113140001,B,6.0,6.0
113140002,B,6.0,6.0
113140003,B,12.0,12.0
113150001,B,6.0,6.0
113150002,B,6.0,6.0
113150003,B,6.0,6.0
113150004,B,12.0,12.0
113150006,B,16.0,16.0
113150007,B,13.0,13.0
113154201,B,9.0,9.0
113160001,B,6.0,6.0
113160002,B,6.0,6.0
113160003,B,9.0,9.0
113160004,,9.0,9.0
113160005,B,6.0,6.0
113160007,B,13.0,13.0
113160008,B,9.0,9.0
113165102,B,9.0,9.0
113165202,B,6.0,6.0
113170002,B,6.0,6.0
113170003,B,6.0,6.0
113170004,B,6.0,6.0
113170005,B,6.0,6.0
113170006,B,6.0,6.0
113170008,B,6.0,6.0
113171105,B,12.0,12.0
113171106,B,9.0,9.0
113171107,B,12.0,12.0
113171109,B,9.0,9.0
113174106,B,9.0,9.0
113180002,B,6.0,6.0
113180005,B,9.0,9.0
113180006,B,9.0,9.0
113180007,B,6.0,6.0
113180008,B,9.0,9.0
113181103,,12.0,12.0
113183104,B,9.0,9.0
113184202,B,9.0,9.0
113190001,B,6.0,6.0
113190003,B,9.0,9.0
113190006,B,9.0,9.0
113190007,B,9.0,9.0
113190008,B,12.0,12.0
113190009,B,9.0,9.0
113194202,B,9.0,9.0
113200002,,6.0,6.0
114010001,B,13.0,13.0
114010002,B,12.0,12.0
114010005,B,12.0,12.0
114010006,B,13.0,13.0
114010007,B,13.0,13.0
114020001,,9.0,9.0
114020002,B,16.0,16.0
114020003,B,16.0,16.0
114020004,B,15.0,15.0
114020005,B,12.0,12.0
114020007,B,13.0,13.0
114023101,B,13.0,13.0
114024102,B,9.0,9.0
114025102,B,9.0,9.0
114030003,B,12.0,12.0
114034103,B,13.0,13.0
114040002,B,6.0,6.0
114040003,B,13.0,13.0
114040005,B,12.0,12.0
114050001,B,6.0,6.0
114050002,B,6.0,6.0
114050003,B,12.0,12.0
114050004,B,13.0,13.0
114050005,B,9.0,9.0
114050006,B,13.0,13.0
114050007,B,9.0,9.0
114055102,B,12.0,12.0
114060001,B,6.0,6.0
114060002,B,6.0,6.0
114060007,,12.0,12.0
114060008,B,13.0,13.0
114080004,B,9.0,9.0
114080007,B,12.0,12.0
114100001,B,6.0,6.0
114100002,B,6.0,6.0
114100003,B,12.0,12.0
114100005,B,12.0,12.0
114103103,B,13.0,13.0
114110001,B,6.0,6.0
114110002,B,6.0,6.0
114110003,B,9.0,9.0
114110004,,9.0,9.0
114110005,B,6.0,6.0
114120001,B,15.0,15.0
114120002,B,6.0,6.0
114120003,B,16.0,16.0
114120004,B,13.0,13.0
114120005,C,13.0,13.0
114140001,,6.0,6.0
114140002,B,13.0,13.0
114140003,B,12.0,12.0
114140004,B,12.0,12.0
114140005,B,12.0,12.0
114140006,B,13.0,13.0
114140007,B,13.0,13.0
114143104,B,9.0,9.0
114144101,,13.0,13.0
114150002,B,6.0,6.0
114150004,B,12.0,12.0
114150005,B,13.0,13.0
114150006,B,13.0,13.0
114150007,B,12.0,12.0
114150009,B,13.0,13.0
114150011,B,6.0,6.0
114153102,B,13.0,13.0
114160001,,9.0,9.0
114160003,B,12.0,12.0
114160005,B,16.0,16.0
114160006,B,9.0,9.0
114160009,B,13.0,13.0
114160013,B,9.0,9.0
114160015,B,13.0,13.0
114161105,B,16.0,16.0
114170001,B,16.0,16.0
114170002,B,16.0,16.0
114170003,B,13.0,13.0
114170004,B,16.0,16.0
114170005,B,13.0,13.0
114175102,B,13.0,13.0
114175201,B,13.0,13.0
114180001,,6.0,6.0
114180003,B,16.0,16.0
114180004,B,12.0,12.0
114180005,B,15.0,15.0
114180010,B,16.0,16.0
114180014,B,16.0,16.0
114180015,B,3.0,3.0
114184102,B,13.0,13.0
114184202,B,13.0,13.0
114185101,B,9.0,9.0
114190003,B,16.0,16.0
114190004,B,16.0,16.0
114190005,B,15.0,15.0
114190006,B,9.0,9.0
114190007,B,12.0,12.0
114190009,B,16.0,16.0
114190010,B,16.0,16.0
114190011,B,13.0,13.0
114190012,B,22.0,22.0
114190013,B,9.0,9.0
114190016,C,6.0,6.0
114195202,B,16.0,16.0
114200001,B,13.0,13.0
114200002,B,9.0,9.0
114200003,B,16.0,16.0
114200005,B,15.0,15.0
115010001,B,6.0,6.0
115010002,B,16.0,16.0
115010003,B,9.0,9.0
115010004,B,9.0,9.0
115014101,B,9.0,9.0
115020001,A,12.0,12.0
115020002,B,6.0,6.0
115020003,B,6.0,6.0
115020004,B,12.0,12.0
115020009,B,12.0,12.0
115030002,B,9.0,9.0
115030003,B,9.0,9.0
115030004,B,13.0,13.0
115035102,B,6.0,6.0
115050001,B,9.0,9.0
115050002,B,6.0,6.0
115050003,,12.0,12.0
115060003,B,6.0,6.0
115070001,B,6.0,6.0
115070002,B,6.0,6.0
115070003,B,6.0,6.0
115070004,B,12.0,12.0
115070005,B,13.0,13.0
115080001,B,13.0,13.0
115080002,B,6.0,6.0
115080003,B,12.0,12.0
115080005,B,13.0,13.0
115080007,B,12.0,12.0
115085202,B,16.0,16.0
115085301,B,9.0,9.0
115090003,B,6.0,6.0
115090004,B,6.0,6.0
115090005,B,9.0,9.0
115090006,B,12.0,12.0
115090007,B,12.0,12.0
115095101,B,13.0,13.0
115100001,B,9.0,9.0
115100002,B,12.0,12.0
115100003,B,9.0,9.0
115100004,B,9.0,9.0
115100005,B,9.0,9.0
115100006,B,9.0,9.0
115110001,B,6.0,6.0
115110002,B,6.0,6.0
115110004,B,9.0,9.0
115110006,B,13.0,13.0
115114101,B,12.0,12.0
115120002,B,6.0,6.0
115120003,B,9.0,9.0
115120004,B,13.0,13.0
115130001,,6.0,6.0
115130002,,6.0,6.0
115140002,,6.0,6.0
115140003,B,12.0,12.0
115140004,B,16.0,16.0
115140005,B,12.0,12.0
115140006,B,13.0,13.0
115140010,B,6.0,6.0
115143104,B,12.0,12.0
115145102,B,16.0,16.0
115150003,,12.0,12.0
115150005,,16.0,16.0
115150006,,12.0,12.0
115150007,B,12.0,12.0
115150008,,15.0,15.0
115150009,A,16.0,16.0
115150011,,15.0,15.0
115160001,,6.0,6.0
115160003,B,9.0,9.0
115170001,B,6.0,6.0
115170002,B,6.0,6.0
115170003,B,9.0,9.0
115170005,B,9.0,9.0
115170006,B,9.0,9.0
115170008,A,13.0,13.0
115180001,B,6.0,6.0
115180002,B,9.0,9.0
115180003,B,12.0,12.0
115180004,B,9.0,9.0
115180006,B,9.0,9.0
115180007,B,6.0,6.0
115183103,B,15.0,15.0
115185102,B,12.0,12.0
115190002,,6.0,6.0
115190003,B,6.0,6.0
115190004,B,9.0,9.0
115190011,,12.0,12.0
115190013,B,13.0,13.0
115190015,B,12.0,12.0
115190016,B,12.0,12.0
115190017,B,9.0,9.0
115190019,B,9.0,9.0
115194101,B,9.0,9.0
115200001,B,6.0,6.0
115200002,B,6.0,6.0
115200003,B,6.0,6.0
115200004,B,16.0,16.0
115200006,B,12.0,12.0
115200007,B,13.0,13.0
115200008,B,6.0,6.0
115200009,B,9.0,9.0
115220001,B,6.0,6.0
115220002,B,6.0,6.0
115220003,,6.0,6.0
115220005,B,6.0,6.0
115220007,B,6.0,6.0
115220008,B,9.0,9.0
115224102,B,9.0,9.0
115225102,B,6.0,6.0
115225103,B,9.0,9.0
115230001,B,6.0,6.0
115230002,B,6.0,6.0
115230003,B,9.0,9.0
115230004,B,9.0,9.0
115235101,,9.0,9.0
115240004,B,9.0,9.0
115240005,B,6.0,6.0
115240006,B,9.0,9.0
115250002,B,6.0,6.0
115250003,B,6.0,6.0
115250004,B,9.0,9.0
115250006,B,12.0,12.0
115250007,B,13.0,13.0
115254101,,12.0,12.0
115255101,B,9.0,9.0
115270002,,6.0,6.0
115270003,B,6.0,6.0
115280001,B,6.0,6.0
115280002,B,6.0,6.0
115280004,B,9.0,9.0
115280007,B,9.0,9.0
115280011,,13.0,13.0
115290002,B,9.0,9.0
115290003,B,6.0,6.0
115290005,B,6.0,6.0
115290006,B,6.0,6.0
115290007,B,6.0,6.0
115290010,B,6.0,6.0
115290011,B,13.0,13.0
115293106,B,13.0,13.0
115293203,B,13.0,13.0
115300001,B,12.0,12.0
115300002,B,16.0,16.0
115300003,B,16.0,16.0
115300008,B,12.0,12.0
116010001,B,6.0,6.0
116010002,B,6.0,6.0
116010003,B,12.0,12.0
116020003,B,9.0,9.0
116040001,,6.0,6.0
116040002,B,6.0,6.0
116040003,B,6.0,6.0
116050001,B,6.0,6.0
116050002,B,6.0,6.0
116050003,B,6.0,6.0
116050004,B,6.0,6.0
116060001,B,6.0,6.0
116060002,B,6.0,6.0
116060003,B,6.0,6.0
116060005,B,6.0,6.0
116060006,B,6.0,6.0
116063106,B,6.0,6.0
116065101,B,9.0,9.0
116070001,B,12.0,12.0
116070002,B,6.0,6.0
116070003,B,15.0,15.0
116070004,B,18.0,18.0
116070005,B,16.0,16.0
116072102,B,15.0,15.0
116074102,B,16.0,16.0
116075101,B,12.0,12.0
116080002,B,6.0,6.0
116080004,B,12.0,12.0
116090002,B,9.0,9.0
116090003,B,9.0,9.0
116090005,B,9.0,9.0
116095102,B,9.0,9.0
116100002,B,6.0,6.0
116100003,B,6.0,6.0
116100004,,6.0,6.0
116100007,B,9.0,9.0
116100008,B,9.0,9.0
116101104,B,13.0,13.0
116110001,B,6.0,6.0
116110002,B,6.0,6.0
116110003,B,9.0,9.0
116110004,B,13.0,13.0
116120001,B,6.0,6.0
116120002,B,9.0,9.0
116120003,B,9.0,9.0
116120004,B,6.0,6.0
116120005,B,13.0,13.0
116130002,B,6.0,6.0
116130004,B,13.0,13.0
116130006,,6.0,6.0
116135101,B,6.0,6.0
116140001,B,6.0,6.0
116140003,,6.0,6.0
116150001,,6.0,6.0
116150002,,6.0,6.0
116150005,B,6.0,6.0
116150007,B,6.0,6.0
116152105,B,13.0,13.0
116170001,,6.0,6.0
116170005,B,6.0,6.0
116170006,B,6.0,6.0
116180002,,6.0,6.0
116180003,B,6.0,6.0
116190001,,6.0,6.0
116190002,B,6.0,6.0
116190003,B,6.0,6.0
116190004,B,9.0,9.0
116190005,B,6.0,6.0
116190006,B,16.0,16.0
116190007,B,15.0,15.0
116194102,A,6.0,6.0
116200001,B,6.0,6.0
116200003,B,9.0,9.0
116200006,B,6.0,6.0
116202103,B,9.0,9.0
116204104,B,9.0,9.0
116210003,B,6.0,6.0
116230002,B,9.0,9.0
116230003,B,13.0,13.0
116230004,B,12.0,12.0
116240002,B,6.0,6.0
116240003,B,6.0,6.0
116241101,B,6.0,6.0
116250001,B,6.0,6.0
116250002,B,6.0,6.0
116250003,B,12.0,12.0
116250004,B,9.0,9.0
116250005,B,9.0,9.0
116254101,B,12.0,12.0
116270001,B,6.0,6.0
116280001,B,6.0,6.0
116280002,B,6.0,6.0
116280003,B,6.0,6.0
116280004,B,9.0,9.0
116290001,,15.0,15.0
116300001,,6.0,6.0
116300002,,6.0,6.0
116300003,B,6.0,6.0
116300004,B,9.0,9.0
117010003,B,9.0,9.0
117010004,B,6.0,6.0
117010005,B,12.0,12.0
117020001,B,6.0,6.0
117020002,B,6.0,6.0
117020005,B,12.0,12.0
117020006,B,15.0,15.0
117024202,B,12.0,12.0
117024301,B,15.0,15.0
117030002,B,6.0,6.0
117030003,B,12.0,12.0
117030004,B,16.0,16.0
117030005,,16.0,16.0
117034101,B,12.0,12.0
117040004,B,6.0,6.0
117040007,B,6.0,6.0
117040008,B,6.0,6.0
117050001,B,9.0,9.0
117050002,B,9.0,9.0
117050003,B,12.0,12.0
117050006,B,9.0,9.0
117100001,B,13.0,13.0
117100002,B,6.0,6.0
117100003,B,12.0,12.0
117104101,B,16.0,16.0
117110002,B,6.0,6.0
117110003,B,13.0,13.0
117110004,B,6.0,6.0
117110007,B,6.0,6.0
117113101,B,12.0,12.0
117120002,B,6.0,6.0
117120003,B,12.0,12.0
117120004,B,13.0,13.0
117120005,B,12.0,12.0
117120006,,6.0,6.0
117120007,B,6.0,6.0
117120008,B,6.0,6.0
117120010,B,13.0,13.0
117124102,B,6.0,6.0
117125102,B,9.0,9.0
117130004,B,12.0,12.0
117130006,B,6.0,6.0
117140001,B,16.0,16.0
117140002,B,12.0,12.0
117140003,B,16.0,16.0
117140005,B,16.0,16.0
117150001,B,12.0,12.0
117150002,B,6.0,6.0
117150003,B,15.0,15.0
117154102,T,12.0,12.0
117160001,B,16.0,16.0
117160002,B,16.0,16.0
117160003,B,16.0,16.0
117160004,B,16.0,16.0
117170001,B,12.0,12.0
117170002,B,12.0,12.0
117170003,B,16.0,16.0
117170007,B,16.0,16.0
117180003,B,12.0,12.0
117180004,,12.0,12.0
117180008,B,12.0,12.0
117180009,B,12.0,12.0
117180012,B,12.0,12.0
117180014,B,13.0,13.0
117182109,B,13.0,13.0
117185203,B,12.0,12.0
118010001,B,6.0,6.0
118030002,B,6.0,6.0
118030003,B,9.0,9.0
118030004,B,9.0,9.0
118030006,B,13.0,13.0
118033102,B,13.0,13.0
118035101,A,6.0,6.0
118040001,B,6.0,6.0
118040002,B,6.0,6.0
118040005,,6.0,6.0
118040006,B,9.0,9.0
118060002,B,6.0,6.0
118060003,B,6.0,6.0
118064101,A,6.0,6.0
118070001,B,6.0,6.0
118070002,B,6.0,6.0
118070003,B,6.0,6.0
118070004,B,6.0,6.0
118070005,,9.0,9.0
118074201,B,9.0,9.0
118075102,B,9.0,9.0
118090001,B,6.0,6.0
118090002,B,6.0,6.0
118090003,B,9.0,9.0
118090004,B,6.0,6.0
118095102,B,6.0,6.0
118095202,B,12.0,12.0
118100003,B,16.0,16.0
118104102,B,9.0,9.0
118110002,B,6.0,6.0
118110003,B,6.0,6.0
118110004,B,6.0,6.0
118113203,B,6.0,6.0
118120001,B,6.0,6.0
118120002,B,6.0,6.0
118120003,B,6.0,6.0
118120004,B,6.0,6.0
118124201,A,6.0,6.0
118130001,A,6.0,6.0
118130002,A,6.0,6.0
118130003,B,6.0,6.0
118130004,B,6.0,6.0
118130005,A,6.0,6.0
118134101,B,13.0,13.0
118135102,B,6.0,6.0
118140001,,6.0,6.0
118140002,B,6.0,6.0
118150001,B,6.0,6.0
118150002,B,6.0,6.0
118150003,B,9.0,9.0
118150004,B,13.0,13.0
118150005,B,16.0,16.0
118160001,B,6.0,6.0
118160002,B,6.0,6.0
118160003,B,9.0,9.0
118160004,B,6.0,6.0
118162105,I,9.0,9.0
118170002,B,6.0,6.0
118170003,B,13.0,13.0
118170004,B,16.0,16.0
118170005,B,9.0,9.0
118200002,B,6.0,6.0
118200004,B,9.0,9.0
118204101,B,6.0,6.0
118220001,A,6.0,6.0
118220002,,6.0,6.0
118220003,B,6.0,6.0
118240003,B,6.0,6.0
118240004,B,6.0,6.0
118240006,B,6.0,6.0
118240007,B,6.0,6.0
118243101,A,6.0,6.0
118244102,B,6.0,6.0
118250003,A,6.0,6.0
118250004,A,6.0,6.0
118260003,B,6.0,6.0
118260004,B,6.0,6.0
118260005,B,6.0,6.0
118260006,B,6.0,6.0
118260008,B,6.0,6.0
118262101,B,6.0,6.0
118270002,B,6.0,6.0
118274102,A,6.0,6.0
118280001,B,6.0,6.0
118280002,A,6.0,6.0
118280003,B,9.0,9.0
118280004,B,9.0,9.0
118284101,B,6.0,6.0
118284202,B,9.0,9.0
118290001,B,6.0,6.0
118290002,B,6.0,6.0
118290003,B,6.0,6.0
118290004,B,6.0,6.0
118292102,B,6.0,6.0
119010003,A,6.0,6.0
119020001,A,9.0,9.0
119020002,,6.0,6.0
119020003,A,9.0,9.0
119020004,A,6.0,6.0
119020007,A,16.0,16.0
119020008,A,9.0,9.0
119020009,A,12.0,12.0
119023105,A,9.0,9.0
119030003,A,6.0,6.0
119033102,A,9.0,9.0
119040001,A,6.0,6.0
119070002,A,6.0,6.0
119070003,A,6.0,6.0
119070005,A,6.0,6.0
119070007,A,9.0,9.0
119075202,,6.0,6.0
119080004,A,6.0,6.0
119080007,A,13.0,13.0
119080008,A,6.0,6.0
119090001,A,6.0,6.0
119090002,A,6.0,6.0
119090005,A,9.0,9.0
119090006,A,6.0,6.0
119090010,A,9.0,9.0
119094102,A,9.0,9.0
119110002,A,6.0,6.0
119110003,A,6.0,6.0
119110006,A,6.0,6.0
119120001,A,6.0,6.0
119120002,A,6.0,6.0
119130001,A,6.0,6.0
119130002,A,6.0,6.0
119140003,A,6.0,6.0
119144102,A,6.0,6.0
119150001,,6.0,6.0
119150003,A,6.0,6.0
119150004,A,6.0,6.0
119150005,A,6.0,6.0
119150009,A,6.0,6.0
119155102,,6.0,6.0
119160003,B,6.0,6.0
119160004,A,6.0,6.0
119160006,A,9.0,9.0
119170002,A,6.0,6.0
119170003,A,6.0,6.0
119170004,A,9.0,9.0
119180003,A,6.0,6.0
119180004,A,9.0,9.0
119180005,A,6.0,6.0
119190003,,13.0,13.0
119190005,A,9.0,9.0
119190006,B,12.0,12.0
119190007,A,12.0,12.0
119195102,,12.0,12.0
119200004,A,6.0,6.0
119200005,A,6.0,6.0
119200007,A,13.0,13.0
119205101,,12.0,12.0
119210001,,6.0,6.0
119210006,A,6.0,6.0
119220002,A,9.0,9.0
119220003,,6.0,6.0
119223101,A,6.0,6.0
119240002,A,6.0,6.0
119240003,A,6.0,6.0
119240004,A,6.0,6.0
119240005,A,6.0,6.0
119260003,A,9.0,9.0
119260005,A,12.0,12.0
119270002,A,6.0,6.0
119270003,A,6.0,6.0
119280005,A,6.0,6.0
119280006,A,6.0,6.0
119280007,A,6.0,6.0
119283102,A,6.0,6.0
119290002,A,6.0,6.0
119290004,A,9.0,9.0
119300001,A,6.0,6.0
119300002,A,6.0,6.0
119300003,A,13.0,13.0
119300004,A,9.0,9.0
119303102,A,13.0,13.0
120010001,B,6.0,6.0
120010002,B,6.0,6.0
120010005,B,9.0,9.0
120030003,B,13.0,13.0
120030004,B,6.0,6.0
120030005,B,9.0,9.0
120030006,B,6.0,6.0
120030008,B,9.0,9.0
120030014,B,6.0,6.0
120035103,B,6.0,6.0
120040001,B,6.0,6.0
120040002,B,6.0,6.0
120040003,B,6.0,6.0
120040005,,6.0,6.0
120040006,B,9.0,9.0
120040007,B,9.0,9.0
120040009,,6.0,6.0
120040010,,6.0,6.0
120040017,,15.0,15.0
120043103,B,9.0,9.0
120045102,B,6.0,6.0
120050001,B,16.0,16.0
120050002,B,12.0,12.0
120050003,B,16.0,16.0
120060001,B,6.0,6.0
120060002,B,6.0,6.0
120070002,B,6.0,6.0
120070005,B,9.0,9.0
120070006,B,9.0,9.0
120080004,B,6.0,6.0
120080007,B,12.0,12.0
120080008,B,9.0,9.0
120090002,B,6.0,6.0
120090003,B,6.0,6.0
120090004,B,6.0,6.0
120090006,B,9.0,9.0
120090008,B,6.0,6.0
120090009,,6.0,6.0
120093101,B,6.0,6.0
120093103,B,9.0,9.0
120093104,B,9.0,9.0
120093202,B,6.0,6.0
120100003,B,6.0,6.0
120100004,B,6.0,6.0
120100006,B,6.0,6.0
120105101,,6.0,6.0
120110001,B,6.0,6.0
120110002,B,6.0,6.0
120110003,B,9.0,9.0
120110004,B,9.0,9.0
120114201,B,6.0,6.0
120120001,B,6.0,6.0
120120002,B,6.0,6.0
120120004,B,6.0,6.0
120120006,B,6.0,6.0
120120007,B,6.0,6.0
120130001,,6.0,6.0
120130003,B,6.0,6.0
120130004,B,9.0,9.0
120150001,B,6.0,6.0
120150002,B,6.0,6.0
120150007,B,9.0,9.0
120150010,B,6.0,6.0
120150015,,6.0,6.0
120154202,B,6.0,6.0
120154302,B,6.0,6.0
120154402,B,6.0,6.0
120160001,B,6.0,6.0
120160002,B,6.0,6.0
120160003,B,6.0,6.0
120160007,B,6.0,6.0
120160008,B,9.0,9.0
120160010,B,6.0,6.0
120160011,B,6.0,6.0
120160012,B,9.0,9.0
120160013,,6.0,6.0
120160014,B,9.0,9.0
120160015,B,6.0,6.0
120160017,B,6.0,6.0
120165202,B,6.0,6.0
120170001,B,6.0,6.0
120170002,B,6.0,6.0
120170003,B,6.0,6.0
120170004,B,6.0,6.0
120174101,B,6.0,6.0
120180001,B,6.0,6.0
120180002,B,6.0,6.0
120210001,B,6.0,6.0
120210002,B,6.0,6.0
120210005,B,6.0,6.0
120220004,,6.0,6.0
120220005,B,6.0,6.0
120220006,,6.0,6.0
120220011,B,9.0,9.0
120230001,B,6.0,6.0
120230003,B,6.0,6.0
120230008,B,6.0,6.0
120240001,B,6.0,6.0
120240002,B,6.0,6.0
120240004,B,6.0,6.0
120240006,B,6.0,6.0
120260002,B,6.0,6.0
120260003,B,6.0,6.0
120260004,B,9.0,9.0
120260005,B,6.0,6.0
120260006,B,12.0,12.0
120265102,B,6.0,6.0
120265202,B,9.0,9.0
120265302,B,12.0,12.0
120270003,B,6.0,6.0
120270005,B,9.0,9.0
120270009,B,9.0,9.0
120271101,B,6.0,6.0
120280003,B,6.0,6.0
120280004,B,6.0,6.0
120280007,B,6.0,6.0
120290001,,6.0,6.0
120290004,B,9.0,9.0
120290007,B,9.0,9.0
120300002,B,6.0,6.0
120300003,B,6.0,6.0
120300004,B,6.0,6.0
121010002,,6.0,6.0
121010003,,16.0,16.0
121010004,A,12.0,12.0
121010006,A,15.0,15.0
121010007,A,16.0,16.0
121010008,A,16.0,16.0
121010009,A,12.0,12.0
121011107,A,9.0,9.0
121013102,E1,16.0,16.0
121013103,E1,13.0,13.0
121015102,A,12.0,12.0
121015202,A,16.0,16.0
121020001,A,6.0,6.0
121020003,A,13.0,13.0
121020004,,9.0,9.0
121020005,A,9.0,9.0
121020006,A,13.0,13.0
121020008,A,6.0,6.0
121040002,A,6.0,6.0
121040004,A,13.0,13.0
121044102,A,12.0,12.0
121050002,A,13.0,13.0
121050003,A,9.0,9.0
121050005,A,13.0,13.0
121050006,A,9.0,9.0
121080001,A,9.0,9.0
121080002,A,6.0,6.0
121080003,A,6.0,6.0
121080006,A,6.0,6.0
121080007,A,6.0,6.0
121090002,,6.0,6.0
121090003,A,6.0,6.0
121090004,,6.0,6.0
121093102,A,16.0,16.0
121093103,A,12.0,12.0
121093104,A,12.0,12.0
121100001,A,6.0,6.0
121100002,A,6.0,6.0
121100003,A,15.0,15.0
121100004,A,13.0,13.0
121100008,A,12.0,12.0
121100009,A,13.0,13.0
121100010,A,13.0,13.0
121103103,A,13.0,13.0
121110001,A,9.0,9.0
121110002,A,6.0,6.0
121110003,A,13.0,13.0
121110005,,6.0,6.0
121110007,A,6.0,6.0
121110009,A,6.0,6.0
121110010,A,9.0,9.0
121110011,A,6.0,6.0
121110013,A,13.0,13.0
121113202,A,6.0,6.0
121113203,B,12.0,12.0
121113401,A,6.0,6.0
121113404,A,13.0,13.0
121114202,A,13.0,13.0
121120002,A,13.0,13.0
121125102,A,6.0,6.0
121130001,A,6.0,6.0
121130002,A,6.0,6.0
121130004,A,6.0,6.0
121135102,A,12.0,12.0
121140001,A,6.0,6.0
121140002,A,6.0,6.0
121140003,A,9.0,9.0
121140004,A,9.0,9.0
121140005,A,16.0,16.0
121140007,A,13.0,13.0
121140008,A,13.0,13.0
121143102,A,6.0,6.0
121143103,A,6.0,6.0
121144102,A,6.0,6.0
121150002,A,6.0,6.0
121150003,A,6.0,6.0
121150004,A,9.0,9.0
121150006,A,6.0,6.0
121150007,A,13.0,13.0
121150008,A,13.0,13.0
121154101,A,6.0,6.0
121155202,A,9.0,9.0
121160002,,6.0,6.0
121160003,A,9.0,9.0
121160004,A,6.0,6.0
121160005,A,13.0,13.0
121160006,A,12.0,12.0
121180002,,12.0,12.0
121180005,A,15.0,15.0
121180007,A,13.0,13.0
121180008,A,12.0,12.0
121190001,A,6.0,6.0
121190002,A,6.0,6.0
121190003,A,12.0,12.0
121190004,A,9.0,9.0
121190005,A,6.0,6.0
121190006,A,9.0,9.0
121190007,,9.0,9.0
121190008,A,12.0,12.0
121190009,A,9.0,9.0
121190010,A,12.0,12.0
121190011,A,16.0,16.0
121190012,A,12.0,12.0
121190014,A,12.0,12.0
121190015,A,12.0,12.0
121190016,A,12.0,12.0
121193102,A,9.0,9.0
121193103,A,9.0,9.0
121193203,A,13.0,13.0
121193204,A,9.0,9.0
121193402,A,16.0,16.0
121193502,A,6.0,6.0
121193601,A,9.0,9.0
121193704,A,12.0,12.0
121195103,,6.0,6.0
121195202,A,13.0,13.0
121195301,B,12.0,12.0
121200001,A,6.0,6.0
121200002,A,6.0,6.0
121200003,,6.0,6.0
121200004,A,6.0,6.0
121200005,A,6.0,6.0
121200006,A,16.0,16.0
121200007,A,16.0,16.0
121200008,B,16.0,16.0
121203103,A,6.0,6.0
121204102,A,12.0,12.0
121204201,A,6.0,6.0
121204301,,6.0,6.0
121210001,A,16.0,16.0
121210004,A,13.0,13.0
121210005,A,15.0,15.0
121210006,A,12.0,12.0
121213102,A,16.0,16.0
121213103,A,13.0,13.0
121220002,A,6.0,6.0
121220003,A,9.0,9.0
121220004,A,9.0,9.0
121224102,A,9.0,9.0
121230001,A,6.0,6.0
121230002,A,6.0,6.0
121230004,A,13.0,13.0
121230006,,13.0,13.0
121240001,A,16.0,16.0
121240002,A,12.0,12.0
121240003,A,16.0,16.0
121240004,A,16.0,16.0
121240005,E1,16.0,16.0
121244103,B,16.0,16.0
121260002,A,13.0,13.0
121260003,A,6.0,6.0
121263102,A,9.0,9.0
121264102,A,6.0,6.0
121270002,A,6.0,6.0
121270003,A,6.0,6.0
121270006,A,13.0,13.0
121280002,A,6.0,6.0
121280003,A,6.0,6.0
121280004,A,6.0,6.0
121280005,A,13.0,13.0
121280006,A,6.0,6.0
121283102,A,6.0,6.0
121283103,A,13.0,13.0
121284106,A,13.0,13.0
121284205,A,6.0,6.0
121290002,A,6.0,6.0
121290003,A,6.0,6.0
121290004,A,6.0,6.0
121290005,A,6.0,6.0
121290006,A,6.0,6.0
121294102,A,6.0,6.0
122010002,B,6.0,6.0
122010003,B,12.0,12.0
122010004,B,13.0,13.0
122010005,B,9.0,9.0
122010006,A,13.0,13.0
122010007,B,9.0,9.0
122010008,A,9.0,9.0
122010011,B,13.0,13.0
122010012,B,12.0,12.0
122010014,,16.0,16.0
122013103,Q,13.0,13.0
122020001,B,6.0,6.0
122020002,B,6.0,6.0
122020003,B,6.0,6.0
122020005,B,9.0,9.0
122025203,B,9.0,9.0
122030001,B,6.0,6.0
122030002,A,6.0,6.0
122030003,A,12.0,12.0
122030005,E1,16.0,16.0
122033101,A,12.0,12.0
122034102,B,13.0,13.0
122050003,A,6.0,6.0
122050005,A,6.0,6.0
122050006,A,6.0,6.0
122050007,A,6.0,6.0
122050008,A,6.0,6.0
122050009,A,9.0,9.0
122050010,A,6.0,6.0
122051105,A,6.0,6.0
122051106,A,9.0,9.0
122053102,A,9.0,9.0
122053103,A,9.0,9.0
122060001,B,6.0,6.0
122060002,A,6.0,6.0
122060003,A,6.0,6.0
122060004,B,13.0,13.0
122060005,A,9.0,9.0
122060007,A,6.0,6.0
122060009,B,9.0,9.0
122060010,A,13.0,13.0
122060011,A,9.0,9.0
122060012,A,9.0,9.0
122063103,A,12.0,12.0
122063205,A,9.0,9.0
122065102,,13.0,13.0
122070001,A,6.0,6.0
122070002,A,6.0,6.0
122070003,A,13.0,13.0
122070004,A,13.0,13.0
122070005,A,12.0,12.0
122074102,B,13.0,13.0
122074202,A,9.0,9.0
122080001,A,6.0,6.0
122080002,A,6.0,6.0
122080003,A,13.0,13.0
122080004,A,9.0,9.0
122080005,A,13.0,13.0
122084104,A,13.0,13.0
122090001,A,6.0,6.0
122090002,A,6.0,6.0
122090003,A,15.0,15.0
122090004,A,13.0,13.0
122090005,A,16.0,16.0
122095102,B,13.0,13.0
122095201,B,16.0,16.0
122100001,A,6.0,6.0
122100002,A,6.0,6.0
122100003,A,6.0,6.0
122100004,A,13.0,13.0
122100005,A,9.0,9.0
122100006,A,9.0,9.0
122100007,A,13.0,13.0
122104101,A,6.0,6.0
122104202,A,12.0,12.0
122104301,A,6.0,6.0
122105101,A,6.0,6.0
122110003,,12.0,12.0
122110004,A,13.0,13.0
122120002,B,6.0,6.0
122120003,B,12.0,12.0
122120004,B,13.0,13.0
122120005,B,13.0,13.0
122125102,B,12.0,12.0
122130002,A,6.0,6.0
122130003,A,6.0,6.0
122130004,A,12.0,12.0
122130005,A B,16.0,16.0
122131101,B,9.0,9.0
122131103,A,13.0,13.0
122150001,A,6.0,6.0
122150002,A,6.0,6.0
122150003,A,13.0,13.0
122150004,A,9.0,9.0
122170001,A,6.0,6.0
122170002,B,12.0,12.0
122170003,B,12.0,12.0
122170004,B,13.0,13.0
122170005,B,12.0,12.0
122170006,A,15.0,15.0
122180003,A,9.0,9.0
122180004,A,12.0,12.0
122180006,E1,16.0,16.0
122180007,A,13.0,13.0
122180008,A,9.0,9.0
122180009,A,6.0,6.0
122180011,,12.0,12.0
122180013,A,13.0,13.0
122180015,A,15.0,15.0
122183205,A,16.0,16.0
122184102,A,9.0,9.0
122184201,B,6.0,6.0
122184301,A,9.0,9.0
122190001,A,6.0,6.0
122190002,A,9.0,9.0
122190003,A,9.0,9.0
122190004,A,6.0,6.0
122190005,A,6.0,6.0
122190007,A,6.0,6.0
122190008,A,6.0,6.0
122190009,B,6.0,6.0
122190010,A,13.0,13.0
122193102,B,6.0,6.0
122193204,A,9.0,9.0
122193301,B,9.0,9.0
122193304,A,9.0,9.0
122193402,A,9.0,9.0
122193403,B,9.0,9.0
122195102,A,6.0,6.0
122200001,A,9.0,9.0
122200002,A,6.0,6.0
122200004,A,9.0,9.0
122200005,A,13.0,13.0
122200006,A,9.0,9.0
123010001,A,6.0,6.0
123010002,A,9.0,9.0
123010003,A,6.0,6.0
123010004,A,9.0,9.0
123010005,A,13.0,13.0
123010008,A,6.0,6.0
123010012,E1,9.0,9.0
123013102,A,6.0,6.0
123013204,A,9.0,9.0
123015302,A,9.0,9.0
123020003,A,6.0,6.0
123020005,A,6.0,6.0
123020007,A,6.0,6.0
123020008,A,9.0,9.0
123020009,A,6.0,6.0
123020010,A,6.0,6.0
123020011,A,6.0,6.0
123020012,B,6.0,6.0
123020013,B,9.0,9.0
123020014,A,6.0,6.0
123020015,A,13.0,13.0
123020017,A,9.0,9.0
123021104,A,6.0,6.0
123021105,A,6.0,6.0
123021106,A,9.0,9.0
123025102,A,13.0,13.0
123030001,A,6.0,6.0
123030002,B,6.0,6.0
123030003,A,15.0,15.0
123030004,A,12.0,12.0
123030005,A,13.0,13.0
123030006,A,13.0,13.0
123034202,B,12.0,12.0
123035102,A,6.0,6.0
123040001,A,6.0,6.0
123040003,A,6.0,6.0
123040004,A,12.0,12.0
123045102,A,6.0,6.0
123050001,A,6.0,6.0
123050002,A,6.0,6.0
123050004,A,6.0,6.0
123050006,A,6.0,6.0
123050007,A,6.0,6.0
123050009,A,13.0,13.0
123050010,A,9.0,9.0
123050011,A,9.0,9.0
123060001,A,9.0,9.0
123060003,A,12.0,12.0
123060005,A,13.0,13.0
123060007,A,13.0,13.0
123060008,A,9.0,9.0
123065102,E1,9.0,9.0
123070002,A,6.0,6.0
123070004,,12.0,12.0
123070006,A,13.0,13.0
123080006,A,6.0,6.0
123083103,A,9.0,9.0
123083104,A,6.0,6.0
123090001,,9.0,9.0
123090002,A,6.0,6.0
123090003,A,6.0,6.0
123090004,A,6.0,6.0
123090005,A,6.0,6.0
123090006,A,6.0,6.0
123090007,A,6.0,6.0
123090008,A,6.0,6.0
123093107,A,6.0,6.0
123093204,A,6.0,6.0
123094210,A,9.0,9.0
123095102,A,9.0,9.0
123100002,A,6.0,6.0
123100003,A,6.0,6.0
123100005,B,6.0,6.0
123100007,A,6.0,6.0
123100009,A,13.0,13.0
123110001,,6.0,6.0
123110005,E1,6.0,6.0
123120002,A,12.0,12.0
123120003,A,13.0,13.0
123120005,A,12.0,12.0
123130001,A,6.0,6.0
123130002,A,6.0,6.0
123130005,A,13.0,13.0
123130006,A,16.0,16.0
123134102,A,9.0,9.0
123140003,A,9.0,9.0
123140004,A,12.0,12.0
123150001,A,6.0,6.0
123150002,A,6.0,6.0
123150003,A,9.0,9.0
123150004,A,9.0,9.0
123150005,A,6.0,6.0
123155102,A,9.0,9.0
123160004,E1,6.0,6.0
123170002,A,6.0,6.0
123170005,A,6.0,6.0
123170006,A,6.0,6.0
123170008,A,6.0,6.0
123180002,A,6.0,6.0
123190002,A,6.0,6.0
123190003,A,9.0,9.0
123190004,A,13.0,13.0
123193102,B,6.0,6.0
123193103,B,15.0,15.0
123193104,B E1,12.0,12.0
123200002,A,6.0,6.0
123200003,A,6.0,6.0
123200005,A,6.0,6.0
123200007,A,9.0,9.0
124020003,B,16.0,16.0
124020004,B,16.0,16.0
124020006,A,13.0,13.0
124023107,A,16.0,16.0
124040002,A,6.0,6.0
124040004,A,6.0,6.0
124040005,A,6.0,6.0
124040008,A,13.0,13.0
124040009,B,6.0,6.0
124045102,B,6.0,6.0
124050001,A,16.0,16.0
124050002,A,16.0,16.0
124050003,B,16.0,16.0
124050004,A,16.0,16.0
124050005,A,18.0,18.0
124053102,C1,18.0,18.0
124060001,A,12.0,12.0
124060002,A,6.0,6.0
124060004,A,13.0,13.0
124060005,A,15.0,15.0
124060006,A,9.0,9.0
124060007,A,9.0,9.0
124060008,,12.0,12.0
124060009,A,13.0,13.0
124060012,B,13.0,13.0
124064202,B,16.0,16.0
124070002,A,9.0,9.0
124070003,A,18.0,18.0
124070004,A,12.0,12.0
124070006,A,12.0,12.0
124073202,A,15.0,15.0
124075102,A,12.0,12.0
124080002,A,6.0,6.0
124080003,A,12.0,12.0
124080004,A,12.0,12.0
124080006,A,12.0,12.0
124090002,A,6.0,6.0
124090003,A,12.0,12.0
124090005,A,9.0,9.0
124090006,A,12.0,12.0
124100002,A,6.0,6.0
124100003,A,12.0,12.0
124100004,A,12.0,12.0
124103102,A,12.0,12.0
124103201,B,12.0,12.0
124103203,A,9.0,9.0
124110002,A,15.0,15.0
124114101,B,16.0,16.0
124120003,A,12.0,12.0
124120004,A,12.0,12.0
124140001,A,6.0,6.0
124140002,A,6.0,6.0
124140004,A,13.0,13.0
124150001,A,6.0,6.0
124150002,A,12.0,12.0
124160001,B,13.0,13.0
124160002,B,16.0,16.0
124160004,B,16.0,16.0
124160006,A,16.0,16.0
124160007,B,16.0,16.0
124170001,A,12.0,12.0
124170002,A,13.0,13.0
124170004,A,13.0,13.0
124170005,A,6.0,6.0
124174102,A,9.0,9.0
124175102,A,9.0,9.0
124180002,A,6.0,6.0
124180003,A,12.0,12.0
124180004,A,12.0,12.0
124180005,A,16.0,16.0
124182103,B,6.0,6.0
124182104,B,6.0,6.0
124183103,A,12.0,12.0
124184102,A,13.0,13.0
124190003,A,6.0,6.0
124190004,A,6.0,6.0
124190006,A,9.0,9.0
124190009,A,6.0,6.0
124190010,A,6.0,6.0
124190011,A,9.0,9.0
124191102,A,6.0,6.0
124192105,B,6.0,6.0
124192108,B,9.0,9.0
124194102,A,6.0,6.0
124200001,A,6.0,6.0
124200005,A,15.0,15.0
124200006,A,16.0,16.0
124205102,,12.0,12.0
125010002,B,6.0,6.0
125010003,B,9.0,9.0
125020001,B,6.0,6.0
125020002,B,6.0,6.0
125020004,B,9.0,9.0
125020005,A,6.0,6.0
125030001,B,6.0,6.0
125030002,B,6.0,6.0
125040002,B,6.0,6.0
125040003,B,6.0,6.0
125040004,B,6.0,6.0
125040005,B,6.0,6.0
125043104,B,6.0,6.0
125043301,B,6.0,6.0
125060005,B,9.0,9.0
125070001,B,6.0,6.0
125070004,B,12.0,12.0
125070008,B,6.0,6.0
125080001,B,16.0,16.0
125080002,B,9.0,9.0
125080003,B,16.0,16.0
125080005,,9.0,9.0
125090001,B,6.0,6.0
125100001,B,6.0,6.0
125110001,B,6.0,6.0
125120002,B,6.0,6.0
125120003,B,6.0,6.0
125140001,B,6.0,6.0
125140003,B,9.0,9.0
125150001,B,6.0,6.0
125150002,B,12.0,12.0
125160004,B,6.0,6.0
125160005,B,6.0,6.0
125170001,B,6.0,6.0
125170002,B,6.0,6.0
125190004,B,6.0,6.0
125210003,,6.0,6.0
125210004,B,6.0,6.0
125210005,B,9.0,9.0
125210007,A,13.0,13.0
125220001,B,6.0,6.0
125220002,B,6.0,6.0
125220004,B,9.0,9.0
125230002,B,12.0,12.0
125230003,B,6.0,6.0
125230004,B,6.0,6.0
125230005,B,13.0,13.0
125230006,B,13.0,13.0
125234102,B,9.0,9.0
125240001,B,15.0,15.0
125240002,B,6.0,6.0
125240003,B,13.0,13.0
125260001,,6.0,6.0
125260003,B,6.0,6.0
125260004,B,9.0,9.0
125270002,B,6.0,6.0
125270003,B,16.0,16.0
125270004,B,12.0,12.0
125271103,B,6.0,6.0
125275102,A,13.0,13.0
125280001,B,6.0,6.0
125280002,B,6.0,6.0
125280003,B,6.0,6.0
125280004,B,9.0,9.0
125280006,B,6.0,6.0
125285102,B,6.0,6.0
125290003,B,6.0,6.0
125291101,B,9.0,9.0
126010001,,6.0,6.0
126010003,B,6.0,6.0
126010004,B,6.0,6.0
126010005,B,6.0,6.0
126010006,B,13.0,13.0
126010007,B,12.0,12.0
126010008,B,13.0,13.0
126015202,B,9.0,9.0
126030002,B,6.0,6.0
126030003,B,6.0,6.0
126030004,B,9.0,9.0
126030006,B,9.0,9.0
126030007,B,9.0,9.0
126030010,,6.0,6.0
126034106,B,6.0,6.0
126040002,,6.0,6.0
126040004,B,9.0,9.0
126040005,B,13.0,13.0
126040006,B,13.0,13.0
126040007,B,6.0,6.0
126044201,B,6.0,6.0
126050001,B,6.0,6.0
126050002,B,6.0,6.0
126050003,B,6.0,6.0
126050004,B,9.0,9.0
126050006,B,9.0,9.0
126080003,B,6.0,6.0
126080004,B,6.0,6.0
126080006,B,9.0,9.0
126080007,B,9.0,9.0
126080008,B,9.0,9.0
126080009,B,9.0,9.0
126080010,B,9.0,9.0
126080011,A,13.0,13.0
126090002,B,6.0,6.0
126090003,B,6.0,6.0
126090005,B,9.0,9.0
126090006,B,9.0,9.0
126090007,B,6.0,6.0
126090008,B,6.0,6.0
126090009,B,9.0,9.0
126090010,B,9.0,9.0
126090011,B,6.0,6.0
126090012,B,6.0,6.0
126090015,B,9.0,9.0
126094105,B,6.0,6.0
126095102,B,6.0,6.0
126100002,B,12.0,12.0
126110003,B,6.0,6.0
126110005,B,9.0,9.0
126120002,,6.0,6.0
126120004,B,6.0,6.0
126120005,B,6.0,6.0
126120006,B,9.0,9.0
126120007,B,6.0,6.0
126120011,B,13.0,13.0
126120012,B,6.0,6.0
126121107,B,6.0,6.0
126123204,B,6.0,6.0
126124205,B,9.0,9.0
126130003,,6.0,6.0
126130004,B,6.0,6.0
126130006,B,6.0,6.0
126150002,B,12.0,12.0
126150003,B I,9.0,9.0
126150004,B,6.0,6.0
126150005,B,9.0,9.0
126150006,B,13.0,13.0
126150008,B,12.0,12.0
126154102,B,12.0,12.0
126155101,B,6.0,6.0
126160001,B,6.0,6.0
126160002,B,6.0,6.0
126160005,B,6.0,6.0
126160006,B,12.0,12.0
126161104,B,6.0,6.0
126161106,B,6.0,6.0
126170001,B,16.0,16.0
126170002,B,9.0,9.0
126170003,B,13.0,13.0
126170004,B,13.0,13.0
126170005,B,12.0,12.0
126175102,B,13.0,13.0
126175202,B,12.0,12.0
126180002,B,6.0,6.0
126180004,B,6.0,6.0
126180005,B,6.0,6.0
126180006,B,9.0,9.0
126180007,B,9.0,9.0
126180011,B,9.0,9.0
126190002,B,6.0,6.0
126190003,A,6.0,6.0
126190004,B,6.0,6.0
126190005,B,13.0,13.0
126190006,B,9.0,9.0
126190007,B,6.0,6.0
126190008,B,13.0,13.0
126200001,B,6.0,6.0
126200003,B,6.0,6.0
126200004,B,13.0,13.0
126200006,B,6.0,6.0
126201102,B,6.0,6.0
127010002,B,6.0,6.0
127020001,B,6.0,6.0
127020002,B,6.0,6.0
127020003,B,6.0,6.0
127020004,B,6.0,6.0
127020005,B,6.0,6.0
127024104,B,6.0,6.0
127025102,B,9.0,9.0
127030001,B,6.0,6.0
127030002,B,6.0,6.0
127030003,B,6.0,6.0
127030004,,6.0,6.0
127030005,B,13.0,13.0
127030006,B,6.0,6.0
127040001,,13.0,13.0
127040002,B,6.0,6.0
127040003,B,9.0,9.0
127040004,B,12.0,12.0
127040005,B,16.0,16.0
127040006,B,13.0,13.0
127040007,B,13.0,13.0
127043102,B,6.0,6.0
127045102,,16.0,16.0
127060002,B,6.0,6.0
127060003,B,6.0,6.0
127060004,B,9.0,9.0
127060006,B,9.0,9.0
127060007,B,9.0,9.0
127060008,B,6.0,6.0
127060009,B,13.0,13.0
127060010,B,13.0,13.0
127063102,B,9.0,9.0
127063202,B,9.0,9.0
127064103,B,6.0,6.0
127070004,B,6.0,6.0
127083104,B,6.0,6.0
127090002,B,6.0,6.0
127090003,B,9.0,9.0
127090004,B,9.0,9.0
127094101,B,13.0,13.0
127100001,B,6.0,6.0
127100002,B,6.0,6.0
127100003,B,6.0,6.0
127100005,B,9.0,9.0
127100007,B,13.0,13.0
127105102,B,9.0,9.0
127130001,B,6.0,6.0
127130002,B,6.0,6.0
127130005,B,13.0,13.0
127140001,B,6.0,6.0
127140002,B,6.0,6.0
127150001,,6.0,6.0
127150002,B,6.0,6.0
127150004,B,6.0,6.0
127150005,B,9.0,9.0
127150006,B,9.0,9.0
127154102,B,9.0,9.0
127160001,B,6.0,6.0
127160002,,6.0,6.0
127160005,,16.0,16.0
127160006,B,9.0,9.0
127160007,B,12.0,12.0
127160008,,6.0,6.0
127170004,B,6.0,6.0
127170005,B,9.0,9.0
127180002,B,6.0,6.0
127180003,B,6.0,6.0
127180004,B,6.0,6.0
127180005,B,6.0,6.0
127181103,B,13.0,13.0
127181104,B,12.0,12.0
127190001,B,6.0,6.0
127190003,B,12.0,12.0
127190004,B,9.0,9.0
127190005,B,9.0,9.0
127190009,B,12.0,12.0
127191102,B,12.0,12.0
127191103,B,9.0,9.0
127194101,Q,13.0,13.0
127195101,B,13.0,13.0
127200001,B,6.0,6.0
127200002,B,6.0,6.0
127200003,B,9.0,9.0
127200005,A,9.0,9.0
127220002,B,6.0,6.0
127220003,B,6.0,6.0
127220004,B,13.0,13.0
127220005,B,6.0,6.0
127220006,B,6.0,6.0
127220007,B,6.0,6.0
127220009,B,13.0,13.0
127225102,B,6.0,6.0
127230004,B,6.0,6.0
127230005,B,6.0,6.0
127230006,B,9.0,9.0
127230007,B,9.0,9.0
127230008,B,6.0,6.0
127230009,B,9.0,9.0
127230010,B,9.0,9.0
127234101,B,6.0,6.0
127235103,B,9.0,9.0
127240001,B,6.0,6.0
127240002,B,6.0,6.0
127240003,B,9.0,9.0
127245102,,9.0,9.0
127250001,B,6.0,6.0
127250003,B,6.0,6.0
127254102,B,6.0,6.0
127254103,B,12.0,12.0
127260002,B,6.0,6.0
127260003,B,13.0,13.0
127260005,B,13.0,13.0
127260006,B,9.0,9.0
127260007,B,13.0,13.0
127270001,B,6.0,6.0
127270002,,6.0,6.0
127270004,B,6.0,6.0
127270005,B,6.0,6.0
127270007,B,13.0,13.0
127275102,B,6.0,6.0
127280002,B,6.0,6.0
127280003,B,13.0,13.0
127290002,B,6.0,6.0
127300002,B,6.0,6.0
127300003,B,6.0,6.0
127300005,B,6.0,6.0
127300007,B,13.0,13.0
127304105,B,9.0,9.0
128010001,B,6.0,6.0
128010002,B,6.0,6.0
128010003,B,13.0,13.0
128010004,B,6.0,6.0
128010005,B,12.0,12.0
128010011,B,13.0,13.0
128010012,B,15.0,15.0
128010013,B,13.0,13.0
128014101,B,9.0,9.0
128020003,B,6.0,6.0
128020004,B,6.0,6.0
128020005,B,16.0,16.0
128030001,B,6.0,6.0
128030002,B,6.0,6.0
128030003,B,9.0,9.0
128030004,B,6.0,6.0
128030005,B,6.0,6.0
128030006,B,6.0,6.0
128030007,B,9.0,9.0
128030008,B,13.0,13.0
128030009,B,13.0,13.0
128030011,B,6.0,6.0
128031109,B,9.0,9.0
128034101,A,13.0,13.0
128040003,B,6.0,6.0
128040004,,9.0,9.0
128040006,B,9.0,9.0
128050001,B,9.0,9.0
128050002,B,12.0,12.0
128050003,B,9.0,9.0
128055101,B,6.0,6.0
128060001,,6.0,6.0
128060002,B,6.0,6.0
128060004,B,13.0,13.0
128060006,,13.0,13.0
128060007,B,13.0,13.0
128060009,B,13.0,13.0
128060010,B,12.0,12.0
128070001,B,6.0,6.0
128070003,B,6.0,6.0
128070004,,6.0,6.0
128070008,B,9.0,9.0
128070009,B,12.0,12.0
128070012,B,6.0,6.0
128074102,B,6.0,6.0
128075101,B,9.0,9.0
128080006,B,9.0,9.0
128084102,B,12.0,12.0
128090001,B,6.0,6.0
128090002,B,12.0,12.0
128090003,B,16.0,16.0
128090004,B,12.0,12.0
128090007,B,16.0,16.0
128091102,B,13.0,13.0
128091103,B S,16.0,16.0
128100002,A,12.0,12.0
128100003,A B,12.0,12.0
128100004,B,12.0,12.0
128100005,,13.0,13.0
128100006,B,16.0,16.0
128100008,B,12.0,12.0
128100009,B,12.0,12.0
128101103,B,16.0,16.0
128105101,B,9.0,9.0
128110001,,6.0,6.0
128120003,B,9.0,9.0
128120004,B,6.0,6.0
128130003,B,12.0,12.0
128130004,B,12.0,12.0
128130005,B,16.0,16.0
128130006,B,16.0,16.0
128140001,B,6.0,6.0
128140002,B,6.0,6.0
128140003,B,6.0,6.0
128140005,B,9.0,9.0
128143103,B,13.0,13.0
128150002,B,6.0,6.0
128160001,,6.0,6.0
128160003,B,13.0,13.0
128160004,B,12.0,12.0
128160006,A B,13.0,13.0
128164102,B,12.0,12.0
128170005,B,16.0,16.0
128170009,A,12.0,12.0
128174101,B,12.0,12.0
128200001,B,6.0,6.0
128200002,B,6.0,6.0
128200003,B,9.0,9.0
128201104,B,12.0,12.0
128201105,B,12.0,12.0
129010001,B,15.0,15.0
129010002,B,18.0,18.0
129010003,B,16.0,16.0
129010005,B,18.0,18.0
129010006,B,16.0,16.0
129013104,B,16.0,16.0
129020002,B,6.0,6.0
129020003,B,9.0,9.0
129020004,,13.0,13.0
129050002,B,6.0,6.0
129050003,B,13.0,13.0
129050004,B,12.0,12.0
129050005,B,12.0,12.0
129050007,B,9.0,9.0
129050009,B,9.0,9.0
129050010,B,12.0,12.0
129060001,B,6.0,6.0
129060002,B,9.0,9.0
129060003,B,9.0,9.0
129060004,B,13.0,13.0
129060005,B,13.0,13.0
129060006,B,13.0,13.0
129070002,B,12.0,12.0
129070003,B,18.0,18.0
129070005,B,6.0,6.0
129071104,B,12.0,12.0
129074105,B,16.0,16.0
129080001,B,6.0,6.0
129080003,B,13.0,13.0
129084101,B,9.0,9.0
129090001,A,9.0,9.0
129090007,B,15.0,15.0
129090008,B,9.0,9.0
129100002,I,12.0,12.0
129100004,B,16.0,16.0
129100005,B,13.0,13.0
129100008,,15.0,15.0
129110002,B,12.0,12.0
129110004,B,13.0,13.0
129110006,,12.0,12.0
129120001,B,9.0,9.0
129120002,B,9.0,9.0
129120003,B,12.0,12.0
129120006,B,13.0,13.0
129140002,B,6.0,6.0
129140003,B,12.0,12.0
129140005,B,12.0,12.0
129140006,C1,12.0,12.0
129140007,B,13.0,13.0
129160001,A,6.0,6.0
129160002,A,6.0,6.0
129160003,A,6.0,6.0
129160004,A,13.0,13.0
129160005,A,9.0,9.0
129164101,A,12.0,12.0
129164102,A,16.0,16.0
129180004,B,12.0,12.0
129190001,B,6.0,6.0
129190002,B,6.0,6.0
130010003,A,6.0,6.0
130010005,A,6.0,6.0
130010006,A,6.0,6.0
130010007,A,6.0,6.0
130010011,A,6.0,6.0
130011102,A,6.0,6.0
130014102,A,9.0,9.0
130015102,A,6.0,6.0
130020001,A,6.0,6.0
130020003,A,6.0,6.0
130020004,A,6.0,6.0
130030004,A,6.0,6.0
130030007,A,6.0,6.0
130050003,A,6.0,6.0
130050004,A,12.0,12.0
130050005,A,12.0,12.0
130053102,A,12.0,12.0
130060001,A,9.0,9.0
130060002,A,6.0,6.0
130060003,A,6.0,6.0
130070003,A,12.0,12.0
130070004,A,6.0,6.0
130070005,A,6.0,6.0
130074102,A,9.0,9.0
130080002,A,6.0,6.0
130080003,A,12.0,12.0
130080005,A,12.0,12.0
130090001,A,6.0,6.0
130090002,A,6.0,6.0
130090003,A,9.0,9.0
130090004,A,9.0,9.0
130100003,A,6.0,6.0
130100004,A,6.0,6.0
130100005,A,6.0,6.0
130100006,A,9.0,9.0
130100007,A,6.0,6.0
130100008,A,9.0,9.0
130103205,A,6.0,6.0
130110001,A,6.0,6.0
130110003,A,6.0,6.0
130110004,A,12.0,12.0
130110005,A,6.0,6.0
130110006,A,6.0,6.0
130110007,A,9.0,9.0
130113101,A,6.0,6.0
130114102,B,6.0,6.0
130114201,B,6.0,6.0
130115102,A,9.0,9.0
130130003,A,6.0,6.0
130130004,A,6.0,6.0
130130005,A,6.0,6.0
130130006,A,12.0,12.0
130140001,A,6.0,6.0
130140002,A,6.0,6.0
130140003,A,16.0,16.0
130140004,A,12.0,12.0
130140006,A,16.0,16.0
130150002,A,6.0,6.0
130150003,,9.0,9.0
130150004,A,9.0,9.0
130150005,A,9.0,9.0
130160003,A,6.0,6.0
130160005,A,6.0,6.0
130160008,A,6.0,6.0
130160009,A,12.0,12.0
130163103,A,12.0,12.0
130163201,A,6.0,6.0
130163203,A,9.0,9.0
130165102,A,9.0,9.0
130170003,A,6.0,6.0
130170004,A,6.0,6.0
130173101,A,6.0,6.0
130175102,A,9.0,9.0
130180003,A,6.0,6.0
130210001,A,6.0,6.0
130210002,A,6.0,6.0
130210004,A,6.0,6.0
130210006,A,6.0,6.0
130210007,A,6.0,6.0
130211101,A,6.0,6.0
130211202,A,6.0,6.0
130211203,A,9.0,9.0
130214105,A,9.0,9.0
130214202,A,6.0,6.0
130220001,A,6.0,6.0
130220003,A,6.0,6.0
130230005,A,6.0,6.0
130230006,A,6.0,6.0
130250001,A,6.0,6.0
130250005,A,12.0,12.0
130250006,A,6.0,6.0
130270003,A,6.0,6.0
130280008,,6.0,6.0
130280009,A,6.0,6.0
130283103,,6.0,6.0
130290001,A,6.0,6.0
130290002,A,6.0,6.0
130300001,A,6.0,6.0
130300003,A,15.0,15.0
130300005,A,9.0,9.0
130304102,A,6.0,6.0
130304202,A,9.0,9.0
131010003,B,13.0,13.0
131010004,B,12.0,12.0
131010005,B,13.0,13.0
131010006,B,12.0,12.0
131010007,B,13.0,13.0
131010008,B,13.0,13.0
131010009,B,12.0,12.0
131014102,B,9.0,9.0
131014105,B,9.0,9.0
131030004,B,15.0,15.0
131030005,B,12.0,12.0
131030013,B,15.0,15.0
131040001,B,9.0,9.0
131040002,B,16.0,16.0
131040003,B,15.0,15.0
131050006,B,9.0,9.0
131050007,,6.0,6.0
131060001,B,9.0,9.0
131060002,B,6.0,6.0
131060003,B,13.0,13.0
131060004,B,9.0,9.0
131060005,B,13.0,13.0
131060006,,13.0,13.0
131064102,B,9.0,9.0
131070002,B,12.0,12.0
131070004,B,13.0,13.0
131070005,B,13.0,13.0
131070006,B,13.0,13.0
131073103,B,9.0,9.0
131080001,B,9.0,9.0
131080002,Q,6.0,6.0
131080004,B,12.0,12.0
131085102,A,12.0,12.0
131090007,B,6.0,6.0
131090008,B,6.0,6.0
131100002,B,9.0,9.0
131100003,B,9.0,9.0
131100007,B,12.0,12.0
131103203,B,6.0,6.0
131104202,B,13.0,13.0
131110001,B,6.0,6.0
131110003,B,12.0,12.0
131110005,B,16.0,16.0
131110007,B,12.0,12.0
131112201,B,16.0,16.0
131120001,B,9.0,9.0
131120002,B,6.0,6.0
131120003,B,13.0,13.0
131120004,,6.0,6.0
131120005,B,12.0,12.0
131125101,B,6.0,6.0
131130005,B,16.0,16.0
131130006,B,15.0,15.0
131130010,B,6.0,6.0
131140001,B,9.0,9.0
131140002,B,9.0,9.0
131140003,B,9.0,9.0
131140004,B,9.0,9.0
131140005,B,13.0,13.0
131140007,B,13.0,13.0
131140009,B,9.0,9.0
131140016,B,6.0,6.0
131142104,B,13.0,13.0
131144102,A,13.0,13.0
131145102,B,9.0,9.0
131145202,B,13.0,13.0
131160003,B,9.0,9.0
131160005,B,16.0,16.0
131160012,B,12.0,12.0
131160013,B,6.0,6.0
131160014,B,13.0,13.0
131160015,B,9.0,9.0
131165102,B,13.0,13.0
131170004,B,12.0,12.0
131170008,B,9.0,9.0
131170009,B,9.0,9.0
131170010,B,12.0,12.0
131171102,B,6.0,6.0
131171104,B,9.0,9.0
131171105,B,6.0,6.0
131171106,B,13.0,13.0
131171107,B,13.0,13.0
131171108,,9.0,9.0
131180001,B,6.0,6.0
131180002,B,6.0,6.0
131180003,B,12.0,12.0
131180004,B,16.0,16.0
131185102,B,12.0,12.0
131185201,,16.0,16.0
131200001,B,12.0,12.0
131200002,B,12.0,12.0
131200004,B,16.0,16.0
131202102,,16.0,16.0
132010001,A,6.0,6.0
132010002,A,6.0,6.0
132020001,B,6.0,6.0
132020002,B,6.0,6.0
132020004,B,6.0,6.0
132020006,B,13.0,13.0
132024201,B,9.0,9.0
132024302,B,9.0,9.0
132024402,B,9.0,9.0
132060002,B,6.0,6.0
132060003,B,12.0,12.0
132060004,B,13.0,13.0
132060005,B,9.0,9.0
132060007,B,12.0,12.0
132060008,B,13.0,13.0
132064202,N,9.0,9.0
132064301,B,9.0,9.0
132070002,B,12.0,12.0
132070003,B,13.0,13.0
132070004,B,13.0,13.0
132080001,B,13.0,13.0
132080002,B,13.0,13.0
132080003,B,13.0,13.0
132090001,B,13.0,13.0
132090002,B,13.0,13.0
132090003,B,12.0,12.0
132090004,B,12.0,12.0
132090005,B,15.0,15.0
132090006,B,15.0,15.0
132090008,B,12.0,12.0
132090009,B,13.0,13.0
132093102,B,15.0,15.0
132094301,A,15.0,15.0
132100001,B,13.0,13.0
132100002,B,12.0,12.0
132100004,B,13.0,13.0
132110001,B,15.0,15.0
132110002,B,13.0,13.0
132110003,B,15.0,15.0
132110004,B,15.0,15.0
132110009,B,12.0,12.0
132120001,B,6.0,6.0
132120002,B,13.0,13.0
132120003,B,6.0,6.0
132120004,B,13.0,13.0
132120005,B,16.0,16.0
132130003,B,12.0,12.0
132130004,B,13.0,13.0
132130005,B,13.0,13.0
132130006,B,12.0,12.0
132130007,B,9.0,9.0
132133202,B,9.0,9.0
132133203,B,12.0,12.0
132134202,A,15.0,15.0
132134301,N,12.0,12.0
132140002,A,15.0,15.0
132140006,B,9.0,9.0
132140007,A,13.0,13.0
132140009,B,12.0,12.0
132140010,B,6.0,6.0
132140011,A,15.0,15.0
132140012,B,12.0,12.0
132141104,A,15.0,15.0
132141105,A,16.0,16.0
132144101,B,6.0,6.0
132144201,B,12.0,12.0
132144302,B,13.0,13.0
132160001,B,15.0,15.0
132160002,B,12.0,12.0
132160004,B,16.0,16.0
132164202,B,9.0,9.0
132180001,B,13.0,13.0
132180002,B,9.0,9.0
132180003,,13.0,13.0
132180004,B,12.0,12.0
132185102,B,9.0,9.0
132185201,,13.0,13.0
132190002,B,9.0,9.0
132190003,B,16.0,16.0
132190004,B,13.0,13.0
132190005,B,16.0,16.0
132193102,I,16.0,16.0
132194102,,12.0,12.0
132200001,A,16.0,16.0
132200002,A,15.0,15.0
132200003,A,16.0,16.0
132200004,A,16.0,16.0
132200005,A,16.0,16.0
132204102,,16.0,16.0
133010001,,12.0,12.0
133010002,B,16.0,16.0
133010003,B,13.0,13.0
133010004,B,12.0,12.0
133020001,,6.0,6.0
133020002,B,6.0,6.0
133020003,B,9.0,9.0
133020004,B,13.0,13.0
133020005,B,13.0,13.0
133020007,B,12.0,12.0
133020008,B,13.0,13.0
133023101,B,6.0,6.0
133023203,A,12.0,12.0
133025101,,13.0,13.0
133030002,B,6.0,6.0
133030003,,6.0,6.0
133030004,B,9.0,9.0
133030005,B,6.0,6.0
133030007,B,9.0,9.0
133040001,B,6.0,6.0
133040002,B,6.0,6.0
133040003,B,13.0,13.0
133040004,B,15.0,15.0
133040005,B,13.0,13.0
133040006,B,13.0,13.0
133043102,B,9.0,9.0
133043103,B,12.0,12.0
133044102,B,9.0,9.0
133044202,B,9.0,9.0
133044302,B,9.0,9.0
133050001,,6.0,6.0
133050002,B,6.0,6.0
133050003,B,6.0,6.0
133050005,B,6.0,6.0
133050006,B,6.0,6.0
133050008,B,9.0,9.0
133050009,B,9.0,9.0
133050010,B,9.0,9.0
133050011,B,9.0,9.0
133051203,B,6.0,6.0
133051204,B,13.0,13.0
133054305,B,6.0,6.0
133070001,,6.0,6.0
133070002,B,6.0,6.0
133070003,B,9.0,9.0
133070007,B,6.0,6.0
133070008,B,9.0,9.0
133074102,B,9.0,9.0
133080001,B,6.0,6.0
133080002,,6.0,6.0
133080003,B,6.0,6.0
133085102,B,9.0,9.0
133100003,B,9.0,9.0
133110002,B,6.0,6.0
133120003,B,6.0,6.0
133120004,B,6.0,6.0
133120005,N,9.0,9.0
133120007,B,9.0,9.0
133120008,B,9.0,9.0
133120009,B,12.0,12.0
133120010,B,12.0,12.0
133120012,B,9.0,9.0
133124101,B,9.0,9.0
133130002,B,9.0,9.0
133131102,B,6.0,6.0
133140002,B,6.0,6.0
133140005,B,12.0,12.0
133140006,B,12.0,12.0
133140007,B,12.0,12.0
133140008,B,12.0,12.0
133145101,B,13.0,13.0
133150003,B,6.0,6.0
133150005,B,9.0,9.0
133160001,B,6.0,6.0
133160002,B,6.0,6.0
133160003,B,9.0,9.0
133160004,B,9.0,9.0
133160005,B,9.0,9.0
133164101,B,9.0,9.0
133165101,B,9.0,9.0
133165201,B,9.0,9.0
133165301,B,9.0,9.0
133170002,B,6.0,6.0
133170003,B,6.0,6.0
133174107,B,6.0,6.0
133180001,B,6.0,6.0
133180002,B,6.0,6.0
133180003,B,9.0,9.0
133180004,B,9.0,9.0
133180005,B,9.0,9.0
133180006,B,9.0,9.0
133180007,B,9.0,9.0
133183106,B,9.0,9.0
133185101,B,9.0,9.0
133190002,B,6.0,6.0
133190004,B,13.0,13.0
133190005,B,6.0,6.0
133210001,B,6.0,6.0
133210002,B,6.0,6.0
133210003,B,6.0,6.0
133210004,B,6.0,6.0
133210005,B,6.0,6.0
133230001,B,12.0,12.0
133230002,B,6.0,6.0
133230003,B,12.0,12.0
133230004,B,9.0,9.0
133230007,B,9.0,9.0
133240005,B,12.0,12.0
133240007,B,12.0,12.0
133240008,B,9.0,9.0
133240009,B,12.0,12.0
133241108,B,13.0,13.0
133250001,B,9.0,9.0
133250002,B,6.0,6.0
133250004,B,9.0,9.0
133250008,B,9.0,9.0
133260002,B,6.0,6.0
133270001,B,6.0,6.0
133270003,B,9.0,9.0
133270004,B,6.0,6.0
133270006,B,9.0,9.0
133270007,B,6.0,6.0
133275202,B,9.0,9.0
133290002,B,6.0,6.0
133290004,B,13.0,13.0
133290005,B,16.0,16.0
133290007,B,13.0,13.0
133294202,B,9.0,9.0
133295102,B,6.0,6.0
133300002,B,6.0,6.0
133300003,B,12.0,12.0
133300004,B,13.0,13.0
133300006,B,13.0,13.0
133305101,,6.0,6.0
133305305,B,9.0,9.0
134040001,B,6.0,6.0
134040002,B,6.0,6.0
134040006,B,9.0,9.0
134060003,B,6.0,6.0
134060004,B,6.0,6.0
134061101,B,6.0,6.0
134061103,B,9.0,9.0
134063103,,9.0,9.0
134070002,B,6.0,6.0
134070003,B,6.0,6.0
134071102,B,6.0,6.0
134071103,B,12.0,12.0
134080001,B,6.0,6.0
134080002,B,6.0,6.0
134080003,B,6.0,6.0
134085102,B,6.0,6.0
134090002,B,6.0,6.0
134090003,B,6.0,6.0
134092101,B,13.0,13.0
134092103,B,12.0,12.0
134100003,B,6.0,6.0
134100004,B,6.0,6.0
134100005,B,6.0,6.0
134100006,B,6.0,6.0
134100007,B,6.0,6.0
134101102,B,6.0,6.0
134102103,B,12.0,12.0
134102206,B,6.0,6.0
134103101,B,6.0,6.0
134104201,B,6.0,6.0
134120001,B,6.0,6.0
134120002,B,6.0,6.0
134120003,B,6.0,6.0
134120004,B,13.0,13.0
134124102,B,9.0,9.0
134130001,B,6.0,6.0
134130002,B,6.0,6.0
134130004,B,6.0,6.0
134133102,B,6.0,6.0
134140001,B,6.0,6.0
134140002,B,6.0,6.0
134140003,B,6.0,6.0
134140004,B,9.0,9.0
134144101,B,6.0,6.0
134145101,B,6.0,6.0
134150001,B,6.0,6.0
134150002,B,6.0,6.0
134150003,B,6.0,6.0
134150004,B,9.0,9.0
134154105,B,9.0,9.0
134155102,B,6.0,6.0
134160004,B,6.0,6.0
134161102,B,6.0,6.0
134161103,B,6.0,6.0
134161104,B,6.0,6.0
134161105,B,9.0,9.0
134180002,B,6.0,6.0
134180003,B,6.0,6.0
134180004,B,6.0,6.0
134184102,B,6.0,6.0
134185102,B,9.0,9.0
134190001,,6.0,6.0
134200001,B,6.0,6.0
134200002,B,6.0,6.0
134200003,B,6.0,6.0
134200004,B,12.0,12.0
134220002,B,6.0,6.0
134220003,B,6.0,6.0
134220004,B,6.0,6.0
134220005,B,6.0,6.0
134221101,B,6.0,6.0
134221103,B,9.0,9.0
134230003,B,9.0,9.0
134230004,B,6.0,6.0
134230006,B,6.0,6.0
134230007,B,6.0,6.0
134232102,B,6.0,6.0
134240003,B,6.0,6.0
134243103,B,9.0,9.0
134244103,B,12.0,12.0
134250001,B,6.0,6.0
134250002,B,6.0,6.0
134250004,B,6.0,6.0
134250005,B,6.0,6.0
134250006,B,9.0,9.0
134255102,B,9.0,9.0
134270002,B,6.0,6.0
134270003,B,6.0,6.0
134270004,B,6.0,6.0
134280002,B,6.0,6.0
134283103,,6.0,6.0
134290001,B,6.0,6.0
134290003,B,6.0,6.0
134290004,B,6.0,6.0
134290005,B,6.0,6.0
134294101,B,6.0,6.0
134300004,B,6.0,6.0
134300005,B,6.0,6.0
134305101,B,6.0,6.0
135010003,B,9.0,9.0
135010004,C,12.0,12.0
135010005,B,12.0,12.0
135010006,B,9.0,9.0
135010007,B,9.0,9.0
135010008,B,13.0,13.0
135013104,B,9.0,9.0
135020001,B,6.0,6.0
135020002,A,6.0,6.0
135020003,B,16.0,16.0
135030003,B,6.0,6.0
135030004,B,13.0,13.0
135030005,B,13.0,13.0
135030006,B,6.0,6.0
135030007,B,12.0,12.0
135030008,B,9.0,9.0
135040002,B,6.0,6.0
135040003,B,9.0,9.0
135040004,B,9.0,9.0
135044101,B Q,13.0,13.0
135050001,B,12.0,12.0
135050002,B,9.0,9.0
135050003,B,13.0,13.0
135050005,B,9.0,9.0
135050007,B,6.0,6.0
135050009,B,9.0,9.0
135060001,B,13.0,13.0
135060002,B,6.0,6.0
135060003,B,13.0,13.0
135060004,B,12.0,12.0
135060005,B,13.0,13.0
135060009,B,13.0,13.0
135065102,B,16.0,16.0
135065201,,13.0,13.0
135070001,B,18.0,18.0
135070002,B,12.0,12.0
135070003,B,12.0,12.0
135080002,B,6.0,6.0
135080003,B,9.0,9.0
135080006,B,9.0,9.0
135080007,B,6.0,6.0
135083108,B,6.0,6.0
135090001,B,12.0,12.0
135093102,A,9.0,9.0
135093103,B,12.0,12.0
135093104,B,12.0,12.0
135120003,B,13.0,13.0
135120004,B,12.0,12.0
135120008,A,13.0,13.0
135121104,B,12.0,12.0
135124102,B,12.0,12.0
135130003,B,9.0,9.0
135130006,B,13.0,13.0
135130008,,9.0,9.0
135130009,B,6.0,6.0
135134102,B,6.0,6.0
135134103,B,12.0,12.0
135134201,B,12.0,12.0
135140001,,13.0,13.0
135140002,,6.0,6.0
135140003,B,13.0,13.0
135140004,B,12.0,12.0
135140005,B,12.0,12.0
135140006,B,12.0,12.0
135140007,B,13.0,13.0
135140008,B,15.0,15.0
135140009,B,16.0,16.0
135140010,B,9.0,9.0
135140011,B,12.0,12.0
135144201,Q,9.0,9.0
135144401,B,12.0,12.0
135180003,B,6.0,6.0
135180004,B,6.0,6.0
135180005,B,9.0,9.0
135180007,B,13.0,13.0
135180009,,13.0,13.0
135183105,B,6.0,6.0
135190003,B,13.0,13.0
135190004,B,12.0,12.0
135190005,B,12.0,12.0
135191102,B,12.0,12.0
135191103,B,13.0,13.0
135191203,B,16.0,16.0
135200003,B,13.0,13.0
135200004,B,13.0,13.0
135200005,B,12.0,12.0
135200006,B,6.0,6.0
135200007,B,12.0,12.0
135201101,B,6.0,6.0
135201103,B,12.0,12.0
135204202,,12.0,12.0
136020004,Q,6.0,6.0
136020008,B,6.0,6.0
136050002,B,6.0,6.0
136050003,A,9.0,9.0
136050004,B,9.0,9.0
136050005,B,12.0,12.0
136050007,B,9.0,9.0
136051104,B,6.0,6.0
136054202,B,6.0,6.0
136055102,B,9.0,9.0
136055201,,13.0,13.0
136070001,B,6.0,6.0
136070002,B,6.0,6.0
136070003,B,13.0,13.0
136080002,B,6.0,6.0
136080003,B,9.0,9.0
136080006,B,6.0,6.0
136084101,B,6.0,6.0
136100003,B,6.0,6.0
136100004,B,6.0,6.0
136100006,B,12.0,12.0
136100007,B,13.0,13.0
136100008,B,6.0,6.0
136110001,B,6.0,6.0
136110002,B,6.0,6.0
136110003,B,6.0,6.0
136110005,B,6.0,6.0
136110006,B,9.0,9.0
136110007,B,6.0,6.0
136115102,,6.0,6.0
136130001,B,6.0,6.0
136130002,B,6.0,6.0
136130003,B,13.0,13.0
136130005,B,9.0,9.0
136140001,B,6.0,6.0
136140003,B,6.0,6.0
136140004,B,9.0,9.0
136140005,B,9.0,9.0
136145102,B,12.0,12.0
136145202,B,6.0,6.0
136150003,B,6.0,6.0
136150004,B,9.0,9.0
136153101,B,6.0,6.0
136153109,B,12.0,12.0
136170002,B,6.0,6.0
136170003,B,9.0,9.0
136170005,B,9.0,9.0
136170006,B,9.0,9.0
136170007,B,12.0,12.0
136174102,B,6.0,6.0
136175101,B,6.0,6.0
136180001,B,6.0,6.0
136180002,B,6.0,6.0
136180003,B,13.0,13.0
136180004,B,13.0,13.0
136190002,B,6.0,6.0
136190003,B,9.0,9.0
136190004,B,9.0,9.0
136194102,A,9.0,9.0
136200005,B,6.0,6.0
136200006,B,6.0,6.0
136210003,B,6.0,6.0
136210005,B,12.0,12.0
136210006,B,12.0,12.0
136210007,B,13.0,13.0
136210009,B,12.0,12.0
136210010,B,13.0,13.0
136210011,B,16.0,16.0
136213205,B,9.0,9.0
136220002,B,6.0,6.0
136220003,B,13.0,13.0
136225102,A,9.0,9.0
136230003,B,6.0,6.0
136230004,B,6.0,6.0
136230005,B,13.0,13.0
136234101,B,9.0,9.0
136240001,B,6.0,6.0
136240003,B,6.0,6.0
136240004,B,6.0,6.0
136240005,B,6.0,6.0
136240006,B,6.0,6.0
136240008,B,9.0,9.0
136241103,B,9.0,9.0
136241201,B,6.0,6.0
136241203,B,9.0,9.0
136244104,B,6.0,6.0
136250002,B,6.0,6.0
136250003,B,6.0,6.0
136250004,B,6.0,6.0
136250005,B,9.0,9.0
136250006,B,9.0,9.0
136250012,B,6.0,6.0
136253104,B,6.0,6.0
136253105,B,12.0,12.0
136255101,,6.0,6.0
136255202,B,9.0,9.0
136260001,B,6.0,6.0
136260002,B,6.0,6.0
136260003,B,13.0,13.0
136260004,B,12.0,12.0
136270002,B,6.0,6.0
136270003,B,6.0,6.0
136270004,B,6.0,6.0
136270005,B,6.0,6.0
136271103,B,9.0,9.0
136271105,B,12.0,12.0
136274101,B,6.0,6.0
136275101,,9.0,9.0
136275202,B,6.0,6.0
136280001,B,6.0,6.0
136280002,B,6.0,6.0
136280003,B,9.0,9.0
136284102,B,16.0,16.0
136290001,B,6.0,6.0
136290002,A,6.0,6.0
136294101,B,13.0,13.0
136300002,B,6.0,6.0
136300003,B,6.0,6.0
136300004,B,6.0,6.0
136300005,B,6.0,6.0
136300006,B,6.0,6.0
136300007,B,6.0,6.0
136300008,B,13.0,13.0
136300009,,6.0,6.0
136303104,B,9.0,9.0
136303204,B,12.0,12.0
136305102,B,6.0,6.0
137010001,A,6.0,6.0
137010002,B,6.0,6.0
137010004,B,6.0,6.0
137010005,B,16.0,16.0
137015102,B,6.0,6.0
137020001,A,6.0,6.0
137020002,A,6.0,6.0
137020003,A,16.0,16.0
137020004,A,12.0,12.0
137020005,A B,16.0,16.0
137020008,B,12.0,12.0
137023103,,15.0,15.0
137024101,A,16.0,16.0
137030001,A,6.0,6.0
137030003,A,12.0,12.0
137030004,B,6.0,6.0
137031104,A,6.0,6.0
137031107,A,12.0,12.0
137040004,A,6.0,6.0
137040005,A,6.0,6.0
137040006,A,9.0,9.0
137040008,,6.0,6.0
137045201,A,6.0,6.0
137050003,B,13.0,13.0
137051102,A,6.0,6.0
137051202,A,9.0,9.0
137051203,A,13.0,13.0
137060001,A,6.0,6.0
137060002,A,6.0,6.0
137060003,A,9.0,9.0
137060004,A,9.0,9.0
137064103,A,6.0,6.0
137080001,A,6.0,6.0
137080002,,6.0,6.0
137080007,A,9.0,9.0
137083102,A,6.0,6.0
137084102,A,6.0,6.0
137090001,A,6.0,6.0
137090002,A,6.0,6.0
137090003,A,9.0,9.0
137090004,A,6.0,6.0
137090005,A,9.0,9.0
137094202,A,6.0,6.0
137100001,A,6.0,6.0
137110003,,6.0,6.0
137110004,A,6.0,6.0
137110005,,9.0,9.0
137113101,,6.0,6.0
137120003,A,6.0,6.0
137120006,A,6.0,6.0
137120008,A,9.0,9.0
137120009,A,9.0,9.0
137130001,A,6.0,6.0
137130002,A,6.0,6.0
137130003,A,6.0,6.0
137130004,A,6.0,6.0
137130005,A,6.0,6.0
137130006,A,9.0,9.0
137130011,A,6.0,6.0
137134102,A,9.0,9.0
137135103,A,13.0,13.0
137140003,A,6.0,6.0
137140004,A,6.0,6.0
137140005,B,13.0,13.0
137145102,,12.0,12.0
137150001,A,6.0,6.0
137150002,A,6.0,6.0
137150003,A,12.0,12.0
137150007,A,13.0,13.0
137155102,A,9.0,9.0
137160002,A,6.0,6.0
137160003,A,6.0,6.0
137160004,A,6.0,6.0
137161102,A,6.0,6.0
137161106,B,12.0,12.0
137163101,A,9.0,9.0
137164102,A,9.0,9.0
137170003,A,9.0,9.0
137170005,A,9.0,9.0
137170009,A,6.0,6.0
137174102,A,9.0,9.0
137180005,A,6.0,6.0
137180006,A,6.0,6.0
137180008,A,6.0,6.0
137183105,,6.0,6.0
137200001,A,6.0,6.0
137200003,B,13.0,13.0
137200005,B,16.0,16.0
137205101,B,13.0,13.0
137210001,,6.0,6.0
137210004,B,15.0,15.0
137210005,B,9.0,9.0
137210006,B,13.0,13.0
137220001,B,6.0,6.0
137220003,A,9.0,9.0
137223103,,6.0,6.0
137223201,A,6.0,6.0
137230008,A,6.0,6.0
137230009,A,9.0,9.0
137240008,A,6.0,6.0
137244102,A B,6.0,6.0
137250001,A,6.0,6.0
137250002,A,6.0,6.0
137250003,B,9.0,9.0
137250007,B,9.0,9.0
137250008,A,9.0,9.0
137250009,B,13.0,13.0
137253102,A,6.0,6.0
137270007,A,9.0,9.0
137280003,B,9.0,9.0
137280007,B,6.0,6.0
137284101,B,9.0,9.0
137290004,A,6.0,6.0
137290006,A,6.0,6.0
137290007,A,6.0,6.0
137291103,A,6.0,6.0
137291111,A,9.0,9.0
137295110,A,6.0,6.0
137295202,A,6.0,6.0
138010001,Q,6.0,6.0
138010003,Q,6.0,6.0
138010004,Q,6.0,6.0
138010005,Q,9.0,9.0
138030001,Q,6.0,6.0
138030002,Q,6.0,6.0
138030003,Q,9.0,9.0
138030004,Q,13.0,13.0
138030005,Q,6.0,6.0
138031103,Q,12.0,12.0
138033102,Q,13.0,13.0
138040004,Q,6.0,6.0
138040005,Q,6.0,6.0
138040006,Q,6.0,6.0
138041103,Q,13.0,13.0
138043102,Q,9.0,9.0
138050003,Q,6.0,6.0
138050004,Q,6.0,6.0
138050006,B,6.0,6.0
138054102,B,6.0,6.0
138054201,B,13.0,13.0
138060003,S,6.0,6.0
138070003,Q,6.0,6.0
138071103,Q,6.0,6.0
138071106,Q,12.0,12.0
138073101,Q,6.0,6.0
138080003,Q,6.0,6.0
138083104,Q,6.0,6.0
138090001,Q,6.0,6.0
138090002,Q,6.0,6.0
138090003,Q,6.0,6.0
138090004,Q,6.0,6.0
138095102,B,6.0,6.0
138100001,Q,6.0,6.0
138100003,Q,6.0,6.0
138101102,Q,9.0,9.0
138101103,Q,12.0,12.0
138120001,,6.0,6.0
138130004,Q,6.0,6.0
138130005,Q,6.0,6.0
138140003,Q,6.0,6.0
138140004,Q,6.0,6.0
138140005,Q,6.0,6.0
138140006,,6.0,6.0
138140007,Q,6.0,6.0
138140009,A,6.0,6.0
138140011,Q,6.0,6.0
138144202,Q,6.0,6.0
138144301,Q,6.0,6.0
138160003,Q,9.0,9.0
138170005,A,6.0,6.0
138170009,,6.0,6.0
138190004,B,13.0,13.0
138200002,B,6.0,6.0
138200005,Q,12.0,12.0
138201103,B,9.0,9.0
138203104,Q,13.0,13.0
138210002,B,6.0,6.0
138210003,B,6.0,6.0
138210004,Q,6.0,6.0
138215102,Q,6.0,6.0
138220001,Q,6.0,6.0
138220003,Q,6.0,6.0
138220004,B,9.0,9.0
138220005,Q,6.0,6.0
138220006,Q,6.0,6.0
138220008,Q,6.0,6.0
138223104,B,6.0,6.0
138224102,Q,6.0,6.0
138224201,A,6.0,6.0
138230001,B,15.0,15.0
138230002,B,15.0,15.0
138230004,B,13.0,13.0
138230005,B,16.0,16.0
138230006,B,12.0,12.0
138230007,B,13.0,13.0
138234201,B,9.0,9.0
138235101,,9.0,9.0
138240002,B,16.0,16.0
138240003,B,12.0,12.0
138250003,B,9.0,9.0
138250004,B,16.0,16.0
138250005,Q,6.0,6.0
138250006,B,6.0,6.0
138251102,B,6.0,6.0
138251107,B,12.0,12.0
138253104,B,16.0,16.0
138254103,B,6.0,6.0
138260001,Q,6.0,6.0
138260002,Q,6.0,6.0
138260005,Q,6.0,6.0
138260006,Q,6.0,6.0
138260007,Q,16.0,16.0
138260008,Q,16.0,16.0
138264102,B,15.0,15.0
138270003,Q,6.0,6.0
138270005,Q,6.0,6.0
138300003,Q,6.0,6.0
138300006,Q,6.0,6.0
138300009,B,9.0,9.0
138300012,Q,9.0,9.0
138300013,Q,13.0,13.0
138300015,Q,6.0,6.0
138300016,Q,6.0,6.0
138301102,B,6.0,6.0
138305102,Q,6.0,6.0
138305201,B,6.0,6.0
139010001,A,6.0,6.0
139010003,A,9.0,9.0
139010004,A,6.0,6.0
139010008,A,12.0,12.0
139013105,,6.0,6.0
139013201,A,12.0,12.0
139014002,A,9.0,9.0
139030001,A,16.0,16.0
139030002,A,13.0,13.0
139030003,A,16.0,16.0
139030004,A,15.0,15.0
139030005,A,16.0,16.0
139030006,A,12.0,12.0
139030007,A,16.0,16.0
139060001,I,13.0,13.0
139060002,L,9.0,9.0
139060005,I,16.0,16.0
139061108,B,12.0,12.0
139090001,B,9.0,9.0
139090003,B,12.0,12.0
139090004,A,12.0,12.0
139090005,Q,12.0,12.0
139090007,B,12.0,12.0
139090009,B,12.0,12.0
139090010,B,12.0,12.0
139094102,N,12.0,12.0
139094202,A,13.0,13.0
139094302,A,13.0,13.0
139100001,B,6.0,6.0
139100004,Q,13.0,13.0
139100006,B,12.0,12.0
139100009,Q,12.0,12.0
139100010,,12.0,12.0
139100011,Q,13.0,13.0
139100012,B,16.0,16.0
139104102,Q,9.0,9.0
139104302,Q,13.0,13.0
139140001,A,15.0,15.0
139140002,A,12.0,12.0
139140003,A,12.0,12.0
139140004,,13.0,13.0
139140005,A,12.0,12.0
139140006,A,16.0,16.0
139140007,,12.0,12.0
139144102,,12.0,12.0
139170003,B,12.0,12.0
139170005,B,12.0,12.0
139170006,Q,15.0,15.0
139170007,A,16.0,16.0
139180001,A,16.0,16.0
139180002,A,9.0,9.0
139180005,A,15.0,15.0
139180006,A,13.0,13.0
139180007,A,13.0,13.0
139200002,A,12.0,12.0
139200004,A,16.0,16.0
140040001,B,12.0,12.0
140040003,B,15.0,15.0
140040005,B,16.0,16.0
140040006,B,6.0,6.0
140050001,I,12.0,12.0
140050002,I,12.0,12.0
140050003,,16.0,16.0
140050006,I,12.0,12.0
140070001,B,15.0,15.0
140070002,B,12.0,12.0
140070003,A,15.0,15.0
140075102,A,15.0,15.0
140080001,A,13.0,13.0
140080002,B,18.0,18.0
140080003,A,16.0,16.0
140080004,A,16.0,16.0
140080005,A,15.0,15.0
140083202,A,6.0,6.0
140090002,A,9.0,9.0
140090005,,13.0,13.0
140110001,A,9.0,9.0
140110002,A,6.0,6.0
140110004,A,13.0,13.0
140110005,A,16.0,16.0
140110006,A,13.0,13.0
140110007,B,13.0,13.0
140130001,B,15.0,15.0
140130002,A,12.0,12.0
140130003,B,16.0,16.0
140130006,B,12.0,12.0
140135101,A,16.0,16.0
140140001,A,13.0,13.0
140140002,A,9.0,9.0
140140004,A,16.0,16.0
140140005,B,15.0,15.0
140180002,A,9.0,9.0
140180003,A,16.0,16.0
140180005,A,12.0,12.0
140180006,A,13.0,13.0
140183102,I,12.0,12.0
140200001,A,13.0,13.0
140200002,A,13.0,13.0
140200003,A,12.0,12.0
140200004,A,13.0,13.0
140200007,,9.0,9.0
140200008,A,12.0,12.0
140203104,A,15.0,15.0
141010002,B,6.0,6.0
141020003,Q,6.0,6.0
141020004,Q,9.0,9.0
141020009,Q,6.0,6.0
141023107,A,6.0,6.0
141030001,S,6.0,6.0
141030002,S,6.0,6.0
141030004,,13.0,13.0
141030005,B,16.0,16.0
141030006,B,12.0,12.0
14103003,S,6.0,6.0
14103007,B,12.0,12.0
14103008,,9.0,9.0
141034202,Q,6.0,6.0
141034302,A,16.0,16.0
141035101,B,12.0,12.0
141050001,Q,6.0,6.0
141050003,Q,6.0,6.0
141050004,Q,6.0,6.0
141050005,S,6.0,6.0
141050006,Q,9.0,9.0
141050007,Q,9.0,9.0
141050008,,6.0,6.0
141053101,,9.0,9.0
141054102,Q,9.0,9.0
141060002,B,6.0,6.0
141060004,B,6.0,6.0
141060006,B,9.0,9.0
141065102,B,6.0,6.0
141070001,Q,6.0,6.0
141070002,B,6.0,6.0
141070003,B,12.0,12.0
141070004,Q,12.0,12.0
141070005,Q,13.0,13.0
141070006,B,12.0,12.0
141070010,B,13.0,13.0
141074104,B,16.0,16.0
141075202,B,13.0,13.0
141075304,B,13.0,13.0
141080002,Q,6.0,6.0
141080003,Q,9.0,9.0
141080004,S,6.0,6.0
141080005,B,12.0,12.0
141080006,B,12.0,12.0
141083101,Q,12.0,12.0
141083103,Q,13.0,13.0
141090001,Q,6.0,6.0
141090002,Q,6.0,6.0
141090003,,9.0,9.0
141090004,Q,12.0,12.0
141090005,S,12.0,12.0
141090006,,12.0,12.0
141090007,B,6.0,6.0
141090008,Q,12.0,12.0
141090009,,9.0,9.0
141090011,,16.0,16.0
141094102,Q,6.0,6.0
141094103,Q,9.0,9.0
141094106,Q,9.0,9.0
141094202,Q,6.0,6.0
141095203,B,12.0,12.0
141100005,Q,6.0,6.0
141100007,B,6.0,6.0
141100008,Q,6.0,6.0
141100009,S,9.0,9.0
141100010,B,9.0,9.0
141100011,B,9.0,9.0
141100012,Q,9.0,9.0
141100013,B,6.0,6.0
141100014,Q,6.0,6.0
141103103,B,12.0,12.0
141105202,,6.0,6.0
141105301,A,9.0,9.0
141105401,B,9.0,9.0
141110003,Q,6.0,6.0
141110004,Q,6.0,6.0
141110005,Q,9.0,9.0
141110007,,9.0,9.0
141110008,B,9.0,9.0
141110009,B,9.0,9.0
141110012,S,13.0,13.0
141110013,B,9.0,9.0
141114101,,9.0,9.0
141115102,B,9.0,9.0
141115202,B,9.0,9.0
141120004,Q,9.0,9.0
141120007,B,9.0,9.0
141120009,Q,13.0,13.0
141130003,Q,6.0,6.0
141130004,,6.0,6.0
141130006,Q,9.0,9.0
141140001,,6.0,6.0
141140004,,6.0,6.0
141140005,B,6.0,6.0
141140006,Q,9.0,9.0
141140007,Q,12.0,12.0
141140010,Q,6.0,6.0
141140011,,6.0,6.0
141144102,Q,6.0,6.0
141150001,,6.0,6.0
141150002,Q,6.0,6.0
141150003,Q,9.0,9.0
141150004,A,12.0,12.0
141150006,Q,9.0,9.0
141170004,Q,6.0,6.0
141170005,B S,6.0,6.0
141170008,B,12.0,12.0
141174106,B,6.0,6.0
141180001,Q,6.0,6.0
141180002,N Q,6.0,6.0
141180003,Q,9.0,9.0
141180004,Q,6.0,6.0
141180005,Q,9.0,9.0
141180006,,9.0,9.0
141180007,Q,13.0,13.0
141184102,A,9.0,9.0
141190001,S,13.0,13.0
141190002,S,6.0,6.0
141190003,B,16.0,16.0
141190004,B,16.0,16.0
141190006,,6.0,6.0
141190008,A,9.0,9.0
141190009,S,15.0,15.0
141194101,,16.0,16.0
141195102,D,15.0,15.0
141195203,Q,16.0,16.0
141200001,S,6.0,6.0
141200002,Q,6.0,6.0
141200003,S,9.0,9.0
141200004,Q,9.0,9.0
141200005,Q,13.0,13.0
141200006,Q,16.0,16.0
141205101,A,13.0,13.0
141205203,,9.0,9.0
141210001,Q,6.0,6.0
141210005,Q,6.0,6.0
141210006,B,6.0,6.0
141210007,B,9.0,9.0
141210008,,6.0,6.0
141210011,B,6.0,6.0
141214101,B,13.0,13.0
141215101,,6.0,6.0
141215201,,6.0,6.0
141215302,Q,12.0,12.0
141230001,Q,12.0,12.0
141230002,A,9.0,9.0
141230003,,9.0,9.0
141230004,B,9.0,9.0
141230006,,9.0,9.0
141230008,A,6.0,6.0
141230011,,12.0,12.0
141233104,B,12.0,12.0
141233106,B,6.0,6.0
141234102,Q,6.0,6.0
141234201,,12.0,12.0
141240001,Q,6.0,6.0
141240002,Q,6.0,6.0
141240003,Q,9.0,9.0
141240004,Q,6.0,6.0
141240005,Q,6.0,6.0
141240006,Q,9.0,9.0
141240007,B,9.0,9.0
141240008,Q,12.0,12.0
141240010,Q,6.0,6.0
141244202,Q,6.0,6.0
141244203,Q,12.0,12.0
141245202,A,6.0,6.0
141245301,B,9.0,9.0
141250001,Q,6.0,6.0
141250002,Q,6.0,6.0
141250003,,12.0,12.0
141250004,S,9.0,9.0
141250005,B,9.0,9.0
141250006,Q,9.0,9.0
141250007,Q,9.0,9.0
141250008,Q,9.0,9.0
141250010,Q,9.0,9.0
141260001,Q,6.0,6.0
141260002,Q,6.0,6.0
141260003,S,9.0,9.0
141260004,Q,12.0,12.0
141260005,Q,12.0,12.0
141260006,Q,12.0,12.0
141260007,B,12.0,12.0
141270002,Q,6.0,6.0
141270004,B,9.0,9.0
141270007,S,13.0,13.0
141280003,,6.0,6.0
141280004,S,6.0,6.0
141280005,Q,9.0,9.0
141280006,,6.0,6.0
141280007,Q,6.0,6.0
141280009,S,9.0,9.0
141280010,S,9.0,9.0
141280011,S,9.0,9.0
141280013,B,6.0,6.0
141283102,Q,6.0,6.0
141283103,,6.0,6.0
141284102,S,9.0,9.0
141284203,B,12.0,12.0
141285102,,6.0,6.0
141285202,Q,6.0,6.0
141285302,B,12.0,12.0
141290002,Q,6.0,6.0
141290003,S,9.0,9.0
141290005,B,12.0,12.0
141290006,B Q S,12.0,12.0
141290008,S,12.0,12.0
141290010,S,6.0,6.0
141295101,,16.0,16.0
141295201,,9.0,9.0
141300003,Q,6.0,6.0
142010001,A,6.0,6.0
142010002,Q,6.0,6.0
142010003,Q,12.0,12.0
142010005,Q,9.0,9.0
142010006,Q,12.0,12.0
142014102,B,12.0,12.0
142015102,,6.0,6.0
142020001,,6.0,6.0
142020002,Q,6.0,6.0
142020003,B Q,12.0,12.0
142020004,B,13.0,13.0
142020005,Q,13.0,13.0
142020006,,12.0,12.0
142020007,Q,12.0,12.0
142020009,B,12.0,12.0
142020010,Q,12.0,12.0
142020011,Q,12.0,12.0
142020012,,9.0,9.0
142023102,Q,9.0,9.0
142023103,Q,12.0,12.0
142023204,Q,9.0,9.0
142023205,Q,9.0,9.0
142025102,Q,12.0,12.0
142030001,S,6.0,6.0
142030004,Q,16.0,16.0
142030007,Q,12.0,12.0
142030008,A,12.0,12.0
142033102,B,9.0,9.0
142034102,Q,12.0,12.0
142040002,A,13.0,13.0
142040003,Q,15.0,15.0
142040004,Q,12.0,12.0
142040005,Q,16.0,16.0
142050001,Q,6.0,6.0
142050002,Q,9.0,9.0
142050003,,13.0,13.0
142050004,Q,13.0,13.0
142050006,Q,13.0,13.0
142053105,Q,9.0,9.0
142054103,B,6.0,6.0
142054202,Q,6.0,6.0
142060003,Q,6.0,6.0
142060004,Q,6.0,6.0
142060006,Q,9.0,9.0
142060007,Q,9.0,9.0
142060008,Q,13.0,13.0
142060009,,12.0,12.0
142060011,S,9.0,9.0
142064102,B,9.0,9.0
142080003,Q,6.0,6.0
142080004,A,6.0,6.0
142090004,Q,6.0,6.0
142090005,Q,6.0,6.0
142090006,Q,6.0,6.0
142090007,Q,13.0,13.0
142090008,Q,13.0,13.0
142090009,Q,12.0,12.0
142090010,Q,13.0,13.0
142090011,,9.0,9.0
142094104,B,9.0,9.0
142095201,Q,6.0,6.0
142100002,Q,6.0,6.0
142100003,Q,9.0,9.0
142100004,Q,6.0,6.0
142100005,D1,6.0,6.0
142100007,Q,6.0,6.0
142100008,Q,6.0,6.0
142105103,,13.0,13.0
142105201,,9.0,9.0
142110003,Q,6.0,6.0
142110004,Q,6.0,6.0
142110006,,6.0,6.0
142124101,Q,6.0,6.0
142130001,Q,6.0,6.0
142130003,Q,6.0,6.0
142133102,Q,6.0,6.0
142140003,,9.0,9.0
142140004,Q,9.0,9.0
142140006,Q,6.0,6.0
142140008,B,9.0,9.0
142143102,B,6.0,6.0
142145102,A Q,12.0,12.0
142150001,Q,6.0,6.0
142150002,,6.0,6.0
142150003,Q,13.0,13.0
142150005,,12.0,12.0
142150006,Q,9.0,9.0
142150007,Q,12.0,12.0
142150008,Q,6.0,6.0
142150009,Q,13.0,13.0
142150011,,12.0,12.0
142153103,Q,6.0,6.0
142153201,,6.0,6.0
142155104,Q,12.0,12.0
142155201,Q,12.0,12.0
142160001,Q,6.0,6.0
142160002,Q,6.0,6.0
142160003,Q,6.0,6.0
142160004,Q,6.0,6.0
142160005,Q,6.0,6.0
142160006,Q,6.0,6.0
142160007,Q,9.0,9.0
142165102,Q,6.0,6.0
142165202,B,6.0,6.0
142180001,Q,6.0,6.0
142180004,Q,6.0,6.0
142180005,Q,6.0,6.0
142180007,Q,6.0,6.0
142180008,Q,6.0,6.0
142180010,Q,6.0,6.0
142180011,Q,12.0,12.0
142180017,,9.0,9.0
142180018,Q,6.0,6.0
142190002,Q,6.0,6.0
142190003,Q,12.0,12.0
142190004,Q,13.0,13.0
142200001,Q,6.0,6.0
142200003,Q,6.0,6.0
142200004,Q,6.0,6.0
142200005,B,12.0,12.0
142200007,B,9.0,9.0
142204101,Q,6.0,6.0
142204202,B,6.0,6.0
142210005,S,6.0,6.0
142210006,S,6.0,6.0
142210007,Q,6.0,6.0
142210008,Q,6.0,6.0
142210009,Q,9.0,9.0
142210013,S,9.0,9.0
142210016,Q,12.0,12.0
142213104,S,6.0,6.0
142215102,Q,6.0,6.0
142215301,,6.0,6.0
142220001,Q,6.0,6.0
142220002,Q,6.0,6.0
142220004,Q,13.0,13.0
142220006,Q,6.0,6.0
142220007,Q,12.0,12.0
142220008,Q,12.0,12.0
142220010,Q,12.0,12.0
142220011,Q,6.0,6.0
142220012,B,6.0,6.0
142224102,B,9.0,9.0
142224302,Q,6.0,6.0
142230001,Q,6.0,6.0
142230003,,6.0,6.0
142230004,B,6.0,6.0
142230005,Q,13.0,13.0
142231102,Q,6.0,6.0
142231103,Q,13.0,13.0
142240001,Q,6.0,6.0
142240003,Q,6.0,6.0
142250001,,6.0,6.0
142250002,Q,6.0,6.0
142250003,Q,6.0,6.0
142250004,Q,6.0,6.0
142250005,Q,6.0,6.0
142250006,,6.0,6.0
142251101,Q,6.0,6.0
142251103,Q,9.0,9.0
142251104,Q,9.0,9.0
142255101,,13.0,13.0
142260003,Q,9.0,9.0
142260004,Q,6.0,6.0
142260005,Q,6.0,6.0
142260007,Q,12.0,12.0
142260008,Q,6.0,6.0
142260009,Q,13.0,13.0
142260011,,6.0,6.0
142265202,Q,6.0,6.0
142265301,,6.0,6.0
142270001,Q,9.0,9.0
142270002,Q,6.0,6.0
142270003,Q,9.0,9.0
142270004,Q,13.0,13.0
142270006,Q,9.0,9.0
142275101,Q,9.0,9.0
142280003,Q,6.0,6.0
142280007,Q,6.0,6.0
142280008,Q,6.0,6.0
142280009,Q,6.0,6.0
142283103,Q,6.0,6.0
142285101,B,6.0,6.0
142285302,,6.0,6.0
142290004,Q,6.0,6.0
142290005,Q,6.0,6.0
142290006,B,6.0,6.0
142290007,Q,6.0,6.0
142290008,Q,6.0,6.0
142290009,B,6.0,6.0
142290011,A,13.0,13.0
142294102,,9.0,9.0
142295101,Q,6.0,6.0
142295203,,6.0,6.0
142300001,Q,6.0,6.0
142300003,Q,12.0,12.0
142300004,Q,9.0,9.0
142300005,Q,12.0,12.0
142305102,Q,9.0,9.0
143010001,A,6.0,6.0
143010002,A,6.0,6.0
143010005,A,16.0,16.0
143020007,A,12.0,12.0
143024202,A,15.0,15.0
143030001,A,6.0,6.0
143030002,A,6.0,6.0
143040001,A,6.0,6.0
143040002,A,6.0,6.0
143040004,A,9.0,9.0
143050002,A,6.0,6.0
143050004,A,6.0,6.0
143050005,A,9.0,9.0
143050006,A,9.0,9.0
143050007,A,12.0,12.0
143050009,A,12.0,12.0
143050010,A,12.0,12.0
143053104,A,13.0,13.0
143054102,A,9.0,9.0
143060002,A,6.0,6.0
143060003,A,12.0,12.0
143060004,D1,9.0,9.0
143070001,A,6.0,6.0
143070002,A,6.0,6.0
143070003,A,9.0,9.0
143070004,A,16.0,16.0
143070005,A,16.0,16.0
143080003,A,6.0,6.0
143080004,A,9.0,9.0
143080005,A,9.0,9.0
143080006,A,12.0,12.0
143080007,A,15.0,15.0
143080009,A,9.0,9.0
143080010,A,9.0,9.0
143081103,A,12.0,12.0
143081104,A,12.0,12.0
143081105,A,13.0,13.0
143084202,A,12.0,12.0
143090001,,6.0,6.0
143090005,A,12.0,12.0
143090006,D1,6.0,6.0
143093102,A,9.0,9.0
143093103,A,12.0,12.0
143093104,A,12.0,12.0
143094104,A,9.0,9.0
143094201,D1,9.0,9.0
143100001,D1,6.0,6.0
143100003,A,12.0,12.0
143100004,D1,9.0,9.0
143100005,D1,12.0,12.0
143100006,,6.0,6.0
143110001,D1,6.0,6.0
143110002,D1,6.0,6.0
143130002,A,6.0,6.0
143130004,A D1,16.0,16.0
143130007,A,13.0,13.0
143130008,A,13.0,13.0
143135102,D1,9.0,9.0
143140003,A,6.0,6.0
143140004,A,6.0,6.0
143140005,A,12.0,12.0
143150001,A,6.0,6.0
143150004,A,6.0,6.0
143150005,A,6.0,6.0
143150007,A,6.0,6.0
143160003,A,12.0,12.0
143160008,A,9.0,9.0
143170001,A,6.0,6.0
143170002,A,6.0,6.0
143170003,A,12.0,12.0
143170004,A,9.0,9.0
143170005,A,13.0,13.0
143180003,A,6.0,6.0
143180004,A,6.0,6.0
143180005,A,12.0,12.0
143180006,A,9.0,9.0
143180007,A,12.0,12.0
143180009,A,6.0,6.0
143182105,A,12.0,12.0
143182106,A,6.0,6.0
143184102,A,9.0,9.0
143185102,A,6.0,6.0
143190002,D1,9.0,9.0
143190003,D1,6.0,6.0
143190004,A,12.0,12.0
143190005,A,9.0,9.0
143190007,D1,16.0,16.0
143190008,A,15.0,15.0
143192106,D1,6.0,6.0
143195202,A,12.0,12.0
143195301,A,15.0,15.0
143200003,A,6.0,6.0
143210001,A,6.0,6.0
143210002,A,6.0,6.0
143210003,A,9.0,9.0
143210005,A,9.0,9.0
143210007,A,9.0,9.0
143210008,A,12.0,12.0
143213102,A,16.0,16.0
143220001,A,6.0,6.0
143220003,A,12.0,12.0
143220004,A,12.0,12.0
143220005,A,12.0,12.0
143230001,A,6.0,6.0
143230002,A,6.0,6.0
143230004,A,12.0,12.0
143230006,A,9.0,9.0
143230007,V,12.0,12.0
143230008,A,12.0,12.0
143230010,A,12.0,12.0
143233102,A,6.0,6.0
143234101,B,6.0,6.0
143235204,D1,6.0,6.0
143240002,A,12.0,12.0
143240003,A,12.0,12.0
143245102,A,12.0,12.0
143250005,A,12.0,12.0
143250011,A,9.0,9.0
143254103,,6.0,6.0
143260002,A,6.0,6.0
143260003,A,6.0,6.0
143260006,A,6.0,6.0
143270001,A,6.0,6.0
143270002,A,6.0,6.0
143270003,A,9.0,9.0
143270004,A,9.0,9.0
143270005,A,12.0,12.0
143270007,A,13.0,13.0
143275202,A,12.0,12.0
143290001,A,6.0,6.0
143290003,A,9.0,9.0
143290004,A,12.0,12.0
143290005,,9.0,9.0
143290006,A,9.0,9.0
143294102,A,9.0,9.0
143294302,A,9.0,9.0
143300001,A,9.0,9.0
143300003,A,12.0,12.0
143305102,A,12.0,12.0
144010001,A,16.0,16.0
144010002,A,6.0,6.0
144010003,A,9.0,9.0
144010004,A,13.0,13.0
144020001,B,13.0,13.0
144020002,D1,6.0,6.0
144020003,A,9.0,9.0
144020005,B,13.0,13.0
144040002,B,6.0,6.0
144040003,,6.0,6.0
144050001,B,9.0,9.0
144050002,B,6.0,6.0
144050003,B,9.0,9.0
144050005,B,6.0,6.0
144070001,A,12.0,12.0
144070002,A,6.0,6.0
144070004,A,9.0,9.0
144070005,A,9.0,9.0
144100001,B,13.0,13.0
144100002,A,6.0,6.0
144110001,B,6.0,6.0
144110002,B,6.0,6.0
144110003,B,6.0,6.0
144110004,B,9.0,9.0
144110005,B,9.0,9.0
144115101,B,9.0,9.0
144130001,B,9.0,9.0
144130002,B,6.0,6.0
144130003,A,13.0,13.0
144130006,B,13.0,13.0
144133102,B,6.0,6.0
144133104,B,13.0,13.0
144135103,C1,12.0,12.0
144140001,,12.0,12.0
144140002,B,12.0,12.0
144140003,B,13.0,13.0
144140004,B,16.0,16.0
144140005,,12.0,12.0
144140006,,12.0,12.0
144140007,,12.0,12.0
144144102,B,16.0,16.0
144144202,B,16.0,16.0
144160004,B,16.0,16.0
144160007,B,13.0,13.0
144160010,B,13.0,13.0
144160012,B,15.0,15.0
144173101,A,18.0,18.0
144173103,B,13.0,13.0
144180004,D1,9.0,9.0
145010001,A,6.0,6.0
145010002,A,6.0,6.0
145010003,A,9.0,9.0
145010004,A,9.0,9.0
145010005,A,9.0,9.0
145020001,A,6.0,6.0
145020002,B,6.0,6.0
145020003,A,6.0,6.0
145020004,A,9.0,9.0
145020005,A,13.0,13.0
145020006,A,13.0,13.0
145020007,A,12.0,12.0
145020009,A,12.0,12.0
145023103,A,6.0,6.0
145023104,A,9.0,9.0
145030001,A,6.0,6.0
145030002,,6.0,6.0
145030003,A,12.0,12.0
145030004,A,9.0,9.0
145030005,A,9.0,9.0
145030006,A,12.0,12.0
145035102,,6.0,6.0
145035202,,9.0,9.0
145040001,A,6.0,6.0
145040002,A,6.0,6.0
145040003,A,9.0,9.0
145040006,A,13.0,13.0
145040007,A,12.0,12.0
145044102,B,6.0,6.0
145045102,A,6.0,6.0
145050001,A,6.0,6.0
145050002,A,6.0,6.0
145050003,A,6.0,6.0
145050004,B,6.0,6.0
145050005,A,9.0,9.0
145050006,A,6.0,6.0
145050007,A,6.0,6.0
145050008,,6.0,6.0
145050009,A,6.0,6.0
145053103,A,6.0,6.0
145054202,A,9.0,9.0
145055202,A,6.0,6.0
145060002,A,6.0,6.0
145060003,A,6.0,6.0
145060005,A,9.0,9.0
145060007,,13.0,13.0
145064101,A,9.0,9.0
145070003,A,9.0,9.0
145070004,A,9.0,9.0
145075101,,6.0,6.0
145080001,,6.0,6.0
145080003,D1,9.0,9.0
145080004,A,9.0,9.0
145080006,A,12.0,12.0
145085102,A,16.0,16.0
145085201,A,9.0,9.0
145090002,A,9.0,9.0
145090004,A,13.0,13.0
145090005,A,13.0,13.0
145090007,B,9.0,9.0
145100001,,6.0,6.0
145100002,D1,6.0,6.0
145100003,A,9.0,9.0
145100004,D1,9.0,9.0
145100005,D1,9.0,9.0
145100006,D1,9.0,9.0
145100007,D1,9.0,9.0
145100008,D1,12.0,12.0
145100010,C1,9.0,9.0
145100013,D1,6.0,6.0
145105102,A,9.0,9.0
145105201,D1,16.0,16.0
145110002,A,6.0,6.0
145110003,A,6.0,6.0
145110004,A,6.0,6.0
145110006,A,6.0,6.0
145110007,A,12.0,12.0
145110008,A,12.0,12.0
145110009,A,12.0,12.0
145110010,A,6.0,6.0
145114102,A,9.0,9.0
145114103,A,12.0,12.0
145115102,A,6.0,6.0
145115302,A,9.0,9.0
145120003,D1,9.0,9.0
145120004,A,9.0,9.0
145120006,D1,9.0,9.0
145120008,D1,13.0,13.0
145120009,D1,12.0,12.0
145120011,D1,12.0,12.0
145120013,D1,6.0,6.0
145124202,A,9.0,9.0
145130001,A,9.0,9.0
145130002,A,6.0,6.0
145130003,A,12.0,12.0
145134102,A,6.0,6.0
145140001,A,6.0,6.0
145140002,A,6.0,6.0
145140003,A,9.0,9.0
145140004,A,13.0,13.0
145140006,A,12.0,12.0
145140007,A,12.0,12.0
145140009,B,13.0,13.0
145150003,A,6.0,6.0
145150005,A,6.0,6.0
145150006,A,9.0,9.0
145150007,A,9.0,9.0
145150008,A,12.0,12.0
145150009,A,9.0,9.0
145153105,A,6.0,6.0
145155101,B,9.0,9.0
145155201,,9.0,9.0
145160003,A,13.0,13.0
145160007,B,12.0,12.0
145160010,A,12.0,12.0
145160012,A,12.0,12.0
145161102,A,9.0,9.0
145161103,D1,18.0,18.0
145164101,A,12.0,12.0
145165102,A,12.0,12.0
145170002,D1,6.0,6.0
145170004,Q,6.0,6.0
145170005,D1,9.0,9.0
145170006,D1,9.0,9.0
145170008,D1,12.0,12.0
145173103,Q,9.0,9.0
145173104,Q,9.0,9.0
145173105,Q,13.0,13.0
145180002,A,6.0,6.0
145180003,A,9.0,9.0
145180004,A,13.0,13.0
145180005,A,12.0,12.0
145190001,A B,12.0,12.0
145190002,A,9.0,9.0
145190003,D1,12.0,12.0
145194101,,12.0,12.0
145200002,A,6.0,6.0
145200003,A,12.0,12.0
145200004,A,13.0,13.0
145210005,A,9.0,9.0
145210007,D1,13.0,13.0
145220002,A,6.0,6.0
145220003,A,9.0,9.0
145220004,A,6.0,6.0
145220005,A,9.0,9.0
145220006,B,6.0,6.0
145220007,A,9.0,9.0
145220008,A,13.0,13.0
145230001,A,6.0,6.0
145230002,A,6.0,6.0
145230003,A,9.0,9.0
145230004,D1,12.0,12.0
145230005,A,12.0,12.0
145234105,A,6.0,6.0
145235102,B,9.0,9.0
145240003,,12.0,12.0
145240004,A,9.0,9.0
145240007,D1,9.0,9.0
145240008,D1,9.0,9.0
145240010,A,9.0,9.0
145243102,A,6.0,6.0
145244102,B,9.0,9.0
145244201,A,6.0,6.0
145244203,A,12.0,12.0
145250004,A,12.0,12.0
145250005,B,15.0,15.0
145250006,A,12.0,12.0
145250007,A,12.0,12.0
145253102,B,15.0,15.0
145254101,A,12.0,12.0
145254103,A,12.0,12.0
145270002,A,6.0,6.0
145270005,A,9.0,9.0
145270006,A,6.0,6.0
145270007,A,9.0,9.0
145270008,A,6.0,6.0
145270009,,6.0,6.0
145270010,A,9.0,9.0
145274202,A,6.0,6.0
145280001,A,9.0,9.0
145280002,A,9.0,9.0
145280003,A,6.0,6.0
145280004,A,12.0,12.0
145280005,D1,12.0,12.0
145280006,A,12.0,12.0
145284106,A,15.0,15.0
145290001,A,6.0,6.0
145290003,A,6.0,6.0
145290004,A,6.0,6.0
145290008,,9.0,9.0
145290010,A,9.0,9.0
145295102,A,9.0,9.0
145300003,A,9.0,9.0
145300004,A,12.0,12.0
146020001,B,15.0,15.0
146020002,B,15.0,15.0
146020004,B,13.0,13.0
146020006,B,12.0,12.0
146023101,B,15.0,15.0
146023103,B,9.0,9.0
146023105,B,15.0,15.0
146030001,B,9.0,9.0
146030002,B,6.0,6.0
146030003,B,15.0,15.0
146034101,B,13.0,13.0
146040002,B,6.0,6.0
146040004,B,13.0,13.0
146040005,B,9.0,9.0
146044102,B,6.0,6.0
146044202,B,13.0,13.0
146050002,B,9.0,9.0
146050004,B,16.0,16.0
146050005,B,15.0,15.0
146050008,B,13.0,13.0
146050011,B,12.0,12.0
146052202,B,13.0,13.0
146052203,B,12.0,12.0
146054201,A1,12.0,12.0
146070001,B,9.0,9.0
146070002,B,9.0,9.0
146070004,B,9.0,9.0
146070006,B,13.0,13.0
146070007,B,9.0,9.0
146075101,B,6.0,6.0
146080005,B,13.0,13.0
146080007,B,13.0,13.0
146110004,B,9.0,9.0
146110005,B,12.0,12.0
146115202,B,13.0,13.0
146130003,B,6.0,6.0
146130004,B,9.0,9.0
146130006,B,9.0,9.0
146130015,B,12.0,12.0
146150001,B,18.0,18.0
146150002,A,13.0,13.0
146150005,,13.0,13.0
146160002,B,6.0,6.0
146160003,B,13.0,13.0
146164102,B,6.0,6.0
146170002,B,6.0,6.0
146170003,B,13.0,13.0
146170008,B,9.0,9.0
146174101,B,12.0,12.0
147020002,B,6.0,6.0
147020003,B,15.0,15.0
147020004,B,15.0,15.0
147020005,B,16.0,16.0
147020007,B,13.0,13.0
147020011,A,13.0,13.0
147020013,B,12.0,12.0
147021107,B,12.0,12.0
147024102,A,15.0,15.0
147030003,B,13.0,13.0
147030004,B,15.0,15.0
147030006,B,16.0,16.0
147030007,B,15.0,15.0
147035101,B,12.0,12.0
147035203,,13.0,13.0
147040002,B,6.0,6.0
147040003,B,13.0,13.0
147040005,B,13.0,13.0
147050002,B,12.0,12.0
147060004,Q,12.0,12.0
147060008,B,15.0,15.0
147070001,B,13.0,13.0
147070002,B,12.0,12.0
147070003,B,13.0,13.0
147090002,B,9.0,9.0
147090003,B,13.0,13.0
147090004,B,13.0,13.0
147100003,B,9.0,9.0
147100004,B,9.0,9.0
147100005,B,9.0,9.0
147101102,B,9.0,9.0
147101103,B,13.0,13.0
147110001,B,6.0,6.0
147110002,B,6.0,6.0
147120001,B,6.0,6.0
147120002,B,6.0,6.0
147120004,B,13.0,13.0
147120005,B,12.0,12.0
147124101,B,13.0,13.0
147124201,B,12.0,12.0
147140002,B,9.0,9.0
147140006,B,9.0,9.0
147140008,B,9.0,9.0
147150001,B,13.0,13.0
147150002,B,16.0,16.0
147150003,,12.0,12.0
147150004,B,9.0,9.0
147160002,B,6.0,6.0
147160004,B,12.0,12.0
147160005,B,12.0,12.0
147160006,B,13.0,13.0
147160007,B,13.0,13.0
147160010,B,9.0,9.0
147163101,B,15.0,15.0
147170004,B,9.0,9.0
147174101,B,6.0,6.0
147180001,B,18.0,18.0
147180002,B,16.0,16.0
147180003,B,12.0,12.0
147190001,S,12.0,12.0
147190002,A,13.0,13.0
147190003,I,16.0,16.0
147190004,A,13.0,13.0
147203103,B,16.0,16.0
148060003,B,6.0,6.0
148060004,B,9.0,9.0
148060007,B,6.0,6.0
148064101,B,6.0,6.0
148120001,A,6.0,6.0
148120002,B,6.0,6.0
148120003,B,12.0,12.0
148120004,B,12.0,12.0
148120005,B,13.0,13.0
148120006,B,13.0,13.0
148123101,B,9.0,9.0
148123103,B,13.0,13.0
148124101,B,12.0,12.0
148124301,B,12.0,12.0
148130001,B,6.0,6.0
148130002,B,6.0,6.0
148130004,B,9.0,9.0
148130007,B,9.0,9.0
148130009,,9.0,9.0
148135001,,6.0,6.0
148140001,B,6.0,6.0
148140002,B,6.0,6.0
148140003,B,13.0,13.0
148140006,B,13.0,13.0
148140009,B,6.0,6.0
148141102,B,6.0,6.0
148150001,B,6.0,6.0
148150002,,6.0,6.0
148150003,B,9.0,9.0
148150005,B,6.0,6.0
148150006,B,6.0,6.0
148150007,B,9.0,9.0
148150009,B,12.0,12.0
148150012,B,6.0,6.0
148153102,B,6.0,6.0
148153103,B,13.0,13.0
148153104,B,9.0,9.0
148154402,B,13.0,13.0
148170002,,6.0,6.0
148170003,B,9.0,9.0
148170004,B,6.0,6.0
148170007,B,9.0,9.0
148170009,B,9.0,9.0
148170010,,6.0,6.0
148170011,B,6.0,6.0
148170015,B,16.0,16.0
148174201,B,13.0,13.0
148174302,B,6.0,6.0
149010004,B,16.0,16.0
149020001,,6.0,6.0
149020002,B,6.0,6.0
149020003,B,9.0,9.0
149020004,B,6.0,6.0
149020005,B,12.0,12.0
149025102,,6.0,6.0
149030003,,16.0,16.0
149030005,A,18.0,18.0
149034201,A,15.0,15.0
149040002,B,12.0,12.0
149040003,,16.0,16.0
149100001,B,6.0,6.0
149100002,B,6.0,6.0
149100004,B,9.0,9.0
149100005,B,13.0,13.0
149100010,B,13.0,13.0
149120003,B,9.0,9.0
149140002,B,6.0,6.0
149140003,B,13.0,13.0
149140004,B,13.0,13.0
149150003,B,13.0,13.0
149150004,B,6.0,6.0
149150005,B,13.0,13.0
149150006,B,13.0,13.0
149154102,B,6.0,6.0
149160001,B,16.0,16.0
149160002,B,18.0,18.0
149160003,,16.0,16.0
149160004,,16.0,16.0
149160007,,12.0,12.0
149160008,,12.0,12.0
149160009,,9.0,9.0
149170003,B,12.0,12.0
149170007,B,12.0,12.0
149180001,Q,9.0,9.0
149180002,B,6.0,6.0
149180003,B,12.0,12.0
149180006,B,13.0,13.0
149190002,B,6.0,6.0
149190004,B,12.0,12.0
149195102,B,13.0,13.0
149200002,B,6.0,6.0
150020002,B,6.0,6.0
150020003,B,6.0,6.0
150020004,B,9.0,9.0
150020005,,6.0,6.0
150024101,B,13.0,13.0
150025102,B,9.0,9.0
150030001,A,6.0,6.0
150030002,A,6.0,6.0
150030003,,9.0,9.0
150030004,A,9.0,9.0
150030006,A,6.0,6.0
150030008,A,6.0,6.0
150030011,,9.0,9.0
150030012,A,9.0,9.0
150030013,A,13.0,13.0
150030014,B,13.0,13.0
150034304,A,9.0,9.0
150040003,B,13.0,13.0
150040004,B,9.0,9.0
150050002,,6.0,6.0
150050003,B,9.0,9.0
150054101,B,9.0,9.0
150070001,,13.0,13.0
150070002,B,12.0,12.0
150070005,B,16.0,16.0
150070006,B,15.0,15.0
150074201,,16.0,16.0
150074307,B,12.0,12.0
150080002,B,13.0,13.0
150080003,B,16.0,16.0
150080004,B,12.0,12.0
150090002,B,6.0,6.0
150090003,B,13.0,13.0
150090004,B,13.0,13.0
150100001,B,9.0,9.0
150100002,B,13.0,13.0
150100003,B,16.0,16.0
150100004,B,16.0,16.0
150110001,B,6.0,6.0
150130005,B,16.0,16.0
150140002,B,9.0,9.0
150144101,,6.0,6.0
150150001,,9.0,9.0
150150002,B,9.0,9.0
150150003,,9.0,9.0
150150004,B,13.0,13.0
150150005,B,13.0,13.0
150155103,B Q,9.0,9.0
150155201,,12.0,12.0
150155301,,15.0,15.0
150160001,B,16.0,16.0
150160002,B,6.0,6.0
150160003,B,15.0,15.0
150160004,B,15.0,15.0
150160005,B,16.0,16.0
150164101,B,12.0,12.0
150165102,B,16.0,16.0
150190003,B,12.0,12.0
150190008,B,15.0,15.0
150190009,,15.0,15.0
150200001,,12.0,12.0
150200002,B,6.0,6.0
150200004,B,13.0,13.0
150200005,B,13.0,13.0
150200007,B,12.0,12.0
150200009,B,6.0,6.0
150204102,B,12.0,12.0
151010003,B,12.0,12.0
151010005,B,12.0,12.0
151010006,B,12.0,12.0
151020001,B,16.0,16.0
151020002,B,16.0,16.0
151020004,B,16.0,16.0
151110001,A,18.0,18.0
151110002,,15.0,15.0
151110003,A,16.0,16.0
151110004,A,12.0,12.0
151123102,B,15.0,15.0
151160003,B,12.0,12.0
151160005,B,6.0,6.0
151160006,B,12.0,12.0
151160007,B,13.0,13.0
152010005,A,13.0,13.0
152020003,B,16.0,16.0
152024101,A,13.0,13.0
152030002,A,18.0,18.0
152030003,A,18.0,18.0
152040001,A,12.0,12.0
152040002,A,16.0,16.0
152041102,C,13.0,13.0
152041103,B,12.0,12.0
152050005,B,12.0,12.0
152054202,B,6.0,6.0
152070004,B,9.0,9.0
152070006,B,9.0,9.0
152090002,B,6.0,6.0
152090003,B,12.0,12.0
152090005,B,13.0,13.0
152091102,B,9.0,9.0
152100004,B,18.0,18.0
152100005,B,16.0,16.0
152100007,B,13.0,13.0
152110001,,6.0,6.0
152110002,B,6.0,6.0
152110003,B,13.0,13.0
152111101,B,18.0,18.0
152111103,B,16.0,16.0
152120001,B,9.0,9.0
152120002,B,12.0,12.0
152130002,,6.0,6.0
152130003,A,13.0,13.0
152130004,A,16.0,16.0
152130009,A,12.0,12.0
152131103,A,13.0,13.0
152135102,B,13.0,13.0
152150002,,12.0,12.0
152150003,B,12.0,12.0
152150005,B,12.0,12.0
152150008,,12.0,12.0
152150010,,12.0,12.0
152150011,B,13.0,13.0
152150012,B,12.0,12.0
152150013,B,12.0,12.0
152151105,B,12.0,12.0
152153202,B,12.0,12.0
152153203,B,16.0,16.0
152153204,B,16.0,16.0
152153205,B,12.0,12.0
152154102,B,13.0,13.0
152154103,B,16.0,16.0
152160001,B,12.0,12.0
152160002,B,18.0,18.0
152160003,B,16.0,16.0
152160004,B,16.0,16.0
152164103,B,18.0,18.0
152164202,B,15.0,15.0
152170007,A,15.0,15.0
152171101,A,13.0,13.0
152174201,V,13.0,13.0
152180002,,6.0,6.0
152180004,B,13.0,13.0
152180005,B,12.0,12.0
152180006,B,6.0,6.0
152180007,B,13.0,13.0
152180008,B,12.0,12.0
152190001,B,9.0,9.0
152190002,B,6.0,6.0
152190004,B,13.0,13.0
152190005,B,13.0,13.0
152190007,B,13.0,13.0
152193103,B,12.0,12.0
152195102,B,12.0,12.0
152200001,B,13.0,13.0
152200002,B,9.0,9.0
152200003,B,13.0,13.0
152200004,B,13.0,13.0
152201102,A,6.0,6.0
152201103,,13.0,13.0
152204102,B,12.0,12.0
153010002,B,13.0,13.0
153010003,B,18.0,18.0
153010004,B,12.0,12.0
153010005,B,15.0,15.0
153010007,B,16.0,16.0
153013103,B,12.0,12.0
153020001,B,13.0,13.0
153020002,B,6.0,6.0
153020004,B,15.0,15.0
153030001,,6.0,6.0
153030002,B,6.0,6.0
153030004,B,13.0,13.0
153030005,B,13.0,13.0
153030006,,6.0,6.0
153033103,B,12.0,12.0
153033202,B,12.0,12.0
153034101,B,12.0,12.0
153040001,A,18.0,18.0
153040002,B,16.0,16.0
153040006,B,6.0,6.0
153050008,B,9.0,9.0
153053101,B,9.0,9.0
153060001,B,16.0,16.0
153060002,B,16.0,16.0
153060005,B,16.0,16.0
153070002,B,6.0,6.0
153070003,B,9.0,9.0
153070004,B,9.0,9.0
153070005,B,13.0,13.0
153070006,B,13.0,13.0
153074102,B,12.0,12.0
153080001,B,6.0,6.0
153080002,B,6.0,6.0
153080005,B,13.0,13.0
153085102,,12.0,12.0
153090001,A,9.0,9.0
153090002,B,6.0,6.0
153090003,B,13.0,13.0
153090005,B,13.0,13.0
153090006,,6.0,6.0
153090008,B,13.0,13.0
153100001,,9.0,9.0
153100002,B,9.0,9.0
153100003,B,15.0,15.0
153100004,B,13.0,13.0
153100005,B,12.0,12.0
153100006,B,16.0,16.0
153100008,B,12.0,12.0
153100009,B,12.0,12.0
153120001,B,6.0,6.0
153120002,B,6.0,6.0
153120003,B,9.0,9.0
153130001,B,12.0,12.0
153130002,,12.0,12.0
153130003,,16.0,16.0
153150004,B,18.0,18.0
153150006,Q,13.0,13.0
153150008,B,12.0,12.0
153160003,B,18.0,18.0
153160004,B,13.0,13.0
153161103,B,13.0,13.0
153170001,B,6.0,6.0
153170002,B,6.0,6.0
153170003,A B,6.0,6.0
153170004,B,9.0,9.0
153170005,B,13.0,13.0
153170006,B,15.0,15.0
153170007,B,13.0,13.0
153170008,B,12.0,12.0
153170009,B,12.0,12.0
153174202,B,12.0,12.0
153174302,B,9.0,9.0
153175102,A,12.0,12.0
153175202,B,16.0,16.0
153190001,B,12.0,12.0
153190002,B,9.0,9.0
153190003,B,13.0,13.0
153190009,B,16.0,16.0
153200002,B,6.0,6.0
153200003,B,13.0,13.0
153200004,B,6.0,6.0
153200006,B,13.0,13.0
154010001,B,6.0,6.0
154010004,B,6.0,6.0
154010005,B,6.0,6.0
154010006,,9.0,9.0
154010007,B,9.0,9.0
154010010,B,9.0,9.0
154013103,B,9.0,9.0
154013105,B,12.0,12.0
154014101,B,12.0,12.0
154014302,A,6.0,6.0
154014402,B,9.0,9.0
154020001,B,16.0,16.0
154020002,,12.0,12.0
154020003,B,16.0,16.0
154020004,B,16.0,16.0
154020005,B,13.0,13.0
154020008,B,13.0,13.0
154025102,B,15.0,15.0
154050001,,16.0,16.0
154050002,,12.0,12.0
154050003,I,15.0,15.0
154050004,,18.0,18.0
154050005,B,16.0,16.0
154050006,B,16.0,16.0
154054102,B,12.0,12.0
154054202,B,13.0,13.0
154055102,B,16.0,16.0
154080002,A,16.0,16.0
154080006,,13.0,13.0
154083202,B,9.0,9.0
154090002,A,12.0,12.0
154090003,A,18.0,18.0
154090004,A,16.0,16.0
154090005,A,16.0,16.0
154090006,B,16.0,16.0
154093202,B,16.0,16.0
154093203,B,15.0,15.0
154093204,B,12.0,12.0
154110004,U,16.0,16.0
154120001,,12.0,12.0
154120002,B,13.0,13.0
154120005,B,16.0,16.0
154120006,B,16.0,16.0
154120008,B,16.0,16.0
154123103,B,16.0,16.0
154123104,B,12.0,12.0
154123105,B,12.0,12.0
154124101,A,16.0,16.0
154124201,A,13.0,13.0
154130004,B,16.0,16.0
154134102,B,12.0,12.0
154170002,,9.0,9.0
154170005,B,12.0,12.0
154170016,B,13.0,13.0
154190001,G,12.0,12.0
154190002,B,13.0,13.0
154190003,,15.0,15.0
154190004,B,6.0,6.0
154190006,B,13.0,13.0
154190010,G,16.0,16.0
154190011,B,13.0,13.0
154190012,B,9.0,9.0
154193101,B,13.0,13.0
154193104,B,9.0,9.0
154195102,B,13.0,13.0
154195103,B,13.0,13.0
154200003,B,6.0,6.0
154200007,B,6.0,6.0
154200009,B,9.0,9.0
154203103,B,9.0,9.0
154203104,,9.0,9.0
154203107,B,12.0,12.0
155040008,B,9.0,9.0
155050002,B,9.0,9.0
155050003,B,13.0,13.0
155050006,B,16.0,16.0
155050007,B,9.0,9.0
155050008,B,13.0,13.0
155053104,B,9.0,9.0
155090004,B,12.0,12.0
155120001,D1,16.0,16.0
155120002,B,9.0,9.0
155120003,B,16.0,16.0
155120004,B,13.0,13.0
155130004,B,6.0,6.0
155130009,B,13.0,13.0
155134101,G,9.0,9.0
155180004,B,18.0,18.0
155181102,B,15.0,15.0
155190002,,12.0,12.0
155190004,B,13.0,13.0
155190005,B,15.0,15.0
155190007,B,16.0,16.0
155190008,B,16.0,16.0
155191202,B,12.0,12.0
155191203,B,16.0,16.0
155193101,B,16.0,16.0
155200001,A,6.0,6.0
155200002,A,6.0,6.0
155200003,B,13.0,13.0
155200004,B,13.0,13.0
155200006,B,9.0,9.0
157010001,A,12.0,12.0
157010002,A,12.0,12.0
157010003,A,12.0,12.0
157010004,A,12.0,12.0
157010005,E1,6.0,6.0
157010007,A,13.0,13.0
157010008,A,15.0,15.0
157010009,A,13.0,13.0
157010012,A,12.0,12.0
157011106,A,13.0,13.0
157014101,,12.0,12.0
157014202,A,15.0,15.0
157015202,,12.0,12.0
157020002,B,12.0,12.0
157030001,B,12.0,12.0
157030002,B,9.0,9.0
157030004,B,12.0,12.0
157030005,B,12.0,12.0
157033102,A,9.0,9.0
157033103,Q,13.0,13.0
157033202,A B,15.0,15.0
157060003,A,13.0,13.0
157060004,A,13.0,13.0
157060005,,12.0,12.0
157060006,A,16.0,16.0
157060007,A,16.0,16.0
157060008,A,12.0,12.0
157070001,A,13.0,13.0
157070002,A,6.0,6.0
157070003,A,13.0,13.0
157070004,A,12.0,12.0
157070006,A,9.0,9.0
157070009,A,13.0,13.0
157070010,A,12.0,12.0
157070012,A,9.0,9.0
157070013,A,6.0,6.0
157070017,B,9.0,9.0
157070018,A,6.0,6.0
157073202,A,13.0,13.0
157073305,A,9.0,9.0
157074101,A,16.0,16.0
157074201,B,12.0,12.0
157100001,A,6.0,6.0
157100005,A,6.0,6.0
157100006,A,6.0,6.0
157100007,A,12.0,12.0
157100008,A,9.0,9.0
157100009,A,9.0,9.0
157100010,A,9.0,9.0
157100011,A,6.0,6.0
157100013,A,9.0,9.0
157100014,A,9.0,9.0
157100018,A,9.0,9.0
157104202,A,6.0,6.0
157105201,,6.0,6.0
157105401,,9.0,9.0
157110003,A,6.0,6.0
157110005,A,6.0,6.0
157110007,A,12.0,12.0
157110008,A,6.0,6.0
157110009,A,6.0,6.0
157110010,A,6.0,6.0
157110011,A,9.0,9.0
157110012,A,12.0,12.0
157110016,A,13.0,13.0
157111105,A,13.0,13.0
157113104,A,13.0,13.0
157114102,A,6.0,6.0
157114301,,12.0,12.0
157115102,A,12.0,12.0
157120006,A,12.0,12.0
157120007,B,6.0,6.0
157120008,A,13.0,13.0
157130001,,6.0,6.0
157130003,A,6.0,6.0
157130004,A,6.0,6.0
157130005,A,15.0,15.0
157130007,A,13.0,13.0
157135102,,16.0,16.0
157170001,B,6.0,6.0
157170003,B,16.0,16.0
157170004,B,16.0,16.0
157170005,B,12.0,12.0
157170008,B,12.0,12.0
157170011,B,13.0,13.0
157174102,B,12.0,12.0
157175202,B,16.0,16.0
158010001,A,12.0,12.0
158010002,A,9.0,9.0
158010003,A,12.0,12.0
158010004,A,12.0,12.0
158010005,A,13.0,13.0
158020002,A,16.0,16.0
158020003,,9.0,9.0
158030001,A,6.0,6.0
158030002,A,6.0,6.0
158030003,A,12.0,12.0
158030004,A,12.0,12.0
158030005,A,12.0,12.0
158030006,A,12.0,12.0
158030007,A,13.0,13.0
158030010,A,13.0,13.0
158034101,B,6.0,6.0
158034202,A,13.0,13.0
158035102,A,13.0,13.0
158040001,A,6.0,6.0
158040002,A,9.0,9.0
158040003,V,16.0,16.0
158040004,A,12.0,12.0
158040005,A,13.0,13.0
158040006,,6.0,6.0
158050002,A,9.0,9.0
158050005,A,12.0,12.0
158050006,A,13.0,13.0
158050007,A,9.0,9.0
158050008,A,13.0,13.0
158054101,A,13.0,13.0
158060002,B,13.0,13.0
158060009,A,6.0,6.0
158060010,A,6.0,6.0
158060011,A,6.0,6.0
158060012,A,6.0,6.0
158080002,B,16.0,16.0
158080004,A,16.0,16.0
158080005,E1,15.0,15.0
158100001,A,15.0,15.0
158100002,B,16.0,16.0
158100003,B,16.0,16.0
158110003,B,15.0,15.0
158110004,A,12.0,12.0
158140001,B,13.0,13.0
158140003,B,13.0,13.0
158140004,B,13.0,13.0
158140006,B,13.0,13.0
158140007,B,6.0,6.0
158140009,B,12.0,12.0
158140010,B,9.0,9.0
158150006,B,13.0,13.0
158153306,I,13.0,13.0
158160001,,12.0,12.0
158160002,A,16.0,16.0
158160004,A B,16.0,16.0
158170001,,9.0,9.0
158170002,A,9.0,9.0
158170003,A,16.0,16.0
158170004,A,16.0,16.0
158201104,A,9.0,9.0
158201106,A,6.0,6.0
159010001,A,13.0,13.0
159010002,A,15.0,15.0
159010003,A,12.0,12.0
159010004,A,12.0,12.0
159010006,A,16.0,16.0
159010007,A,12.0,12.0
159010010,A,9.0,9.0
159010012,A,6.0,6.0
159010013,A,12.0,12.0
159015202,A,12.0,12.0
159020001,,6.0,6.0
159020003,A,9.0,9.0
159020004,A,16.0,16.0
159030001,A,6.0,6.0
159030002,A,6.0,6.0
159030005,A,9.0,9.0
159030006,A,9.0,9.0
159040002,A,6.0,6.0
159040003,A,13.0,13.0
159042102,A,9.0,9.0
159044102,A,9.0,9.0
159050001,A,6.0,6.0
159050002,A,6.0,6.0
159050003,A,13.0,13.0
159050004,A,15.0,15.0
159050005,A,16.0,16.0
159053102,A,9.0,9.0
159053103,A,16.0,16.0
159060002,A,6.0,6.0
159060003,A,6.0,6.0
159060004,A,9.0,9.0
159070001,A,6.0,6.0
159070002,A,6.0,6.0
159070003,A,9.0,9.0
159070004,A,9.0,9.0
159100003,A,6.0,6.0
159100004,A,6.0,6.0
159100006,A,6.0,6.0
159100007,A,6.0,6.0
159100010,A,6.0,6.0
159100011,A,9.0,9.0
159100013,A,6.0,6.0
159100014,A,9.0,9.0
159104101,A,12.0,12.0
159104201,A,6.0,6.0
159104301,A,6.0,6.0
159110001,A,6.0,6.0
159110002,A,6.0,6.0
159110003,A,12.0,12.0
159110004,A,13.0,13.0
159110008,A,6.0,6.0
159110009,A,12.0,12.0
159120004,A,6.0,6.0
159120005,A,6.0,6.0
159120006,A,9.0,9.0
159120007,A,13.0,13.0
159120008,A,9.0,9.0
159123201,A,9.0,9.0
159130001,A,6.0,6.0
159130003,A,13.0,13.0
159130004,A,12.0,12.0
159130005,A,13.0,13.0
159140001,A,6.0,6.0
159140009,A,12.0,12.0
159140010,A,12.0,12.0
159140011,A,9.0,9.0
159143102,A,6.0,6.0
159150001,,9.0,9.0
159150002,A,6.0,6.0
159150005,A,12.0,12.0
159150006,A,12.0,12.0
159160001,A,9.0,9.0
159160004,A,6.0,6.0
159170003,A,6.0,6.0
159170006,A,6.0,6.0
159170007,A,6.0,6.0
159170008,A,13.0,13.0
159173101,A,6.0,6.0
159180003,A,6.0,6.0
159180004,A,13.0,13.0
159190001,A,6.0,6.0
159190002,A,6.0,6.0
159190005,A,9.0,9.0
159190006,A,13.0,13.0
159200001,A,6.0,6.0
159200002,A,3.0,3.0
159200003,A,16.0,16.0
159200004,A,13.0,13.0
159200005,A,13.0,13.0
159200006,A,16.0,16.0
159200007,A,16.0,16.0
159200010,A,12.0,12.0
159200014,A,12.0,12.0
159201104,A,12.0,12.0
159210001,A,6.0,6.0
159210002,A,6.0,6.0
159210003,A,6.0,6.0
159210004,A,9.0,9.0
159210007,A,13.0,13.0
159210008,A,9.0,9.0
159213102,A,9.0,9.0
159214102,A,13.0,13.0
159215102,A,12.0,12.0
159220003,A,6.0,6.0
159220004,A,6.0,6.0
159220006,A,13.0,13.0
159220008,A,13.0,13.0
159230001,A,6.0,6.0
159230002,A,6.0,6.0
159230004,A,12.0,12.0
159230005,A,13.0,13.0
159230009,A,6.0,6.0
159233102,A,9.0,9.0
159233106,A,9.0,9.0
159235102,A,9.0,9.0
159240001,A,6.0,6.0
159240004,A,13.0,13.0
159240005,,6.0,6.0
159240006,A,6.0,6.0
159240007,A,9.0,9.0
159240009,A,16.0,16.0
159240011,A,6.0,6.0
159242105,A,6.0,6.0
159242108,A,13.0,13.0
159244102,A,6.0,6.0
159245303,A,13.0,13.0
159245304,A,16.0,16.0
159250001,,6.0,6.0
159250004,A,6.0,6.0
159250006,A,6.0,6.0
159270001,A,3.0,3.0
159270003,A,9.0,9.0
159270004,A,9.0,9.0
159270006,A,6.0,6.0
159274101,A,6.0,6.0
159275102,A,16.0,16.0
159275202,A,6.0,6.0
159280007,A,6.0,6.0
159280009,A,9.0,9.0
159280010,A,6.0,6.0
159283101,A,12.0,12.0
159290001,A,6.0,6.0
159290002,A,6.0,6.0
159290004,A,12.0,12.0
159290005,A,16.0,16.0
159290006,A,9.0,9.0
159295102,A,16.0,16.0
159300001,A,6.0,6.0
159300002,A,6.0,6.0
159300004,A,6.0,6.0
160010001,A,16.0,16.0
160010002,A,9.0,9.0
160020001,,6.0,6.0
160020002,A,6.0,6.0
160020005,A,13.0,13.0
160020007,A,13.0,13.0
160020011,A,9.0,9.0
160020012,A,9.0,9.0
160025201,,13.0,13.0
160030001,A,16.0,16.0
160030002,A,9.0,9.0
160030003,A,18.0,18.0
160030004,A,15.0,15.0
160030005,A,16.0,16.0
160034102,A,16.0,16.0
160035101,,16.0,16.0
160040001,A,13.0,13.0
160040002,A,12.0,12.0
160040004,A,13.0,13.0
160040005,A,9.0,9.0
160043101,A,9.0,9.0
160050001,A,6.0,6.0
160050002,A,6.0,6.0
160050003,A,13.0,13.0
160050004,A,13.0,13.0
160050005,A,13.0,13.0
160050006,A,13.0,13.0
160053108,A,13.0,13.0
160055202,A,13.0,13.0
160060001,A,9.0,9.0
160060002,A,9.0,9.0
160060005,A,15.0,15.0
160065102,A,13.0,13.0
160070002,A,6.0,6.0
160070003,A,12.0,12.0
160070005,A,13.0,13.0
160070012,A,16.0,16.0
160070013,A,13.0,13.0
160075202,A,13.0,13.0
160080001,A,16.0,16.0
160080002,,13.0,13.0
160080003,A,15.0,15.0
160080005,A,16.0,16.0
160083102,A,16.0,16.0
160100002,A,6.0,6.0
160100004,A,13.0,13.0
160100005,A,13.0,13.0
160100006,A,13.0,13.0
160100007,A,13.0,13.0
160100011,A,12.0,12.0
160103107,A,15.0,15.0
160103202,A,13.0,13.0
160105101,A,13.0,13.0
160110001,A,6.0,6.0
160110002,A,6.0,6.0
160110003,A,13.0,13.0
160110004,A,13.0,13.0
160110005,A,13.0,13.0
160110006,A,13.0,13.0
160110007,A,13.0,13.0
160110008,A,13.0,13.0
160110009,A,9.0,9.0
160110010,A,13.0,13.0
160114101,A,9.0,9.0
160114201,A,6.0,6.0
160114301,A,16.0,16.0
160115201,A A1V,16.0,16.0
160120001,A,6.0,6.0
160120002,A,9.0,9.0
160120003,A,13.0,13.0
160120006,A,13.0,13.0
160120007,A,13.0,13.0
160120012,A,13.0,13.0
160123202,A,13.0,13.0
160123203,A,9.0,9.0
160124302,A,15.0,15.0
160130002,A,15.0,15.0
160130003,A,18.0,18.0
160130004,A,16.0,16.0
160130006,A,16.0,16.0
160130007,A,16.0,16.0
160140002,A,12.0,12.0
160140003,A,16.0,16.0
160140004,A,16.0,16.0
160140005,A,16.0,16.0
160140008,A,16.0,16.0
160144101,A,18.0,18.0
160150001,A,12.0,12.0
160150002,A,6.0,6.0
160150003,A,16.0,16.0
160150004,,15.0,15.0
160155102,B,15.0,15.0
160160003,A,15.0,15.0
160160006,A,16.0,16.0
160160007,,9.0,9.0
160163102,A,16.0,16.0
160163103,A,16.0,16.0
160165102,,16.0,16.0
160165103,,18.0,18.0
160165104,A,16.0,16.0
160170002,A,13.0,13.0
160170003,A,15.0,15.0
160170004,N,16.0,16.0
160180001,A,6.0,6.0
160180006,A,12.0,12.0
160190001,A,13.0,13.0
160190002,A,12.0,12.0
160190005,A,15.0,15.0
160194102,A,16.0,16.0
160200001,A,12.0,12.0
160200002,A,9.0,9.0
160200003,A,16.0,16.0
160200004,A,16.0,16.0
160200005,A,16.0,16.0
161010001,A,12.0,12.0
161010005,A,13.0,13.0
161010006,A,15.0,15.0
161010008,A,9.0,9.0
161014103,A,13.0,13.0
161015102,C1,13.0,13.0
161020001,,6.0,6.0
161020003,A,6.0,6.0
161020004,A,6.0,6.0
161020005,A,6.0,6.0
161020006,A,6.0,6.0
161020007,A,6.0,6.0
161020008,A,13.0,13.0
161020009,A,13.0,13.0
161023103,A,6.0,6.0
161023202,A,9.0,9.0
161023203,A,9.0,9.0
161025102,A,6.0,6.0
161025103,A,9.0,9.0
161030001,A,15.0,15.0
161030002,A,9.0,9.0
161030003,A,16.0,16.0
161030004,A,15.0,15.0
161030005,A,16.0,16.0
161030009,A,12.0,12.0
161035101,A,16.0,16.0
161040002,A,6.0,6.0
161040003,A,9.0,9.0
161040004,A,9.0,9.0
161040005,A,9.0,9.0
161040007,A,13.0,13.0
161043101,A,13.0,13.0
161043103,A,9.0,9.0
161045102,A,13.0,13.0
161050001,A,6.0,6.0
161050002,A,6.0,6.0
161050003,A,12.0,12.0
161050004,A,13.0,13.0
161055102,A,9.0,9.0
161060002,A,9.0,9.0
161060004,A,12.0,12.0
161060005,A,13.0,13.0
161060007,A,16.0,16.0
161060009,A,13.0,13.0
161060010,S,12.0,12.0
161063103,A,12.0,12.0
161070001,A,9.0,9.0
161070003,A,9.0,9.0
161070004,A,9.0,9.0
161070005,A,9.0,9.0
161070006,A,6.0,6.0
161070007,A,9.0,9.0
161070008,A,6.0,6.0
161070009,A,9.0,9.0
161075102,A,6.0,6.0
161075202,A,9.0,9.0
161075301,A,13.0,13.0
161080002,A,6.0,6.0
161080003,A,12.0,12.0
161080004,A,6.0,6.0
161080005,A,6.0,6.0
161080006,A,13.0,13.0
161080008,A,9.0,9.0
161085201,A,9.0,9.0
161090003,A,15.0,15.0
161090004,A,15.0,15.0
161090006,A,12.0,12.0
161100001,A,6.0,6.0
161100004,A,13.0,13.0
161100006,A,6.0,6.0
161100009,A,9.0,9.0
161100010,A,9.0,9.0
161100012,A,6.0,6.0
161110002,A,6.0,6.0
161120001,A,6.0,6.0
161120002,A,9.0,9.0
161120003,A,12.0,12.0
161120004,A,12.0,12.0
161120005,A,9.0,9.0
161120006,A,9.0,9.0
161120011,A,9.0,9.0
161130002,A,6.0,6.0
161130003,A,12.0,12.0
161134103,A,6.0,6.0
161140001,A,6.0,6.0
161140002,A,6.0,6.0
161140003,A,12.0,12.0
161140004,A,12.0,12.0
161140005,A,9.0,9.0
161144102,A,9.0,9.0
161150001,A,6.0,6.0
161150002,A,6.0,6.0
161160001,A,6.0,6.0
161160002,A,6.0,6.0
161160003,A,12.0,12.0
161160004,A,9.0,9.0
161160007,A,13.0,13.0
161165103,A,9.0,9.0
161170001,A,6.0,6.0
161170002,A,6.0,6.0
161170003,A,6.0,6.0
161170008,A,6.0,6.0
161180001,A,6.0,6.0
161180002,A,12.0,12.0
161180003,A,16.0,16.0
161180004,A,16.0,16.0
161190001,A,6.0,6.0
161190002,A,6.0,6.0
161190003,,6.0,6.0
161190004,A,9.0,9.0
161190005,A,9.0,9.0
161190006,A,9.0,9.0
161200001,A,6.0,6.0
161200002,A,6.0,6.0
161200003,A,6.0,6.0
161200005,A,12.0,12.0
161200006,A,12.0,12.0
161200007,A,9.0,9.0
162010002,A,6.0,6.0
162010003,B,9.0,9.0
162010004,A,12.0,12.0
162010005,A,9.0,9.0
162020001,A,6.0,6.0
162020002,A,6.0,6.0
162020003,A,13.0,13.0
162020004,A,9.0,9.0
162020007,A,9.0,9.0
162030001,A,6.0,6.0
162030002,A,6.0,6.0
162030003,A,9.0,9.0
162030004,A,9.0,9.0
162033101,A,9.0,9.0
162033102,A,6.0,6.0
162033104,,12.0,12.0
162035202,A,12.0,12.0
162040002,A,6.0,6.0
162040003,A,9.0,9.0
162040004,A,9.0,9.0
162040005,A,6.0,6.0
162040006,A,12.0,12.0
162050002,A,6.0,6.0
162050003,A,6.0,6.0
162050005,,9.0,9.0
162060001,,6.0,6.0
162060003,A,9.0,9.0
162060004,A,12.0,12.0
162070001,A,6.0,6.0
162070004,A,13.0,13.0
162070006,A,6.0,6.0
162070009,,6.0,6.0
162080003,A,9.0,9.0
162080004,A,9.0,9.0
162090001,A,6.0,6.0
162090003,A,12.0,12.0
162100002,A,6.0,6.0
162100003,A,9.0,9.0
162100004,A,12.0,12.0
162100005,A,9.0,9.0
162110001,A,6.0,6.0
162110002,A,6.0,6.0
162110003,A,12.0,12.0
162110004,A,12.0,12.0
162120002,,6.0,6.0
162120003,A,13.0,13.0
162120005,,6.0,6.0
162120006,A,12.0,12.0
162125102,G,6.0,6.0
162130002,A,6.0,6.0
162130003,A,9.0,9.0
162140002,A,16.0,16.0
162140003,A,16.0,16.0
162140009,A,9.0,9.0
162140012,A,6.0,6.0
162150001,,6.0,6.0
162150003,A,12.0,12.0
162150004,A,12.0,12.0
162150005,A,12.0,12.0
162153102,A,6.0,6.0
162153103,A,9.0,9.0
162153104,A,6.0,6.0
162153105,A,13.0,13.0
162154101,A,13.0,13.0
162160003,A,12.0,12.0
162170003,A,9.0,9.0
162170004,A,6.0,6.0
162173103,A,12.0,12.0
162173104,A,13.0,13.0
162180002,A,6.0,6.0
162180003,A,9.0,9.0
162180004,A,6.0,6.0
162180005,A,6.0,6.0
162190002,A,6.0,6.0
162190005,A,6.0,6.0
162190007,A,9.0,9.0
162190009,A,15.0,15.0
162200001,A,6.0,6.0
162200002,A,9.0,9.0
162200004,A,6.0,6.0
162204102,A,6.0,6.0
163010001,A,6.0,6.0
163010002,A,6.0,6.0
163030001,A,6.0,6.0
163030002,A,6.0,6.0
163030003,A,6.0,6.0
163030004,A,6.0,6.0
163030005,A,6.0,6.0
163030006,A,9.0,9.0
163030008,A,13.0,13.0
163031103,A,6.0,6.0
163033103,A,9.0,9.0
163040001,,6.0,6.0
163040002,A,6.0,6.0
163040003,,6.0,6.0
163050001,A,6.0,6.0
163050002,A,9.0,9.0
163050003,A,16.0,16.0
163050004,A,16.0,16.0
163050005,A,16.0,16.0
163055103,A,16.0,16.0
163060001,A,6.0,6.0
163060002,,6.0,6.0
163060003,A,9.0,9.0
163060004,A,9.0,9.0
163060005,A,12.0,12.0
163060006,A,6.0,6.0
163064201,A,6.0,6.0
163070001,A,6.0,6.0
163080002,A,6.0,6.0
163080003,A,9.0,9.0
163080004,A,9.0,9.0
163084102,A,9.0,9.0
163090002,A,6.0,6.0
163090004,A,6.0,6.0
163090005,A,12.0,12.0
163090006,A,9.0,9.0
163090007,A,6.0,6.0
163090008,A,13.0,13.0
163100001,A,6.0,6.0
163100002,A,6.0,6.0
163100003,A,9.0,9.0
163100004,A,12.0,12.0
163100005,A,9.0,9.0
163110001,A,6.0,6.0
163110002,A,13.0,13.0
163110003,,16.0,16.0
163110004,A,6.0,6.0
163113101,A,12.0,12.0
163113103,A,13.0,13.0
163120001,A,6.0,6.0
163120002,A,6.0,6.0
163120003,A,6.0,6.0
163120004,A,13.0,13.0
163123102,A,6.0,6.0
163123103,A,9.0,9.0
163140001,A,9.0,9.0
163140002,A,9.0,9.0
163140003,A,13.0,13.0
163140004,,6.0,6.0
163140005,A,12.0,12.0
163145201,A,9.0,9.0
163150001,A,6.0,6.0
163150002,A,3.0,3.0
163150005,A,13.0,13.0
163150007,A,13.0,13.0
163160001,A,6.0,6.0
163160002,A,6.0,6.0
163160004,A,13.0,13.0
163170001,A,6.0,6.0
163170002,A,6.0,6.0
163170003,A,13.0,13.0
163180001,A,6.0,6.0
163180003,A,6.0,6.0
163180004,A,9.0,9.0
163180005,A,9.0,9.0
163180008,A,13.0,13.0
163180009,A,9.0,9.0
163184101,A,9.0,9.0
163184108,A,12.0,12.0
163184109,A,9.0,9.0
163190001,A,6.0,6.0
163190003,A,6.0,6.0
163190004,A,9.0,9.0
163190005,A,6.0,6.0
163200001,A,6.0,6.0
163200002,A,6.0,6.0
163200003,A,13.0,13.0
163200004,A,12.0,12.0
163200006,A,13.0,13.0
163200007,A,15.0,15.0
163230003,A,13.0,13.0
163230007,A,6.0,6.0
163230009,A,12.0,12.0
163230010,A,6.0,6.0
163235101,A,12.0,12.0
163240001,A,13.0,13.0
163240002,A,6.0,6.0
163240003,A,12.0,12.0
163240004,A,13.0,13.0
163244103,A,13.0,13.0
163250004,A,12.0,12.0
163250007,A,13.0,13.0
163250008,A,15.0,15.0
163253102,A,13.0,13.0
163253103,A,13.0,13.0
163260003,A,13.0,13.0
163260004,A,13.0,13.0
163270001,A,6.0,6.0
163270002,A,9.0,9.0
163270003,A,13.0,13.0
163270004,A,13.0,13.0
163270005,A,13.0,13.0
163270006,A,13.0,13.0
163273102,A,16.0,16.0
163274104,A,9.0,9.0
163275101,A,9.0,9.0
163280001,A,6.0,6.0
163280003,A,9.0,9.0
163290001,A,6.0,6.0
163290003,A,6.0,6.0
163290004,A,6.0,6.0
163290005,A,9.0,9.0
163290006,A,6.0,6.0
163293104,A,9.0,9.0
163300001,A,6.0,6.0
163300002,A,6.0,6.0
163300004,A,6.0,6.0
163300006,A,6.0,6.0
163300008,A,9.0,9.0
164010003,,6.0,6.0
164010004,A,6.0,6.0
164010005,A,9.0,9.0
164010006,A,9.0,9.0
164011108,A,12.0,12.0
164011109,A,13.0,13.0
164011112,A,6.0,6.0
164020001,A,6.0,6.0
164020002,A,6.0,6.0
164020004,A,9.0,9.0
164020005,A,6.0,6.0
164020008,,6.0,6.0
164020011,A,12.0,12.0
164020013,A,13.0,13.0
164030002,A,6.0,6.0
164030003,A,6.0,6.0
164030004,A,6.0,6.0
164030006,A,6.0,6.0
164035102,A,6.0,6.0
164040001,A,13.0,13.0
164040002,A,13.0,13.0
164040003,A,12.0,12.0
164040004,A,16.0,16.0
164040005,A,16.0,16.0
164040006,A,13.0,13.0
164040009,A,16.0,16.0
164050001,A,13.0,13.0
164050002,A,9.0,9.0
164050003,A,13.0,13.0
164050004,A,12.0,12.0
164050005,A,12.0,12.0
164050006,A,9.0,9.0
164050007,A,6.0,6.0
164050008,A,13.0,13.0
164050009,A,16.0,16.0
164055103,A,12.0,12.0
164055303,A,16.0,16.0
164060001,A,6.0,6.0
164060002,A,6.0,6.0
164060003,A,6.0,6.0
164060004,A,9.0,9.0
164060006,A,6.0,6.0
164070002,A,6.0,6.0
164070004,A,6.0,6.0
164070005,A,9.0,9.0
164070006,A,9.0,9.0
164074103,A,6.0,6.0
164074203,A,9.0,9.0
164075104,A,6.0,6.0
164080002,,6.0,6.0
164090002,A,6.0,6.0
164090003,A,9.0,9.0
164090004,A,9.0,9.0
164090006,A,6.0,6.0
164093103,A,13.0,13.0
164100001,A,6.0,6.0
164100002,A,6.0,6.0
164100003,,9.0,9.0
164100004,,9.0,9.0
164100005,A,9.0,9.0
164100006,A,9.0,9.0
164105102,A,6.0,6.0
164105103,A,9.0,9.0
164110002,A,9.0,9.0
164115002,A,6.0,6.0
164120001,A,12.0,12.0
164120002,A,16.0,16.0
164120003,A,16.0,16.0
164120004,A,16.0,16.0
164120005,A,6.0,6.0
164120008,A,16.0,16.0
164120010,A,15.0,15.0
164124101,A,6.0,6.0
164124104,A,12.0,12.0
164124105,A,12.0,12.0
164124106,A,9.0,9.0
164130001,A,6.0,6.0
164130002,A,6.0,6.0
164130003,A,13.0,13.0
164130004,A,12.0,12.0
164130005,A,6.0,6.0
164140001,A,9.0,9.0
164140002,A,6.0,6.0
164140003,A,12.0,12.0
164140004,A,13.0,13.0
164140005,A,16.0,16.0
164140006,A,16.0,16.0
164140007,A,12.0,12.0
164143102,A,12.0,12.0
164143103,A,12.0,12.0
164144102,A,16.0,16.0
164144201,A,16.0,16.0
164145103,A,13.0,13.0
164150001,,6.0,6.0
164150002,A,6.0,6.0
164150004,A,12.0,12.0
164154102,A,6.0,6.0
164154103,A,13.0,13.0
164160001,A,12.0,12.0
164160002,A,16.0,16.0
164160003,A,12.0,12.0
164160005,A,15.0,15.0
164160006,,6.0,6.0
164170001,A,12.0,12.0
164170002,A,6.0,6.0
164170003,A,15.0,15.0
164170004,A,12.0,12.0
164174102,A,13.0,13.0
164175105,A,16.0,16.0
164180002,A,6.0,6.0
164180003,A,6.0,6.0
164180005,A,9.0,9.0
164180006,A,9.0,9.0
164180008,A,9.0,9.0
164183102,A,6.0,6.0
164183104,A,9.0,9.0
164185102,A,9.0,9.0
164190001,A,6.0,6.0
164190002,A,6.0,6.0
164190003,A,6.0,6.0
164190004,A,13.0,13.0
164190005,A,9.0,9.0
164190006,A,13.0,13.0
164195102,A,9.0,9.0
164195302,A,6.0,6.0
164200001,A,9.0,9.0
164200003,A,12.0,12.0
164200004,A,9.0,9.0
164200005,A,9.0,9.0
164200006,A,9.0,9.0
164200008,A,9.0,9.0
164203104,A,13.0,13.0
164203202,A,13.0,13.0
164204102,A,6.0,6.0
164210001,A,6.0,6.0
164210002,A,6.0,6.0
164210003,A,9.0,9.0
164210005,A,13.0,13.0
164220001,A,6.0,6.0
164220003,A,9.0,9.0
164220004,A,13.0,13.0
164220006,A,9.0,9.0
164220007,A,13.0,13.0
164220008,A,12.0,12.0
164220009,A,9.0,9.0
164224102,A,6.0,6.0
164225102,A,9.0,9.0
164225302,A,12.0,12.0
164230001,A,6.0,6.0
164230002,A,6.0,6.0
164230003,A,9.0,9.0
164230005,A,9.0,9.0
164230006,A,9.0,9.0
164230007,A,9.0,9.0
164230009,A,9.0,9.0
164230011,A,13.0,13.0
164233102,A,6.0,6.0
164233103,A,9.0,9.0
164234101,A,9.0,9.0
164234301,A,9.0,9.0
164240002,A,6.0,6.0
164240003,A,12.0,12.0
164240004,A,9.0,9.0
164244202,A,12.0,12.0
164245102,,9.0,9.0
164250001,A,6.0,6.0
164250002,A,6.0,6.0
164250003,A,6.0,6.0
164250004,A,6.0,6.0
164260003,A,6.0,6.0
164260004,A,9.0,9.0
164260005,A,15.0,15.0
164260006,A,6.0,6.0
164260007,A,9.0,9.0
164260008,A,6.0,6.0
164260010,A,9.0,9.0
164270001,A,6.0,6.0
164270004,A,6.0,6.0
164270006,A,9.0,9.0
164270007,A,12.0,12.0
164270008,A,6.0,6.0
164273101,A,6.0,6.0
164273103,A,13.0,13.0
164280001,A,6.0,6.0
164280002,A,6.0,6.0
164280003,A,6.0,6.0
164280004,A,9.0,9.0
164280005,A,6.0,6.0
164280008,A,13.0,13.0
164284101,A,6.0,6.0
164284201,A,6.0,6.0
164285102,A,9.0,9.0
164290001,A,6.0,6.0
164290002,A,13.0,13.0
164290003,A,6.0,6.0
164290004,A,13.0,13.0
164300002,A,6.0,6.0
164300004,A,6.0,6.0
164300010,A,6.0,6.0
164303101,A,6.0,6.0
164303104,A,9.0,9.0
165010002,A,6.0,6.0
165010003,A,12.0,12.0
165010004,A,16.0,16.0
165010005,A,16.0,16.0
165010006,A,16.0,16.0
165010007,A,12.0,12.0
165010008,A,16.0,16.0
165010010,A,16.0,16.0
165014101,A,13.0,13.0
165014201,A,13.0,13.0
165020002,A,6.0,6.0
165020003,A,9.0,9.0
165020004,A,6.0,6.0
165025101,A,9.0,9.0
165030001,A,12.0,12.0
165030002,A,6.0,6.0
165030003,A,16.0,16.0
165030004,A,16.0,16.0
165035102,A,15.0,15.0
165040001,A,6.0,6.0
165040002,A,9.0,9.0
165040003,A,12.0,12.0
165040004,A,9.0,9.0
165040005,A,12.0,12.0
165044101,A,13.0,13.0
165050001,A,6.0,6.0
165050003,A,6.0,6.0
165050004,A,6.0,6.0
165050005,A,6.0,6.0
165050007,A,6.0,6.0
165054101,A,6.0,6.0
165054103,A,16.0,16.0
165055201,B,6.0,6.0
165060002,A,6.0,6.0
165060003,A,6.0,6.0
165060005,A,9.0,9.0
165060006,A,9.0,9.0
165060007,A,9.0,9.0
165060008,A,13.0,13.0
165060009,A,9.0,9.0
165064102,A,13.0,13.0
165070001,A,6.0,6.0
165070003,A,15.0,15.0
165070004,A,13.0,13.0
165070005,A,12.0,12.0
165074102,A,12.0,12.0
165080001,A,6.0,6.0
165080002,A,6.0,6.0
165080003,A,13.0,13.0
165080004,A,16.0,16.0
165080006,A,16.0,16.0
165080010,A,12.0,12.0
165085101,A,13.0,13.0
165090001,A,6.0,6.0
165090002,A,6.0,6.0
165090003,A,6.0,6.0
165090004,A,9.0,9.0
165090005,A,9.0,9.0
165100003,A,6.0,6.0
165100004,A,9.0,9.0
165103101,A,6.0,6.0
165110002,A,6.0,6.0
165110003,A,15.0,15.0
165110004,A,15.0,15.0
165110005,A,12.0,12.0
165120001,A,12.0,12.0
165120002,A,6.0,6.0
165120006,A,6.0,6.0
165120007,,6.0,6.0
165120008,A,6.0,6.0
165120009,A,9.0,9.0
165130002,A,9.0,9.0
165130003,A,12.0,12.0
165140001,A,3.0,3.0
165140002,A,9.0,9.0
165140004,A,12.0,12.0
165150001,A,6.0,6.0
165150002,A,6.0,6.0
165150003,A,6.0,6.0
165150004,A,9.0,9.0
165150006,A,9.0,9.0
165150007,A,12.0,12.0
165150008,A,16.0,16.0
165150010,A,12.0,12.0
165153103,A,9.0,9.0
165155103,Q,9.0,9.0
165155203,A,13.0,13.0
165155303,Q,13.0,13.0
165160002,,6.0,6.0
165160003,A,12.0,12.0
165160004,A,12.0,12.0
165160005,A,6.0,6.0
165160006,A,15.0,15.0
165160008,A,9.0,9.0
165161104,A,16.0,16.0
165164102,Q,12.0,12.0
165180002,A,6.0,6.0
165190001,A,13.0,13.0
165190002,A,15.0,15.0
165190003,A,12.0,12.0
165190005,A,15.0,15.0
165190006,A,16.0,16.0
165190007,A,13.0,13.0
165194102,A,12.0,12.0
165194202,A,13.0,13.0
165200002,A,6.0,6.0
165200003,A,9.0,9.0
165200004,A,13.0,13.0
165200005,A,13.0,13.0
165200007,A,6.0,6.0
165200008,A,6.0,6.0
165205102,A,9.0,9.0
165205201,V,12.0,12.0
165210001,A,6.0,6.0
165210002,A,6.0,6.0
165210003,A,16.0,16.0
165210004,A,13.0,13.0
165210006,A,13.0,13.0
165213102,A,16.0,16.0
165214101,A,12.0,12.0
165220004,A,6.0,6.0
165220005,A,9.0,9.0
165240003,A,6.0,6.0
165240004,A,16.0,16.0
165250001,A,6.0,6.0
165250002,A,6.0,6.0
165250005,A,9.0,9.0
165250007,A,13.0,13.0
165260001,A,9.0,9.0
165260002,A,6.0,6.0
165260003,A,12.0,12.0
165260004,A,12.0,12.0
165260005,A,12.0,12.0
165264101,A,9.0,9.0
165270002,A,9.0,9.0
165270003,A,9.0,9.0
165270004,,6.0,6.0
165270006,,9.0,9.0
165270008,,12.0,12.0
165280003,A,15.0,15.0
165280004,A,12.0,12.0
165280005,A,16.0,16.0
165290001,A,6.0,6.0
165290002,A,6.0,6.0
165300001,A,6.0,6.0
165300002,A,6.0,6.0
165300003,A,12.0,12.0
165300004,A,13.0,13.0
165300005,A,13.0,13.0
165300006,A,12.0,12.0
165300007,A,12.0,12.0
165303102,A,6.0,6.0
165304102,A,12.0,12.0
165305101,,6.0,6.0
165410004,A,6.0,6.0
165410005,A,9.0,9.0
165414102,A,6.0,6.0
165414103,A,13.0,13.0
165414105,A,16.0,16.0
166010004,A,16.0,16.0
166020001,A,6.0,6.0
166020002,,6.0,6.0
166030002,A,6.0,6.0
166030003,A,6.0,6.0
166030004,,6.0,6.0
166030005,A,9.0,9.0
166030006,A,9.0,9.0
166030007,A,9.0,9.0
166031105,A,9.0,9.0
166034102,A,9.0,9.0
166040001,A,6.0,6.0
166050002,A,6.0,6.0
166050003,A,13.0,13.0
166050004,A,12.0,12.0
166050005,A,12.0,12.0
166060002,,6.0,6.0
166060004,A,9.0,9.0
166060005,A,6.0,6.0
166060006,A,6.0,6.0
166060007,A,9.0,9.0
166060008,A,9.0,9.0
166065101,A,9.0,9.0
166070004,B,12.0,12.0
166070005,A,6.0,6.0
166070006,A,9.0,9.0
166070008,A,13.0,13.0
166075102,B,13.0,13.0
166080003,A,6.0,6.0
166080005,A,9.0,9.0
166090001,A,6.0,6.0
166090002,A,6.0,6.0
166090003,A,9.0,9.0
166090004,A,9.0,9.0
166093101,A,6.0,6.0
166093103,A,13.0,13.0
166100001,A,6.0,6.0
166100002,A,6.0,6.0
166100003,A,12.0,12.0
166110003,A,15.0,15.0
166110004,A,12.0,12.0
166110005,A,13.0,13.0
166120001,A,6.0,6.0
166120002,A,6.0,6.0
166120003,A,6.0,6.0
166120004,A,6.0,6.0
166120005,A,9.0,9.0
166120006,A,9.0,9.0
166125102,A,13.0,13.0
166125201,A,9.0,9.0
166130001,A,6.0,6.0
166130002,A,6.0,6.0
166130003,A,9.0,9.0
166130004,A,13.0,13.0
166130005,A,6.0,6.0
166130006,,6.0,6.0
166130007,A,6.0,6.0
166135105,A,12.0,12.0
166140001,A,6.0,6.0
166140002,A,6.0,6.0
166140003,A,16.0,16.0
166140004,A,13.0,13.0
166141102,A,16.0,16.0
166150001,A,6.0,6.0
166150002,A,12.0,12.0
166150003,A,9.0,9.0
166150004,A,6.0,6.0
166150006,A,6.0,6.0
166160001,A,6.0,6.0
166160002,A,9.0,9.0
166160004,A,9.0,9.0
166164101,A,12.0,12.0
166170001,A,9.0,9.0
166170002,A,9.0,9.0
166170004,A,15.0,15.0
166170006,A,6.0,6.0
166180002,A,6.0,6.0
166180003,A,12.0,12.0
166180004,A,16.0,16.0
166180005,A,13.0,13.0
166180006,,13.0,13.0
166180007,A,13.0,13.0
166183103,A,13.0,13.0
166183201,A,13.0,13.0
166183204,A,13.0,13.0
166184101,,13.0,13.0
166185101,A,6.0,6.0
166190001,A,6.0,6.0
166190002,A,6.0,6.0
166190004,B,12.0,12.0
166190005,A,9.0,9.0
166190006,A B,13.0,13.0
166194101,A,12.0,12.0
166200001,A,6.0,6.0
166200002,A,6.0,6.0
166200003,A,6.0,6.0
166200004,,6.0,6.0
166200006,A,9.0,9.0
166200007,A,9.0,9.0
166200010,A,9.0,9.0
166203102,A,9.0,9.0
166203103,A,9.0,9.0
166204102,A,6.0,6.0
166204103,A,13.0,13.0
166204104,A,12.0,12.0
166204202,A,13.0,13.0
166210001,A,6.0,6.0
166210002,,6.0,6.0
166210003,A,6.0,6.0
166210004,A,6.0,6.0
166210005,A,9.0,9.0
166220002,A,6.0,6.0
166220003,A,9.0,9.0
166230003,,6.0,6.0
166230004,A,9.0,9.0
166230005,A,9.0,9.0
166260002,A,16.0,16.0
166260003,A,13.0,13.0
166260004,A,13.0,13.0
166264104,A,9.0,9.0
166265101,,18.0,18.0
166270001,A,6.0,6.0
166270002,A,6.0,6.0
166270003,A,13.0,13.0
166270004,A,6.0,6.0
166270005,,16.0,16.0
166270007,A,9.0,9.0
166273102,A,15.0,15.0
166280002,,6.0,6.0
166280003,A,13.0,13.0
166280005,A,12.0,12.0
166280006,A,16.0,16.0
166284104,A,9.0,9.0
166290003,A,13.0,13.0
166290004,A,15.0,15.0
166290005,A,9.0,9.0
166294102,A,16.0,16.0
167010001,A,6.0,6.0
167010002,A,6.0,6.0
167010003,A,9.0,9.0
167010004,A,9.0,9.0
167010005,A,9.0,9.0
167010008,A,9.0,9.0
167015102,A,6.0,6.0
167020001,A,6.0,6.0
167020002,A,6.0,6.0
167020003,A,9.0,9.0
167020005,A,9.0,9.0
167020006,A,9.0,9.0
167024102,A,12.0,12.0
167030001,A,6.0,6.0
167040001,A,9.0,9.0
167040003,A,9.0,9.0
167040004,A,9.0,9.0
167050003,A,6.0,6.0
167050005,A,6.0,6.0
167050006,A,9.0,9.0
167054102,B,6.0,6.0
167060001,A,6.0,6.0
167060004,A,13.0,13.0
167070003,A,6.0,6.0
167070004,A,9.0,9.0
167080003,A,6.0,6.0
167090001,A,6.0,6.0
167090002,A,6.0,6.0
167090003,A,6.0,6.0
167090005,A,6.0,6.0
167090006,A,9.0,9.0
167100003,A,6.0,6.0
167100004,A,9.0,9.0
167100005,A,9.0,9.0
167100006,A,6.0,6.0
167100008,A,6.0,6.0
167102103,A,9.0,9.0
167104103,A,12.0,12.0
167110001,A,6.0,6.0
167110003,A,9.0,9.0
167120001,A,6.0,6.0
167120002,A,6.0,6.0
167120004,A,12.0,12.0
167125102,A,12.0,12.0
167130004,A,6.0,6.0
167130005,,6.0,6.0
167140005,A,6.0,6.0
167140006,A,6.0,6.0
167140007,A,6.0,6.0
167144103,A,6.0,6.0
167144203,A,6.0,6.0
167150003,A,9.0,9.0
167150004,A,12.0,12.0
167150006,A,6.0,6.0
167160001,A,6.0,6.0
167160002,A,6.0,6.0
167160003,A,9.0,9.0
167164102,A,6.0,6.0
167170001,A,6.0,6.0
167170003,A,6.0,6.0
167170006,A,9.0,9.0
167171101,A,6.0,6.0
167180001,A,6.0,6.0
167180003,A,6.0,6.0
167180004,A,6.0,6.0
167180005,A,6.0,6.0
167180008,A,9.0,9.0
167183103,A,9.0,9.0
167185101,A,9.0,9.0
167190001,A,6.0,6.0
167190002,A,9.0,9.0
167190003,A,12.0,12.0
167190004,A,13.0,13.0
167190005,A,9.0,9.0
167200001,A,6.0,6.0
167200002,A,6.0,6.0
167200003,A,9.0,9.0
167200004,A,13.0,13.0
167200005,A,9.0,9.0
167200006,A,16.0,16.0
167203101,A,12.0,12.0
167203103,A,9.0,9.0
167205102,A,16.0,16.0
167205202,A,9.0,9.0
167205301,A,9.0,9.0
167210002,A,6.0,6.0
167210003,A,6.0,6.0
167210004,A,9.0,9.0
167210005,A,9.0,9.0
167210008,A,12.0,12.0
167213103,A,6.0,6.0
167220001,A,6.0,6.0
167220003,A,6.0,6.0
167220004,A,9.0,9.0
167220005,A,9.0,9.0
167220006,A,9.0,9.0
167220007,A,9.0,9.0
167223105,A,12.0,12.0
167225103,A,6.0,6.0
167225202,A,9.0,9.0
167225301,A,6.0,6.0
167230001,A,6.0,6.0
167240003,A,6.0,6.0
167240004,A,6.0,6.0
167240006,A,6.0,6.0
167240007,A,9.0,9.0
167250003,A,6.0,6.0
167250004,A,6.0,6.0
167250006,A,6.0,6.0
167260001,A,6.0,6.0
167260005,A,13.0,13.0
167260007,A,6.0,6.0
167270001,A,6.0,6.0
167270002,A,6.0,6.0
167270003,A,9.0,9.0
167270004,A,6.0,6.0
167270005,A,13.0,13.0
167270007,,6.0,6.0
167280002,A,6.0,6.0
167280003,A,6.0,6.0
167280004,A,6.0,6.0
167284101,A,6.0,6.0
167290001,A,6.0,6.0
167290002,A,6.0,6.0
167290003,A,6.0,6.0
167290005,A,6.0,6.0
167290006,A,9.0,9.0
167290007,A,9.0,9.0
167290008,A,9.0,9.0
167300001,A,6.0,6.0
167300002,,6.0,6.0
167300003,A,6.0,6.0
167300004,A,6.0,6.0
167300005,A,12.0,12.0
167300006,A,6.0,6.0
167304103,A,9.0,9.0
168010001,A,6.0,6.0
168010004,A,6.0,6.0
168010005,A,6.0,6.0
168010006,A,6.0,6.0
168010007,A,6.0,6.0
168010008,A,6.0,6.0
168010011,B,9.0,9.0
168011101,A,6.0,6.0
168013107,A,6.0,6.0
168014101,A,9.0,9.0
168020001,A,6.0,6.0
168020003,A,6.0,6.0
168020006,A,9.0,9.0
168030004,A,12.0,12.0
168040003,A,6.0,6.0
168040005,A,9.0,9.0
168050002,A,6.0,6.0
168050005,A,6.0,6.0
168060001,A,6.0,6.0
168060002,A,6.0,6.0
168060004,A,6.0,6.0
168060005,A,6.0,6.0
168060006,A,6.0,6.0
168060007,A,9.0,9.0
168064108,A,6.0,6.0
168064202,A,6.0,6.0
168064302,A,6.0,6.0
168070001,A,6.0,6.0
168070002,A,9.0,9.0
168070003,A,16.0,16.0
168070004,,12.0,12.0
168090002,A,6.0,6.0
168090003,A,6.0,6.0
168090004,A,9.0,9.0
168094101,A,6.0,6.0
168100001,A,6.0,6.0
168100004,A,6.0,6.0
168100005,A,6.0,6.0
168100006,A,6.0,6.0
168101103,A,9.0,9.0
168101104,A,9.0,9.0
168103110,A,9.0,9.0
168105101,A,6.0,6.0
168110001,A,6.0,6.0
168110002,A,6.0,6.0
168110003,A,9.0,9.0
168110004,A,9.0,9.0
168120003,A,6.0,6.0
168120004,A,6.0,6.0
168120005,A,6.0,6.0
168120006,A,6.0,6.0
168120007,A,12.0,12.0
168121103,A,6.0,6.0
168121106,A,9.0,9.0
168130002,A,6.0,6.0
168130003,A,13.0,13.0
168130004,A,13.0,13.0
168130005,A,9.0,9.0
168130006,A,9.0,9.0
168134102,B,12.0,12.0
168140001,A,6.0,6.0
168140002,A,6.0,6.0
168140007,A,12.0,12.0
168140008,A,9.0,9.0
168150002,A,6.0,6.0
168150003,A,6.0,6.0
168160001,A,6.0,6.0
168160003,A,6.0,6.0
168160004,A,9.0,9.0
168165101,A,6.0,6.0
168170003,A,6.0,6.0
168170004,A,6.0,6.0
168170005,A,12.0,12.0
168180002,A,6.0,6.0
168180003,A,6.0,6.0
168180004,A,6.0,6.0
168180005,A,6.0,6.0
168180007,A,6.0,6.0
168180008,A,9.0,9.0
168184102,A,9.0,9.0
168190001,A,6.0,6.0
168190002,A,6.0,6.0
168190003,A,6.0,6.0
168190004,A,6.0,6.0
168190006,A,6.0,6.0
168190007,A,6.0,6.0
168190008,A,13.0,13.0
168190009,A,6.0,6.0
168190012,A,9.0,9.0
168194101,A,6.0,6.0
168195102,A,9.0,9.0
168200003,A,6.0,6.0
168200008,,6.0,6.0
168200009,A,6.0,6.0
168200010,A,6.0,6.0
168210002,A,6.0,6.0
168210005,A,6.0,6.0
168220003,,6.0,6.0
168220004,A,6.0,6.0
168220005,A,9.0,9.0
168220006,A,13.0,13.0
168225204,A,9.0,9.0
168230002,A,6.0,6.0
168230003,A,6.0,6.0
168230004,A,6.0,6.0
168240001,A,6.0,6.0
168240002,A,6.0,6.0
168240003,A,6.0,6.0
168240004,A,6.0,6.0
168245101,A,6.0,6.0
168250001,A,6.0,6.0
168250002,A,6.0,6.0
168250004,A,16.0,16.0
168260001,A,6.0,6.0
168260002,A,6.0,6.0
168260003,A,9.0,9.0
168260004,A,9.0,9.0
168260005,A,9.0,9.0
168260006,A,13.0,13.0
168260007,A,13.0,13.0
168264101,A,9.0,9.0
168265102,A,13.0,13.0
168270001,A,6.0,6.0
168270002,A,6.0,6.0
168270003,A,6.0,6.0
168270004,A,13.0,13.0
168280002,A,12.0,12.0
168280003,A,6.0,6.0
168280004,A,9.0,9.0
168280005,A,6.0,6.0
168280008,A,6.0,6.0
168280009,A,6.0,6.0
168281104,A,9.0,9.0
168283106,A,6.0,6.0
168284101,A,9.0,9.0
168290001,A,9.0,9.0
168290002,A,6.0,6.0
168290003,A,13.0,13.0
168290006,A,13.0,13.0
168290007,A,9.0,9.0
168295102,A,12.0,12.0
168300001,A,6.0,6.0
168300002,A,6.0,6.0
168300003,A,9.0,9.0
168300004,A,16.0,16.0
168305101,A,12.0,12.0
169010002,,6.0,6.0
169010003,A,6.0,6.0
169010007,A,6.0,6.0
169020002,A,6.0,6.0
169020003,A,6.0,6.0
169020004,A,6.0,6.0
169020005,A,9.0,9.0
169030001,A,6.0,6.0
169030002,A,6.0,6.0
169030003,A,6.0,6.0
169030004,A,6.0,6.0
169034102,A,6.0,6.0
169034103,A,6.0,6.0
169034104,A,6.0,6.0
169035102,A,6.0,6.0
169040001,A,6.0,6.0
169040003,A,9.0,9.0
169040004,A,9.0,9.0
169040005,A,9.0,9.0
169040006,A,13.0,13.0
169040007,A,6.0,6.0
169044101,A,6.0,6.0
169045102,A,6.0,6.0
169050001,A,6.0,6.0
169050002,A,6.0,6.0
169050003,A,6.0,6.0
169055101,,6.0,6.0
169060001,A,6.0,6.0
169060002,A,6.0,6.0
169060003,A,9.0,9.0
169060004,A,9.0,9.0
169060005,A,9.0,9.0
169063101,A,9.0,9.0
169070001,A,6.0,6.0
169070002,A,6.0,6.0
169070003,A,6.0,6.0
169070005,A,9.0,9.0
169070008,A,6.0,6.0
169073101,A,6.0,6.0
169074102,A,6.0,6.0
169080001,A,6.0,6.0
169080003,A,6.0,6.0
169080004,A,9.0,9.0
169080005,A,6.0,6.0
169080006,A,12.0,12.0
169090001,A,6.0,6.0
169090002,A,6.0,6.0
169090004,A,6.0,6.0
169090005,A,6.0,6.0
169090006,A,6.0,6.0
169090007,A,6.0,6.0
169090009,A,9.0,9.0
169094103,A,6.0,6.0
169095101,A,6.0,6.0
169100001,A,6.0,6.0
169100002,A,6.0,6.0
169100003,A,6.0,6.0
169100005,A,9.0,9.0
169110001,A,6.0,6.0
169110002,A,9.0,9.0
169110003,A,16.0,16.0
169110004,A,13.0,13.0
169120002,A,6.0,6.0
169120003,A,6.0,6.0
169120004,A,6.0,6.0
169120006,A,6.0,6.0
169123101,A,6.0,6.0
169130001,A,6.0,6.0
169130002,A,6.0,6.0
169130003,A,6.0,6.0
169130004,A,6.0,6.0
169130006,A,6.0,6.0
169130011,A,6.0,6.0
169130012,A,9.0,9.0
169135102,A,6.0,6.0
169140003,A,6.0,6.0
169140005,A,6.0,6.0
169140006,A,6.0,6.0
169140008,A,6.0,6.0
169150001,A,13.0,13.0
169150002,A,6.0,6.0
169150003,A,16.0,16.0
169150004,A,16.0,16.0
169150005,A,16.0,16.0
169150006,A,16.0,16.0
169154102,A,13.0,13.0
169160001,A,6.0,6.0
169160002,A,6.0,6.0
169160005,A,9.0,9.0
169170001,A,6.0,6.0
169170003,A,6.0,6.0
169170004,A,6.0,6.0
169170005,A,6.0,6.0
169170006,A,6.0,6.0
169174102,A,9.0,9.0
169174201,A,6.0,6.0
169180006,A,6.0,6.0
169183101,A,6.0,6.0
169184006,A,9.0,9.0
169190001,A,6.0,6.0
169190002,A,6.0,6.0
169190003,A,6.0,6.0
169190004,A,6.0,6.0
169190005,A,6.0,6.0
169190006,A,6.0,6.0
169194102,A,6.0,6.0
169195101,A,6.0,6.0
169200001,A,6.0,6.0
169200002,A,6.0,6.0
169200003,A,6.0,6.0
169200004,A,6.0,6.0
169200005,A,6.0,6.0
169203102,A,9.0,9.0
169204101,A,9.0,9.0
169210001,A,6.0,6.0
169210002,A,6.0,6.0
169210003,A,9.0,9.0
169210004,A,6.0,6.0
169210005,A,9.0,9.0
169210006,A,12.0,12.0
169214101,A,12.0,12.0
169214201,A,6.0,6.0
169220001,A,6.0,6.0
169220003,A,6.0,6.0
169220004,A,6.0,6.0
169220005,A,6.0,6.0
169220006,A,9.0,9.0
169223102,A,6.0,6.0
169223105,A,9.0,9.0
169230001,A,6.0,6.0
169230003,A,6.0,6.0
169230005,A,9.0,9.0
169230006,A,9.0,9.0
169240002,A,6.0,6.0
169240003,A,6.0,6.0
169240004,A,9.0,9.0
169240005,A,9.0,9.0
169250001,A,6.0,6.0
169250002,A,6.0,6.0
169250003,A,6.0,6.0
169250004,A,6.0,6.0
169250005,A,9.0,9.0
169250008,A,9.0,9.0
169251102,A,6.0,6.0
169253101,A,9.0,9.0
169253103,A,12.0,12.0
169254101,A,9.0,9.0
169254203,A,9.0,9.0
169270003,A,6.0,6.0
169270004,A,6.0,6.0
169270006,A,6.0,6.0
169280001,A,6.0,6.0
169280002,A,6.0,6.0
169280005,A,6.0,6.0
169290003,A,6.0,6.0
169290004,A,6.0,6.0
169290008,A,9.0,9.0
169294202,A,6.0,6.0
169300001,A,6.0,6.0
169300002,A,6.0,6.0
169300003,A,6.0,6.0
169300004,A,6.0,6.0
169300005,A,6.0,6.0
169300006,A,6.0,6.0
169301103,A,12.0,12.0
169301104,A,9.0,9.0
169304101,A,6.0,6.0
170010001,A,12.0,12.0
170010002,A,13.0,13.0
170010003,A,12.0,12.0
170010004,A,13.0,13.0
170010005,A,13.0,13.0
170013101,A,12.0,12.0
170014102,A,13.0,13.0
170014201,A,13.0,13.0
170040001,A,13.0,13.0
170040002,A,6.0,6.0
170040003,A,13.0,13.0
170040004,A,13.0,13.0
170040006,A,12.0,12.0
170044101,A,6.0,6.0
170070002,A,6.0,6.0
170070003,A,9.0,9.0
170070004,A,13.0,13.0
170070005,A,13.0,13.0
170070008,A,9.0,9.0
170070009,A,12.0,12.0
170070010,A,9.0,9.0
170070011,A,12.0,12.0
170071106,A,13.0,13.0
170071107,A,9.0,9.0
170072104,A,13.0,13.0
170073101,A,13.0,13.0
170080003,A,12.0,12.0
170080004,A,12.0,12.0
170080005,A,13.0,13.0
170080006,A,16.0,16.0
170080007,A,15.0,15.0
170080008,A,13.0,13.0
170081105,A,13.0,13.0
170120003,A,16.0,16.0
170124201,A,15.0,15.0
170124203,A,9.0,9.0
170140004,A,16.0,16.0
170140005,A,15.0,15.0
170140006,A,16.0,16.0
170150002,A,6.0,6.0
170150003,A,13.0,13.0
170150004,A,13.0,13.0
170150006,A,12.0,12.0
170153106,A,6.0,6.0
170155102,A,9.0,9.0
170160002,A,12.0,12.0
170160003,A,15.0,15.0
170160004,A,12.0,12.0
170160006,A,15.0,15.0
170180001,A,9.0,9.0
170180003,A,16.0,16.0
170180005,A,13.0,13.0
170180006,A,12.0,12.0
170180007,A,16.0,16.0
170180008,A,15.0,15.0
170184202,A,9.0,9.0
170184203,A,13.0,13.0
170190002,A,6.0,6.0
170190003,A,6.0,6.0
170410001,A,13.0,13.0
170410003,A,13.0,13.0
170410004,A,13.0,13.0
171010003,A,6.0,6.0
171010004,A,6.0,6.0
171010006,A,9.0,9.0
171010008,A,9.0,9.0
171015203,,12.0,12.0
171020003,A,9.0,9.0
171020004,A,9.0,9.0
171020005,A,16.0,16.0
171021104,A,9.0,9.0
171030001,A,16.0,16.0
171030002,A,6.0,6.0
171030003,A,16.0,16.0
171030005,A,16.0,16.0
171034101,A,16.0,16.0
171040003,A,6.0,6.0
171040004,A,6.0,6.0
171045101,A,9.0,9.0
171050004,A,6.0,6.0
171070004,A,6.0,6.0
171070005,A,6.0,6.0
171070006,A,9.0,9.0
171080003,A,9.0,9.0
171080004,A,9.0,9.0
171080007,A,13.0,13.0
171085101,A,12.0,12.0
171100001,A,9.0,9.0
171100002,A,6.0,6.0
171100005,A,9.0,9.0
171150002,A,6.0,6.0
171150003,A,16.0,16.0
171150004,A,13.0,13.0
171150006,A,12.0,12.0
171151102,A,15.0,15.0
171151103,A,15.0,15.0
171160003,A,6.0,6.0
171160004,A,6.0,6.0
171160005,A,13.0,13.0
171161104,A,13.0,13.0
171165001,A,9.0,9.0
171170002,A,6.0,6.0
171174101,A,6.0,6.0
171180003,A,6.0,6.0
171190003,A,6.0,6.0
171190004,A,9.0,9.0
171190006,A,9.0,9.0
171190009,A,9.0,9.0
171191103,A,9.0,9.0
171191104,A,13.0,13.0
171200002,A,6.0,6.0
171200004,A,6.0,6.0
171200005,A,13.0,13.0
171200007,A,9.0,9.0
171200008,A,13.0,13.0
171200009,A,9.0,9.0
171205104,A,6.0,6.0
171210001,A,6.0,6.0
171210002,A,6.0,6.0
171210003,A,6.0,6.0
171210004,A,9.0,9.0
171210006,A,9.0,9.0
171210007,A,9.0,9.0
171210013,A,6.0,6.0
171215401,A,9.0,9.0
171220003,A,6.0,6.0
171220005,A,6.0,6.0
171221103,A,6.0,6.0
171223108,A,6.0,6.0
171230001,A,6.0,6.0
171230002,A,6.0,6.0
171230003,A,9.0,9.0
171230004,A,9.0,9.0
171234104,A,6.0,6.0
171235101,A,9.0,9.0
171240002,,6.0,6.0
171240004,A,16.0,16.0
171240005,A,15.0,15.0
171240006,A,12.0,12.0
171250001,A,9.0,9.0
171250002,A,16.0,16.0
171250003,A,16.0,16.0
171250004,A,12.0,12.0
171260002,A,6.0,6.0
171260003,A,6.0,6.0
171260004,A,13.0,13.0
171260005,A,13.0,13.0
171260006,A,6.0,6.0
171260008,A,6.0,6.0
171270001,A,9.0,9.0
171270003,A,9.0,9.0
171270005,A,9.0,9.0
171270007,A,6.0,6.0
171280001,A,6.0,6.0
171280002,A,6.0,6.0
171280003,A,13.0,13.0
171280004,A,12.0,12.0
171290004,A,12.0,12.0
171290005,A,15.0,15.0
171293103,A,13.0,13.0
171300002,A,6.0,6.0
172020002,A,12.0,12.0
172020003,A,12.0,12.0
172020005,A,12.0,12.0
172024102,A,6.0,6.0
172025102,A,16.0,16.0
172030002,A,16.0,16.0
172030004,A,12.0,12.0
172040001,A,13.0,13.0
172040004,A,13.0,13.0
172040008,A,12.0,12.0
172045102,A,12.0,12.0
172050001,A,16.0,16.0
172050002,A,6.0,6.0
172050003,A,16.0,16.0
172050004,A,12.0,12.0
172053103,A,12.0,12.0
172060002,A,6.0,6.0
172060003,A,13.0,13.0
172060006,A,12.0,12.0
172070002,A,13.0,13.0
172070003,A,12.0,12.0
172070004,A,12.0,12.0
172070005,A,16.0,16.0
172070006,A,12.0,12.0
172070008,A,6.0,6.0
172070011,A,16.0,16.0
172100002,A,16.0,16.0
172100003,A,16.0,16.0
172120001,,9.0,9.0
172120002,A,9.0,9.0
172120004,A,12.0,12.0
172120005,A,16.0,16.0
172120007,A,16.0,16.0
172150001,A,9.0,9.0
172150003,A,15.0,15.0
172150004,A,12.0,12.0
172150010,A,15.0,15.0
172160002,F,12.0,12.0
172160004,F,16.0,16.0
172170001,A,16.0,16.0
172170002,A,16.0,16.0
172170003,A,16.0,16.0
172170004,A,16.0,16.0
172170005,A,16.0,16.0
172175102,A,16.0,16.0
172180001,A,6.0,6.0
172180003,A,13.0,13.0
172184102,A,13.0,13.0
172190003,A,12.0,12.0
172190004,A,9.0,9.0
172190005,A,13.0,13.0
172190006,A,13.0,13.0
172190007,A,13.0,13.0
172190009,A,13.0,13.0
172190010,A,12.0,12.0
172190011,A,6.0,6.0
172190012,A,9.0,9.0
172191105,A,13.0,13.0
172191107,A,13.0,13.0
172193103,A,13.0,13.0
172194102,A,13.0,13.0
172195102,A,9.0,9.0
172200001,A,12.0,12.0
172200002,A,9.0,9.0
172200003,A,16.0,16.0
172200004,A,16.0,16.0
172200008,A,13.0,13.0
172200009,A,16.0,16.0
173010004,A,6.0,6.0
173030001,A,6.0,6.0
173030002,A,12.0,12.0
173030003,A,12.0,12.0
173030006,A,12.0,12.0
173030007,A,16.0,16.0
173033102,A,12.0,12.0
173033103,A,13.0,13.0
173033305,A,13.0,13.0
173040001,,6.0,6.0
173040003,A,12.0,12.0
173040004,A,6.0,6.0
173040006,A,9.0,9.0
173040008,A,13.0,13.0
173050001,A,6.0,6.0
173050002,A,6.0,6.0
173050003,A,13.0,13.0
173060002,A,6.0,6.0
173060003,A,16.0,16.0
173060004,A,16.0,16.0
173060005,A,15.0,15.0
173065102,A,16.0,16.0
173070001,A,6.0,6.0
173070004,A,6.0,6.0
173070005,A,6.0,6.0
173071103,A,6.0,6.0
173073201,A,12.0,12.0
173080001,A,12.0,12.0
173080002,A,13.0,13.0
173080004,A,16.0,16.0
173080005,A,12.0,12.0
173090003,A,12.0,12.0
173090004,A,9.0,9.0
173110001,A,16.0,16.0
173110002,A,15.0,15.0
173110003,A,16.0,16.0
173110005,A,16.0,16.0
173120001,A,6.0,6.0
173120003,A,12.0,12.0
173130001,A,6.0,6.0
173130002,A,6.0,6.0
173140002,A,6.0,6.0
173140003,A,9.0,9.0
173140004,A,9.0,9.0
173140007,A,6.0,6.0
173140008,A,6.0,6.0
173143102,A,6.0,6.0
173143103,A,9.0,9.0
173144101,A,9.0,9.0
173145201,A,13.0,13.0
173170001,A,9.0,9.0
173170002,A,13.0,13.0
173170003,A,9.0,9.0
173170004,,6.0,6.0
173180001,,6.0,6.0
173180002,A,6.0,6.0
173180003,A,12.0,12.0
173180004,A,12.0,12.0
173180005,A,12.0,12.0
173180006,A,9.0,9.0
173180008,A,13.0,13.0
173183106,A,6.0,6.0
173184202,A,6.0,6.0
173190002,A,9.0,9.0
173193002,A,6.0,6.0
173200001,A,16.0,16.0
173200002,A,15.0,15.0
173200005,A,16.0,16.0
173200007,A,16.0,16.0
173205102,A,16.0,16.0
173210002,A,6.0,6.0
173210003,A,13.0,13.0
173210005,A,12.0,12.0
173210007,A,13.0,13.0
173211102,A,13.0,13.0
173211104,A,13.0,13.0
173213102,,12.0,12.0
173220001,A,6.0,6.0
173230001,A,6.0,6.0
173230002,A,6.0,6.0
173230003,A,13.0,13.0
173230005,A,15.0,15.0
173240001,A,6.0,6.0
173250001,A,6.0,6.0
173250002,A,6.0,6.0
173250003,A,9.0,9.0
173250004,A,9.0,9.0
173254101,A,6.0,6.0
173260001,A,6.0,6.0
173260002,A,6.0,6.0
173260003,A,6.0,6.0
173260004,,6.0,6.0
173260005,A,6.0,6.0
173260006,A,3.0,3.0
173261104,A,13.0,13.0
173270003,A,6.0,6.0
173270004,A,6.0,6.0
173270005,A,13.0,13.0
173270006,A,6.0,6.0
173270007,A,6.0,6.0
173280001,A,6.0,6.0
173280002,A,6.0,6.0
173280003,A,9.0,9.0
173280005,A,9.0,9.0
173281104,A,6.0,6.0
173285102,A,12.0,12.0
173290001,A,6.0,6.0
173290003,A,9.0,9.0
173290005,A,9.0,9.0
173290006,A,12.0,12.0
173295101,A,6.0,6.0
173300001,,6.0,6.0
173300004,A,6.0,6.0
173300005,A,6.0,6.0
174020001,,6.0,6.0
174030001,,6.0,6.0
174030003,A,12.0,12.0
174030004,A,9.0,9.0
174030006,A,9.0,9.0
174030007,A,6.0,6.0
174030009,A,6.0,6.0
174033101,A,6.0,6.0
174040002,A,9.0,9.0
174040003,A,9.0,9.0
174040004,A,12.0,12.0
174045103,A,6.0,6.0
174050001,A,6.0,6.0
174050002,A,12.0,12.0
174050003,A,12.0,12.0
174050004,A,15.0,15.0
174050005,A,16.0,16.0
174053102,A,16.0,16.0
174054103,D,16.0,16.0
174060001,A,6.0,6.0
174060002,A,6.0,6.0
174060003,A,6.0,6.0
174060004,A,9.0,9.0
174060005,A,9.0,9.0
174060008,A,6.0,6.0
174060011,A,9.0,9.0
174063104,A,6.0,6.0
174065103,A,6.0,6.0
174080005,,6.0,6.0
174080006,A,9.0,9.0
174080007,A,9.0,9.0
174100004,A,6.0,6.0
174100005,A,13.0,13.0
174110001,A,6.0,6.0
174110002,A,6.0,6.0
174110003,A,9.0,9.0
174110004,A,6.0,6.0
174120002,A,12.0,12.0
174120004,A,16.0,16.0
174123104,A,9.0,9.0
174130001,A,6.0,6.0
174130002,A,16.0,16.0
174130003,A,16.0,16.0
174140002,,9.0,9.0
174140003,,6.0,6.0
174140004,,6.0,6.0
174140005,A,9.0,9.0
174140006,A,12.0,12.0
174145102,A,6.0,6.0
174145202,A,6.0,6.0
174160002,A,6.0,6.0
174160003,A,6.0,6.0
174160004,A,6.0,6.0
174165103,A,9.0,9.0
174165204,A,6.0,6.0
174170003,,6.0,6.0
174170004,A,9.0,9.0
174170005,,6.0,6.0
174170006,A,9.0,9.0
174170007,A,6.0,6.0
174170008,A,6.0,6.0
174170009,A,6.0,6.0
174170015,A,6.0,6.0
174170016,A,6.0,6.0
174170018,A,6.0,6.0
174173102,A,9.0,9.0
174180003,A,9.0,9.0
174180004,A,6.0,6.0
174180005,A,9.0,9.0
174180006,A,6.0,6.0
174180009,,6.0,6.0
174185301,,6.0,6.0
174190004,A,6.0,6.0
174190005,A,9.0,9.0
174200003,A,6.0,6.0
174200004,A,6.0,6.0
174200005,A,6.0,6.0
174200006,A,6.0,6.0
174200007,A,6.0,6.0
174200008,A,6.0,6.0
174201112,A,6.0,6.0
174204102,A,6.0,6.0
174204202,A,9.0,9.0
175010001,A,6.0,6.0
175010002,A,6.0,6.0
175010003,A,9.0,9.0
175010004,A,9.0,9.0
175010006,A,6.0,6.0
175020001,A,6.0,6.0
175020002,A,6.0,6.0
175020003,,6.0,6.0
175020004,A,9.0,9.0
175030001,,6.0,6.0
175030003,A,6.0,6.0
175030004,A,6.0,6.0
175030006,A,12.0,12.0
175030007,A,6.0,6.0
175030008,A,9.0,9.0
175040002,,6.0,6.0
175040003,A,9.0,9.0
175040005,,6.0,6.0
175050003,A,6.0,6.0
175050004,,9.0,9.0
175055102,A,9.0,9.0
175060002,A,6.0,6.0
175060003,A,6.0,6.0
175060004,,9.0,9.0
175060005,A,6.0,6.0
175065102,A,9.0,9.0
175070001,,6.0,6.0
175070003,,6.0,6.0
175071104,A,9.0,9.0
175071105,,9.0,9.0
175075102,A,9.0,9.0
175080001,A,12.0,12.0
175080002,A,12.0,12.0
175080003,A,12.0,12.0
175080004,A,12.0,12.0
175090001,A,6.0,6.0
175090002,A,6.0,6.0
175090003,A,12.0,12.0
175090004,A,9.0,9.0
175090007,,9.0,9.0
175095102,A,9.0,9.0
175100004,A,9.0,9.0
175100006,,9.0,9.0
175110001,A,6.0,6.0
175110002,A,6.0,6.0
175110004,A,13.0,13.0
175110005,A,12.0,12.0
175110007,A,12.0,12.0
175114203,,6.0,6.0
175114302,A,12.0,12.0
175120002,A,6.0,6.0
175120003,A,9.0,9.0
175120004,A,16.0,16.0
175130001,A,6.0,6.0
175130002,A,6.0,6.0
175130004,A,9.0,9.0
175135101,A,9.0,9.0
175140003,A,6.0,6.0
175140004,A,6.0,6.0
175140005,A,9.0,9.0
175143101,A,6.0,6.0
175143103,A,9.0,9.0
175143202,A,9.0,9.0
175150001,A,6.0,6.0
175150002,A,6.0,6.0
175150003,A,6.0,6.0
175150004,A,6.0,6.0
175150005,A,9.0,9.0
175150006,A,9.0,9.0
175150007,A,12.0,12.0
175154105,,9.0,9.0
175154203,A,16.0,16.0
175160001,A,6.0,6.0
175160002,A,6.0,6.0
175160003,A,9.0,9.0
175160005,,6.0,6.0
175170002,A,6.0,6.0
175170003,A,6.0,6.0
175170004,,9.0,9.0
175171101,,6.0,6.0
175171103,A,9.0,9.0
175175201,,9.0,9.0
175180001,A,6.0,6.0
175180002,A,6.0,6.0
175180003,A,6.0,6.0
175180004,,6.0,6.0
175181103,A,9.0,9.0
175190001,A,6.0,6.0
175190002,A,6.0,6.0
175190003,A,6.0,6.0
175190004,A,6.0,6.0
175190005,A,6.0,6.0
175190006,A,9.0,9.0
175190007,A,9.0,9.0
175190008,A,9.0,9.0
175194103,A,6.0,6.0
175200002,A,6.0,6.0
175200003,A,6.0,6.0
175204102,A,9.0,9.0
175210004,A,6.0,6.0
175220001,A,6.0,6.0
175220003,A,6.0,6.0
175230001,A,6.0,6.0
175230003,,6.0,6.0
175230005,A,6.0,6.0
175230007,A,9.0,9.0
175233102,A,6.0,6.0
175235103,,9.0,9.0
175240002,A,6.0,6.0
175240003,A,6.0,6.0
175240004,A,9.0,9.0
175240005,,6.0,6.0
175240007,A,6.0,6.0
175241103,A,13.0,13.0
175250002,A,6.0,6.0
175250004,A,6.0,6.0
175250005,A,6.0,6.0
175250006,,6.0,6.0
175250008,A,6.0,6.0
175260001,,6.0,6.0
175260005,A,9.0,9.0
175261102,A,6.0,6.0
175261103,A,13.0,13.0
175264105,A,6.0,6.0
175270001,,6.0,6.0
175270002,A,6.0,6.0
175270003,A,9.0,9.0
175270005,A,9.0,9.0
175275103,A,9.0,9.0
175280003,A,6.0,6.0
175280004,,6.0,6.0
175280005,A,6.0,6.0
175280006,A,9.0,9.0
175290002,A,6.0,6.0
175290004,,6.0,6.0
175290006,A,6.0,6.0
175300001,,6.0,6.0
175300003,,6.0,6.0
175300004,A,6.0,6.0
175300005,,6.0,6.0
175300006,A,9.0,9.0
175300007,A,9.0,9.0
175300010,,9.0,9.0
175303103,A,12.0,12.0
175303203,A,13.0,13.0
176010001,A,9.0,9.0
176010003,A,12.0,12.0
176010004,A,12.0,12.0
176010006,A,15.0,15.0
176010007,A,12.0,12.0
176010008,A,12.0,12.0
176010009,A,16.0,16.0
176010012,A,9.0,9.0
176015302,,9.0,9.0
176020002,A,6.0,6.0
176020003,A,9.0,9.0
176020004,A,9.0,9.0
176020005,A,13.0,13.0
176020006,A,12.0,12.0
176030001,A,9.0,9.0
176030003,A,16.0,16.0
176030006,A,13.0,13.0
176030007,A,9.0,9.0
176050001,A,12.0,12.0
176050002,A,12.0,12.0
176050003,A,16.0,16.0
176050004,A,16.0,16.0
176050005,A,16.0,16.0
176050007,A,12.0,12.0
176050008,A,6.0,6.0
176050009,A,13.0,13.0
176050010,A,12.0,12.0
176060001,A,3.0,3.0
176060002,A,6.0,6.0
176060003,A,9.0,9.0
176060004,A,12.0,12.0
176065101,A,12.0,12.0
176070004,A,12.0,12.0
176070009,,6.0,6.0
176090002,A,6.0,6.0
176090003,A,12.0,12.0
176090004,A,16.0,16.0
176093102,A,9.0,9.0
176093103,A,12.0,12.0
176100003,A,16.0,16.0
176100004,A,16.0,16.0
176100005,,6.0,6.0
176100007,A,16.0,16.0
176103102,A,12.0,12.0
176103103,A,12.0,12.0
176110003,A,12.0,12.0
176110004,A,16.0,16.0
176110006,A,16.0,16.0
176110007,A,16.0,16.0
176110008,A,16.0,16.0
176110009,A,16.0,16.0
176110011,A,16.0,16.0
176110012,A,6.0,6.0
176110013,A,12.0,12.0
176110015,A,12.0,12.0
176111104,A,16.0,16.0
176113103,A,13.0,13.0
176120002,A,18.0,18.0
176120003,A,15.0,15.0
176120004,A,16.0,16.0
176120005,A,9.0,9.0
176140001,A,6.0,6.0
176140003,A,6.0,6.0
176140004,A,6.0,6.0
176140005,A,13.0,13.0
176140006,A,9.0,9.0
176140007,A,6.0,6.0
176140008,A,12.0,12.0
176140009,A,12.0,12.0
176140014,A,12.0,12.0
176143101,A,6.0,6.0
176143103,A,13.0,13.0
176145102,A,6.0,6.0
176145202,A,6.0,6.0
176145203,A,13.0,13.0
176150002,A,6.0,6.0
176150003,A,6.0,6.0
176150004,,6.0,6.0
176150005,A,6.0,6.0
176150006,A,9.0,9.0
176151104,A,12.0,12.0
176151105,A,9.0,9.0
176153104,A,9.0,9.0
176160001,A,6.0,6.0
176160003,A,9.0,9.0
176160004,A,13.0,13.0
176160005,A,9.0,9.0
176160006,A,12.0,12.0
176160007,A,9.0,9.0
176160012,A,9.0,9.0
176164102,A,9.0,9.0
176164202,A,12.0,12.0
176170001,A,9.0,9.0
176170002,A,6.0,6.0
176170003,A,13.0,13.0
176170004,A,9.0,9.0
176180001,A,6.0,6.0
176180002,A,9.0,9.0
176180003,A,12.0,12.0
176180004,A,12.0,12.0
176180005,A,13.0,13.0
176183103,A,12.0,12.0
176184101,A,13.0,13.0
176190005,A,12.0,12.0
176190008,A,16.0,16.0
176190013,A,16.0,16.0
176190014,A,13.0,13.0
176194101,A,16.0,16.0
176200001,A,12.0,12.0
176200005,A,12.0,12.0
176200006,A,9.0,9.0
176200007,A,13.0,13.0
177020002,A,6.0,6.0
177020003,A,6.0,6.0
177020004,A,9.0,9.0
177020005,A,6.0,6.0
177020007,A,6.0,6.0
177020008,A,6.0,6.0
177020009,A,6.0,6.0
177022102,A,9.0,9.0
177025202,A,9.0,9.0
177030006,A,6.0,6.0
177034201,A,6.0,6.0
177040001,A,6.0,6.0
177040002,A,6.0,6.0
177040003,A,9.0,9.0
177040004,A,9.0,9.0
177040005,A,9.0,9.0
177050002,A,6.0,6.0
177050003,A,9.0,9.0
177060001,A,6.0,6.0
177060003,A,6.0,6.0
177060004,A,9.0,9.0
177060005,A,12.0,12.0
177062207,A,9.0,9.0
177064101,A,12.0,12.0
177065105,A,6.0,6.0
177070002,A,6.0,6.0
177070003,A,9.0,9.0
177070004,A,6.0,6.0
177070006,A,6.0,6.0
177080003,A,6.0,6.0
177080005,A,6.0,6.0
177085102,A,9.0,9.0
177090004,A,13.0,13.0
177090005,A,6.0,6.0
177090006,A,13.0,13.0
177093106,A,12.0,12.0
177100001,A,6.0,6.0
177100002,A,16.0,16.0
177100003,A,9.0,9.0
177100005,A,12.0,12.0
177104104,A,16.0,16.0
177110003,A,6.0,6.0
177114101,A,9.0,9.0
177120001,A,6.0,6.0
177120002,A,9.0,9.0
177120003,A,9.0,9.0
177120006,A,13.0,13.0
177130002,A,6.0,6.0
177130003,A,9.0,9.0
177130004,A,9.0,9.0
177130006,A,9.0,9.0
177130007,A,6.0,6.0
177134104,A,6.0,6.0
177135102,A,12.0,12.0
177140002,A,6.0,6.0
177140003,A,6.0,6.0
177140007,A,6.0,6.0
177145101,A,6.0,6.0
177145202,A,6.0,6.0
177150002,A,9.0,9.0
177150003,A,12.0,12.0
177150004,A,12.0,12.0
177150005,A,12.0,12.0
177150009,A,9.0,9.0
177155102,A,9.0,9.0
177160001,A,6.0,6.0
177160002,A,9.0,9.0
177160003,A,6.0,6.0
177160004,A,6.0,6.0
177180001,A,6.0,6.0
177180002,A,6.0,6.0
177180004,A,6.0,6.0
177180005,A,12.0,12.0
177185101,A,9.0,9.0
177190003,A,6.0,6.0
177190004,A,6.0,6.0
177190005,A,6.0,6.0
177200001,A,6.0,6.0
177200004,A,6.0,6.0
177210001,A,6.0,6.0
177210004,A,6.0,6.0
177215102,A,9.0,9.0
177220001,A,9.0,9.0
177230001,A,6.0,6.0
177230002,A,6.0,6.0
177230003,A,6.0,6.0
177230004,A,6.0,6.0
177230005,A,9.0,9.0
177230006,A,9.0,9.0
177240001,A,6.0,6.0
177240002,A,6.0,6.0
177240003,A,9.0,9.0
177240004,A,9.0,9.0
177240005,A,9.0,9.0
177240006,A,9.0,9.0
177250002,A,6.0,6.0
177250003,A,9.0,9.0
177250004,A,6.0,6.0
177250006,A,6.0,6.0
177260002,A,6.0,6.0
177260003,A,6.0,6.0
177270002,A,9.0,9.0
177270003,A,9.0,9.0
177270004,A,15.0,15.0
177270005,A,6.0,6.0
177274201,A,9.0,9.0
177274204,A,16.0,16.0
177280001,A,6.0,6.0
177280003,A,6.0,6.0
177280006,A,9.0,9.0
177280007,A,6.0,6.0
177284101,A,9.0,9.0
177290003,A,6.0,6.0
177290005,A,6.0,6.0
177290006,A,6.0,6.0
177290007,A,6.0,6.0
177290008,A,6.0,6.0
177295201,A,6.0,6.0
177300003,A,9.0,9.0
177300004,A,9.0,9.0
177300005,A,12.0,12.0
177305102,A,12.0,12.0
177305202,A,6.0,6.0
177305302,A,6.0,6.0
178010001,A,6.0,6.0
178010002,A,6.0,6.0
178010003,A,9.0,9.0
178010004,A,13.0,13.0
178010005,A,12.0,12.0
178010008,A,12.0,12.0
178010010,A,9.0,9.0
178013203,A,12.0,12.0
178013204,A,12.0,12.0
178014106,A,6.0,6.0
178030002,A,6.0,6.0
178030003,A,6.0,6.0
178030004,A,6.0,6.0
178030005,A,9.0,9.0
178030006,A,9.0,9.0
178030007,A,9.0,9.0
178030008,A,9.0,9.0
178030010,A,6.0,6.0
178030011,A,6.0,6.0
178030012,A,13.0,13.0
178030014,A,13.0,13.0
178030015,A,9.0,9.0
178033203,A,9.0,9.0
178033204,A,9.0,9.0
178034102,A,12.0,12.0
178035101,A,9.0,9.0
178035202,A,9.0,9.0
178035401,A,9.0,9.0
178040001,A,9.0,9.0
178040002,A,6.0,6.0
178040004,A,6.0,6.0
178040006,A,6.0,6.0
178045101,A,9.0,9.0
178050002,A,6.0,6.0
178050003,A,9.0,9.0
178050004,A,12.0,12.0
178050005,A,9.0,9.0
178050007,A,9.0,9.0
178053107,A,12.0,12.0
178055102,A,9.0,9.0
178060001,A,6.0,6.0
178060002,A,12.0,12.0
178060003,A,12.0,12.0
178060004,A,12.0,12.0
178060006,A,12.0,12.0
178070002,A,6.0,6.0
178070003,A,9.0,9.0
178070004,A,6.0,6.0
178070005,A,9.0,9.0
178070006,A,6.0,6.0
178070007,A,9.0,9.0
178080004,A,6.0,6.0
178090003,A,6.0,6.0
178090004,A,6.0,6.0
178090005,A,6.0,6.0
178090006,A,6.0,6.0
178090007,A,9.0,9.0
178090008,A,9.0,9.0
178090011,A,6.0,6.0
178091102,A,6.0,6.0
178091103,A,13.0,13.0
178100003,A,9.0,9.0
178100004,A,6.0,6.0
178100006,A,9.0,9.0
178100007,A,6.0,6.0
178100011,A,6.0,6.0
178103103,A,16.0,16.0
178103104,A,9.0,9.0
178103201,A,9.0,9.0
178110001,A,6.0,6.0
178110002,A,6.0,6.0
178110006,A,13.0,13.0
178120002,A,6.0,6.0
178120003,A,6.0,6.0
178120004,A,6.0,6.0
178120005,A,6.0,6.0
178120006,A,6.0,6.0
178120012,A,9.0,9.0
178124102,A,9.0,9.0
178130001,A,6.0,6.0
178130002,A,6.0,6.0
178130003,A,9.0,9.0
178130005,A,9.0,9.0
178140003,A,6.0,6.0
178140004,A,9.0,9.0
178140005,A,13.0,13.0
178140006,A,16.0,16.0
178150001,A,6.0,6.0
178150002,A,6.0,6.0
178150004,A,9.0,9.0
178150006,A,9.0,9.0
178150008,A,9.0,9.0
178150010,A,9.0,9.0
178154101,A,9.0,9.0
178155102,A,6.0,6.0
178160003,A,9.0,9.0
178160004,A,12.0,12.0
178160005,A,13.0,13.0
178160007,A,16.0,16.0
178160008,A,9.0,9.0
178170003,A,6.0,6.0
178170004,A,6.0,6.0
178170005,A,9.0,9.0
178170006,A,6.0,6.0
178170007,A,6.0,6.0
178170010,A,6.0,6.0
178173103,A,13.0,13.0
178174102,A,6.0,6.0
178180001,A,6.0,6.0
178180002,A,6.0,6.0
178180003,A,6.0,6.0
178180005,A,9.0,9.0
178180006,A,6.0,6.0
178180009,A,6.0,6.0
178183102,A,6.0,6.0
178183103,A,6.0,6.0
178183104,A,6.0,6.0
178183106,A,9.0,9.0
178185102,A,9.0,9.0
178190002,A,6.0,6.0
178190004,A,9.0,9.0
178200001,A,9.0,9.0
178200002,A,6.0,6.0
178200003,A,13.0,13.0
178203104,A,13.0,13.0
178205002,A,9.0,9.0
178220004,A,6.0,6.0
178220005,A,13.0,13.0
178220006,A,13.0,13.0
178230001,A,9.0,9.0
178230002,A,9.0,9.0
178230003,A,12.0,12.0
178230004,A,12.0,12.0
178230006,A,13.0,13.0
178240003,A,6.0,6.0
178244101,A,9.0,9.0
178250001,A,6.0,6.0
178250002,A,6.0,6.0
178250003,A,9.0,9.0
178250004,A,9.0,9.0
178250005,A,9.0,9.0
178250006,A,9.0,9.0
178254101,A,9.0,9.0
178255102,A,9.0,9.0
178260001,A,15.0,15.0
178260002,A,6.0,6.0
178260003,A,15.0,15.0
178260004,A,9.0,9.0
178260005,A,6.0,6.0
178264102,A,13.0,13.0
178270002,A,6.0,6.0
178270003,A,16.0,16.0
178270004,A,16.0,16.0
178270005,A,12.0,12.0
178270006,A,12.0,12.0
178270007,A,12.0,12.0
178270008,A,16.0,16.0
178270012,A,9.0,9.0
178275101,A,12.0,12.0
178275202,A,12.0,12.0
178280001,A,6.0,6.0
178280003,A,6.0,6.0
178280004,A,6.0,6.0
178280005,A,6.0,6.0
178280006,A,6.0,6.0
178280007,A,6.0,6.0
178283101,A,9.0,9.0
178284101,A,6.0,6.0
178284104,A,9.0,9.0
178290002,A,9.0,9.0
178300002,A,6.0,6.0
178300003,A,9.0,9.0
178300004,A,13.0,13.0
178304101,A,9.0,9.0
179010001,A,6.0,6.0
179010002,A,6.0,6.0
179010004,A,16.0,16.0
179010005,A,16.0,16.0
179013101,A,9.0,9.0
179015102,A,12.0,12.0
179015103,A,12.0,12.0
179020003,A,12.0,12.0
179020005,A,12.0,12.0
179020006,A,6.0,6.0
179020007,A,13.0,13.0
179020008,A,6.0,6.0
179030003,A,9.0,9.0
179030005,A,6.0,6.0
179040001,A,6.0,6.0
179040002,A,6.0,6.0
179050003,A,9.0,9.0
179050004,A,6.0,6.0
179052103,A,12.0,12.0
179052105,,13.0,13.0
179060002,A,6.0,6.0
179060003,A,9.0,9.0
179060004,A,9.0,9.0
179060005,A,9.0,9.0
179060006,A,9.0,9.0
179060008,A,9.0,9.0
179064103,A,13.0,13.0
179065102,A R,12.0,12.0
179080001,A,6.0,6.0
179080002,A,6.0,6.0
179080003,A,13.0,13.0
179080004,A,16.0,16.0
179080005,A,12.0,12.0
179083104,A,15.0,15.0
179085102,A,16.0,16.0
179090001,A,9.0,9.0
179090002,A,12.0,12.0
179090003,A,12.0,12.0
179090004,A,12.0,12.0
179110001,A,12.0,12.0
179110002,A,15.0,15.0
179110003,A,6.0,6.0
179110004,A,6.0,6.0
179110007,A,13.0,13.0
179113102,A,12.0,12.0
179115102,A,13.0,13.0
179120002,A,9.0,9.0
179120005,A,6.0,6.0
179130001,A,3.0,3.0
179130002,A,12.0,12.0
179130003,A,9.0,9.0
179130004,A,9.0,9.0
179130006,A,9.0,9.0
179140001,A,6.0,6.0
179140002,A,6.0,6.0
179140003,A,9.0,9.0
179145102,A,9.0,9.0
179150002,A,6.0,6.0
179160003,A,6.0,6.0
179160004,A,6.0,6.0
179160005,A,9.0,9.0
179170001,A,6.0,6.0
179170002,A,6.0,6.0
179170003,,12.0,12.0
179180001,,6.0,6.0
179180002,A,9.0,9.0
179180004,A,6.0,6.0
179200001,A,6.0,6.0
179200003,A,9.0,9.0
179200004,A,9.0,9.0
179200005,A,9.0,9.0
179201101,A,6.0,6.0
179201103,A,13.0,13.0
179202103,A,12.0,12.0
179204102,A,9.0,9.0
179210003,A,6.0,6.0
179220002,A,6.0,6.0
179220003,A,9.0,9.0
179220004,A,12.0,12.0
179220005,A,12.0,12.0
179224101,A,9.0,9.0
179230001,A,9.0,9.0
179230002,A,6.0,6.0
179230003,A,12.0,12.0
179230004,A,12.0,12.0
179230005,A,13.0,13.0
179240001,A,18.0,18.0
179240002,A,16.0,16.0
179240003,A,16.0,16.0
179240004,A,16.0,16.0
179250003,A,6.0,6.0
179250005,A,9.0,9.0
179250006,A,9.0,9.0
179254101,A,6.0,6.0
179254103,A,9.0,9.0
179254104,A,9.0,9.0
179255102,A,6.0,6.0
179260001,A,6.0,6.0
179260002,A,6.0,6.0
179260003,A,9.0,9.0
179260004,A,12.0,12.0
179260005,A,12.0,12.0
179260007,A,9.0,9.0
179264101,A,6.0,6.0
179264202,A,12.0,12.0
179270001,A,6.0,6.0
179270003,A,6.0,6.0
179270004,A,9.0,9.0
179270005,A,9.0,9.0
179270006,A,9.0,9.0
179280001,A,6.0,6.0
179280004,A,9.0,9.0
179280005,A,12.0,12.0
179280006,A,9.0,9.0
179284103,A,13.0,13.0
179290001,A,6.0,6.0
179290002,A,6.0,6.0
179290003,A,12.0,12.0
179290004,A,12.0,12.0
179290005,A,12.0,12.0
179295102,A,9.0,9.0
179300001,A,6.0,6.0
179300002,A,6.0,6.0
179300003,A,9.0,9.0
179300004,A,12.0,12.0
179300006,A,9.0,9.0
179300007,A,12.0,12.0
180010002,A,6.0,6.0
180010003,A,12.0,12.0
180010004,A,9.0,9.0
180010005,A,12.0,12.0
180014102,A,13.0,13.0
180015202,A,13.0,13.0
180030001,A,9.0,9.0
180030002,A,9.0,9.0
180030003,A,13.0,13.0
180030004,,13.0,13.0
180031102,A,9.0,9.0
180040001,A,6.0,6.0
180040002,A,13.0,13.0
180040003,A,16.0,16.0
180040004,A,6.0,6.0
180045101,A,13.0,13.0
180050001,A,6.0,6.0
180050002,A,6.0,6.0
180050004,A,6.0,6.0
180054102,A,6.0,6.0
180060001,A,6.0,6.0
180060002,A,6.0,6.0
180060004,A,12.0,12.0
180064202,A,13.0,13.0
180070003,A,9.0,9.0
180070005,A,13.0,13.0
180070006,A,16.0,16.0
180080001,A,15.0,15.0
180080002,A,12.0,12.0
180080003,,15.0,15.0
180080004,A,16.0,16.0
180080005,A,16.0,16.0
180084102,A,15.0,15.0
180084202,,16.0,16.0
180090001,A,9.0,9.0
180090002,A,6.0,6.0
180100001,,6.0,6.0
180100002,A,12.0,12.0
180100004,A,16.0,16.0
180100005,A,12.0,12.0
180110001,A,6.0,6.0
180110002,A,6.0,6.0
180110004,A,16.0,16.0
180110006,A,12.0,12.0
180120001,A,6.0,6.0
180120002,A,6.0,6.0
180120005,A,9.0,9.0
180120006,A,9.0,9.0
180130005,A,12.0,12.0
180130007,,6.0,6.0
180130008,A,15.0,15.0
180130009,A,15.0,15.0
180130013,A,12.0,12.0
180140001,A,6.0,6.0
180140002,A,9.0,9.0
180140003,A,13.0,13.0
180140004,A,15.0,15.0
180160001,A,6.0,6.0
180160002,A,6.0,6.0
180160004,A,12.0,12.0
180160008,A,9.0,9.0
180170001,A,6.0,6.0
180170003,A,12.0,12.0
180170005,A,13.0,13.0
180180004,A,6.0,6.0
180180006,A,12.0,12.0
180190001,A,6.0,6.0
180190002,A,6.0,6.0
180190007,A,13.0,13.0
180200002,A,13.0,13.0
180210001,A,9.0,9.0
180210003,A,9.0,9.0
180210004,A,15.0,15.0
180210006,A,9.0,9.0
180210007,B,9.0,9.0
180210008,A,9.0,9.0
180215102,A,13.0,13.0
180215202,A,16.0,16.0
180220001,A,6.0,6.0
180220002,A,6.0,6.0
180220003,A,9.0,9.0
180220004,A,6.0,6.0
180220008,A,6.0,6.0
180220009,A,9.0,9.0
180224101,A,13.0,13.0
180225102,A,6.0,6.0
180225201,A,13.0,13.0
180230001,A,6.0,6.0
180230002,A,6.0,6.0
180230003,A,12.0,12.0
180230004,A,9.0,9.0
180230005,A,9.0,9.0
180230006,A,16.0,16.0
180234101,,9.0,9.0
180240001,A,6.0,6.0
180240002,A,6.0,6.0
180240003,A,9.0,9.0
180240004,A,9.0,9.0
180240006,A,9.0,9.0
180240009,A,9.0,9.0
180250001,,6.0,6.0
180250004,A,6.0,6.0
180260001,,6.0,6.0
180260003,A,6.0,6.0
180263102,A,6.0,6.0
180263103,A,13.0,13.0
180270002,A,12.0,12.0
180270003,A,6.0,6.0
180270004,A,6.0,6.0
180270005,A,12.0,12.0
180270006,A,6.0,6.0
180270009,A,16.0,16.0
180275103,A,12.0,12.0
180280001,,6.0,6.0
180280002,A,13.0,13.0
180280003,A,13.0,13.0
180280004,A,6.0,6.0
180283103,,6.0,6.0
180283106,A,12.0,12.0
180283206,A,13.0,13.0
180290004,A,13.0,13.0
180290005,A,6.0,6.0
180290006,,6.0,6.0
180300002,A,6.0,6.0
180300008,A,9.0,9.0
181010001,,6.0,6.0
181010002,A,16.0,16.0
181010003,A,16.0,16.0
181010004,A,9.0,9.0
181010005,A,16.0,16.0
181020001,A,6.0,6.0
181020002,A,6.0,6.0
181020003,A,12.0,12.0
181020004,A,16.0,16.0
181020005,A,13.0,13.0
181023101,A,12.0,12.0
181023104,A,13.0,13.0
181024102,A,6.0,6.0
181030001,A,15.0,15.0
181030002,A,6.0,6.0
181030003,A,12.0,12.0
181030004,A,9.0,9.0
181030005,A,15.0,15.0
181030006,A,12.0,12.0
181030008,A,9.0,9.0
181034102,A,9.0,9.0
181035102,A,9.0,9.0
181040001,,6.0,6.0
181040002,A,6.0,6.0
181040003,,6.0,6.0
181040004,A,6.0,6.0
181040005,,9.0,9.0
181044102,A,9.0,9.0
181050001,A,6.0,6.0
181050002,A,6.0,6.0
181050003,A,9.0,9.0
181050004,A,6.0,6.0
181050005,A,12.0,12.0
181053105,A,6.0,6.0
181060001,A,6.0,6.0
181060002,A,9.0,9.0
181060003,A,9.0,9.0
181060006,A,6.0,6.0
181070003,A,6.0,6.0
181070005,A,9.0,9.0
181070006,A,9.0,9.0
181070007,A,9.0,9.0
181070008,A,9.0,9.0
181070010,A,6.0,6.0
181071105,A,9.0,9.0
181071106,A,9.0,9.0
181073106,A,6.0,6.0
181080001,A,6.0,6.0
181080002,A,6.0,6.0
181080003,,9.0,9.0
181084102,A,12.0,12.0
181090002,A,6.0,6.0
181090003,A,6.0,6.0
181090004,A,6.0,6.0
181090005,A,6.0,6.0
181090006,A,15.0,15.0
181100001,A,6.0,6.0
181100002,A,6.0,6.0
181100004,A,6.0,6.0
181100005,A,12.0,12.0
181100006,A,9.0,9.0
181100007,A,16.0,16.0
181100008,A,9.0,9.0
181104102,A,9.0,9.0
181110001,,6.0,6.0
181110002,A,6.0,6.0
181110003,A,9.0,9.0
181110004,A,6.0,6.0
181110005,A,6.0,6.0
181110006,A,9.0,9.0
181110007,A,9.0,9.0
181110008,A,13.0,13.0
181110009,A,6.0,6.0
181113102,A,9.0,9.0
181113103,A,12.0,12.0
181113203,A,9.0,9.0
181120002,A,6.0,6.0
181120003,A,9.0,9.0
181120004,A,6.0,6.0
181120005,A,9.0,9.0
181125201,,9.0,9.0
181130001,A,6.0,6.0
181130002,A,6.0,6.0
181130003,A,9.0,9.0
181130005,A,9.0,9.0
181134102,A,12.0,12.0
181140002,A,6.0,6.0
181140004,A,9.0,9.0
181140005,A,9.0,9.0
181140006,,9.0,9.0
181140007,A,16.0,16.0
181140008,A,16.0,16.0
181140010,,9.0,9.0
181143201,A,6.0,6.0
181150003,A,6.0,6.0
181153101,,6.0,6.0
181160004,A,9.0,9.0
181170001,A,6.0,6.0
181170003,A,9.0,9.0
181170006,A,9.0,9.0
181175102,A,6.0,6.0
181175104,A,12.0,12.0
181200003,A,6.0,6.0
181200004,A,9.0,9.0
181200005,A,9.0,9.0
181210002,A,6.0,6.0
181210004,A,12.0,12.0
181210005,A,12.0,12.0
181210008,A,6.0,6.0
181215103,A,9.0,9.0
181220003,A,6.0,6.0
181220004,A,6.0,6.0
181220007,A,6.0,6.0
181223101,A,9.0,9.0
181223103,A,9.0,9.0
181230001,A,6.0,6.0
181230002,A,6.0,6.0
181230003,A,6.0,6.0
181230004,A,9.0,9.0
181233103,A,12.0,12.0
181235101,A,6.0,6.0
181240002,A,6.0,6.0
181240003,A,9.0,9.0
181240004,A,9.0,9.0
181240005,A,6.0,6.0
181245102,A,16.0,16.0
181250002,A,6.0,6.0
181250003,A,12.0,12.0
181250004,A,9.0,9.0
181250005,,12.0,12.0
181253102,A,12.0,12.0
181253104,A,13.0,13.0
181255101,A,9.0,9.0
181260001,A,9.0,9.0
181260002,A,9.0,9.0
181260003,A,13.0,13.0
181260004,A,12.0,12.0
181260005,A,13.0,13.0
181263102,B,12.0,12.0
181265102,A,12.0,12.0
181270001,A,9.0,9.0
181270002,A,6.0,6.0
181270003,A,16.0,16.0
181270004,A,16.0,16.0
181270005,A,13.0,13.0
181270006,A,13.0,13.0
181270007,,6.0,6.0
181272101,I,12.0,12.0
181280001,A,6.0,6.0
181280004,A,6.0,6.0
181280005,A,6.0,6.0
181280006,A,9.0,9.0
181280009,A,9.0,9.0
181280011,A,6.0,6.0
181300001,A,13.0,13.0
181300002,A,16.0,16.0
181300003,A,15.0,15.0
181300004,A,15.0,15.0
181300005,,6.0,6.0
182010002,A,9.0,9.0
182010003,A,12.0,12.0
182010005,A,6.0,6.0
182010007,A,6.0,6.0
182020001,A,9.0,9.0
182020004,A,16.0,16.0
182020005,A,12.0,12.0
182020006,A,16.0,16.0
182020009,A,16.0,16.0
182020010,A,9.0,9.0
182021102,A,12.0,12.0
182021103,A,12.0,12.0
182021203,A,12.0,12.0
182025102,A,12.0,12.0
182030003,A,9.0,9.0
182030004,A,6.0,6.0
182030006,,16.0,16.0
182030007,A,12.0,12.0
182033104,A,12.0,12.0
182040003,A,12.0,12.0
182040004,A,12.0,12.0
182040005,A,16.0,16.0
182050003,A,6.0,6.0
182050004,,9.0,9.0
182050005,A,13.0,13.0
182060001,A,6.0,6.0
182060002,A,6.0,6.0
182060003,A,16.0,16.0
182060004,A,12.0,12.0
182060005,A,9.0,9.0
182060007,A,12.0,12.0
182070003,A,6.0,6.0
182070005,A,12.0,12.0
182080005,A,12.0,12.0
182080007,A,12.0,12.0
182090002,A,15.0,15.0
182090005,A,16.0,16.0
182090007,A,6.0,6.0
182091102,A,12.0,12.0
182091103,A,16.0,16.0
182120001,A,6.0,6.0
182120002,A,9.0,9.0
182120003,A,9.0,9.0
182120004,A,9.0,9.0
182120005,A,9.0,9.0
182120006,A,6.0,6.0
182124101,A,6.0,6.0
182125101,A G,9.0,9.0
182130002,A,9.0,9.0
182130003,A,9.0,9.0
182130004,A,12.0,12.0
182130005,A,9.0,9.0
182130006,A,16.0,16.0
182130007,A,16.0,16.0
182130008,A,16.0,16.0
182130009,A,6.0,6.0
182130010,A,13.0,13.0
182130011,A,16.0,16.0
182130012,A,9.0,9.0
182130013,A,12.0,12.0
182134102,A,6.0,6.0
182134201,A,6.0,6.0
182135102,A,15.0,15.0
182140003,A,6.0,6.0
182140008,A,15.0,15.0
182143102,A,6.0,6.0
182150003,,6.0,6.0
182150009,A,6.0,6.0
182170001,,6.0,6.0
182170003,A,6.0,6.0
182170004,,9.0,9.0
182170005,A,6.0,6.0
182170007,A,9.0,9.0
182170008,A,6.0,6.0
182174104,A,12.0,12.0
182180001,A,6.0,6.0
182180003,A,12.0,12.0
182180004,A,13.0,13.0
182180005,A,12.0,12.0
182180006,A,16.0,16.0
182180008,A,16.0,16.0
182180009,A,12.0,12.0
182180010,A,9.0,9.0
182180011,A,6.0,6.0
182190001,A,6.0,6.0
182190002,A,6.0,6.0
182190003,A,9.0,9.0
182190004,A,9.0,9.0
182190005,A,9.0,9.0
182190006,A,13.0,13.0
182195104,A,12.0,12.0
182200001,A,6.0,6.0
182200004,A,9.0,9.0
182200006,A,12.0,12.0
182200007,A,16.0,16.0
182200008,A,13.0,13.0
182200010,A,12.0,12.0
182200011,A,6.0,6.0
182200014,A,12.0,12.0
182201106,A,16.0,16.0
182205101,A,16.0,16.0
183010004,A,6.0,6.0
183010006,A,6.0,6.0
183010009,A,9.0,9.0
183010011,A,13.0,13.0
183014101,A,9.0,9.0
183015101,A,6.0,6.0
183020002,A,6.0,6.0
183020003,A,6.0,6.0
183020004,A,6.0,6.0
183020007,A,6.0,6.0
183021102,A,9.0,9.0
183021103,A,13.0,13.0
183030001,A,6.0,6.0
183030002,A,6.0,6.0
183030003,A,9.0,9.0
183030004,A,9.0,9.0
183030006,A,13.0,13.0
183040001,,6.0,6.0
183040005,A,15.0,15.0
183040006,A,13.0,13.0
183043104,A,12.0,12.0
183045102,,12.0,12.0
183050006,A,6.0,6.0
183050008,A,9.0,9.0
183060002,A,6.0,6.0
183060003,A,9.0,9.0
183060004,A,9.0,9.0
183060006,A,13.0,13.0
183070002,A,13.0,13.0
183070003,A,9.0,9.0
183074102,,13.0,13.0
183080004,A,6.0,6.0
183080005,A,6.0,6.0
183080006,A,6.0,6.0
183080007,A,9.0,9.0
183080009,A,6.0,6.0
183080011,A,9.0,9.0
183080012,A,6.0,6.0
183083102,B,9.0,9.0
183083103,A,13.0,13.0
183083202,A,6.0,6.0
183084101,A,6.0,6.0
183084107,A,6.0,6.0
183090001,A,6.0,6.0
183090002,A,6.0,6.0
183090003,A,13.0,13.0
183090004,A,13.0,13.0
183090005,A,13.0,13.0
183090008,A,12.0,12.0
183100001,,6.0,6.0
183100003,A,9.0,9.0
183100004,A,16.0,16.0
183100006,A,9.0,9.0
183100009,A,13.0,13.0
183104202,A,9.0,9.0
183110003,A,9.0,9.0
183110004,A,9.0,9.0
183110005,A,9.0,9.0
183110006,A,6.0,6.0
183110007,A,9.0,9.0
183111102,A,9.0,9.0
183112104,A,9.0,9.0
183114102,A,6.0,6.0
183114201,A,6.0,6.0
183115101,A,12.0,12.0
183120002,A,6.0,6.0
183120003,A,6.0,6.0
183130006,A,6.0,6.0
183130007,A,6.0,6.0
183130009,A,13.0,13.0
183130010,A,12.0,12.0
183130011,A,13.0,13.0
183133202,A,6.0,6.0
183133203,A,13.0,13.0
183133204,A,13.0,13.0
183135101,A,9.0,9.0
183140001,A,6.0,6.0
183140002,A,6.0,6.0
183140003,A,6.0,6.0
183140004,A,6.0,6.0
183140008,A,13.0,13.0
183140011,B,9.0,9.0
183144101,A,13.0,13.0
183150001,A,6.0,6.0
183150003,A,6.0,6.0
183150005,A,9.0,9.0
183150006,A,13.0,13.0
183153102,A,6.0,6.0
183153103,A,6.0,6.0
183160002,A,6.0,6.0
183160004,A,6.0,6.0
183160005,A,13.0,13.0
183164102,A,12.0,12.0
183170001,A,6.0,6.0
183170002,A,6.0,6.0
183170004,A,9.0,9.0
183170005,,6.0,6.0
183170009,A,9.0,9.0
183170014,A,9.0,9.0
183170016,A,9.0,9.0
183173105,A,9.0,9.0
183180001,A,6.0,6.0
183180002,A,6.0,6.0
183180003,A,13.0,13.0
183180004,A,12.0,12.0
183180005,A,13.0,13.0
183185102,A,9.0,9.0
183185201,A,6.0,6.0
183190001,A,6.0,6.0
183190002,A,6.0,6.0
183190003,A,13.0,13.0
183190004,A,13.0,13.0
183194102,A,13.0,13.0
183200001,A,6.0,6.0
183200002,A,6.0,6.0
184010001,A,6.0,6.0
184010003,A,6.0,6.0
184010004,A,6.0,6.0
184010005,A,9.0,9.0
184020001,A,6.0,6.0
184020002,A,9.0,9.0
184020005,A,6.0,6.0
184020006,A,6.0,6.0
184025105,B,6.0,6.0
184040001,A,6.0,6.0
184041105,A,9.0,9.0
184050003,A,9.0,9.0
184060001,A,6.0,6.0
184060002,A,6.0,6.0
184060003,A,6.0,6.0
184060004,A,13.0,13.0
184060005,A,9.0,9.0
184063102,A,6.0,6.0
184070002,A,6.0,6.0
184070003,A,6.0,6.0
184070008,,6.0,6.0
184072103,A,6.0,6.0
184074202,A,6.0,6.0
184075102,A,6.0,6.0
184080003,A,6.0,6.0
184080004,A,6.0,6.0
184090002,A,6.0,6.0
184090003,A,6.0,6.0
184090005,A,9.0,9.0
184090006,A,6.0,6.0
184090007,A,9.0,9.0
184090008,A,6.0,6.0
184090011,A,9.0,9.0
184092101,A,6.0,6.0
184100001,A,6.0,6.0
184100002,A,6.0,6.0
184100003,A,6.0,6.0
184100005,A,9.0,9.0
184100006,A,6.0,6.0
184100007,A,13.0,13.0
184100010,A,6.0,6.0
184105203,V,12.0,12.0
184110001,A,6.0,6.0
184110002,A,6.0,6.0
184110003,A,6.0,6.0
184114102,A,6.0,6.0
184120001,A,6.0,6.0
184120002,A,6.0,6.0
184120003,A,12.0,12.0
184120004,A,12.0,12.0
184120005,A,9.0,9.0
184120006,,12.0,12.0
184124202,A,12.0,12.0
184125102,B,12.0,12.0
184130001,,6.0,6.0
184130002,A,6.0,6.0
184130003,A,6.0,6.0
184130004,A,9.0,9.0
184130005,A,6.0,6.0
184140001,A,15.0,15.0
184140002,A,16.0,16.0
184140003,A,16.0,16.0
184140004,A,15.0,15.0
184140005,,9.0,9.0
184140006,A,12.0,12.0
184143102,A,12.0,12.0
184143203,A,16.0,16.0
184145102,A,16.0,16.0
184150003,A,9.0,9.0
184150004,A,9.0,9.0
184150005,A,6.0,6.0
184151102,A,12.0,12.0
184153104,,12.0,12.0
184160001,A,6.0,6.0
184160003,A,13.0,13.0
184161107,A,12.0,12.0
184180002,,6.0,6.0
184180003,A,13.0,13.0
184180004,A,6.0,6.0
184180007,A,9.0,9.0
184180008,A,13.0,13.0
184180009,A,6.0,6.0
184180010,A,12.0,12.0
184181105,B,12.0,12.0
184190003,A,6.0,6.0
184190005,A,6.0,6.0
184194102,A,9.0,9.0
184195102,A,6.0,6.0
184200001,A,6.0,6.0
184200002,A,6.0,6.0
184203102,A,6.0,6.0
184203103,A,6.0,6.0
184203104,A,6.0,6.0
184205102,A,6.0,6.0
184210004,A,9.0,9.0
184210005,A,13.0,13.0
184210006,A,6.0,6.0
184211117,A,9.0,9.0
184230003,A,6.0,6.0
184230004,A,6.0,6.0
184230009,A,6.0,6.0
184233102,A,6.0,6.0
184233103,A,13.0,13.0
184240002,A,6.0,6.0
184240003,A,6.0,6.0
184240004,A,6.0,6.0
184240006,A,9.0,9.0
184242104,A,6.0,6.0
184242206,A,9.0,9.0
184250003,A,6.0,6.0
184250004,A,6.0,6.0
184250005,A,6.0,6.0
184253304,A,9.0,9.0
184253305,A,13.0,13.0
184260002,A,9.0,9.0
184260004,A,6.0,6.0
184264103,A,9.0,9.0
184270001,A,6.0,6.0
184270003,A,12.0,12.0
184270006,A,16.0,16.0
184270007,A,16.0,16.0
184270008,A,16.0,16.0
184271103,A,6.0,6.0
184271107,A,6.0,6.0
184271108,A,9.0,9.0
184275101,A,6.0,6.0
184290002,A,6.0,6.0
184294104,A,6.0,6.0
184300002,A,6.0,6.0
184300003,A,6.0,6.0
184300004,,6.0,6.0
184300005,A,6.0,6.0
184300006,,6.0,6.0
184300007,A,6.0,6.0
184300008,A,12.0,12.0
184300009,A,13.0,13.0
184304102,A,6.0,6.0
184305102,A,9.0,9.0
184305201,A,9.0,9.0
185010001,A,6.0,6.0
185010003,A,9.0,9.0
185020002,A,6.0,6.0
185020003,A,12.0,12.0
185020006,A,6.0,6.0
185020011,A,9.0,9.0
185021106,A,15.0,15.0
185024104,B,13.0,13.0
185025101,A,9.0,9.0
185030003,A,12.0,12.0
185030004,A,9.0,9.0
185030006,A,6.0,6.0
185033102,A,9.0,9.0
185040003,A,6.0,6.0
185040004,A,6.0,6.0
185040005,A,15.0,15.0
185040007,A,9.0,9.0
185040008,A,6.0,6.0
185044102,A,6.0,6.0
185045101,A,6.0,6.0
185045103,A,6.0,6.0
185045104,A,12.0,12.0
185050001,A,6.0,6.0
185050002,A,6.0,6.0
185050003,A,12.0,12.0
185050004,A,9.0,9.0
185050005,A,13.0,13.0
185050008,A,9.0,9.0
185060002,A,6.0,6.0
185060003,A,9.0,9.0
185060004,A,6.0,6.0
185060005,A,6.0,6.0
185060007,A,6.0,6.0
185060008,A,12.0,12.0
185070003,A,6.0,6.0
185070005,A,12.0,12.0
185073102,A,6.0,6.0
185080004,A,6.0,6.0
185080007,A,6.0,6.0
185080008,A,6.0,6.0
185080009,A,9.0,9.0
185085101,B,13.0,13.0
185090001,A,6.0,6.0
185090003,A,9.0,9.0
185090006,A,6.0,6.0
185100001,B,6.0,6.0
185100003,A,6.0,6.0
185100005,A,6.0,6.0
185100014,A,6.0,6.0
185105102,A,6.0,6.0
185110003,A,9.0,9.0
185110007,A,9.0,9.0
185115101,A,9.0,9.0
185120002,A,6.0,6.0
185120003,A,6.0,6.0
185130002,A,6.0,6.0
185130003,A,16.0,16.0
185130004,A,12.0,12.0
185130005,A,6.0,6.0
185140004,A,6.0,6.0
185140008,A,6.0,6.0
185140009,A,6.0,6.0
185140010,A,6.0,6.0
185150002,A,6.0,6.0
185150004,A,6.0,6.0
185150007,A,13.0,13.0
185150008,A,6.0,6.0
185160003,A,6.0,6.0
185160004,A,6.0,6.0
185163103,A,6.0,6.0
185170001,A,6.0,6.0
185170003,A,6.0,6.0
185170004,A,9.0,9.0
185170005,,6.0,6.0
185180002,A,6.0,6.0
185180003,A,6.0,6.0
185180004,A,9.0,9.0
185180005,A,16.0,16.0
185180008,A,6.0,6.0
185190002,A,6.0,6.0
185190003,A,6.0,6.0
185190004,A,6.0,6.0
185190005,A,12.0,12.0
185194102,A,9.0,9.0
185194202,A,16.0,16.0
185195102,A,6.0,6.0
185195103,A,12.0,12.0
185200001,A,6.0,6.0
185200002,A,6.0,6.0
185200003,A,6.0,6.0
185200005,A,12.0,12.0
186010001,B,6.0,6.0
186010002,A,18.0,18.0
186010003,A,9.0,9.0
186010005,B,6.0,6.0
186014102,A,16.0,16.0
186020002,B,6.0,6.0
186020003,B,13.0,13.0
186020007,B,6.0,6.0
186020008,B,6.0,6.0
186020009,B,13.0,13.0
186022105,B,9.0,9.0
186022108,B,9.0,9.0
186024102,A,6.0,6.0
186030002,B,6.0,6.0
186030003,A,6.0,6.0
186030004,A,9.0,9.0
186030005,B,9.0,9.0
186030006,B,9.0,9.0
186030007,B,6.0,6.0
186030008,A,9.0,9.0
186034202,A,9.0,9.0
186040005,B,6.0,6.0
186040009,B,9.0,9.0
186050002,B,6.0,6.0
186050004,B,9.0,9.0
186050007,B,6.0,6.0
186050008,B,6.0,6.0
186060003,B,12.0,12.0
186060004,B,16.0,16.0
186060005,B,16.0,16.0
186060006,B,12.0,12.0
186063102,B,6.0,6.0
186080002,B,9.0,9.0
186080003,A,9.0,9.0
186080004,B,6.0,6.0
186080005,A,13.0,13.0
186080006,A,9.0,9.0
186080007,B,6.0,6.0
186080008,B,6.0,6.0
186080009,B,6.0,6.0
186080012,B,6.0,6.0
186081104,A,12.0,12.0
186090001,A,6.0,6.0
186090002,,6.0,6.0
186090003,B,12.0,12.0
186090005,B,16.0,16.0
186100003,B,9.0,9.0
186100005,B,15.0,15.0
186100006,B,12.0,12.0
186100007,B,13.0,13.0
186100009,B,15.0,15.0
186104101,A,16.0,16.0
186110002,B,6.0,6.0
186110004,B,6.0,6.0
186110005,A,9.0,9.0
186110006,A,6.0,6.0
186110008,B,13.0,13.0
186110009,B,9.0,9.0
186110010,B,6.0,6.0
186110011,B,13.0,13.0
186110012,B,13.0,13.0
186110014,B,6.0,6.0
186111101,B,6.0,6.0
186111103,B,9.0,9.0
186120003,B,6.0,6.0
186120005,B,13.0,13.0
186130003,B,6.0,6.0
186130004,B,6.0,6.0
186140002,B,6.0,6.0
186140004,B,12.0,12.0
186140005,A,12.0,12.0
186145102,B,16.0,16.0
186150001,,6.0,6.0
186150003,B,12.0,12.0
186150004,B,13.0,13.0
186150005,B,13.0,13.0
186160001,B,6.0,6.0
186160002,B,6.0,6.0
186160003,B,6.0,6.0
186160004,A,6.0,6.0
186160005,A,6.0,6.0
186160006,,6.0,6.0
186160009,B,9.0,9.0
186170004,A,6.0,6.0
186170009,B,9.0,9.0
186180001,B,6.0,6.0
186180002,B,6.0,6.0
186180003,B,13.0,13.0
186180004,B,6.0,6.0
186180005,B,6.0,6.0
186180006,B,9.0,9.0
186184202,,13.0,13.0
186185101,,13.0,13.0
186190006,B,9.0,9.0
186200001,B,6.0,6.0
186200003,A,12.0,12.0
186200004,B,9.0,9.0
186200005,B,12.0,12.0
186200006,B,12.0,12.0
186204102,B,6.0,6.0
186205201,B,9.0,9.0
186210001,A,6.0,6.0
186210002,B,6.0,6.0
186210004,A,9.0,9.0
186210005,B,6.0,6.0
186210006,B,9.0,9.0
186210007,B,13.0,13.0
186213102,B,6.0,6.0
186213104,A,12.0,12.0
186220001,B,6.0,6.0
186220003,B,12.0,12.0
186220004,B,16.0,16.0
186220006,B,6.0,6.0
186220007,B,9.0,9.0
186220008,B,9.0,9.0
186222101,B,12.0,12.0
186230001,B,9.0,9.0
186230002,B,16.0,16.0
186240002,B,6.0,6.0
186240003,B,12.0,12.0
186240004,B,15.0,15.0
186240007,B,12.0,12.0
186240008,A,12.0,12.0
186240009,B,12.0,12.0
186243102,B,15.0,15.0
186244102,B,15.0,15.0
186250001,B,6.0,6.0
186250004,B,6.0,6.0
186260001,A,6.0,6.0
186260002,B,9.0,9.0
186260004,B,6.0,6.0
186260006,B,13.0,13.0
186260008,A,13.0,13.0
186260009,B,6.0,6.0
186260010,B,6.0,6.0
186263101,,9.0,9.0
186265102,A,9.0,9.0
186270001,B,9.0,9.0
186270002,B,6.0,6.0
186270003,B,6.0,6.0
186270004,B,16.0,16.0
186270005,A,9.0,9.0
186280001,B,6.0,6.0
186280002,B,12.0,12.0
186280003,B,9.0,9.0
186280004,B,6.0,6.0
186280005,A,12.0,12.0
186284107,B,9.0,9.0
186290003,B,9.0,9.0
186290005,A,12.0,12.0
186300002,B,6.0,6.0
186300004,B,6.0,6.0
186300005,A,16.0,16.0
186304102,,16.0,16.0
187010002,A,9.0,9.0
187030003,A,6.0,6.0
187030005,A,13.0,13.0
187030006,A,9.0,9.0
187040001,A,12.0,12.0
187040002,A,9.0,9.0
187040004,A,15.0,15.0
187040005,A,13.0,13.0
187040006,A,16.0,16.0
187040007,A,12.0,12.0
187040009,S,9.0,9.0
187044101,A,15.0,15.0
187044201,A,6.0,6.0
187044301,A,16.0,16.0
187050001,A,9.0,9.0
187050002,,13.0,13.0
187050003,A,13.0,13.0
187050006,,12.0,12.0
187060001,A,9.0,9.0
187060002,A,9.0,9.0
187060003,A,15.0,15.0
187060004,A,12.0,12.0
187065104,A,13.0,13.0
187070001,A,13.0,13.0
187070002,A,16.0,16.0
187070004,A,16.0,16.0
187075101,A,16.0,16.0
187080002,A,9.0,9.0
187080004,A,12.0,12.0
187080005,A,12.0,12.0
187080007,A,12.0,12.0
187090003,A,13.0,13.0
187090004,A,13.0,13.0
187090005,A,9.0,9.0
187094102,A,12.0,12.0
187100003,A,9.0,9.0
187100006,A,9.0,9.0
187110001,A,13.0,13.0
187110002,A,6.0,6.0
187110003,A,13.0,13.0
187110004,A,13.0,13.0
187120001,A,9.0,9.0
187120002,A,6.0,6.0
187130003,A,13.0,13.0
187130004,A,13.0,13.0
187130006,A,12.0,12.0
187130007,A,16.0,16.0
187132102,A,12.0,12.0
187140001,A,9.0,9.0
187140003,A,12.0,12.0
187140005,A,16.0,16.0
187140007,,13.0,13.0
187140008,A,12.0,12.0
187143208,Q,13.0,13.0
187150001,A,9.0,9.0
187150003,A,12.0,12.0
187150004,A,15.0,15.0
187150005,A,12.0,12.0
187150007,A,12.0,12.0
187154202,Q,13.0,13.0
187160001,A,12.0,12.0
187160002,A,16.0,16.0
187160003,A,16.0,16.0
187160004,A,13.0,13.0
187170001,A,12.0,12.0
187170002,A,9.0,9.0
187170003,A,12.0,12.0
187170004,A,16.0,16.0
187170005,A,15.0,15.0
187170006,A,16.0,16.0
187175102,A,13.0,13.0
187175203,A,12.0,12.0
187180002,A,12.0,12.0
187180005,A,12.0,12.0
187190003,A,13.0,13.0
187190004,A,12.0,12.0
187190005,A,12.0,12.0
187193102,A,13.0,13.0
187193103,A,16.0,16.0
187193104,A,12.0,12.0
187200001,,16.0,16.0
187200002,A,15.0,15.0
187200003,A,16.0,16.0
187203101,A,12.0,12.0
187203104,A,12.0,12.0
187410001,A,12.0,12.0
187410002,A,13.0,13.0
187410003,A,12.0,12.0
187410005,A,16.0,16.0
187412113,A,12.0,12.0
188030001,A,6.0,6.0
188030003,A,9.0,9.0
188030004,A,13.0,13.0
188035101,A,13.0,13.0
188040001,A,6.0,6.0
188040002,A,16.0,16.0
188040005,A,15.0,15.0
188040006,A,12.0,12.0
188040008,A,15.0,15.0
188044202,A,16.0,16.0
188050001,A,13.0,13.0
188050002,A,13.0,13.0
188050003,A,15.0,15.0
188060002,A,6.0,6.0
188060003,A,6.0,6.0
188060005,A,9.0,9.0
188060007,A,9.0,9.0
188060008,A,6.0,6.0
188060009,A,9.0,9.0
188060010,A,9.0,9.0
188060011,A,9.0,9.0
188060012,A,6.0,6.0
188064101,A,6.0,6.0
188064303,A,9.0,9.0
188065102,A,13.0,13.0
188065103,A,13.0,13.0
188080001,A,6.0,6.0
188080002,A,6.0,6.0
188080003,A,9.0,9.0
188080004,A,15.0,15.0
188080005,A,13.0,13.0
188080006,A,9.0,9.0
188080007,A,9.0,9.0
188083103,A,12.0,12.0
188083105,A,12.0,12.0
188083202,A,6.0,6.0
188083203,A,13.0,13.0
188085101,A,13.0,13.0
188085201,A,9.0,9.0
188090001,A,9.0,9.0
188090002,A,6.0,6.0
188090003,A,16.0,16.0
188090004,A,12.0,12.0
188090006,A,12.0,12.0
188100002,A,6.0,6.0
188100003,A,16.0,16.0
188100004,A,16.0,16.0
188104102,A,16.0,16.0
188104202,A,16.0,16.0
188110004,A,16.0,16.0
188120003,A,9.0,9.0
188120004,A,12.0,12.0
188120005,,6.0,6.0
188120006,A,12.0,12.0
188121104,A,9.0,9.0
188130001,A,6.0,6.0
188130002,A,6.0,6.0
188130003,A,13.0,13.0
188140002,,13.0,13.0
188140004,A,12.0,12.0
188140005,A,6.0,6.0
188140007,A,13.0,13.0
188143101,B,13.0,13.0
188144102,A,9.0,9.0
188150001,A,9.0,9.0
188150002,A,6.0,6.0
188150003,A,13.0,13.0
188150004,A,15.0,15.0
188150005,A,13.0,13.0
188160001,A,9.0,9.0
188160002,A,6.0,6.0
188160003,A,12.0,12.0
188160004,A,9.0,9.0
188180002,A,6.0,6.0
188180003,A,9.0,9.0
188180006,A,13.0,13.0
188180007,A,13.0,13.0
188180008,A,13.0,13.0
188190001,A,9.0,9.0
188190002,A,12.0,12.0
188190003,A,13.0,13.0
188190004,A,13.0,13.0
188190005,A,13.0,13.0
188190007,A,12.0,12.0
188194101,A,6.0,6.0
188194103,A,13.0,13.0
188200005,A,15.0,15.0
189030003,A,13.0,13.0
189030005,A,12.0,12.0
189030006,A,15.0,15.0
189033101,A,13.0,13.0
189035101,A,12.0,12.0
189060002,,6.0,6.0
189060006,F,6.0,6.0
189080005,A,16.0,16.0
189080009,A,6.0,6.0
189080014,F,16.0,16.0
189090004,F,12.0,12.0
189090011,A F,12.0,12.0
189090012,F,12.0,12.0
189110001,A,12.0,12.0
189110002,A,12.0,12.0
189110003,A,13.0,13.0
189110004,A,13.0,13.0
189110005,A,13.0,13.0
189120001,,9.0,9.0
189124102,A,6.0,6.0
189124103,A,9.0,9.0
189130003,A,9.0,9.0
189130004,A,9.0,9.0
189130005,A,9.0,9.0
189130006,A,12.0,12.0
189130008,A,6.0,6.0
189130011,A,6.0,6.0
189131102,A,6.0,6.0
189131103,A,13.0,13.0
189131104,A,13.0,13.0
189133204,A,13.0,13.0
189133310,A,13.0,13.0
189134102,A,6.0,6.0
189150002,A,6.0,6.0
189150004,A,12.0,12.0
189150005,A,6.0,6.0
189150007,F,12.0,12.0
189150008,A,9.0,9.0
189154101,A,12.0,12.0
189155201,A,12.0,12.0
189160003,A,9.0,9.0
189160004,A,9.0,9.0
189163102,A,6.0,6.0
189163202,A,12.0,12.0
189163203,A,9.0,9.0
189170001,B,12.0,12.0
189170002,B,9.0,9.0
189180001,,12.0,12.0
189180004,A C1,12.0,12.0
189180008,A,13.0,13.0
189190001,,6.0,6.0
189190002,A,12.0,12.0
189190003,,6.0,6.0
189190004,A,13.0,13.0
190020004,A,16.0,16.0
190020006,A,9.0,9.0
190020007,A,12.0,12.0
190020009,A,9.0,9.0
190023202,A,9.0,9.0
190023203,A,9.0,9.0
190023204,A,13.0,13.0
190025103,A,15.0,15.0
190030005,,13.0,13.0
190030006,A,6.0,6.0
190030007,A,6.0,6.0
190040002,A,18.0,18.0
190050002,,9.0,9.0
190050003,A,16.0,16.0
190050005,A,12.0,12.0
190050006,A,16.0,16.0
190050008,A,12.0,12.0
190050009,A,12.0,12.0
190050010,A,13.0,13.0
190050011,A,16.0,16.0
190050012,A,16.0,16.0
190050016,A,16.0,16.0
190053103,A,12.0,12.0
190053204,A,16.0,16.0
190054301,A,16.0,16.0
190080002,A,6.0,6.0
190080003,A,16.0,16.0
190080004,A,12.0,12.0
190080005,A,13.0,13.0
190080007,A,9.0,9.0
190080008,A,9.0,9.0
190080009,A,13.0,13.0
190080010,A,12.0,12.0
190080011,A,9.0,9.0
190080012,A,9.0,9.0
190080017,A,13.0,13.0
190083101,A,13.0,13.0
190083103,A,16.0,16.0
190083104,A,12.0,12.0
190083202,A,9.0,9.0
190083203,A,13.0,13.0
190085202,A,13.0,13.0
190090001,B,13.0,13.0
190090002,A,9.0,9.0
190090003,A,12.0,12.0
190090005,A,9.0,9.0
190090008,A,13.0,13.0
190090009,A,6.0,6.0
190090013,A,13.0,13.0
190091107,A,6.0,6.0
190093102,A,13.0,13.0
190093103,A,12.0,12.0
190095102,A,6.0,6.0
190100001,A,16.0,16.0
190100002,A,16.0,16.0
190100004,A,16.0,16.0
190120003,A,15.0,15.0
190120004,A,13.0,13.0
190120006,A,15.0,15.0
190125101,A,12.0,12.0
190130001,A,6.0,6.0
190130002,,12.0,12.0
190130003,A,9.0,9.0
190130004,A,9.0,9.0
190130005,A,12.0,12.0
190130006,A,9.0,9.0
190130007,A,9.0,9.0
190130010,A,6.0,6.0
190130011,A,9.0,9.0
190130012,A,13.0,13.0
190134301,A,13.0,13.0
190135101,A,12.0,12.0
190135103,A,13.0,13.0
190160002,,16.0,16.0
190160004,I,16.0,16.0
190160005,I,15.0,15.0
190160009,A,16.0,16.0
190165102,A,15.0,15.0
190170003,A,16.0,16.0
190171102,A,9.0,9.0
190171103,A,12.0,12.0
190171104,A,12.0,12.0
190180002,A,6.0,6.0
190180003,A,12.0,12.0
190180004,A,9.0,9.0
190181102,A,9.0,9.0
190181105,A,13.0,13.0
190181107,A,13.0,13.0
190200001,A,12.0,12.0
191010001,A,13.0,13.0
191010002,A,12.0,12.0
191010003,A,12.0,12.0
191010005,A,12.0,12.0
191014101,A,12.0,12.0
191060001,A,12.0,12.0
191080001,A,12.0,12.0
191080002,A,13.0,13.0
191080003,A,13.0,13.0
191080004,A,13.0,13.0
191080005,A,13.0,13.0
191080007,A,9.0,9.0
191080010,A,12.0,12.0
191090001,A,13.0,13.0
191090002,A,6.0,6.0
191090003,A,13.0,13.0
191090005,A,13.0,13.0
191090006,A,13.0,13.0
191095104,A,13.0,13.0
191100014,A,16.0,16.0
191100015,A,12.0,12.0
191100017,A,18.0,18.0
191100018,A,18.0,18.0
191110001,A,6.0,6.0
191110002,A,6.0,6.0
191110003,A,15.0,15.0
191110004,A,16.0,16.0
191110006,A,12.0,12.0
191110007,,6.0,6.0
191114102,A,15.0,15.0
191115101,D,16.0,16.0
191130001,A,12.0,12.0
191130002,A,9.0,9.0
191130003,A,12.0,12.0
191130004,,13.0,13.0
191130005,A,13.0,13.0
191130006,A,13.0,13.0
191130008,A,12.0,12.0
191130009,A,12.0,12.0
191130011,A,12.0,12.0
191135202,A,13.0,13.0
191140001,A,6.0,6.0
191140002,A,12.0,12.0
191140003,A,13.0,13.0
191140006,A,6.0,6.0
191140007,A,15.0,15.0
191140008,A,12.0,12.0
191140009,A,12.0,12.0
191140010,A,16.0,16.0
191150002,A,6.0,6.0
191180001,A,15.0,15.0
191180003,A,13.0,13.0
191180006,A,9.0,9.0
191185101,A,13.0,13.0
191190003,A,6.0,6.0
191190004,A,13.0,13.0
191190007,A,6.0,6.0
191190008,,6.0,6.0
191200002,A,12.0,12.0
191200003,A,16.0,16.0
191200004,A,18.0,18.0
192040002,A,9.0,9.0
192040003,A,16.0,16.0
192040004,A,16.0,16.0
192040005,A,12.0,12.0
192040006,A,16.0,16.0
192040007,A,16.0,16.0
192044102,A,12.0,12.0
192045101,A,15.0,15.0
192050001,A,6.0,6.0
192050002,A,6.0,6.0
192050003,A,16.0,16.0
192050004,A,16.0,16.0
192060001,A,9.0,9.0
192060002,A,6.0,6.0
192060003,A,6.0,6.0
192060004,A,9.0,9.0
192070001,A,6.0,6.0
192070002,A,6.0,6.0
192070003,A,15.0,15.0
192070004,A,15.0,15.0
192070008,A,12.0,12.0
192073102,A,12.0,12.0
192074101,A,12.0,12.0
192080002,A,6.0,6.0
192080003,A,9.0,9.0
192081107,A,9.0,9.0
192090001,A,12.0,12.0
192090002,A,6.0,6.0
192090003,A,16.0,16.0
192110002,A,12.0,12.0
192110003,A,16.0,16.0
192110004,A,12.0,12.0
192110007,A,13.0,13.0
192110008,A,13.0,13.0
192110009,A,12.0,12.0
192113106,,12.0,12.0
192120001,A,12.0,12.0
192120002,A,13.0,13.0
192120003,A,12.0,12.0
192120004,A,16.0,16.0
192120005,A,16.0,16.0
192120006,,6.0,6.0
192120008,A,13.0,13.0
192125202,A,16.0,16.0
192130001,A,9.0,9.0
192130002,A,6.0,6.0
192130004,A,13.0,13.0
192130005,A,12.0,12.0
192130006,A,15.0,15.0
192130008,A,13.0,13.0
192134103,A,15.0,15.0
192135102,A,9.0,9.0
192140001,A,6.0,6.0
192140002,A,9.0,9.0
192140003,A,15.0,15.0
192140004,A,13.0,13.0
192140006,A,13.0,13.0
192170003,A,9.0,9.0
192170004,A,15.0,15.0
192170005,A,15.0,15.0
192175101,A,15.0,15.0
192190001,A,12.0,12.0
192190002,A,13.0,13.0
192190004,A,15.0,15.0
192194101,A,16.0,16.0
193010001,A,9.0,9.0
193010002,A,9.0,9.0
193010003,A,13.0,13.0
193010004,A,9.0,9.0
193010008,A,13.0,13.0
193015102,A,16.0,16.0
193020001,,9.0,9.0
193020002,A,6.0,6.0
193020003,A,12.0,12.0
193020004,A,15.0,15.0
193020005,A,13.0,13.0
193020006,A,13.0,13.0
193020007,A,15.0,15.0
193020008,A,12.0,12.0
193020009,A,12.0,12.0
193023104,A,12.0,12.0
193030003,A,6.0,6.0
193030004,A,12.0,12.0
193030005,A,13.0,13.0
193030006,A,9.0,9.0
193040001,A,9.0,9.0
193040003,A,12.0,12.0
193040004,A,15.0,15.0
193040008,A,9.0,9.0
193045102,A,9.0,9.0
193050002,A,9.0,9.0
193050006,A,16.0,16.0
193060001,A,13.0,13.0
193060002,A,13.0,13.0
193060003,A,18.0,18.0
193060004,A,12.0,12.0
193060005,A,16.0,16.0
193060006,A,16.0,16.0
193060008,A,15.0,15.0
193060009,A,12.0,12.0
193060010,A,13.0,13.0
193060011,A,12.0,12.0
193063102,A,16.0,16.0
193063103,A,12.0,12.0
193070002,A,9.0,9.0
193070003,A,6.0,6.0
193070005,A,13.0,13.0
193070006,A,12.0,12.0
193070007,A,9.0,9.0
193070008,A,9.0,9.0
193070010,A,12.0,12.0
193070013,A,9.0,9.0
193080003,A,12.0,12.0
193080004,A,12.0,12.0
193080005,A,16.0,16.0
193100001,A,13.0,13.0
193100002,A,12.0,12.0
193100003,A,15.0,15.0
193100004,A,16.0,16.0
193100005,A,16.0,16.0
193104104,A,16.0,16.0
193104201,A,16.0,16.0
193114101,A,6.0,6.0
193120002,A,6.0,6.0
193120003,A,16.0,16.0
193130001,A,13.0,13.0
193130002,A,12.0,12.0
193130003,A,12.0,12.0
193130004,A,15.0,15.0
193130005,A,13.0,13.0
193130006,A,13.0,13.0
193135102,A,15.0,15.0
193140002,A,6.0,6.0
193140003,A,13.0,13.0
193140004,A,13.0,13.0
193144101,B,9.0,9.0
193145103,A,13.0,13.0
193150001,A,13.0,13.0
193150002,A,16.0,16.0
193150005,,12.0,12.0
193160002,A,12.0,12.0
193163102,A,12.0,12.0
193163103,A,16.0,16.0
193163104,A,9.0,9.0
193170001,A,12.0,12.0
193170002,A,9.0,9.0
193170003,A,13.0,13.0
193170004,A,12.0,12.0
193170005,A,6.0,6.0
193170007,A,15.0,15.0
193174102,A,15.0,15.0
193174202,A,9.0,9.0
193175102,A,13.0,13.0
193175202,A,16.0,16.0
193180001,A,13.0,13.0
193180002,A,9.0,9.0
193180003,A,12.0,12.0
193180005,A,12.0,12.0
193180006,A,12.0,12.0
193180007,A,12.0,12.0
193184103,A,9.0,9.0
193185102,A,13.0,13.0
193185202,,16.0,16.0
193190001,A,9.0,9.0
193190002,A,6.0,6.0
193190003,A,12.0,12.0
193190005,A,12.0,12.0
193190006,A,15.0,15.0
193190009,A,12.0,12.0
193193102,A,16.0,16.0
193194102,A,9.0,9.0
193200003,A,16.0,16.0
193200004,A,16.0,16.0
193200005,A,16.0,16.0
193200006,A,16.0,16.0
193200008,A,18.0,18.0
193200010,A,15.0,15.0
193201103,A,16.0,16.0
193201109,A,12.0,12.0
193203101,A,12.0,12.0
193410001,A,6.0,6.0
193410002,A,12.0,12.0
193410003,A,15.0,15.0
193410004,A,13.0,13.0
193410005,A,9.0,9.0
194010001,A,12.0,12.0
194010002,A,16.0,16.0
194010003,A,16.0,16.0
194015102,A,16.0,16.0
194015202,A,15.0,15.0
194020005,A,9.0,9.0
194023102,A,6.0,6.0
194023103,A,9.0,9.0
194050001,A,16.0,16.0
194050005,A,16.0,16.0
194070001,G,13.0,13.0
194070003,A,16.0,16.0
194070004,A,9.0,9.0
194070006,A,13.0,13.0
194070008,A,15.0,15.0
194080003,A,12.0,12.0
194080004,A,13.0,13.0
194080005,A,13.0,13.0
194080006,A,13.0,13.0
194083101,A,13.0,13.0
194083103,A,12.0,12.0
194090002,A,6.0,6.0
194090005,A,16.0,16.0
194100002,A,6.0,6.0
194100003,A,9.0,9.0
194100004,A,12.0,12.0
194110001,A,9.0,9.0
194110002,A,9.0,9.0
194110003,A,15.0,15.0
194110004,A,12.0,12.0
194110005,A,15.0,15.0
194114101,S,16.0,16.0
194130002,A,6.0,6.0
194130003,A,13.0,13.0
194130005,A,9.0,9.0
194140001,A,6.0,6.0
194140003,A,6.0,6.0
194140006,A,6.0,6.0
194144102,,9.0,9.0
194150001,A,18.0,18.0
194150002,A,16.0,16.0
194150005,A,16.0,16.0
194150007,A,15.0,15.0
194160001,A,12.0,12.0
194160002,A,12.0,12.0
194160003,A,16.0,16.0
194160005,A,15.0,15.0
194170003,A,12.0,12.0
194170006,,9.0,9.0
194173103,A,16.0,16.0
194190001,A,9.0,9.0
194190002,A,6.0,6.0
194190003,A,16.0,16.0
194190004,A,12.0,12.0
194190005,A,16.0,16.0
194190006,A,6.0,6.0
194190008,A,9.0,9.0
194190009,A,6.0,6.0
194190010,A,6.0,6.0
194190011,A,16.0,16.0
194190014,A,9.0,9.0
194190019,A,12.0,12.0
194190022,A,12.0,12.0
194192104,A,12.0,12.0
194193102,A,12.0,12.0
194193103,A,16.0,16.0
194193204,S,9.0,9.0
194194202,A,9.0,9.0
194194203,A,9.0,9.0
194195102,A,13.0,13.0
194195202,,9.0,9.0
194200011,A,13.0,13.0
194200017,A,15.0,15.0
195010002,A,6.0,6.0
195010003,A,6.0,6.0
195010005,A,12.0,12.0
195010006,A,9.0,9.0
195010007,A,12.0,12.0
195010008,A,6.0,6.0
195014102,A,9.0,9.0
195015101,A,6.0,6.0
195015201,A,9.0,9.0
195020001,A,6.0,6.0
195020004,A,12.0,12.0
195020005,A,12.0,12.0
195025102,A,6.0,6.0
195030002,A,6.0,6.0
195030003,,16.0,16.0
195030004,A,16.0,16.0
195030006,A,18.0,18.0
195035101,A,16.0,16.0
195040002,A,6.0,6.0
195040003,A,6.0,6.0
195040004,A,6.0,6.0
195040005,A,6.0,6.0
195040007,A,6.0,6.0
195060002,A,6.0,6.0
195060003,A,13.0,13.0
195060005,A,6.0,6.0
195070002,,6.0,6.0
195070003,A,13.0,13.0
195070004,A,6.0,6.0
195070007,A,9.0,9.0
195073103,A,13.0,13.0
195075101,A,9.0,9.0
195080002,A,6.0,6.0
195080004,A,13.0,13.0
195080005,A,13.0,13.0
195090002,A,6.0,6.0
195090003,A,6.0,6.0
195090004,A,6.0,6.0
195090005,A,6.0,6.0
195090006,A,6.0,6.0
195090007,A,9.0,9.0
195090010,A,6.0,6.0
195100003,,6.0,6.0
195100004,A,6.0,6.0
195100006,A,9.0,9.0
195100008,A,6.0,6.0
195105202,A,6.0,6.0
195110004,A,9.0,9.0
195110005,A,13.0,13.0
195110006,A,13.0,13.0
195110007,A,15.0,15.0
195114203,A,6.0,6.0
195115102,A,12.0,12.0
195120001,A,6.0,6.0
195120002,A,6.0,6.0
195120003,A,12.0,12.0
195120004,A,13.0,13.0
195120005,A,13.0,13.0
195120007,A,13.0,13.0
195120008,A,16.0,16.0
195120009,A,12.0,12.0
195121104,A,9.0,9.0
195123102,A,15.0,15.0
195123103,A,13.0,13.0
195123105,A,13.0,13.0
195124104,A,6.0,6.0
195140002,B,6.0,6.0
195150001,,6.0,6.0
195150002,A,6.0,6.0
195150003,A,6.0,6.0
195150004,A,6.0,6.0
195150005,A,16.0,16.0
195150006,A,9.0,9.0
195150007,A,6.0,6.0
195150008,A,13.0,13.0
195150009,A,9.0,9.0
195150011,A,13.0,13.0
195150012,A,9.0,9.0
195150014,A,6.0,6.0
195150016,A,6.0,6.0
195155103,A,13.0,13.0
195160002,,6.0,6.0
195160006,A,6.0,6.0
195160008,A,9.0,9.0
195160011,A,13.0,13.0
195170004,A,16.0,16.0
195174102,A,12.0,12.0
195180001,A,6.0,6.0
195180002,A,6.0,6.0
195180003,A,13.0,13.0
195180005,A,13.0,13.0
195180006,A,12.0,12.0
195190003,A,6.0,6.0
195190004,A,6.0,6.0
195190005,A,6.0,6.0
195190006,A,6.0,6.0
195190008,A,6.0,6.0
195190009,A,6.0,6.0
195190010,A,6.0,6.0
195190011,A,13.0,13.0
195190015,A,6.0,6.0
195190019,A,9.0,9.0
195190020,B,9.0,9.0
195195202,A,6.0,6.0
195195303,A,9.0,9.0
195200001,E,6.0,6.0
195200002,A,6.0,6.0
195200003,A E,12.0,12.0
195200005,A E,9.0,9.0
196020001,A,15.0,15.0
196020002,A,16.0,16.0
196030001,A,6.0,6.0
196030002,A,6.0,6.0
196030003,A,13.0,13.0
196030004,A,16.0,16.0
196030006,A,16.0,16.0
196033101,A,13.0,13.0
196033106,A,12.0,12.0
196040003,A,13.0,13.0
196040004,,9.0,9.0
196040005,A,6.0,6.0
196050002,A,9.0,9.0
196050003,A,15.0,15.0
196050004,A,13.0,13.0
196050005,A,13.0,13.0
196054101,A,15.0,15.0
196070002,A,13.0,13.0
196070003,A,12.0,12.0
196070004,A,13.0,13.0
196070005,,9.0,9.0
196070006,A,9.0,9.0
196070007,A,15.0,15.0
196080003,A,9.0,9.0
196080004,A,9.0,9.0
196080005,A,9.0,9.0
196080011,A,9.0,9.0
196083102,A,6.0,6.0
196085101,A,6.0,6.0
196090002,A,6.0,6.0
196090003,A,13.0,13.0
196100003,A,6.0,6.0
196100004,A,6.0,6.0
196110001,A,6.0,6.0
196110002,A,6.0,6.0
196110004,A,9.0,9.0
196110005,,9.0,9.0
196110006,A,6.0,6.0
196114201,A,6.0,6.0
196114203,A,13.0,13.0
196114204,A,13.0,13.0
196120003,A,13.0,13.0
196120008,A,13.0,13.0
196130001,A,12.0,12.0
196130002,A,9.0,9.0
196130003,A,15.0,15.0
196130005,A,13.0,13.0
196130006,A,13.0,13.0
196134101,A,12.0,12.0
196150004,A,13.0,13.0
196150005,A,13.0,13.0
196150006,A,13.0,13.0
196150008,A,13.0,13.0
196150010,A,13.0,13.0
196160001,A,6.0,6.0
196160003,A,13.0,13.0
196160004,A,12.0,12.0
196160005,A,9.0,9.0
196160008,A,9.0,9.0
196170003,A,6.0,6.0
196170006,A,13.0,13.0
196180003,A,12.0,12.0
196183102,A,9.0,9.0
196183103,A,13.0,13.0
196190004,,6.0,6.0
196190006,A,13.0,13.0
196200004,A,13.0,13.0
196200005,A,13.0,13.0
196230001,A,15.0,15.0
196230002,A,13.0,13.0
196230003,A,12.0,12.0
196230004,A,12.0,12.0
196234202,A,13.0,13.0
196240001,A,6.0,6.0
196240002,A,6.0,6.0
196240004,A,13.0,13.0
196240005,A,12.0,12.0
196240011,A,13.0,13.0
196243102,A,13.0,13.0
196243104,A,13.0,13.0
196245102,A,12.0,12.0
196245201,A,9.0,9.0
196250001,A,9.0,9.0
196250002,A,6.0,6.0
196250003,A,16.0,16.0
196250005,A,12.0,12.0
196250007,A,12.0,12.0
196250008,A,16.0,16.0
196250009,A,13.0,13.0
196250010,A,13.0,13.0
196250012,A,13.0,13.0
196250013,A,12.0,12.0
196260001,A,9.0,9.0
196260004,A,16.0,16.0
196270003,A,16.0,16.0
196270005,A,12.0,12.0
196275102,A,16.0,16.0
196275103,A,13.0,13.0
196280002,A,15.0,15.0
196280003,A,15.0,15.0
196280004,A,13.0,13.0
196280006,A,13.0,13.0
196290003,A,9.0,9.0
196300002,,6.0,6.0
196300003,A,12.0,12.0
196300004,A,12.0,12.0
196300007,A,16.0,16.0
196300008,A,12.0,12.0
197010001,A,12.0,12.0
197010004,A,12.0,12.0
197010005,A,12.0,12.0
197010007,A,16.0,16.0
197010009,A,12.0,12.0
197010010,A,12.0,12.0
197020001,A,6.0,6.0
197020002,A,9.0,9.0
197020004,A,13.0,13.0
197024105,A,13.0,13.0
197030003,A,13.0,13.0
197030004,A,12.0,12.0
197030005,A,13.0,13.0
197030006,A,12.0,12.0
197030007,A,13.0,13.0
197035102,A,13.0,13.0
197040003,A,6.0,6.0
197040004,A,13.0,13.0
197040005,A,13.0,13.0
197040006,,13.0,13.0
197040007,A,6.0,6.0
197041103,A,12.0,12.0
197043104,A,12.0,12.0
197044102,A,6.0,6.0
197050002,A,6.0,6.0
197050005,A,12.0,12.0
197050009,,16.0,16.0
197060001,A,16.0,16.0
197060002,A,15.0,15.0
197060003,A,16.0,16.0
197060004,A,16.0,16.0
197060006,A,16.0,16.0
197080003,A,16.0,16.0
197080005,A,13.0,13.0
197090002,A,13.0,13.0
197100003,A,6.0,6.0
197100004,A,6.0,6.0
197101103,A,9.0,9.0
197110001,A,15.0,15.0
197110002,A,15.0,15.0
197110003,A,16.0,16.0
197115102,A,16.0,16.0
197120001,A,6.0,6.0
197120002,A,9.0,9.0
197120003,A,12.0,12.0
197120004,A,16.0,16.0
197124101,A,13.0,13.0
197130005,A,6.0,6.0
197130006,A,15.0,15.0
197130007,A,12.0,12.0
197130008,A,9.0,9.0
197130010,A,13.0,13.0
197140001,A,9.0,9.0
197140002,A,9.0,9.0
197140003,A,13.0,13.0
197140004,A,13.0,13.0
197145102,A,13.0,13.0
197150002,A,6.0,6.0
197150005,A,12.0,12.0
197150006,A,16.0,16.0
197150009,A,9.0,9.0
197155101,A,9.0,9.0
197160002,A,13.0,13.0
197160004,A,13.0,13.0
197160005,A,12.0,12.0
197163101,A,6.0,6.0
197170003,A,12.0,12.0
197170004,A,13.0,13.0
197170006,A,13.0,13.0
197175102,A,13.0,13.0
197180002,A,6.0,6.0
197190004,A,13.0,13.0
197200001,A,9.0,9.0
197200004,A,12.0,12.0
197200005,A,12.0,12.0
197200006,A,13.0,13.0
197200007,A,9.0,9.0
197200008,A,12.0,12.0
197200009,A,9.0,9.0
197200010,A,13.0,13.0
197200011,A,13.0,13.0
197200016,A,9.0,9.0
197200017,A,12.0,12.0
197201105,A,13.0,13.0
197205102,A,12.0,12.0
197210002,A,16.0,16.0
197210003,A,13.0,13.0
197210004,A,12.0,12.0
197210005,A,12.0,12.0
197213101,A,12.0,12.0
197213103,A,13.0,13.0
197220001,,6.0,6.0
197220002,A,12.0,12.0
197220003,A,12.0,12.0
197220004,A,13.0,13.0
197230002,A,6.0,6.0
197230003,A,6.0,6.0
197230004,A,9.0,9.0
197240002,A,6.0,6.0
197240003,A,6.0,6.0
197240005,A,9.0,9.0
197240006,A,6.0,6.0
197250001,A,15.0,15.0
197250002,A,9.0,9.0
197250004,A,13.0,13.0
197250005,A,13.0,13.0
197250006,A,13.0,13.0
197253202,,13.0,13.0
197260001,A,9.0,9.0
197260002,A,6.0,6.0
197260003,A,9.0,9.0
197260004,A,12.0,12.0
197264102,A,15.0,15.0
197264204,A,13.0,13.0
197280001,A,6.0,6.0
197280002,A,6.0,6.0
197280003,A,12.0,12.0
197280005,,12.0,12.0
197285101,,12.0,12.0
197290001,A,6.0,6.0
197290003,A,12.0,12.0
197300001,A,16.0,16.0
197300004,A,16.0,16.0
198010002,A,9.0,9.0
198010003,A,13.0,13.0
198010005,A,13.0,13.0
198015102,A,13.0,13.0
198020001,A,13.0,13.0
198020002,A,9.0,9.0
198020003,A,15.0,15.0
198023102,A,16.0,16.0
198030003,A,9.0,9.0
198030004,A,9.0,9.0
198030005,A,9.0,9.0
198040001,A,9.0,9.0
198040002,A,6.0,6.0
198040003,A,13.0,13.0
198040005,A,9.0,9.0
198050002,A,9.0,9.0
198050003,A,6.0,6.0
198050004,A,13.0,13.0
198050005,A,13.0,13.0
198070003,A,6.0,6.0
198070004,A,6.0,6.0
198073204,A,9.0,9.0
198080001,,9.0,9.0
198080002,A,6.0,6.0
198080003,A,15.0,15.0
198080004,A,16.0,16.0
198084102,A,16.0,16.0
198090001,A,6.0,6.0
198090002,A,6.0,6.0
198090003,A,9.0,9.0
198090004,A,13.0,13.0
198094102,A,9.0,9.0
198100002,A,6.0,6.0
198100003,A,6.0,6.0
198100005,A,13.0,13.0
198100006,A,13.0,13.0
198100007,,13.0,13.0
198100008,A,13.0,13.0
198110003,A,18.0,18.0
198110008,,12.0,12.0
198111102,A,16.0,16.0
198111103,A,16.0,16.0
198130001,,6.0,6.0
198130002,A,12.0,12.0
198130003,A,16.0,16.0
198130004,A,16.0,16.0
198134102,A,16.0,16.0
198140001,,6.0,6.0
198140003,A,13.0,13.0
198140004,A,12.0,12.0
198140005,A,12.0,12.0
198150003,A,12.0,12.0
198150004,A,9.0,9.0
198150005,A,12.0,12.0
198160001,A,9.0,9.0
198160002,A,9.0,9.0
198160005,A,16.0,16.0
198170001,,13.0,13.0
198170002,A,9.0,9.0
198170004,A,13.0,13.0
198170005,A,12.0,12.0
198175104,A,13.0,13.0
198175201,B,12.0,12.0
198180002,A,12.0,12.0
198180003,A,6.0,6.0
198190001,A,13.0,13.0
198190002,A,9.0,9.0
198200001,A,9.0,9.0
198200003,A,12.0,12.0
198200004,A,12.0,12.0
198200007,A,15.0,15.0
198204101,A,9.0,9.0
199010002,A,6.0,6.0
199014101,A,16.0,16.0
199020001,A,6.0,6.0
199020003,A,13.0,13.0
199020004,A,13.0,13.0
199020005,,12.0,12.0
199024102,A,12.0,12.0
199025102,A,9.0,9.0
199030003,A,13.0,13.0
199030004,A,12.0,12.0
199030005,A,13.0,13.0
199030006,A,12.0,12.0
199030007,A,9.0,9.0
199040001,A,6.0,6.0
199040002,A,6.0,6.0
199040003,A,13.0,13.0
199040004,A,16.0,16.0
199040005,A,16.0,16.0
199040007,A,12.0,12.0
199040009,A,6.0,6.0
199040010,,6.0,6.0
199043106,A,13.0,13.0
199050001,A,6.0,6.0
199050002,A,6.0,6.0
199050003,A,9.0,9.0
199050004,A,13.0,13.0
199055102,A,13.0,13.0
199060001,A,16.0,16.0
199060002,A,18.0,18.0
199060003,A,16.0,16.0
199060004,A,13.0,13.0
199060014,A,13.0,13.0
199060015,A,13.0,13.0
199064101,A,13.0,13.0
199090001,A,15.0,15.0
199090002,,13.0,13.0
199090003,A,16.0,16.0
199090004,A,15.0,15.0
199090005,A,15.0,15.0
199090006,A,13.0,13.0
199093103,E,16.0,16.0
199110001,A,6.0,6.0
199110002,A,13.0,13.0
199110003,A,13.0,13.0
199110004,A,13.0,13.0
199120001,A,6.0,6.0
199120002,A,6.0,6.0
199120003,A,6.0,6.0
199120005,A,9.0,9.0
199120006,A,9.0,9.0
199120007,A,9.0,9.0
199120008,A,9.0,9.0
199120009,,9.0,9.0
199120010,A,6.0,6.0
199120011,A,13.0,13.0
199120015,A,13.0,13.0
199123103,A,9.0,9.0
199124101,A,12.0,12.0
199124201,A,9.0,9.0
199130003,A,15.0,15.0
199140002,A,6.0,6.0
199150002,A,6.0,6.0
199150003,A,9.0,9.0
199150004,A,12.0,12.0
199150005,A,12.0,12.0
199154101,A,13.0,13.0
199154201,,12.0,12.0
199160001,A,6.0,6.0
199170001,A,9.0,9.0
199170002,A,12.0,12.0
199170003,A,16.0,16.0
199170004,A,16.0,16.0
199174102,,16.0,16.0
199180001,A,12.0,12.0
199180003,A,16.0,16.0
199180004,A,13.0,13.0
199180005,A,12.0,12.0
199180006,A,12.0,12.0
199180007,A,18.0,18.0
199180008,A,9.0,9.0
199180009,A,16.0,16.0
199180010,A,12.0,12.0
199181102,A,13.0,13.0
199181103,A,16.0,16.0
199181104,A,12.0,12.0
199181205,A,12.0,12.0
199183103,,16.0,16.0
199184101,A,16.0,16.0
199200005,A,9.0,9.0
199200008,A,13.0,13.0
199200010,A,15.0,15.0
199200011,A,16.0,16.0
200010003,A,6.0,6.0
200010004,A,6.0,6.0
200010005,A,13.0,13.0
200020003,A,6.0,6.0
200020005,A,9.0,9.0
200020006,A,13.0,13.0
200025002,A,13.0,13.0
200030003,A,9.0,9.0
200030004,A,16.0,16.0
200030006,A,9.0,9.0
200040001,A,6.0,6.0
200040002,A,9.0,9.0
200040004,A,6.0,6.0
200044102,A,9.0,9.0
200050003,A,6.0,6.0
200050004,A,12.0,12.0
200050007,A,12.0,12.0
200050008,A,12.0,12.0
200050009,A,15.0,15.0
200054201,B,6.0,6.0
200055102,A,12.0,12.0
200060001,A,6.0,6.0
200070001,A,6.0,6.0
200070004,A,9.0,9.0
200070005,A,9.0,9.0
200070006,A,9.0,9.0
200080002,A,6.0,6.0
200090003,A,6.0,6.0
200090004,A,6.0,6.0
200090005,A,16.0,16.0
200090006,A,13.0,13.0
200090007,A,13.0,13.0
200090009,A,16.0,16.0
200091102,A,6.0,6.0
200091103,A,12.0,12.0
200100002,A,6.0,6.0
200100003,A,6.0,6.0
200100004,A,12.0,12.0
200100005,A,15.0,15.0
200103102,A,12.0,12.0
200110002,A,9.0,9.0
200110003,A,13.0,13.0
200110004,A,12.0,12.0
200113101,A,12.0,12.0
200113103,A,13.0,13.0
200113107,A,9.0,9.0
200114001,A,13.0,13.0
200120001,A,6.0,6.0
200120002,A,6.0,6.0
200120003,A,12.0,12.0
200120004,A,12.0,12.0
200125102,A,13.0,13.0
200125202,A,12.0,12.0
200130002,A,6.0,6.0
200130003,A,12.0,12.0
200140001,A,12.0,12.0
200140002,A,12.0,12.0
200140003,A,15.0,15.0
200140004,A,12.0,12.0
200150001,A,6.0,6.0
200150002,A,6.0,6.0
200150003,A,12.0,12.0
200154102,A,6.0,6.0
200170003,A,6.0,6.0
200170004,A,6.0,6.0
200170005,A,9.0,9.0
200170006,A,9.0,9.0
200173103,A,9.0,9.0
200180003,A,6.0,6.0
200180004,A,13.0,13.0
200180005,A,6.0,6.0
200190001,A,6.0,6.0
200190002,A,9.0,9.0
200190003,A,12.0,12.0
200190004,A,12.0,12.0
200190006,A,9.0,9.0
200200003,A,9.0,9.0
200200004,A,12.0,12.0
200200005,A,13.0,13.0
200200006,A,13.0,13.0
200200007,A,16.0,16.0
200203101,A,6.0,6.0
200205101,A,13.0,13.0
201010001,A,6.0,6.0
201010002,A,6.0,6.0
201010003,A,13.0,13.0
201015102,A,13.0,13.0
201020001,A,6.0,6.0
201020003,,6.0,6.0
201050002,A,6.0,6.0
201050003,A,12.0,12.0
201050004,A,12.0,12.0
201050005,A,6.0,6.0
201054102,A,9.0,9.0
201055101,A,13.0,13.0
201070002,A,16.0,16.0
201070003,A,16.0,16.0
201074101,A,16.0,16.0
201080001,A,9.0,9.0
201080002,A,6.0,6.0
201080003,A,12.0,12.0
201080004,A,9.0,9.0
201080005,A,13.0,13.0
201084101,A,13.0,13.0
201085102,A,13.0,13.0
201090002,A,9.0,9.0
201090003,A U,12.0,12.0
201090005,A,15.0,15.0
201090006,A,12.0,12.0
201090007,A,15.0,15.0
201090008,A,6.0,6.0
201090009,A,9.0,9.0
201090010,A,12.0,12.0
201090011,A,9.0,9.0
201091107,A,15.0,15.0
201094101,K,16.0,16.0
201094201,E,16.0,16.0
201100002,A,6.0,6.0
201100003,A,6.0,6.0
201110003,A,9.0,9.0
201110004,A,9.0,9.0
201114101,A,6.0,6.0
201114103,A,15.0,15.0
201114202,A,16.0,16.0
201120003,A,12.0,12.0
201120004,A,18.0,18.0
201120005,A,12.0,12.0
201123101,A,6.0,6.0
201123103,A,9.0,9.0
201130002,A,15.0,15.0
201130003,A,16.0,16.0
201130004,A,16.0,16.0
201130005,A,16.0,16.0
201130006,A,13.0,13.0
201140001,A,6.0,6.0
201140003,A,6.0,6.0
201140004,A,6.0,6.0
201140005,A,9.0,9.0
201141103,A,9.0,9.0
201141104,A,6.0,6.0
201150002,A,6.0,6.0
201160001,A,6.0,6.0
201160002,A,6.0,6.0
201160003,A,9.0,9.0
201160004,A,12.0,12.0
201160005,A,12.0,12.0
201161101,A,6.0,6.0
201161103,A,13.0,13.0
201165102,A,12.0,12.0
201170001,A,6.0,6.0
201170002,A,6.0,6.0
201170003,A,6.0,6.0
201170004,A,6.0,6.0
201173102,A,9.0,9.0
201173103,A,13.0,13.0
201174102,A,6.0,6.0
201174103,A,9.0,9.0
201174201,A,13.0,13.0
201190001,A,12.0,12.0
201190002,A,13.0,13.0
201190005,A,16.0,16.0
201200003,A,9.0,9.0
201200006,A,9.0,9.0
201203101,A,6.0,6.0
201203103,A,9.0,9.0
201203104,A,9.0,9.0
201210001,,9.0,9.0
201210003,A,12.0,12.0
201210004,A,13.0,13.0
201210005,A,13.0,13.0
201214101,A,12.0,12.0
201215102,A,13.0,13.0
201220002,A,6.0,6.0
201220003,A,6.0,6.0
201220004,A,13.0,13.0
201220005,A,6.0,6.0
201220006,A,12.0,12.0
201220007,A,9.0,9.0
201220008,A,13.0,13.0
201220010,A,16.0,16.0
201221104,A,9.0,9.0
201224102,A,6.0,6.0
201225102,A,9.0,9.0
201230001,,6.0,6.0
201230003,A,6.0,6.0
201230004,A,6.0,6.0
201230005,A,6.0,6.0
201233102,A,6.0,6.0
201233103,A,12.0,12.0
201233202,A,9.0,9.0
201240002,A,6.0,6.0
201240004,A,9.0,9.0
201240006,,9.0,9.0
201240007,A,13.0,13.0
201240008,A,12.0,12.0
201240009,A,9.0,9.0
201245102,A,13.0,13.0
201250001,A,3.0,3.0
201250002,A,9.0,9.0
201250003,A,16.0,16.0
201250004,A,12.0,12.0
201260001,,6.0,6.0
201260003,A,15.0,15.0
201260004,A,13.0,13.0
201264102,A,9.0,9.0
201270002,A,6.0,6.0
201270003,,6.0,6.0
201270004,A,13.0,13.0
201280003,A,6.0,6.0
201280004,A,9.0,9.0
201280005,A,13.0,13.0
201283104,A,9.0,9.0
201290001,A,6.0,6.0
201290002,A,6.0,6.0
201290003,A,13.0,13.0
201290004,A,16.0,16.0
201300001,A,6.0,6.0
201300002,A,6.0,6.0
201300003,A,13.0,13.0
201300004,A,13.0,13.0
201300005,A,16.0,16.0
202010001,A,16.0,16.0
202010002,A,13.0,13.0
202010003,A,16.0,16.0
202010004,A,16.0,16.0
202015102,,12.0,12.0
202030003,A,12.0,12.0
202030004,A,9.0,9.0
202030005,A,13.0,13.0
202030006,A,13.0,13.0
202040001,A,13.0,13.0
202040002,A,6.0,6.0
202040003,A,12.0,12.0
202040004,A,15.0,15.0
202040005,A,13.0,13.0
202043102,A,16.0,16.0
202050003,A,9.0,9.0
202050004,A,12.0,12.0
202050006,A,12.0,12.0
202054102,A,9.0,9.0
202070002,A,6.0,6.0
202070003,A,12.0,12.0
202080001,A,6.0,6.0
202080003,A,16.0,16.0
202080004,A,16.0,16.0
202084102,A,16.0,16.0
202085102,A,15.0,15.0
202090001,A,15.0,15.0
202090002,A,12.0,12.0
202090003,A,13.0,13.0
202090004,A,15.0,15.0
202090005,A,15.0,15.0
202090006,A,15.0,15.0
202090007,A,16.0,16.0
202090009,A,16.0,16.0
202090010,A,12.0,12.0
202094101,A,16.0,16.0
202094202,A,15.0,15.0
202095102,,16.0,16.0
202100002,A,12.0,12.0
202100003,A,13.0,13.0
202100004,A,12.0,12.0
202100007,A,13.0,13.0
202100008,B,12.0,12.0
202100010,,9.0,9.0
202110002,A,9.0,9.0
202110003,A,9.0,9.0
202120001,A,6.0,6.0
202120002,A,9.0,9.0
202120003,A,13.0,13.0
202120004,A,13.0,13.0
202125102,A,13.0,13.0
202130001,A,6.0,6.0
202130002,A,6.0,6.0
202130003,A,13.0,13.0
202130004,A,16.0,16.0
202130005,A,13.0,13.0
202130007,A,13.0,13.0
202133101,A,13.0,13.0
202133103,A,9.0,9.0
202133203,A,13.0,13.0
202133207,A,16.0,16.0
202134102,A,9.0,9.0
202140002,A,6.0,6.0
202140004,A,13.0,13.0
202140005,A,15.0,15.0
202140006,A,13.0,13.0
202145202,,9.0,9.0
202150002,A,6.0,6.0
202150003,A,13.0,13.0
202150005,A,9.0,9.0
202150006,A,9.0,9.0
202150007,A,13.0,13.0
202154101,A,13.0,13.0
202155102,,13.0,13.0
202160001,A,16.0,16.0
202160002,A,12.0,12.0
202160004,A,12.0,12.0
202160005,A,13.0,13.0
202160006,A,16.0,16.0
202160007,A,13.0,13.0
202160008,A,15.0,15.0
202160010,A,16.0,16.0
202160015,A,13.0,13.0
202164101,A,16.0,16.0
202165103,A,13.0,13.0
202170001,,15.0,15.0
202170002,,9.0,9.0
202170005,A,12.0,12.0
202170007,A,12.0,12.0
202175102,A,12.0,12.0
202175202,A,13.0,13.0
202180001,,6.0,6.0
202180003,A,9.0,9.0
202180005,A,6.0,6.0
202180006,A,16.0,16.0
202180007,A,13.0,13.0
202180008,A,12.0,12.0
202180011,,13.0,13.0
202180012,A,13.0,13.0
202180013,A,13.0,13.0
202184102,A,15.0,15.0
202184201,A,13.0,13.0
202184203,A,13.0,13.0
202185102,A,12.0,12.0
202185302,A,13.0,13.0
202190003,A,15.0,15.0
202190004,A,16.0,16.0
202190005,A,13.0,13.0
202193101,A,16.0,16.0
202193103,A,12.0,12.0
202195102,A,16.0,16.0
202200001,A,15.0,15.0
202200002,A,12.0,12.0
202200003,A,16.0,16.0
202200004,A,16.0,16.0
202200005,A,15.0,15.0
202200006,A,6.0,6.0
202203104,A,15.0,15.0
202205102,A,12.0,12.0
203010003,A,13.0,13.0
203010004,A,12.0,12.0
203010006,A,13.0,13.0
203020001,A,13.0,13.0
203020002,A,6.0,6.0
203020003,A,13.0,13.0
203020004,A,13.0,13.0
203020005,A,12.0,12.0
203025102,A,6.0,6.0
203025202,,13.0,13.0
203025301,A,13.0,13.0
203030003,A,13.0,13.0
203030004,A,13.0,13.0
203030005,A,12.0,12.0
203030006,A,6.0,6.0
203034103,A,13.0,13.0
203034202,A,16.0,16.0
203040001,A,16.0,16.0
203040004,A,16.0,16.0
203040006,,6.0,6.0
203050001,A,6.0,6.0
203050002,A,6.0,6.0
203050003,A,13.0,13.0
203050004,A,13.0,13.0
203050006,,12.0,12.0
203054101,A,13.0,13.0
203060001,A,15.0,15.0
203060002,,16.0,16.0
203060005,A,13.0,13.0
203070002,A,6.0,6.0
203070003,A,16.0,16.0
203070004,A,16.0,16.0
203070005,A,16.0,16.0
203073103,A,12.0,12.0
203074101,A,16.0,16.0
203080003,A,6.0,6.0
203080004,A,13.0,13.0
203080005,A,9.0,9.0
203080006,A,12.0,12.0
203080009,A,13.0,13.0
203080010,A,12.0,12.0
203090002,A,6.0,6.0
203094102,A,6.0,6.0
203100001,A,9.0,9.0
203100002,A,6.0,6.0
203100003,A,12.0,12.0
203100004,A,13.0,13.0
203100005,A,6.0,6.0
203100006,A,13.0,13.0
203100007,A,9.0,9.0
203100008,A,13.0,13.0
203100009,A,12.0,12.0
203100010,A,12.0,12.0
203103103,A,12.0,12.0
203103104,A,9.0,9.0
203104102,A,12.0,12.0
203110001,A,9.0,9.0
203110002,A,9.0,9.0
203110003,,12.0,12.0
203110005,A,6.0,6.0
203115102,A,9.0,9.0
203120003,A,9.0,9.0
203120004,A,9.0,9.0
203120005,A,12.0,12.0
203120006,A,9.0,9.0
203120007,A,13.0,13.0
203120008,A,12.0,12.0
203123104,A,13.0,13.0
203125202,A,9.0,9.0
203130002,A,13.0,13.0
203133102,A,15.0,15.0
203133103,A,12.0,12.0
203140001,A,6.0,6.0
203140003,,9.0,9.0
203140004,A,12.0,12.0
203140005,A,9.0,9.0
203140006,A,6.0,6.0
203140007,,15.0,15.0
203140008,A,13.0,13.0
203140009,A,9.0,9.0
203144101,A,9.0,9.0
203150001,,6.0,6.0
203150002,A,6.0,6.0
203150003,D,12.0,12.0
203150004,A,13.0,13.0
203155102,A,12.0,12.0
203160002,A,12.0,12.0
203164102,A,9.0,9.0
203170003,A,9.0,9.0
203170004,A,13.0,13.0
203180001,A,16.0,16.0
203180002,A,12.0,12.0
203180004,A,13.0,13.0
203190001,A,9.0,9.0
203190002,A,9.0,9.0
203190003,A,12.0,12.0
203190004,A,15.0,15.0
203190007,A,16.0,16.0
203191103,A,13.0,13.0
203191104,A,12.0,12.0
203194102,A,13.0,13.0
203200001,A,16.0,16.0
203200002,A,12.0,12.0
203200004,,16.0,16.0
203200006,A,15.0,15.0
204010002,A,6.0,6.0
204010003,A,6.0,6.0
204010004,A,6.0,6.0
204010005,A,12.0,12.0
204010006,A,12.0,12.0
204010007,A,16.0,16.0
204010008,A,16.0,16.0
204010009,A,15.0,15.0
204020002,A,6.0,6.0
204020003,A,13.0,13.0
204020004,A,12.0,12.0
204040001,A,6.0,6.0
204040002,A,6.0,6.0
204040003,A,16.0,16.0
204040004,A,16.0,16.0
204040006,A,12.0,12.0
204040007,A,13.0,13.0
204040008,A,12.0,12.0
204045102,A,16.0,16.0
204045302,A,6.0,6.0
204045303,A,6.0,6.0
204050001,A,6.0,6.0
204050002,A,6.0,6.0
204050003,A,12.0,12.0
204050004,A,13.0,13.0
204050005,A,13.0,13.0
204055302,A,15.0,15.0
204060003,A,13.0,13.0
204060004,A,12.0,12.0
204070003,A,16.0,16.0
204070004,A,12.0,12.0
204070005,A,16.0,16.0
204070006,A,16.0,16.0
204080002,A,9.0,9.0
204080003,A,9.0,9.0
204090001,A,13.0,13.0
204090002,A,9.0,9.0
204090003,A,9.0,9.0
204090006,A,16.0,16.0
204100001,A,6.0,6.0
204100002,A,6.0,6.0
204100003,A,13.0,13.0
204100004,,9.0,9.0
204100005,A,9.0,9.0
204105202,A,13.0,13.0
204110003,A,6.0,6.0
204110004,A,12.0,12.0
204110006,A,9.0,9.0
204110007,A,13.0,13.0
204110008,A,9.0,9.0
204110010,A,16.0,16.0
204111101,A,6.0,6.0
204111103,A,13.0,13.0
204111202,A,6.0,6.0
204111204,A,16.0,16.0
204111213,A,12.0,12.0
204120002,A,6.0,6.0
204120004,A,9.0,9.0
204120005,A,13.0,13.0
204120006,A,9.0,9.0
204120012,A,13.0,13.0
204125102,A,13.0,13.0
204125201,A,13.0,13.0
204130002,,6.0,6.0
204130003,A,13.0,13.0
204130004,A,13.0,13.0
204134102,A,13.0,13.0
204140001,,6.0,6.0
204140002,A,6.0,6.0
204140003,A,9.0,9.0
204140004,A,9.0,9.0
204145102,A,9.0,9.0
204150002,A,6.0,6.0
204150003,A,9.0,9.0
204150005,A,12.0,12.0
204150006,A,12.0,12.0
204150007,A,6.0,6.0
204150008,,12.0,12.0
204150009,A,12.0,12.0
204150010,A,9.0,9.0
204150011,A,6.0,6.0
204150012,A,16.0,16.0
204153207,A,9.0,9.0
204155102,A,12.0,12.0
204160001,A,6.0,6.0
204160003,,6.0,6.0
204170001,A,9.0,9.0
204170002,A,9.0,9.0
204180001,,6.0,6.0
204180002,A,6.0,6.0
204180003,A,9.0,9.0
204190001,A,9.0,9.0
204190002,A,9.0,9.0
204200001,,6.0,6.0
204200002,A,6.0,6.0
204200003,A,13.0,13.0
204200004,A,16.0,16.0
204200005,A,16.0,16.0
204200006,A,12.0,12.0
204200008,A,12.0,12.0
204205202,A,13.0,13.0
205010001,,6.0,6.0
205010003,A,16.0,16.0
205010004,A,6.0,6.0
205010005,A,16.0,16.0
205020001,A,6.0,6.0
205020002,A,6.0,6.0
205020003,A,13.0,13.0
205020004,A,9.0,9.0
205025102,A,13.0,13.0
205030001,A,9.0,9.0
205030002,A,6.0,6.0
205030003,A,9.0,9.0
205030004,A,13.0,13.0
205030005,A,13.0,13.0
205030006,A,9.0,9.0
205030008,A,9.0,9.0
205050001,A,9.0,9.0
205050002,A,6.0,6.0
205050003,A,15.0,15.0
205050004,A,16.0,16.0
205050005,A,13.0,13.0
205050006,,12.0,12.0
205053101,A,12.0,12.0
205053103,A,13.0,13.0
205055102,A,16.0,16.0
205055202,A,13.0,13.0
205060003,A,6.0,6.0
205060005,A,6.0,6.0
205060008,A,12.0,12.0
205063101,A,6.0,6.0
205063103,A,9.0,9.0
205080001,A,6.0,6.0
205080002,A,6.0,6.0
205080003,A,6.0,6.0
205080004,A,6.0,6.0
205080005,A,13.0,13.0
205080006,A,13.0,13.0
205083101,,9.0,9.0
205084101,A,6.0,6.0
205084202,A,16.0,16.0
205090003,A,16.0,16.0
205090004,A,13.0,13.0
205090005,A,12.0,12.0
205090006,,13.0,13.0
205093101,A,13.0,13.0
205110001,A,6.0,6.0
205110003,A,12.0,12.0
205110004,A,6.0,6.0
205110005,A,6.0,6.0
205115102,A,6.0,6.0
205115103,A,13.0,13.0
205115202,A,9.0,9.0
205130002,A,6.0,6.0
205140001,A,6.0,6.0
205140002,A,6.0,6.0
205140003,A,6.0,6.0
205140004,A,6.0,6.0
205140005,A,12.0,12.0
205140006,A,9.0,9.0
205144102,A,6.0,6.0
205144103,,6.0,6.0
205144104,A,13.0,13.0
205144203,A,16.0,16.0
205150001,A,6.0,6.0
205150002,A,6.0,6.0
205150003,,12.0,12.0
205150004,A,13.0,13.0
205155102,,9.0,9.0
205160001,A,6.0,6.0
205160002,A,6.0,6.0
205160003,A,6.0,6.0
205160004,A,6.0,6.0
205160005,A,9.0,9.0
205160006,A,12.0,12.0
205163103,A,13.0,13.0
205170001,A,6.0,6.0
205170002,A,9.0,9.0
205170003,A,12.0,12.0
205190001,A,6.0,6.0
205190002,A,6.0,6.0
205190003,A,12.0,12.0
205190004,A,12.0,12.0
205193101,A,6.0,6.0
205193104,A,9.0,9.0
206010001,A,9.0,9.0
206010002,,13.0,13.0
206010004,,12.0,12.0
206010005,,9.0,9.0
206010006,A,12.0,12.0
206010008,A,15.0,15.0
206010009,A,13.0,13.0
206010010,A,13.0,13.0
206010014,,12.0,12.0
206010015,A,6.0,6.0
206020001,A,6.0,6.0
206020002,A,13.0,13.0
206020005,A,16.0,16.0
206021102,A,6.0,6.0
206021103,A,13.0,13.0
206030002,A,9.0,9.0
206030003,A,6.0,6.0
206030004,,12.0,12.0
206030005,,13.0,13.0
206030006,A,9.0,9.0
206030007,A,13.0,13.0
206050002,A,15.0,15.0
206050003,A,16.0,16.0
206060003,D,16.0,16.0
206060005,D,16.0,16.0
206064101,,16.0,16.0
206070001,A,6.0,6.0
206080004,A,6.0,6.0
206090002,A,6.0,6.0
206090003,A,12.0,12.0
206090004,A,13.0,13.0
206090005,A,13.0,13.0
206094101,A,12.0,12.0
206094103,A,13.0,13.0
206094201,A,12.0,12.0
206100001,A,12.0,12.0
206100002,A,15.0,15.0
206100003,A,16.0,16.0
206100004,A,16.0,16.0
206110001,A,13.0,13.0
206110002,A,12.0,12.0
206110003,A,13.0,13.0
206110004,A,12.0,12.0
206110005,A,12.0,12.0
206110006,A,12.0,12.0
206113201,A,16.0,16.0
206114101,A,12.0,12.0
206120001,A,6.0,6.0
206120002,A,6.0,6.0
206120003,A,6.0,6.0
206120005,A,13.0,13.0
206120007,A,6.0,6.0
206120008,A,13.0,13.0
206124102,A Q,6.0,6.0
206130002,A,9.0,9.0
206130003,A,15.0,15.0
206130005,A,13.0,13.0
206130006,A,16.0,16.0
206130007,A,16.0,16.0
206134101,A,16.0,16.0
206134202,A,12.0,12.0
206140003,A,12.0,12.0
206140004,A,6.0,6.0
206140005,A,16.0,16.0
206140006,A,16.0,16.0
206150002,A,15.0,15.0
206150003,A,18.0,18.0
206150004,A,12.0,12.0
206150006,A,12.0,12.0
206150009,A,18.0,18.0
206150011,A,12.0,12.0
206153104,,9.0,9.0
206154102,A,12.0,12.0
206160002,A,12.0,12.0
206170001,A,13.0,13.0
206170002,A,6.0,6.0
206170003,A,9.0,9.0
206170004,A,9.0,9.0
206180001,A,16.0,16.0
206180002,A,16.0,16.0
206180003,A,16.0,16.0
206180005,A,16.0,16.0
206185103,A,12.0,12.0
206190001,A,12.0,12.0
206190002,A,9.0,9.0
206190003,,16.0,16.0
206190004,,12.0,12.0
206200001,A,15.0,15.0
206200002,,16.0,16.0
206200005,A,16.0,16.0
207010001,A,3.0,3.0
207030004,A,13.0,13.0
207030006,A,16.0,16.0
207040001,A,9.0,9.0
207040002,A,6.0,6.0
207040003,A,9.0,9.0
207040004,A,9.0,9.0
207040005,A,9.0,9.0
207040008,A,9.0,9.0
207045101,A,12.0,12.0
207060001,A,6.0,6.0
207060003,A,12.0,12.0
207060004,A,9.0,9.0
207060005,A,9.0,9.0
207060006,A,13.0,13.0
207060009,A,6.0,6.0
207060010,A,6.0,6.0
207063102,D,15.0,15.0
207064102,Q,13.0,13.0
207064202,A,9.0,9.0
207070001,A,12.0,12.0
207070002,A,16.0,16.0
207070003,A,13.0,13.0
207070004,A,13.0,13.0
207070005,A,13.0,13.0
207070006,A,9.0,9.0
207073105,B,16.0,16.0
207074101,,12.0,12.0
207074202,B,12.0,12.0
207080001,A,15.0,15.0
207080002,A,6.0,6.0
207080003,A,15.0,15.0
207080004,A,15.0,15.0
207080005,A,16.0,16.0
207080006,A,16.0,16.0
207083102,A,15.0,15.0
207085102,A,16.0,16.0
207090003,A,16.0,16.0
207090004,A,18.0,18.0
207090005,A,15.0,15.0
207090006,A,12.0,12.0
207100004,A,9.0,9.0
207100005,A,13.0,13.0
207100007,A,13.0,13.0
207110003,A,9.0,9.0
207110004,A,9.0,9.0
207120001,A,6.0,6.0
207120003,A,13.0,13.0
207120005,A,12.0,12.0
207120006,A,13.0,13.0
207120007,A,13.0,13.0
207120008,A,12.0,12.0
207123103,A,13.0,13.0
207130003,A,6.0,6.0
207140003,A,16.0,16.0
207140004,A,18.0,18.0
207140005,A,16.0,16.0
207140006,A,16.0,16.0
207140008,A,9.0,9.0
207150003,A,13.0,13.0
207150004,A,6.0,6.0
207150005,A,16.0,16.0
207150006,A,13.0,13.0
207150008,A,15.0,15.0
207160003,A,9.0,9.0
207160004,A,6.0,6.0
207160005,A,16.0,16.0
207160006,A,13.0,13.0
207165101,A,13.0,13.0
207170002,A,9.0,9.0
207170003,A,12.0,12.0
207175102,A,13.0,13.0
207180002,,3.0,3.0
207180004,A,13.0,13.0
207180005,A,13.0,13.0
207180006,A,9.0,9.0
207180007,A,13.0,13.0
207181101,A,13.0,13.0
207190001,A,6.0,6.0
207190004,A,9.0,9.0
207191204,A,6.0,6.0
207191205,A,12.0,12.0
207195101,A,9.0,9.0
207200001,A,16.0,16.0
207200002,A,9.0,9.0
207200003,A,12.0,12.0
207200004,A,16.0,16.0
207200005,A,12.0,12.0
207200006,A,16.0,16.0
207204103,A,16.0,16.0
207204202,A,9.0,9.0
207205102,A,16.0,16.0
207210002,A,13.0,13.0
207210003,A,13.0,13.0
207210004,A,9.0,9.0
207210005,A,13.0,13.0
207210006,A,13.0,13.0
207210007,A,13.0,13.0
207220002,A,6.0,6.0
207220003,A,6.0,6.0
207220004,A,13.0,13.0
207220006,A,9.0,9.0
207230001,A,9.0,9.0
207230002,A,9.0,9.0
207230003,A,13.0,13.0
207240001,A,6.0,6.0
207250001,A,6.0,6.0
207250002,A,6.0,6.0
207250003,A,13.0,13.0
207250004,A,13.0,13.0
207250005,A,13.0,13.0
207260002,A,16.0,16.0
207260003,A,13.0,13.0
207260005,A,12.0,12.0
207263102,A,13.0,13.0
207263104,A,16.0,16.0
207263105,A,12.0,12.0
207270002,A,9.0,9.0
207275001,A,6.0,6.0
207280001,A,6.0,6.0
207280002,A,6.0,6.0
207280003,A,9.0,9.0
207280004,A,9.0,9.0
207280005,A,9.0,9.0
207280006,A,9.0,9.0
207284101,A,12.0,12.0
207285102,B,9.0,9.0
207290001,A,9.0,9.0
207290002,A,9.0,9.0
207290003,A,13.0,13.0
207290004,A,16.0,16.0
207290005,A,12.0,12.0
207290007,A,13.0,13.0
207290008,A,13.0,13.0
207290009,A,12.0,12.0
207293106,A,13.0,13.0
207295101,A,12.0,12.0
207300003,A,9.0,9.0
207300004,A,12.0,12.0
208010001,A,13.0,13.0
208010004,A,16.0,16.0
208010005,A,15.0,15.0
208020002,A,6.0,6.0
208020003,A,9.0,9.0
208020004,A,12.0,12.0
208024102,A,6.0,6.0
208025101,A,9.0,9.0
208030001,A,6.0,6.0
208030002,A,6.0,6.0
208040001,,6.0,6.0
208040003,A,6.0,6.0
208060003,A,12.0,12.0
208064101,,12.0,12.0
208070002,A,9.0,9.0
208070003,A,15.0,15.0
208100001,,6.0,6.0
208110001,A,15.0,15.0
208110002,A,13.0,13.0
208110003,A,15.0,15.0
208114101,A,13.0,13.0
208120003,A,9.0,9.0
208120004,A,9.0,9.0
208130002,A,6.0,6.0
208130005,A,15.0,15.0
208150001,A,16.0,16.0
208150002,A,16.0,16.0
208150004,A,16.0,16.0
208170001,A,16.0,16.0
208170002,A,16.0,16.0
208170003,A,16.0,16.0
208170004,A S,16.0,16.0
208174102,D,15.0,15.0
208180004,A,12.0,12.0
208190001,A,6.0,6.0
208190002,A,12.0,12.0
208190003,,12.0,12.0
208190004,A,13.0,13.0
208195102,,13.0,13.0
208200003,A,12.0,12.0
208200004,A,13.0,13.0
208200005,,13.0,13.0
208200007,A,12.0,12.0
208201103,A,12.0,12.0
208201104,A,13.0,13.0
208201105,A,12.0,12.0
208204101,A,13.0,13.0
208204202,A,12.0,12.0
208220001,A,9.0,9.0
208220002,A,6.0,6.0
208220003,A,16.0,16.0
208220005,A,16.0,16.0
208220007,A,13.0,13.0
208220013,A,9.0,9.0
208230002,A,9.0,9.0
208230005,A,16.0,16.0
208230006,A,16.0,16.0
208240001,A,9.0,9.0
208240002,A,6.0,6.0
208240004,A,13.0,13.0
208240005,A,15.0,15.0
208240006,A,13.0,13.0
208243102,A,16.0,16.0
208244102,A,15.0,15.0
208244202,,15.0,15.0
208270001,A,6.0,6.0
208270002,A,6.0,6.0
208270003,A,9.0,9.0
208270004,A,12.0,12.0
208274103,A,13.0,13.0
208280001,A,6.0,6.0
208280002,A,6.0,6.0
208280003,A,12.0,12.0
208284103,A,16.0,16.0
208290001,A,6.0,6.0
208290002,A,6.0,6.0
208290003,A,13.0,13.0
208290004,A,13.0,13.0
208300003,A,13.0,13.0
208300004,A,13.0,13.0
209010003,A,15.0,15.0
209010004,A,12.0,12.0
209010005,A,16.0,16.0
209010006,A,16.0,16.0
209010007,A,12.0,12.0
209010008,A,12.0,12.0
209020001,A,9.0,9.0
209020002,A,9.0,9.0
209040001,A,6.0,6.0
209040003,A,13.0,13.0
209080001,A,6.0,6.0
209080002,A,6.0,6.0
209080003,A,12.0,12.0
209080004,A,12.0,12.0
209080006,A,13.0,13.0
209080007,A,15.0,15.0
209085101,A,12.0,12.0
209090001,A,6.0,6.0
209090002,A,6.0,6.0
209090003,A,13.0,13.0
209090004,A,13.0,13.0
209090005,B,13.0,13.0
209094102,A,13.0,13.0
209095101,,13.0,13.0
209100003,A,6.0,6.0
209100004,A,6.0,6.0
209100005,A,9.0,9.0
209110003,A,12.0,12.0
209110004,A,13.0,13.0
209110005,A,9.0,9.0
209115104,A,6.0,6.0
209115201,A,9.0,9.0
209120001,,6.0,6.0
209120003,A,13.0,13.0
209120004,A,9.0,9.0
209123102,A,6.0,6.0
209130001,,6.0,6.0
209130003,A,13.0,13.0
209130004,A,6.0,6.0
209130005,A,13.0,13.0
209130006,A,6.0,6.0
209130007,A,6.0,6.0
209130008,A,13.0,13.0
209135101,A,12.0,12.0
209140003,A,9.0,9.0
209140006,A,12.0,12.0
209140010,A,6.0,6.0
209150001,A,6.0,6.0
209150002,A,9.0,9.0
209150003,A,12.0,12.0
209150005,A,12.0,12.0
209150006,A,12.0,12.0
209154101,A,9.0,9.0
209160003,A,9.0,9.0
209160004,A,6.0,6.0
209160006,A,13.0,13.0
209160007,A,9.0,9.0
209160008,A,13.0,13.0
209160009,A,13.0,13.0
209165101,A,13.0,13.0
209170001,A,6.0,6.0
209170002,A,6.0,6.0
209170004,A,16.0,16.0
209170005,A,16.0,16.0
209180001,A,6.0,6.0
209180002,A,6.0,6.0
209180003,A,13.0,13.0
209180004,A,12.0,12.0
209184101,,13.0,13.0
209190001,A,6.0,6.0
209190002,A,6.0,6.0
209190003,A,13.0,13.0
209190004,,6.0,6.0
209200001,A,6.0,6.0
209200002,A,6.0,6.0
209200003,A,9.0,9.0
209204101,A,9.0,9.0
209240001,A,6.0,6.0
209240003,A,13.0,13.0
209240004,A,13.0,13.0
209240007,A,12.0,12.0
209241107,A,13.0,13.0
209250003,A,6.0,6.0
209250004,,9.0,9.0
209250005,A,6.0,6.0
209260001,A,6.0,6.0
209264101,A,13.0,13.0
209270002,A,9.0,9.0
209270003,A,6.0,6.0
209270005,A,13.0,13.0
209270006,A,9.0,9.0
209280004,A,13.0,13.0
209280005,A,13.0,13.0
209285102,A,6.0,6.0
209285103,A,13.0,13.0
210010001,B,16.0,16.0
210010006,A,12.0,12.0
210010007,A,12.0,12.0
210010008,A,6.0,6.0
210020001,A,18.0,18.0
210020002,A,16.0,16.0
210060001,A,12.0,12.0
210060003,A,16.0,16.0
210060007,A,16.0,16.0
210080001,A,22.0,22.0
210090001,A,18.0,18.0
210090002,A,15.0,15.0
210090003,A,13.0,13.0
210090005,A,16.0,16.0
210095102,A,16.0,16.0
210110001,A,16.0,16.0
210120002,A,16.0,16.0
210120003,A,9.0,9.0
210140001,A,16.0,16.0
210140002,A,18.0,18.0
210140003,A,16.0,16.0
210144105,A,16.0,16.0
210160001,A,16.0,16.0
210164101,A,16.0,16.0
210170001,,6.0,6.0
210170006,A,9.0,9.0
210170009,A,13.0,13.0
210173104,,9.0,9.0
210173202,A,9.0,9.0
210174102,A,9.0,9.0
210174202,A,9.0,9.0
210174301,A,9.0,9.0
210190001,A,16.0,16.0
210190003,A,16.0,16.0
211020002,A,16.0,16.0
211020003,A,16.0,16.0
211020006,A,16.0,16.0
211024101,A,16.0,16.0
211030002,,6.0,6.0
211030004,A,13.0,13.0
211040003,,13.0,13.0
211040004,A,6.0,6.0
211050001,,9.0,9.0
211050002,,9.0,9.0
211050003,A,15.0,15.0
211050005,A,16.0,16.0
211060002,A,6.0,6.0
211060003,A,13.0,13.0
211060004,A,16.0,16.0
211065101,A,9.0,9.0
211065202,A,16.0,16.0
211080002,A,9.0,9.0
211080003,A,16.0,16.0
211080004,A,12.0,12.0
211080005,A,16.0,16.0
211080006,A,15.0,15.0
211090001,A,16.0,16.0
211090002,A,16.0,16.0
211110001,A,16.0,16.0
211110002,A,6.0,6.0
211110003,A,6.0,6.0
211114102,A,16.0,16.0
211120001,A,18.0,18.0
211120002,A,16.0,16.0
211120003,A,22.0,22.0
211120004,A,15.0,15.0
211130001,A,6.0,6.0
211130002,A,6.0,6.0
211130003,A,9.0,9.0
211130004,A,13.0,13.0
211130005,A,13.0,13.0
211130006,A,9.0,9.0
211134102,A,6.0,6.0
211134201,A,13.0,13.0
211134301,A,12.0,12.0
211140001,A,13.0,13.0
211140002,A,9.0,9.0
211140003,,13.0,13.0
211140005,A,13.0,13.0
211150002,A,9.0,9.0
211150003,A,9.0,9.0
211150004,A,13.0,13.0
211150005,A,13.0,13.0
211154101,A,6.0,6.0
211160001,,6.0,6.0
211160003,A,16.0,16.0
211160004,A,12.0,12.0
211160005,A,12.0,12.0
211163203,A,13.0,13.0
211164101,A,13.0,13.0
211170001,A,6.0,6.0
211170002,A,9.0,9.0
211170003,A,15.0,15.0
211175103,A,12.0,12.0
211175201,A,9.0,9.0
211175204,A,16.0,16.0
211180001,A,12.0,12.0
211180002,A,12.0,12.0
211180003,A,16.0,16.0
211180004,A,12.0,12.0
211180005,A,16.0,16.0
211183101,A,18.0,18.0
211183103,A,12.0,12.0
211183104,A,12.0,12.0
211183203,A,12.0,12.0
211200002,A,12.0,12.0
211200003,A,18.0,18.0
211200007,A,12.0,12.0
211204102,A,18.0,18.0
212050001,A,6.0,6.0
212050002,A,6.0,6.0
212060002,A,12.0,12.0
212060004,A,13.0,13.0
212060005,A,12.0,12.0
212060006,A,13.0,13.0
212060007,A,16.0,16.0
212070002,A,12.0,12.0
212070004,A,12.0,12.0
212070007,A,12.0,12.0
212070010,A,9.0,9.0
212073201,A,16.0,16.0
212100001,A,9.0,9.0
212100002,A,6.0,6.0
212100004,A,13.0,13.0
212100005,A,13.0,13.0
212100006,A,13.0,13.0
212100007,A,13.0,13.0
212105202,B,13.0,13.0
212110001,,13.0,13.0
212110002,A,12.0,12.0
212110003,A,16.0,16.0
212110004,A,16.0,16.0
212110005,A,16.0,16.0
212114102,A,13.0,13.0
212130001,A,6.0,6.0
212130002,A,6.0,6.0
212130004,A,6.0,6.0
212130005,A,6.0,6.0
212130006,A,13.0,13.0
212130007,A,13.0,13.0
212135202,A,12.0,12.0
212135203,A,13.0,13.0
212135204,A,13.0,13.0
212140001,A,12.0,12.0
212140002,,9.0,9.0
212140003,,16.0,16.0
212140004,,16.0,16.0
212150001,A,6.0,6.0
212150002,A,9.0,9.0
212150003,A,12.0,12.0
212150005,A,13.0,13.0
212150006,A,12.0,12.0
212150007,A,12.0,12.0
212170001,,6.0,6.0
212170002,A,6.0,6.0
212170003,A,13.0,13.0
212170004,A,13.0,13.0
212170005,A,12.0,12.0
212170006,A,12.0,12.0
212170007,A,13.0,13.0
212170008,A,13.0,13.0
212170009,A,13.0,13.0
212173102,K,9.0,9.0
212173103,A K,12.0,12.0
212175102,A,12.0,12.0
212175202,A,9.0,9.0
212180003,A,6.0,6.0
212180005,A,9.0,9.0
212180006,A,13.0,13.0
212180007,A,13.0,13.0
212183101,A,12.0,12.0
212183105,A,13.0,13.0
212183107,A,12.0,12.0
212183201,A,6.0,6.0
212183204,A,9.0,9.0
213020001,A,6.0,6.0
213020002,A,6.0,6.0
213020003,A,13.0,13.0
213020004,A,9.0,9.0
213030001,A,15.0,15.0
213030002,A,18.0,18.0
213030003,,12.0,12.0
213030005,,12.0,12.0
213080004,A,16.0,16.0
213090002,A,6.0,6.0
213090003,A,13.0,13.0
213090004,A,6.0,6.0
213090005,A,13.0,13.0
213090006,A,13.0,13.0
213090007,A,9.0,9.0
213091105,A,13.0,13.0
213100003,A,16.0,16.0
213100004,A,16.0,16.0
213100005,S,16.0,16.0
213100006,A,16.0,16.0
213100007,A,12.0,12.0
213100009,A,16.0,16.0
213100015,A,16.0,16.0
213103104,A,9.0,9.0
213103201,A,18.0,18.0
213103203,,12.0,12.0
213103303,A,13.0,13.0
213103304,A,15.0,15.0
213103305,,12.0,12.0
213110002,,6.0,6.0
213110003,A,12.0,12.0
213110005,A,13.0,13.0
213110006,A,16.0,16.0
213114102,A,15.0,15.0
213150001,A,12.0,12.0
213150002,A,15.0,15.0
213150003,A,13.0,13.0
213150006,,6.0,6.0
213200001,A,12.0,12.0
214010001,A,13.0,13.0
214010002,A,12.0,12.0
214010003,A,15.0,15.0
214010005,A,15.0,15.0
214013202,C,15.0,15.0
214020001,,6.0,6.0
214020003,A,9.0,9.0
214020004,A,12.0,12.0
214020005,A,13.0,13.0
214023102,A,12.0,12.0
214030003,A,15.0,15.0
214030004,A,16.0,16.0
214030006,A,16.0,16.0
214030007,A,15.0,15.0
214030008,A,16.0,16.0
214030009,A,12.0,12.0
214040001,A,12.0,12.0
214040003,A,18.0,18.0
214040004,A,18.0,18.0
214050001,A,13.0,13.0
214050002,A,12.0,12.0
214050003,A,6.0,6.0
214054101,A,13.0,13.0
214070001,A,15.0,15.0
214070002,A,16.0,16.0
214070003,A,16.0,16.0
214070004,A,12.0,12.0
214080001,A,13.0,13.0
214080002,A,13.0,13.0
214080003,A,16.0,16.0
214080011,,9.0,9.0
214130001,,13.0,13.0
214130002,A,18.0,18.0
214130003,A,16.0,16.0
214135103,A,15.0,15.0
214135104,,16.0,16.0
214140001,A,6.0,6.0
214140004,A,9.0,9.0
214140005,A,9.0,9.0
214140006,A,13.0,13.0
214140007,A,13.0,13.0
214140008,A,9.0,9.0
214143101,A,12.0,12.0
214144201,A,12.0,12.0
214144301,A,13.0,13.0
214150001,A,9.0,9.0
214150002,A,9.0,9.0
214150005,A,3.0,3.0
214150006,A,13.0,13.0
214151102,A,15.0,15.0
214170024,A,13.0,13.0
214170026,A,15.0,15.0
214173106,A,12.0,12.0
215020003,A,16.0,16.0
215020005,A,16.0,16.0
215020008,A,18.0,18.0
215023103,A,9.0,9.0
215040002,A,16.0,16.0
215040003,A,18.0,18.0
215040004,A,15.0,15.0
215040005,A,16.0,16.0
215045102,S,12.0,12.0
215045202,A,16.0,16.0
215060002,A,9.0,9.0
215060003,A,13.0,13.0
215060004,A,12.0,12.0
215060006,A,16.0,16.0
215090002,A,6.0,6.0
215090003,A,9.0,9.0
215100001,A,15.0,15.0
215100002,A,15.0,15.0
215100005,A,6.0,6.0
215130003,A,9.0,9.0
215130004,A,12.0,12.0
215130005,A,9.0,9.0
215130007,A,16.0,16.0
215131105,A,16.0,16.0
215140001,,9.0,9.0
215140002,A,9.0,9.0
215140004,,16.0,16.0
215140005,,9.0,9.0
215150001,,9.0,9.0
215150002,A,6.0,6.0
215150003,A,13.0,13.0
215150005,A,12.0,12.0
215150006,A,13.0,13.0
215150007,A,13.0,13.0
215150008,A,13.0,13.0
215154102,A,13.0,13.0
215160001,A,12.0,12.0
215160002,A,12.0,12.0
215160004,A,16.0,16.0
215170001,A,13.0,13.0
215170002,A,9.0,9.0
215170005,A,16.0,16.0
215180001,,6.0,6.0
215180002,A,9.0,9.0
215180003,,16.0,16.0
215180005,A,12.0,12.0
215180008,A,13.0,13.0
215180010,A,12.0,12.0
215180011,A,9.0,9.0
215183201,A,12.0,12.0
215185104,,12.0,12.0
215200001,A,16.0,16.0
215200002,A,13.0,13.0
215200004,A,16.0,16.0
215200005,A,16.0,16.0
215200008,A,12.0,12.0
215204201,A,12.0,12.0
215205102,A,16.0,16.0
216050001,A,16.0,16.0
216050002,I,12.0,12.0
216050003,I,9.0,9.0
216053101,A,9.0,9.0
216054104,I,6.0,6.0
216090004,A,6.0,6.0
216090009,A,6.0,6.0
216140001,A,16.0,16.0
216140003,A,16.0,16.0
216140004,A,16.0,16.0
216140005,A,16.0,16.0
216145103,,15.0,15.0
216160002,A,6.0,6.0
216160003,A,9.0,9.0
216160004,A,9.0,9.0
216160005,A,16.0,16.0
216160006,A,12.0,12.0
216160009,A,6.0,6.0
216165101,A,16.0,16.0
216200001,A,13.0,13.0
216200011,,16.0,16.0
216200012,A,13.0,13.0
217020002,A,6.0,6.0
217030001,A,12.0,12.0
217030002,A,12.0,12.0
217030003,A,15.0,15.0
217030005,A,16.0,16.0
217040001,A,16.0,16.0
217040005,A,16.0,16.0
217040012,,16.0,16.0
217070003,A,16.0,16.0
217070005,A,16.0,16.0
217070006,A,15.0,15.0
217070010,A,15.0,15.0
217070011,A,15.0,15.0
217070013,A,12.0,12.0
217073103,A,13.0,13.0
217074102,D,16.0,16.0
217074203,A,15.0,15.0
217074301,A,16.0,16.0
217080001,A,12.0,12.0
217080003,A,12.0,12.0
217080004,A,12.0,12.0
217080005,A,18.0,18.0
217080006,A,12.0,12.0
217084201,A,16.0,16.0
217085102,E,13.0,13.0
217090004,A,12.0,12.0
217090005,A,13.0,13.0
217090006,A,16.0,16.0
217090008,A,16.0,16.0
217090009,A,15.0,15.0
217095101,A,13.0,13.0
217100001,A,12.0,12.0
217100002,A,9.0,9.0
217100004,A,16.0,16.0
217100005,A,13.0,13.0
217104102,A,12.0,12.0
217110001,A,15.0,15.0
217110003,A,15.0,15.0
217110005,A,15.0,15.0
217130005,A,12.0,12.0
217130007,A,12.0,12.0
217131102,A,9.0,9.0
217131105,N,12.0,12.0
217140001,A,12.0,12.0
217140002,A,9.0,9.0
217160003,,16.0,16.0
217160006,A,12.0,12.0
217170001,A,6.0,6.0
217170002,A,12.0,12.0
217170003,A,13.0,13.0
217170004,A,13.0,13.0
217170005,A,13.0,13.0
217170006,A,3.0,3.0
217190006,A,12.0,12.0
217190010,L,9.0,9.0
217193101,A,12.0,12.0
217195102,A,15.0,15.0
217200002,A,6.0,6.0
217200003,A,13.0,13.0
217203101,A,12.0,12.0
217203103,A,9.0,9.0
218010002,,6.0,6.0
218010003,A,9.0,9.0
218013103,A,13.0,13.0
218020003,A,6.0,6.0
218020004,A,13.0,13.0
218020007,A,12.0,12.0
218021101,A,6.0,6.0
218030001,A,6.0,6.0
218031102,A,12.0,12.0
218031103,A,12.0,12.0
218040002,A,6.0,6.0
218040004,A,16.0,16.0
218040006,A,16.0,16.0
218040009,A,13.0,13.0
218050006,A,12.0,12.0
218060001,A,6.0,6.0
218060002,A,6.0,6.0
218060004,A,13.0,13.0
218060007,A,13.0,13.0
218070003,A,12.0,12.0
218070006,A,9.0,9.0
218090002,A,6.0,6.0
218090003,A,6.0,6.0
218090004,A,12.0,12.0
218100001,A,6.0,6.0
218100002,A,6.0,6.0
218100004,A,12.0,12.0
218100005,A,16.0,16.0
218110002,A,9.0,9.0
218110003,A,13.0,13.0
218110005,A,13.0,13.0
218110006,A,6.0,6.0
218113103,A,12.0,12.0
218114104,A,16.0,16.0
218120001,A,12.0,12.0
218120002,A,6.0,6.0
218120003,A,12.0,12.0
218130001,A,6.0,6.0
218130002,A,6.0,6.0
218130003,A,13.0,13.0
218130004,A,9.0,9.0
218135102,A,12.0,12.0
218140002,A,6.0,6.0
218140003,A,6.0,6.0
218140004,A,13.0,13.0
218140005,A,13.0,13.0
218150001,A,12.0,12.0
218150002,A,15.0,15.0
218150003,A,16.0,16.0
218150004,A,15.0,15.0
218160002,A,6.0,6.0
218160005,A,9.0,9.0
218160006,A,6.0,6.0
218161102,A,6.0,6.0
218161103,A,9.0,9.0
218170006,A,13.0,13.0
218170008,A,13.0,13.0
218170009,A,13.0,13.0
218173205,A,6.0,6.0
218173208,A,13.0,13.0
218174101,A,12.0,12.0
218174204,A,13.0,13.0
218180001,A,6.0,6.0
218180008,A,13.0,13.0
218180009,A,13.0,13.0
218180010,A,6.0,6.0
218190001,A,6.0,6.0
218190006,A,13.0,13.0
219010001,S,9.0,9.0
219010002,A,6.0,6.0
219010003,A,13.0,13.0
219010004,A,13.0,13.0
219010006,A,12.0,12.0
219010007,S,6.0,6.0
219020001,A,6.0,6.0
219020002,A,6.0,6.0
219020003,A,6.0,6.0
219020004,A,6.0,6.0
219020005,A,6.0,6.0
219020006,A,9.0,9.0
219020007,A,6.0,6.0
219023104,A,6.0,6.0
219023105,A,9.0,9.0
219024101,A,6.0,6.0
219024202,A,6.0,6.0
219024301,A,6.0,6.0
219030004,A,12.0,12.0
219030005,A,16.0,16.0
219030006,A,15.0,15.0
219031104,A,16.0,16.0
219034002,A,16.0,16.0
219050002,A,6.0,6.0
219050004,A,9.0,9.0
219050006,A,9.0,9.0
219050007,A,16.0,16.0
219060001,A,6.0,6.0
219060003,A,12.0,12.0
219060004,A,12.0,12.0
219070004,A,6.0,6.0
219070005,A,6.0,6.0
219073103,A,9.0,9.0
219080001,A,6.0,6.0
219080003,A,6.0,6.0
219080004,A,9.0,9.0
219083103,A,9.0,9.0
219090002,A,6.0,6.0
219090003,A,6.0,6.0
219094104,A,6.0,6.0
219100004,A,16.0,16.0
219100005,A,13.0,13.0
219100006,A,13.0,13.0
219110001,A,6.0,6.0
219110003,A,9.0,9.0
219110006,A,9.0,9.0
219120001,A,6.0,6.0
219120002,A,6.0,6.0
219120004,A,12.0,12.0
219120005,A,16.0,16.0
219120006,A,13.0,13.0
219120007,A,13.0,13.0
219120010,A,16.0,16.0
219120011,A,13.0,13.0
219120012,A,13.0,13.0
219120013,A,12.0,12.0
219120014,A E,13.0,13.0
219130001,A,6.0,6.0
219130002,A,6.0,6.0
219130004,A,9.0,9.0
219140004,A,6.0,6.0
219140006,A,6.0,6.0
219140008,A,9.0,9.0
219144102,A,6.0,6.0
219150001,A,18.0,18.0
219150002,A,16.0,16.0
219150003,,16.0,16.0
219150004,A,16.0,16.0
219155102,A,15.0,15.0
219160002,,6.0,6.0
219160003,A,9.0,9.0
219163105,A,9.0,9.0
219170001,A,6.0,6.0
219170004,A,13.0,13.0
219170006,A,6.0,6.0
219174105,A,12.0,12.0
219180001,A,12.0,12.0
219180003,A,6.0,6.0
219180004,A,16.0,16.0
219190001,A,6.0,6.0
219190002,A,6.0,6.0
219190003,A,13.0,13.0
219190004,A,6.0,6.0
219190005,A,9.0,9.0
219190006,A,16.0,16.0
219190007,A,6.0,6.0
219190010,A,9.0,9.0
219193101,A,6.0,6.0
219200001,A,13.0,13.0
219200002,A,13.0,13.0
219200003,A,13.0,13.0
219200004,A,16.0,16.0
219210001,A,6.0,6.0
219210002,A,6.0,6.0
219210003,A,9.0,9.0
219210004,A,9.0,9.0
219214101,A,13.0,13.0
219215102,A,9.0,9.0
219220001,A,6.0,6.0
219220002,A,6.0,6.0
219220004,A,9.0,9.0
219220005,A,6.0,6.0
219220006,A,6.0,6.0
219220007,A,13.0,13.0
219220008,A,9.0,9.0
219223101,A,6.0,6.0
219225102,A,9.0,9.0
219230002,A,6.0,6.0
219230006,A,9.0,9.0
219230009,A,9.0,9.0
219240001,A,6.0,6.0
219240002,A,6.0,6.0
219240004,A,6.0,6.0
219240005,A,9.0,9.0
219240006,A,13.0,13.0
219250001,A,6.0,6.0
219250002,A,6.0,6.0
219250003,A,6.0,6.0
219250004,A,9.0,9.0
219250005,A,13.0,13.0
219254102,A,9.0,9.0
219260003,A,6.0,6.0
219260004,A,6.0,6.0
219260005,A,9.0,9.0
219264103,A,6.0,6.0
219264302,A,9.0,9.0
219270001,A,6.0,6.0
219280001,A,6.0,6.0
219280002,A,6.0,6.0
219280003,A,9.0,9.0
219280004,A,9.0,9.0
219280005,A,16.0,16.0
219280007,A,9.0,9.0
219280009,A,13.0,13.0
219283103,A,9.0,9.0
219283105,A,9.0,9.0
219284102,A,9.0,9.0
219285101,A,13.0,13.0
219290001,A,6.0,6.0
219290003,A,6.0,6.0
219290006,A,13.0,13.0
219293102,A,9.0,9.0
219293103,A,13.0,13.0
220010001,A,6.0,6.0
220010003,A,6.0,6.0
220010006,A,6.0,6.0
220020001,,6.0,6.0
220020002,A,6.0,6.0
220020003,A,9.0,9.0
220020008,A,9.0,9.0
220030001,A,6.0,6.0
220030002,A,6.0,6.0
220030003,A,12.0,12.0
220030004,A,13.0,13.0
220030005,A,13.0,13.0
220060003,A,6.0,6.0
220070002,A,6.0,6.0
220070003,A,6.0,6.0
220080002,A,6.0,6.0
220080003,A,13.0,13.0
220080006,A,6.0,6.0
220080007,,6.0,6.0
220084205,A,13.0,13.0
220085102,A,16.0,16.0
220100003,A,6.0,6.0
220100008,A,9.0,9.0
220100009,A,9.0,9.0
220104102,A,6.0,6.0
220110001,A,6.0,6.0
220110002,A,6.0,6.0
220110004,A,6.0,6.0
220110005,A,6.0,6.0
220114101,A,6.0,6.0
220120001,A,9.0,9.0
220120005,A,9.0,9.0
220121106,A,6.0,6.0
220121107,,9.0,9.0
220124102,A,9.0,9.0
220130002,B,6.0,6.0
220130003,A,9.0,9.0
220130004,A,12.0,12.0
220130005,B,13.0,13.0
220130006,A,6.0,6.0
220134102,A,13.0,13.0
220134201,B,13.0,13.0
220140003,A,6.0,6.0
220140004,A,6.0,6.0
220140008,A,9.0,9.0
220150002,A,6.0,6.0
220150003,A,13.0,13.0
220150004,,9.0,9.0
220160001,A,6.0,6.0
220160002,A,6.0,6.0
220160004,A,6.0,6.0
220160007,A,9.0,9.0
220160008,A,13.0,13.0
220160009,,12.0,12.0
220163101,A,12.0,12.0
220163103,A,9.0,9.0
220180001,A,6.0,6.0
220180002,A,6.0,6.0
220180003,A,13.0,13.0
220180005,,9.0,9.0
220180006,A,13.0,13.0
220190001,A,6.0,6.0
220190002,A,6.0,6.0
220190004,A,9.0,9.0
220190006,A,9.0,9.0
220200001,A,6.0,6.0
220200002,A,6.0,6.0
220200003,A,13.0,13.0
220200005,A,16.0,16.0
221010001,A,13.0,13.0
221010002,A,6.0,6.0
221030003,A,6.0,6.0
221030004,A,6.0,6.0
221030005,A,9.0,9.0
221030006,A,6.0,6.0
221034101,A,12.0,12.0
221040001,A,6.0,6.0
221040002,A,6.0,6.0
221040003,A,6.0,6.0
221040004,A,12.0,12.0
221040007,A,9.0,9.0
221050003,A,13.0,13.0
221050005,A,12.0,12.0
221050008,A,12.0,12.0
221054102,A,9.0,9.0
221060001,A,9.0,9.0
221060002,A,6.0,6.0
221060003,A,12.0,12.0
221060005,A,12.0,12.0
221070001,A,6.0,6.0
221070002,A,6.0,6.0
221070003,A,18.0,18.0
221090001,A,6.0,6.0
221090002,A,6.0,6.0
221090003,A,9.0,9.0
221090004,,9.0,9.0
221100002,A,13.0,13.0
221100005,A,6.0,6.0
221100006,A,13.0,13.0
221100010,A,12.0,12.0
221100011,A,13.0,13.0
221105102,A,9.0,9.0
221110002,A,6.0,6.0
221110003,A,6.0,6.0
221110005,A,9.0,9.0
221120001,A,6.0,6.0
221120002,A,6.0,6.0
221120004,A,12.0,12.0
221125101,,13.0,13.0
221130001,A,6.0,6.0
221130002,A,9.0,9.0
221140001,A,6.0,6.0
221140002,A,6.0,6.0
221140003,A,6.0,6.0
221140004,A,9.0,9.0
221140005,A,6.0,6.0
221140006,,6.0,6.0
221144101,A,9.0,9.0
221150001,A,6.0,6.0
221150002,A,6.0,6.0
221150004,A,6.0,6.0
221150005,A,13.0,13.0
221154102,A,13.0,13.0
221160001,A,6.0,6.0
221160003,A,9.0,9.0
221160005,A,6.0,6.0
221165101,A,12.0,12.0
221165103,A,9.0,9.0
221170001,A,6.0,6.0
221170005,A,6.0,6.0
221170007,A,13.0,13.0
221174102,A,9.0,9.0
221180003,A,6.0,6.0
221180004,A,6.0,6.0
221180006,A,9.0,9.0
221180007,A,6.0,6.0
221220001,A,6.0,6.0
221220002,A,6.0,6.0
221220003,A,12.0,12.0
221230005,A,6.0,6.0
221235101,A,9.0,9.0
221240002,A,6.0,6.0
221250002,A,6.0,6.0
221250003,A,13.0,13.0
221250004,A,9.0,9.0
221250005,A,9.0,9.0
221260001,A,6.0,6.0
221260002,A,6.0,6.0
221260003,A,9.0,9.0
221260005,A,9.0,9.0
221270002,A,9.0,9.0
221280001,A,6.0,6.0
221280002,A,9.0,9.0
221280003,A,9.0,9.0
221280006,A,6.0,6.0
221290001,A,6.0,6.0
221290004,A,12.0,12.0
221290007,A,16.0,16.0
221300007,A,6.0,6.0
222010001,A,9.0,9.0
222010002,A,9.0,9.0
222010003,A,16.0,16.0
222020002,A,15.0,15.0
222020003,A,16.0,16.0
222030002,A,6.0,6.0
222040001,A,6.0,6.0
222050002,A,6.0,6.0
222050003,A,13.0,13.0
222050004,A,13.0,13.0
222050005,A,13.0,13.0
222050006,A,13.0,13.0
222055102,A,13.0,13.0
222055202,A,13.0,13.0
222060002,A,13.0,13.0
222060004,A,15.0,15.0
222060005,A,16.0,16.0
222060007,A,16.0,16.0
222080001,A,12.0,12.0
222080002,A,9.0,9.0
222080004,A,13.0,13.0
222090001,A,9.0,9.0
222090002,A,9.0,9.0
222090003,A,9.0,9.0
222090004,A,13.0,13.0
222090005,A,12.0,12.0
222094202,A,9.0,9.0
222095102,A,12.0,12.0
222095202,A,16.0,16.0
222100001,A,12.0,12.0
222100002,A,9.0,9.0
222110001,A,9.0,9.0
222110002,A,6.0,6.0
222110004,A,12.0,12.0
222110006,A,12.0,12.0
222130002,,6.0,6.0
222130003,A,9.0,9.0
222130004,A,9.0,9.0
222130005,A,9.0,9.0
222130006,A,15.0,15.0
222134102,A,12.0,12.0
222140001,A,15.0,15.0
222140002,,16.0,16.0
222140004,A,15.0,15.0
222144102,A,16.0,16.0
222160002,,13.0,13.0
222161101,A,12.0,12.0
222161103,A,13.0,13.0
222180007,A,13.0,13.0
222184101,A,15.0,15.0
222190001,A,13.0,13.0
222190002,A,12.0,12.0
222190003,A,16.0,16.0
222190004,A,12.0,12.0
222200001,A,6.0,6.0
222200002,A,6.0,6.0
222200004,A,13.0,13.0
222200006,A,13.0,13.0
222204101,A,12.0,12.0
223020001,A,16.0,16.0
223020005,F,12.0,12.0
223060003,A,15.0,15.0
223070001,A,13.0,13.0
223070002,A,12.0,12.0
223070003,A,16.0,16.0
223070004,A,16.0,16.0
223070006,A,16.0,16.0
223073103,,16.0,16.0
223074102,A,16.0,16.0
223080001,A,16.0,16.0
223080002,A,9.0,9.0
223080004,A,16.0,16.0
223080005,A,16.0,16.0
223080006,A,9.0,9.0
223090005,A,16.0,16.0
223090007,,12.0,12.0
223090008,A,6.0,6.0
223094101,A,16.0,16.0
223100001,,13.0,13.0
223100002,A,12.0,12.0
223100005,A,15.0,15.0
223100006,A,13.0,13.0
223104102,A,13.0,13.0
223110001,A,6.0,6.0
223110002,A,9.0,9.0
223110003,A,12.0,12.0
223110005,A,12.0,12.0
223110007,A,13.0,13.0
223114102,A,12.0,12.0
223115102,A,9.0,9.0
223160003,A,13.0,13.0
223160004,A,13.0,13.0
223160005,A,13.0,13.0
223160006,A,13.0,13.0
223160007,A,13.0,13.0
223160008,A,13.0,13.0
223160009,A,9.0,9.0
223163101,A,9.0,9.0
223163104,A,12.0,12.0
223163203,A,9.0,9.0
223164101,A,13.0,13.0
223165102,,16.0,16.0
223180001,A,9.0,9.0
223180002,A,6.0,6.0
223180006,A,9.0,9.0
223180008,A,12.0,12.0
223180009,A,9.0,9.0
223184201,A,12.0,12.0
223185102,A,15.0,15.0
223185202,A,9.0,9.0
223190002,A,9.0,9.0
223190004,,12.0,12.0
223190007,,12.0,12.0
224010001,A,9.0,9.0
224010002,A,13.0,13.0
224010003,A,16.0,16.0
224010004,,6.0,6.0
224010005,,6.0,6.0
224015202,A,16.0,16.0
224020002,A,6.0,6.0
224020003,A,9.0,9.0
224020004,A,13.0,13.0
224020006,A,12.0,12.0
224040002,A,9.0,9.0
224040003,A,12.0,12.0
224040004,A,16.0,16.0
224044102,A,16.0,16.0
224060001,,6.0,6.0
224060003,A,9.0,9.0
224060004,A,13.0,13.0
224060005,A,13.0,13.0
224064102,A,12.0,12.0
224080001,A,6.0,6.0
224080002,A,6.0,6.0
224080005,A,12.0,12.0
224090002,A,6.0,6.0
224090004,A,13.0,13.0
224090005,A,12.0,12.0
224090006,A,12.0,12.0
224090008,A,9.0,9.0
224090009,A,9.0,9.0
224094101,A,6.0,6.0
224095102,A,12.0,12.0
224100001,A,6.0,6.0
224100002,A,16.0,16.0
224100003,A,12.0,12.0
224100005,A,12.0,12.0
224100006,A,9.0,9.0
224100008,A,9.0,9.0
224105102,A,13.0,13.0
224120001,A,6.0,6.0
224120002,A,6.0,6.0
224120003,,12.0,12.0
224120004,A,13.0,13.0
224120006,A,13.0,13.0
224124102,A,9.0,9.0
224130001,,6.0,6.0
224130002,A,6.0,6.0
224130003,,6.0,6.0
224130005,A,6.0,6.0
224130006,A,9.0,9.0
224130007,,6.0,6.0
224140002,,6.0,6.0
224140003,A,6.0,6.0
224140004,A,12.0,12.0
224140006,A,6.0,6.0
224140009,A,13.0,13.0
224145101,A,12.0,12.0
224150002,A,6.0,6.0
224150004,A,9.0,9.0
224153102,A,13.0,13.0
224160003,A,9.0,9.0
224160004,A,9.0,9.0
224160005,A,13.0,13.0
224160006,A,6.0,6.0
224163102,A,16.0,16.0
224163103,A,9.0,9.0
224164102,A,9.0,9.0
224170003,A,12.0,12.0
224170004,A,13.0,13.0
224170005,A,13.0,13.0
224170006,A,6.0,6.0
224170007,A,6.0,6.0
224170008,A,16.0,16.0
224170009,A,12.0,12.0
224170010,,12.0,12.0
224180002,A,9.0,9.0
224180003,A,12.0,12.0
224180004,A,9.0,9.0
224180007,A,9.0,9.0
224180008,A,12.0,12.0
224190001,A,13.0,13.0
224190002,A,12.0,12.0
224190003,A,12.0,12.0
224190005,A,16.0,16.0
224194101,,13.0,13.0
224200001,A,6.0,6.0
224200002,A,6.0,6.0
224200004,A,16.0,16.0
224200005,A,16.0,16.0
224205101,A,13.0,13.0
224210003,A,6.0,6.0
224210004,A,13.0,13.0
224210005,A,12.0,12.0
224210006,A,9.0,9.0
224210008,A,12.0,12.0
224210009,A,12.0,12.0
224210010,A,9.0,9.0
224214101,A,9.0,9.0
224215101,A,9.0,9.0
224220001,A,6.0,6.0
224220002,A,6.0,6.0
224220003,A,13.0,13.0
224220004,A,13.0,13.0
224220007,A,13.0,13.0
224230002,A,6.0,6.0
224230003,,6.0,6.0
224230004,A,13.0,13.0
224230005,A,6.0,6.0
224230007,A,13.0,13.0
224230008,A,13.0,13.0
224233101,A,13.0,13.0
224233103,A,16.0,16.0
224240001,,6.0,6.0
224240002,,6.0,6.0
224240003,,9.0,9.0
224240005,A,9.0,9.0
224240006,,13.0,13.0
224240007,,13.0,13.0
224240008,A,6.0,6.0
224240009,,13.0,13.0
224240010,A,9.0,9.0
224244102,A,12.0,12.0
224244302,A,13.0,13.0
224250006,A,16.0,16.0
224250007,A,12.0,12.0
224260002,A,6.0,6.0
224260003,A,6.0,6.0
224260004,A,9.0,9.0
224261104,A,9.0,9.0
224261106,A,9.0,9.0
224270001,A,6.0,6.0
224270002,A,6.0,6.0
224270004,A,13.0,13.0
224274202,A,12.0,12.0
224280003,A,9.0,9.0
224280004,A,13.0,13.0
224281103,A,13.0,13.0
224290002,A,12.0,12.0
224290003,A,16.0,16.0
224290004,A,12.0,12.0
224290005,A,12.0,12.0
224290006,A,13.0,13.0
224290008,A,9.0,9.0
224291103,,12.0,12.0
224294102,A,13.0,13.0
224295101,,13.0,13.0
225010004,A,12.0,12.0
225010007,A,16.0,16.0
225010009,A,9.0,9.0
225014102,A,6.0,6.0
225020002,A,6.0,6.0
225020003,,6.0,6.0
225020004,A,9.0,9.0
225020005,A,6.0,6.0
225020008,A,13.0,13.0
225030001,A,6.0,6.0
225030002,A,6.0,6.0
225030004,A,9.0,9.0
225030005,A,12.0,12.0
225030007,A,12.0,12.0
225033101,A,12.0,12.0
225040002,A,6.0,6.0
225040003,A,6.0,6.0
225040005,A,9.0,9.0
225060001,A,9.0,9.0
225060004,A,13.0,13.0
225065101,A,9.0,9.0
225070002,A,6.0,6.0
225070004,A,13.0,13.0
225070006,A,9.0,9.0
225090001,A,6.0,6.0
225090002,A,6.0,6.0
225090006,A,6.0,6.0
225110002,A,6.0,6.0
225110003,A,6.0,6.0
225110004,A,9.0,9.0
225110005,A,9.0,9.0
225110006,A G,6.0,6.0
225110010,A,9.0,9.0
225114101,A,13.0,13.0
225115103,A G,12.0,12.0
225120001,A,6.0,6.0
225120002,A,6.0,6.0
225120003,A,9.0,9.0
225120004,A,9.0,9.0
225124101,A,12.0,12.0
225130002,A,6.0,6.0
225130004,A,13.0,13.0
225134101,O,12.0,12.0
225140002,A,6.0,6.0
225140003,A,9.0,9.0
225140004,A,9.0,9.0
225140006,A,13.0,13.0
225144104,A,9.0,9.0
225170003,A,6.0,6.0
225180001,A,6.0,6.0
225180002,A,6.0,6.0
225180003,A,9.0,9.0
225180004,A,6.0,6.0
225180006,G,6.0,6.0
225185101,A,6.0,6.0
225190001,A,6.0,6.0
225190003,A,13.0,13.0
225190004,A,9.0,9.0
225200003,G,6.0,6.0
225200005,A,6.0,6.0
225204102,A,9.0,9.0
226010002,,6.0,6.0
226010003,A,6.0,6.0
226010005,A,6.0,6.0
226010008,,6.0,6.0
226013102,A,6.0,6.0
226013202,A,6.0,6.0
226020002,A,6.0,6.0
226020004,A,12.0,12.0
226020005,A,12.0,12.0
226020006,A,9.0,9.0
226020007,A,12.0,12.0
226020008,A,12.0,12.0
226023103,A,12.0,12.0
226023104,,9.0,9.0
226024102,A,13.0,13.0
226024203,A,9.0,9.0
226025102,A,9.0,9.0
226030001,A,6.0,6.0
226030002,A,6.0,6.0
226030003,A,9.0,9.0
226033107,A,6.0,6.0
226034101,G,12.0,12.0
226040002,A,6.0,6.0
226040003,A,6.0,6.0
226040005,A,9.0,9.0
226040007,A,9.0,9.0
226040008,A,9.0,9.0
226050003,A,6.0,6.0
226050004,A,6.0,6.0
226050005,A,6.0,6.0
226051104,A,6.0,6.0
226051105,A,12.0,12.0
226054101,A,6.0,6.0
226054102,A,6.0,6.0
226054106,A,13.0,13.0
226054112,A,9.0,9.0
226060002,A,6.0,6.0
226070003,A,6.0,6.0
226070004,A,6.0,6.0
226070005,A,9.0,9.0
226070006,A,6.0,6.0
226071103,A,6.0,6.0
226073102,A,6.0,6.0
226073103,A,9.0,9.0
226080001,A,6.0,6.0
226080002,A,6.0,6.0
226080003,A,6.0,6.0
226080006,A,9.0,9.0
226081102,A,12.0,12.0
226085102,A,13.0,13.0
226090001,A,6.0,6.0
226090002,A,6.0,6.0
226090003,A,9.0,9.0
226090004,A,9.0,9.0
226090005,,6.0,6.0
226090006,A,6.0,6.0
226094102,A,6.0,6.0
226094201,A,6.0,6.0
226100001,A,6.0,6.0
226100002,A,6.0,6.0
226100003,A,9.0,9.0
226100004,A,12.0,12.0
226104202,A,9.0,9.0
226110004,,9.0,9.0
226110005,A,6.0,6.0
226110007,A,12.0,12.0
226113102,A,6.0,6.0
226113105,A,6.0,6.0
226113107,A,6.0,6.0
226113109,A,6.0,6.0
226113110,A,6.0,6.0
226113201,A,6.0,6.0
226113202,A,6.0,6.0
226113205,A,9.0,9.0
226115102,A,9.0,9.0
226120003,A,6.0,6.0
226120004,A,6.0,6.0
226120006,A,6.0,6.0
226123104,A,6.0,6.0
226130001,,6.0,6.0
226130002,A,6.0,6.0
226130003,A,9.0,9.0
226130004,A,13.0,13.0
226130005,A,9.0,9.0
226130006,A,9.0,9.0
226140001,A,6.0,6.0
226140002,A,6.0,6.0
226140003,A,6.0,6.0
226140004,A,9.0,9.0
226140005,A,6.0,6.0
226140006,A,6.0,6.0
226140007,A,12.0,12.0
226150001,A,6.0,6.0
226150002,A,9.0,9.0
226150003,A,6.0,6.0
226150004,A,6.0,6.0
226150005,A,6.0,6.0
226150007,,6.0,6.0
226154101,A,9.0,9.0
226154103,A,9.0,9.0
226155104,A,13.0,13.0
226155204,A,13.0,13.0
226160001,A,6.0,6.0
226160002,A,6.0,6.0
226160004,A,9.0,9.0
226160005,A,12.0,12.0
226160006,A,6.0,6.0
226170001,A,6.0,6.0
226170002,A,6.0,6.0
226170003,A,9.0,9.0
226170007,A,12.0,12.0
226174104,A,12.0,12.0
226180002,A,6.0,6.0
226180003,A G,9.0,9.0
226190001,A,6.0,6.0
226190002,A G,6.0,6.0
226190003,A,9.0,9.0
226190004,A,12.0,12.0
226190008,A,9.0,9.0
226200002,A,6.0,6.0
226200003,A,9.0,9.0
226200004,A,16.0,16.0
226203106,A,9.0,9.0
226210001,A,6.0,6.0
226210004,A,6.0,6.0
226210006,A,9.0,9.0
226210007,A,9.0,9.0
226210008,A,6.0,6.0
226210010,A,9.0,9.0
226210012,A,9.0,9.0
226210014,A,12.0,12.0
226214102,A,9.0,9.0
226214201,,9.0,9.0
226215202,,13.0,13.0
226215302,A,13.0,13.0
226230003,A,6.0,6.0
226230004,A,6.0,6.0
226230008,A,12.0,12.0
226230009,A,6.0,6.0
226234102,G,6.0,6.0
226240001,A,6.0,6.0
226240002,A,6.0,6.0
226240003,A,9.0,9.0
226240004,A,6.0,6.0
226240005,A,6.0,6.0
226244102,A,6.0,6.0
226250001,A,6.0,6.0
226250003,A,9.0,9.0
226250004,A,9.0,9.0
226250005,A,6.0,6.0
226250006,,6.0,6.0
226250007,A,6.0,6.0
226254101,A,16.0,16.0
226255102,A,6.0,6.0
226270003,A,6.0,6.0
226270004,A,9.0,9.0
226280003,G,9.0,9.0
226280005,A,6.0,6.0
226280009,A,12.0,12.0
226300004,A,9.0,9.0
226300005,A,6.0,6.0
226305103,A,9.0,9.0
227010001,,6.0,6.0
227010002,A,6.0,6.0
227010003,,13.0,13.0
227010005,A,6.0,6.0
227010006,A,13.0,13.0
227020001,A,6.0,6.0
227020002,A,6.0,6.0
227020003,A,9.0,9.0
227020004,A,13.0,13.0
227020005,A,13.0,13.0
227020006,A,13.0,13.0
227024103,A,9.0,9.0
227025201,A,13.0,13.0
227025302,A,12.0,12.0
227030001,,6.0,6.0
227030003,A,6.0,6.0
227030004,A,6.0,6.0
227030005,A,6.0,6.0
227030006,A,6.0,6.0
227030007,A,13.0,13.0
227030008,A,13.0,13.0
227030009,A,12.0,12.0
227030011,A,9.0,9.0
227031101,A,9.0,9.0
227031103,,9.0,9.0
227033106,A,9.0,9.0
227033107,G,13.0,13.0
227035101,A,13.0,13.0
227040001,A,6.0,6.0
227040003,A,13.0,13.0
227040005,A,9.0,9.0
227040008,A,6.0,6.0
227045102,A,6.0,6.0
227050002,A,6.0,6.0
227060001,A,6.0,6.0
227060002,A,6.0,6.0
227060003,A,13.0,13.0
227060005,A,13.0,13.0
227070001,A,6.0,6.0
227070002,A,6.0,6.0
227070003,A,13.0,13.0
227070004,A,13.0,13.0
227070005,A,13.0,13.0
227090001,A,6.0,6.0
227090002,A,9.0,9.0
227090004,A,9.0,9.0
227090005,A,13.0,13.0
227090007,A,9.0,9.0
227100002,A,6.0,6.0
227100003,A,9.0,9.0
227105101,A,6.0,6.0
227130002,A,6.0,6.0
227130003,A,6.0,6.0
227140002,A,6.0,6.0
227140004,A,6.0,6.0
227140005,A,6.0,6.0
227140006,A,6.0,6.0
227140007,A,9.0,9.0
227140008,A,12.0,12.0
227140009,A,6.0,6.0
227143103,A,12.0,12.0
227143201,A,6.0,6.0
227143203,A,13.0,13.0
227144101,A,9.0,9.0
227150001,A,9.0,9.0
227150003,A,13.0,13.0
227150004,A,13.0,13.0
227150005,A,12.0,12.0
227160001,A,13.0,13.0
227160002,A,12.0,12.0
227160003,A,16.0,16.0
227160004,A,13.0,13.0
227160005,A,16.0,16.0
227163104,A,9.0,9.0
227170001,A,9.0,9.0
227170002,A,6.0,6.0
227170003,A,12.0,12.0
227170004,A,16.0,16.0
227170005,A,12.0,12.0
227170006,A,12.0,12.0
227170007,A,12.0,12.0
227173103,,12.0,12.0
227173105,A,9.0,9.0
227174101,A,15.0,15.0
227175101,A,13.0,13.0
227175201,A,12.0,12.0
227190001,,13.0,13.0
227190002,A,6.0,6.0
227190004,A,16.0,16.0
227200001,,6.0,6.0
227200002,A,6.0,6.0
227200003,A,9.0,9.0
227200004,A,6.0,6.0
227200006,A,9.0,9.0
227203102,A,6.0,6.0
228010003,G,12.0,12.0
228010004,G,9.0,9.0
228010005,A,6.0,6.0
228010006,G,6.0,6.0
228010007,G,9.0,9.0
228011104,,12.0,12.0
228020001,G,6.0,6.0
228020002,G,6.0,6.0
228020003,G,12.0,12.0
228020007,A,13.0,13.0
228040001,A,6.0,6.0
228040002,G,6.0,6.0
228040003,G,6.0,6.0
228045101,G,6.0,6.0
228060004,G,6.0,6.0
228064102,G,6.0,6.0
228070004,G,6.0,6.0
228073103,G,6.0,6.0
228073105,G,9.0,9.0
228075202,G,12.0,12.0
228080003,G,6.0,6.0
228080004,G,6.0,6.0
228080005,G,6.0,6.0
228080009,,6.0,6.0
228084102,G,6.0,6.0
228084202,B,9.0,9.0
228090001,G,6.0,6.0
228090003,G,6.0,6.0
228090005,G,6.0,6.0
228090006,G,12.0,12.0
228110001,G,6.0,6.0
228110002,G,6.0,6.0
228110003,A,12.0,12.0
228110007,A,9.0,9.0
228120002,G,6.0,6.0
228120003,G,6.0,6.0
228120004,G,9.0,9.0
228120006,A,13.0,13.0
228124108,G,6.0,6.0
228125102,A,13.0,13.0
228140001,G,6.0,6.0
228140004,G,12.0,12.0
228144102,G,12.0,12.0
228150002,G,6.0,6.0
228150003,G,6.0,6.0
228150004,A,6.0,6.0
228150005,,6.0,6.0
228150007,G,6.0,6.0
228154102,G,9.0,9.0
228155102,G,6.0,6.0
228160002,G,6.0,6.0
228160004,G,6.0,6.0
228180002,G,6.0,6.0
228180003,A,12.0,12.0
228180004,G,16.0,16.0
228180005,G,12.0,12.0
228180006,G,9.0,9.0
228183101,A,13.0,13.0
228183104,A,13.0,13.0
228183202,G,9.0,9.0
228185102,G,16.0,16.0
228190001,,6.0,6.0
228190003,G,9.0,9.0
228190004,G,12.0,12.0
228190007,G,6.0,6.0
228194107,C1,9.0,9.0
228200002,G,16.0,16.0
228204102,G,9.0,9.0
228210003,G,6.0,6.0
228210005,A G,13.0,13.0
228210006,A,13.0,13.0
228210007,A,12.0,12.0
228210008,G,9.0,9.0
228210009,G,9.0,9.0
228210011,G,6.0,6.0
228211104,G,9.0,9.0
228220001,G,6.0,6.0
228220002,G,6.0,6.0
228220004,G,9.0,9.0
228224102,G,6.0,6.0
228230001,B,6.0,6.0
228230002,A,12.0,12.0
228230003,A,9.0,9.0
228230004,A,9.0,9.0
228230007,A,12.0,12.0
228230008,A,9.0,9.0
228230009,A,12.0,12.0
228230011,A,9.0,9.0
228233102,A,13.0,13.0
228234106,G,12.0,12.0
228250001,G,6.0,6.0
228250002,G,6.0,6.0
228250004,G,6.0,6.0
228250005,A,6.0,6.0
228250007,G,13.0,13.0
228250008,G,9.0,9.0
228250010,A,6.0,6.0
228254203,G,6.0,6.0
228260001,G,6.0,6.0
228260002,G,6.0,6.0
228260003,G,6.0,6.0
228260004,A,6.0,6.0
228260005,G,6.0,6.0
228260009,G,6.0,6.0
228264102,A,9.0,9.0
228264201,G,6.0,6.0
228270003,G,6.0,6.0
228270004,G,9.0,9.0
228280001,G,6.0,6.0
228280002,G,6.0,6.0
228280003,G,9.0,9.0
228280004,G,16.0,16.0
228280005,G,6.0,6.0
228290003,,9.0,9.0
228290004,G,9.0,9.0
228290005,G,16.0,16.0
228290007,G,13.0,13.0
228294202,J,9.0,9.0
228300002,G,6.0,6.0
228300005,G,6.0,6.0
229010001,G,6.0,6.0
229010002,A,6.0,6.0
229010003,A,6.0,6.0
229010004,,6.0,6.0
229020003,A,6.0,6.0
229020005,A,6.0,6.0
229020006,A,6.0,6.0
229024102,A,9.0,9.0
229030005,,6.0,6.0
229030006,,6.0,6.0
229030008,B,9.0,9.0
229040003,G,6.0,6.0
229040004,A,6.0,6.0
229040005,G,6.0,6.0
229040007,G,6.0,6.0
229041103,A,6.0,6.0
229043105,A,9.0,9.0
229050003,A,6.0,6.0
229050004,A,6.0,6.0
229050006,A,13.0,13.0
229060001,A,6.0,6.0
229060002,A,6.0,6.0
229060003,A,6.0,6.0
229060005,A,6.0,6.0
229061102,A,6.0,6.0
229070002,A,6.0,6.0
229070003,A,6.0,6.0
229070004,A,6.0,6.0
229080003,A,6.0,6.0
229085101,A,6.0,6.0
229085103,A,13.0,13.0
229090004,A,6.0,6.0
229090005,A,6.0,6.0
229090008,G,9.0,9.0
229090009,G,6.0,6.0
229100001,A,6.0,6.0
229100003,A,6.0,6.0
229110003,A,3.0,3.0
229110004,A,6.0,6.0
229113102,A,6.0,6.0
229120002,A,6.0,6.0
229120003,A,6.0,6.0
229140004,A,6.0,6.0
229140005,A,6.0,6.0
229140006,A,12.0,12.0
229140007,A,9.0,9.0
229144102,G,9.0,9.0
229150001,A,6.0,6.0
229150004,A,9.0,9.0
229151102,A,6.0,6.0
229151103,A,9.0,9.0
229153102,G,6.0,6.0
229153205,G,9.0,9.0
229160003,A,6.0,6.0
229160006,A,6.0,6.0
229163205,A,6.0,6.0
229170001,A,6.0,6.0
229170010,A,6.0,6.0
229173102,G,6.0,6.0
229173103,G,6.0,6.0
229174102,A,6.0,6.0
229174202,A,6.0,6.0
229174302,A,6.0,6.0
229180002,G,6.0,6.0
229180007,G,6.0,6.0
229190002,G,6.0,6.0
229190003,A,6.0,6.0
229190004,A,6.0,6.0
229210001,A,6.0,6.0
229214008,G,6.0,6.0
229230001,A,6.0,6.0
229230005,A,6.0,6.0
229230007,A,6.0,6.0
229235101,A,6.0,6.0
229240001,A,6.0,6.0
229240002,A,6.0,6.0
229250004,A,6.0,6.0
229250005,A,6.0,6.0
229250006,G,6.0,6.0
229255102,A,9.0,9.0
229260001,A,6.0,6.0
229260002,,6.0,6.0
229260003,A,6.0,6.0
229260004,A,9.0,9.0
229260006,A,6.0,6.0
229260007,A,9.0,9.0
229260008,A,9.0,9.0
229260009,A,6.0,6.0
229260010,G,6.0,6.0
229263104,A,6.0,6.0
229263202,G,9.0,9.0
229263306,A,9.0,9.0
229264102,A,16.0,16.0
229280003,A,6.0,6.0
229284101,G,6.0,6.0
229290001,G,6.0,6.0
229290002,G,6.0,6.0
229290003,A,6.0,6.0
229290006,A,6.0,6.0
229300006,A,6.0,6.0
229305102,A,6.0,6.0
230010003,G,13.0,13.0
230010004,A,13.0,13.0
230010005,G,9.0,9.0
230020001,G,6.0,6.0
230020002,A,6.0,6.0
230020003,G,12.0,12.0
230020004,G,9.0,9.0
230020005,G,6.0,6.0
230020007,A,13.0,13.0
230023103,A,13.0,13.0
230024102,G,6.0,6.0
230030005,G,6.0,6.0
230030006,G,6.0,6.0
230030007,G,6.0,6.0
230033104,A,9.0,9.0
230035101,G,9.0,9.0
230040001,G,6.0,6.0
230040002,G,6.0,6.0
230040003,G,6.0,6.0
230040006,G,6.0,6.0
230041103,G,6.0,6.0
230041104,,6.0,6.0
230050003,G,9.0,9.0
230050005,A,9.0,9.0
230050007,G,6.0,6.0
230055102,G,6.0,6.0
230060002,G,6.0,6.0
230060003,G,16.0,16.0
230060004,A,16.0,16.0
230065101,G,16.0,16.0
230070001,G,6.0,6.0
230070003,G,6.0,6.0
230074101,G,13.0,13.0
230080001,G,6.0,6.0
230080002,G,6.0,6.0
230080003,G,6.0,6.0
230080004,G,6.0,6.0
230080005,G,6.0,6.0
230080006,G,6.0,6.0
230080008,G,6.0,6.0
230080009,G,6.0,6.0
230090003,G,6.0,6.0
230090004,G,9.0,9.0
230090005,G,9.0,9.0
230090006,G,6.0,6.0
230090007,G,16.0,16.0
230094101,G,6.0,6.0
230094304,G,9.0,9.0
230095202,G,6.0,6.0
230100002,A,6.0,6.0
230100005,A,6.0,6.0
230101103,G,9.0,9.0
230110001,G,6.0,6.0
230110003,G,6.0,6.0
230110006,G,6.0,6.0
230120004,G,9.0,9.0
230130001,G,6.0,6.0
230130003,G,6.0,6.0
230135102,G,6.0,6.0
230140002,G,6.0,6.0
230140003,G,6.0,6.0
230140004,A,6.0,6.0
230140005,G,9.0,9.0
230140008,A,9.0,9.0
230145102,G,6.0,6.0
230150003,G,6.0,6.0
230150004,G,9.0,9.0
230154102,G,6.0,6.0
230170003,A,6.0,6.0
230170004,G,6.0,6.0
230174103,G,9.0,9.0
230175203,G,6.0,6.0
230180003,G,6.0,6.0
230180004,G,6.0,6.0
230180005,G,6.0,6.0
230190005,G,6.0,6.0
230190006,G,9.0,9.0
230200001,G,6.0,6.0
230200002,G,6.0,6.0
230200003,A,9.0,9.0
230210002,G,13.0,13.0
230210003,G,6.0,6.0
230210004,G,9.0,9.0
230220004,G,6.0,6.0
230220007,G,9.0,9.0
230240002,G,6.0,6.0
230240003,A,6.0,6.0
230245101,G,6.0,6.0
230250003,A,6.0,6.0
230250004,A,6.0,6.0
230250007,A,9.0,9.0
230260001,,6.0,6.0
230260002,G,6.0,6.0
230260003,G,6.0,6.0
230260004,G,6.0,6.0
230260005,A,6.0,6.0
230260006,A,6.0,6.0
230260008,A,13.0,13.0
230265202,G,6.0,6.0
230270002,G,6.0,6.0
230270004,G,6.0,6.0
230270005,G,9.0,9.0
230270006,G,6.0,6.0
230270007,G,6.0,6.0
230270008,A,13.0,13.0
230270009,G,13.0,13.0
230270010,A,13.0,13.0
230280002,A,6.0,6.0
230280003,G,6.0,6.0
230280008,G,9.0,9.0
230290002,G,6.0,6.0
230290003,G,13.0,13.0
230290004,G,16.0,16.0
230300003,G,6.0,6.0
230300004,G,6.0,6.0
230300005,G,6.0,6.0
230300006,,6.0,6.0
230300007,G,6.0,6.0
230303104,,9.0,9.0
230304105,,16.0,16.0
231010004,A,9.0,9.0
231013101,,6.0,6.0
231030001,A,6.0,6.0
231040001,A,6.0,6.0
231040002,A,6.0,6.0
231040003,A,9.0,9.0
231043102,A,6.0,6.0
231043103,A,12.0,12.0
231050001,A,6.0,6.0
231050002,A,6.0,6.0
231050003,A,6.0,6.0
231050004,A,6.0,6.0
231050005,A,6.0,6.0
231053104,A,6.0,6.0
231060001,A,6.0,6.0
231060006,A,6.0,6.0
231060007,A,6.0,6.0
231070001,A,6.0,6.0
231070002,A,6.0,6.0
231070003,A,13.0,13.0
231070004,A,9.0,9.0
231070006,A,9.0,9.0
231071102,A,9.0,9.0
231071104,A,12.0,12.0
231075102,A,9.0,9.0
231075203,A,9.0,9.0
231080001,A,6.0,6.0
231080002,A,6.0,6.0
231080003,A,6.0,6.0
231080004,A,6.0,6.0
231080006,,6.0,6.0
231090003,A,6.0,6.0
231100002,A,6.0,6.0
231100003,A,6.0,6.0
231100004,A,6.0,6.0
231100005,A,6.0,6.0
231100006,A,6.0,6.0
231110001,,6.0,6.0
231110002,A,6.0,6.0
231110003,A,6.0,6.0
231114101,,6.0,6.0
231120002,A,6.0,6.0
231120003,A,6.0,6.0
231120004,A,6.0,6.0
231120005,A,6.0,6.0
231121101,A,6.0,6.0
231121103,A,9.0,9.0
231130001,A,6.0,6.0
231130002,A,6.0,6.0
231130003,A,6.0,6.0
231130004,A,6.0,6.0
231140001,A,6.0,6.0
231140002,A,6.0,6.0
231140003,A,6.0,6.0
231140004,A,13.0,13.0
231145101,A,9.0,9.0
231150001,,6.0,6.0
231150002,A,9.0,9.0
231150004,,6.0,6.0
231150005,A,6.0,6.0
231150006,,6.0,6.0
231155102,A,6.0,6.0
231160001,A,6.0,6.0
231160002,A,6.0,6.0
231160003,A,6.0,6.0
231170003,A,6.0,6.0
231170004,A,12.0,12.0
231174102,A,6.0,6.0
231180001,A,9.0,9.0
231180003,A,9.0,9.0
231190001,A,6.0,6.0
231190002,A,6.0,6.0
231190004,A,9.0,9.0
231190005,A,6.0,6.0
231190006,A,9.0,9.0
231200001,A,12.0,12.0
231200002,A,6.0,6.0
231200003,V,16.0,16.0
231200004,A,12.0,12.0
231210001,A,6.0,6.0
231210002,A,6.0,6.0
231210003,A,13.0,13.0
231210004,A,13.0,13.0
231215102,A,6.0,6.0
231220002,A,6.0,6.0
231220003,,6.0,6.0
231220004,,9.0,9.0
231220005,A,6.0,6.0
231224202,A,9.0,9.0
231240002,A,13.0,13.0
231250001,A,9.0,9.0
231250002,,6.0,6.0
231250003,A,12.0,12.0
231253101,A,16.0,16.0
231253103,A,9.0,9.0
231260003,A,6.0,6.0
231260004,A,6.0,6.0
231260006,A,6.0,6.0
231260007,A,9.0,9.0
231260009,A,6.0,6.0
231265102,A,6.0,6.0
231270002,A,6.0,6.0
231270003,A,9.0,9.0
231270004,A,6.0,6.0
231270005,A,9.0,9.0
231270006,A,6.0,6.0
231270009,A,9.0,9.0
231270013,A,6.0,6.0
231271101,A,16.0,16.0
231280001,A,6.0,6.0
231280002,A,6.0,6.0
231280003,A,16.0,16.0
231285102,A,9.0,9.0
231290002,A,6.0,6.0
231290003,A,13.0,13.0
231300001,,9.0,9.0
231300002,A,6.0,6.0
231300003,,13.0,13.0
231300005,,9.0,9.0
231304106,,9.0,9.0
232010001,A,6.0,6.0
232010002,A,6.0,6.0
232010003,A,13.0,13.0
232020001,,6.0,6.0
232020003,A,9.0,9.0
232040001,,12.0,12.0
232040002,,6.0,6.0
232050003,A,12.0,12.0
232050006,A,6.0,6.0
232050007,A,9.0,9.0
232050008,A,6.0,6.0
232060001,A,12.0,12.0
232060002,A,6.0,6.0
232060003,A,12.0,12.0
232060004,A,12.0,12.0
232060005,C,6.0,6.0
232064101,A,18.0,18.0
232090002,A,6.0,6.0
232100009,A,12.0,12.0
232120002,A,9.0,9.0
232120003,A,9.0,9.0
232120005,A,13.0,13.0
232120006,A,13.0,13.0
232120009,A,6.0,6.0
232123103,A,12.0,12.0
232130005,A,6.0,6.0
232130006,A,12.0,12.0
232130007,A,9.0,9.0
232140006,A,13.0,13.0
232143103,A,9.0,9.0
232143105,A,12.0,12.0
232150001,A,6.0,6.0
232150002,A,9.0,9.0
232150003,A,9.0,9.0
232150004,A,13.0,13.0
232160004,A,16.0,16.0
232160005,A,9.0,9.0
232170001,A,6.0,6.0
232170002,A,9.0,9.0
232170004,A,16.0,16.0
232180001,A,6.0,6.0
232180002,A,6.0,6.0
232180003,A,9.0,9.0
232180004,,13.0,13.0
232190001,A,6.0,6.0
232190002,A,6.0,6.0
232190004,A,15.0,15.0
232190005,A,13.0,13.0
232191103,A,13.0,13.0
232194103,A,9.0,9.0
232221103,A,13.0,13.0
232240003,A,9.0,9.0
232240004,A,12.0,12.0
232240005,A,12.0,12.0
232240007,A,13.0,13.0
232241103,A,16.0,16.0
232250001,A,6.0,6.0
232250002,A,6.0,6.0
232250003,A,12.0,12.0
232260001,A,6.0,6.0
232260002,A,9.0,9.0
232260003,A,12.0,12.0
232280001,A,9.0,9.0
232280002,A,6.0,6.0
232280003,A,12.0,12.0
232280005,A,9.0,9.0
232280007,,6.0,6.0
232285202,A,12.0,12.0
232290001,A,13.0,13.0
232290005,A,9.0,9.0
233010003,G,6.0,6.0
233010004,G,13.0,13.0
233010005,G,9.0,9.0
233010006,G,9.0,9.0
233014203,G,16.0,16.0
233030002,G,6.0,6.0
233040001,A,6.0,6.0
233040002,A,6.0,6.0
233040003,G,6.0,6.0
233060001,G,6.0,6.0
233070002,G,6.0,6.0
233070003,G,6.0,6.0
233070004,G,6.0,6.0
233070005,G,9.0,9.0
233073102,G,13.0,13.0
233073103,G,9.0,9.0
233074102,G,13.0,13.0
233074204,A,16.0,16.0
233080002,G,6.0,6.0
233080003,A,6.0,6.0
233080004,A,13.0,13.0
233080005,A,6.0,6.0
233090002,G,6.0,6.0
233090003,,6.0,6.0
233090005,G,6.0,6.0
233090006,G,9.0,9.0
233094102,G,6.0,6.0
233095102,G,9.0,9.0
233095203,G,6.0,6.0
233100005,A,6.0,6.0
233100006,G,6.0,6.0
233110001,G,6.0,6.0
233110002,G,6.0,6.0
233130004,A,6.0,6.0
233130005,G,6.0,6.0
233130006,A,6.0,6.0
233130007,A,6.0,6.0
233130008,A,9.0,9.0
233130010,,9.0,9.0
233134104,A,12.0,12.0
233134201,G,13.0,13.0
233140001,G,6.0,6.0
233140002,G,6.0,6.0
233140004,G,9.0,9.0
233140006,G,9.0,9.0
233160002,G,6.0,6.0
233160004,G,9.0,9.0
233160009,G,6.0,6.0
233170003,G,13.0,13.0
233170005,G,16.0,16.0
233170006,G,13.0,13.0
233180001,,6.0,6.0
233180002,A,6.0,6.0
233180003,G,6.0,6.0
233180004,G,9.0,9.0
233180005,G,12.0,12.0
233185102,A,12.0,12.0
233200001,G,6.0,6.0
233200002,G,6.0,6.0
233200003,G,6.0,6.0
233200004,G,13.0,13.0
233203107,G,6.0,6.0
233205103,G,12.0,12.0
233210001,G,6.0,6.0
233210003,G,6.0,6.0
233210004,G,6.0,6.0
233210005,G,6.0,6.0
233210006,G,9.0,9.0
233211101,G,6.0,6.0
233214101,G,6.0,6.0
233215103,G,9.0,9.0
233215201,G,12.0,12.0
233230002,G,6.0,6.0
233230003,A,6.0,6.0
233240001,G,6.0,6.0
233240002,G,6.0,6.0
233240003,G,6.0,6.0
233240004,A,9.0,9.0
233240007,G,12.0,12.0
233260003,,9.0,9.0
233270001,G,6.0,6.0
233270003,G,9.0,9.0
233270005,G,6.0,6.0
233280001,A,9.0,9.0
233280003,A,6.0,6.0
233280004,G,6.0,6.0
233280005,A,6.0,6.0
233285102,A,6.0,6.0
233285202,G,6.0,6.0
233290002,G,6.0,6.0
233300002,G,6.0,6.0
233300003,G,6.0,6.0
233300007,G,13.0,13.0
233300009,A,6.0,6.0
233301105,G,13.0,13.0
234010001,G,6.0,6.0
234010002,G,12.0,12.0
234010003,G,6.0,6.0
234010004,,9.0,9.0
234010006,A,15.0,15.0
234010010,A,9.0,9.0
234011101,G,16.0,16.0
234011103,G,15.0,15.0
234011104,G,9.0,9.0
234020001,G,12.0,12.0
234020002,G,12.0,12.0
234020003,A,16.0,16.0
234030002,V,12.0,12.0
234030003,,6.0,6.0
234040001,G,16.0,16.0
234040002,G,9.0,9.0
234040003,G,16.0,16.0
234040004,G,15.0,15.0
234040005,A,16.0,16.0
234040008,A,15.0,15.0
234044203,,18.0,18.0
234050001,G,9.0,9.0
234050002,A,6.0,6.0
234050003,G,15.0,15.0
234050004,G,12.0,12.0
234050005,G,12.0,12.0
234050007,G,12.0,12.0
234054202,G,9.0,9.0
234054203,G,12.0,12.0
234070001,A,6.0,6.0
234070003,A,15.0,15.0
234070005,A,6.0,6.0
234070007,A,12.0,12.0
234073303,A,9.0,9.0
234080001,G,13.0,13.0
234080002,G,6.0,6.0
234080003,A,16.0,16.0
234080005,G,16.0,16.0
234080006,G,16.0,16.0
234084101,A,16.0,16.0
234090002,G,15.0,15.0
234090003,G,16.0,16.0
234090004,G,15.0,15.0
234090005,G,12.0,12.0
234090006,G,9.0,9.0
234100003,G,6.0,6.0
234100004,G,6.0,6.0
234100005,,6.0,6.0
234100007,G,12.0,12.0
234100008,G,12.0,12.0
234100009,G,12.0,12.0
234105101,G,9.0,9.0
234110005,A,12.0,12.0
234110006,G,6.0,6.0
234110009,G,12.0,12.0
234110011,G,6.0,6.0
234114102,A,6.0,6.0
234120001,G,13.0,13.0
234120002,G,6.0,6.0
234120003,G,12.0,12.0
234120004,G,16.0,16.0
234120005,G,16.0,16.0
234120006,G,6.0,6.0
234120007,G,16.0,16.0
234124101,G,12.0,12.0
234130003,G,9.0,9.0
234130005,G,12.0,12.0
234130007,G,6.0,6.0
234130008,G,13.0,13.0
234134101,G,6.0,6.0
234134202,G,6.0,6.0
234140001,Q,12.0,12.0
234140002,A,16.0,16.0
234140003,A,16.0,16.0
234140005,A,16.0,16.0
234140006,G,16.0,16.0
234140007,G,16.0,16.0
234140008,G,12.0,12.0
234140010,A,12.0,12.0
234144201,G,9.0,9.0
234145102,G,12.0,12.0
234150002,G,6.0,6.0
234150004,G,13.0,13.0
234150005,G,12.0,12.0
234150006,G,12.0,12.0
234153102,G,9.0,9.0
234153105,G,13.0,13.0
234153106,G,13.0,13.0
234154104,G,12.0,12.0
234155202,,13.0,13.0
234160001,G,6.0,6.0
234160002,G,6.0,6.0
234160003,G,9.0,9.0
234160004,G,12.0,12.0
234160005,G,12.0,12.0
234165102,A,12.0,12.0
234170001,G,6.0,6.0
234170002,G,9.0,9.0
234170004,G,12.0,12.0
234170007,G,12.0,12.0
234170008,A,12.0,12.0
234170009,A,16.0,16.0
234175104,G,12.0,12.0
234180002,G,6.0,6.0
234180003,G,13.0,13.0
234180004,G,13.0,13.0
234180006,G,13.0,13.0
234180007,G,6.0,6.0
234184101,G,12.0,12.0
234200002,G,6.0,6.0
234200003,G,6.0,6.0
234200004,G,13.0,13.0
235010002,G,16.0,16.0
235020003,G,15.0,15.0
235020004,G,6.0,6.0
235030005,A,16.0,16.0
235030006,A V,16.0,16.0
235030007,A,12.0,12.0
235040001,G,6.0,6.0
235040002,G,6.0,6.0
235040003,G,9.0,9.0
235040004,G,12.0,12.0
235044104,G,9.0,9.0
235045102,G,9.0,9.0
235050002,G,6.0,6.0
235050003,G,13.0,13.0
235050004,G,16.0,16.0
235050005,G,12.0,12.0
235053101,G,15.0,15.0
235053103,G,12.0,12.0
235053105,G,15.0,15.0
235060004,G,6.0,6.0
235070001,G,9.0,9.0
235070002,G,9.0,9.0
235070004,,6.0,6.0
235070005,G,13.0,13.0
235070007,G,6.0,6.0
235070008,G,6.0,6.0
235090004,G,9.0,9.0
235090005,G,6.0,6.0
235091105,,13.0,13.0
235100001,A,16.0,16.0
235100002,A,16.0,16.0
235100003,A,16.0,16.0
235100005,A,12.0,12.0
235110001,V,6.0,6.0
235120001,G,13.0,13.0
235120002,G,9.0,9.0
235120003,G,16.0,16.0
235120006,G,16.0,16.0
235120008,A,12.0,12.0
235130001,G,9.0,9.0
235130002,G,6.0,6.0
235130003,G,9.0,9.0
235130004,G,9.0,9.0
235130005,G,12.0,12.0
235130008,G,16.0,16.0
235134101,G,6.0,6.0
235135102,G,9.0,9.0
235140001,,13.0,13.0
235140002,,9.0,9.0
235140004,G,15.0,15.0
235150002,G,12.0,12.0
235150003,A G,18.0,18.0
235150004,C G,12.0,12.0
235150005,A,16.0,16.0
235150006,G,16.0,16.0
235150008,A,16.0,16.0
235150009,G,12.0,12.0
235151104,G,12.0,12.0
235160001,F,12.0,12.0
235160002,F,12.0,12.0
235160004,F,16.0,16.0
235160005,A,12.0,12.0
235160009,A,12.0,12.0
235170001,G,9.0,9.0
235170002,G,6.0,6.0
235170003,G,12.0,12.0
235170004,A G,16.0,16.0
235170005,G,16.0,16.0
235174104,G,16.0,16.0
235180003,,12.0,12.0
235180004,A,12.0,12.0
235180009,,9.0,9.0
235180010,A,16.0,16.0
235180011,A,16.0,16.0
235184102,G,13.0,13.0
235184202,,12.0,12.0
235190001,G,15.0,15.0
235190002,G,6.0,6.0
235190004,A,16.0,16.0
235190006,,6.0,6.0
235190007,G,13.0,13.0
235200002,A,0.0,0.0
235200004,G,6.0,6.0
236010001,G,9.0,9.0
236010002,A,6.0,6.0
236010003,A,16.0,16.0
236010004,A G,13.0,13.0
236030003,A,6.0,6.0
236030005,G,6.0,6.0
236030007,G,13.0,13.0
236050001,A G,6.0,6.0
236050002,A,9.0,9.0
236050003,A,12.0,12.0
236050004,A,13.0,13.0
236050005,A,9.0,9.0
236050006,A,13.0,13.0
236050007,A,12.0,12.0
236050009,A,12.0,12.0
236053103,A,9.0,9.0
236055102,A,13.0,13.0
236060001,A,6.0,6.0
236060002,A,6.0,6.0
236060003,A,9.0,9.0
236060004,A,6.0,6.0
236060006,A,13.0,13.0
236064101,F,15.0,15.0
236065102,A,15.0,15.0
236070001,G,6.0,6.0
236080002,A G,6.0,6.0
236080003,A,6.0,6.0
236080004,A G,9.0,9.0
236080007,A,12.0,12.0
236083103,G,9.0,9.0
236083108,A,9.0,9.0
236083203,A,6.0,6.0
236083205,A,13.0,13.0
236100003,G,9.0,9.0
236100004,G,6.0,6.0
236100006,G,12.0,12.0
236100007,,12.0,12.0
236100008,G,6.0,6.0
236100009,G,12.0,12.0
236100010,G,12.0,12.0
236100013,A G,13.0,13.0
236105202,,13.0,13.0
236110001,G,9.0,9.0
236110002,A,9.0,9.0
236110003,A,12.0,12.0
236110004,A,12.0,12.0
236120001,A,12.0,12.0
236120002,A,13.0,13.0
236130001,A,16.0,16.0
236130002,A,12.0,12.0
236130004,,13.0,13.0
236130005,A,15.0,15.0
236130006,A,16.0,16.0
236130010,A,16.0,16.0
236133105,,12.0,12.0
236133106,,16.0,16.0
236133202,A,16.0,16.0
236133203,A,16.0,16.0
236133304,A,15.0,15.0
236140005,A,12.0,12.0
236140007,A,12.0,12.0
236150004,A,13.0,13.0
236160001,A G,6.0,6.0
236160002,A,6.0,6.0
236160005,A,9.0,9.0
236160007,G,6.0,6.0
236170001,A,9.0,9.0
236170002,A,9.0,9.0
236170004,A,13.0,13.0
236170005,A,9.0,9.0
236170010,A,13.0,13.0
236173101,A,12.0,12.0
236173105,A G,18.0,18.0
236190001,A,9.0,9.0
236190002,U,9.0,9.0
236190004,A U,12.0,12.0
236190005,A U,15.0,15.0
236194101,A,16.0,16.0
236195102,A,15.0,15.0
237010002,A,6.0,6.0
237010004,A,15.0,15.0
237010005,A,13.0,13.0
237010006,A,16.0,16.0
237010007,A F,12.0,12.0
237020001,A,9.0,9.0
237020002,A,6.0,6.0
237020003,A,13.0,13.0
237020004,A,13.0,13.0
237020005,A,12.0,12.0
237024101,A,9.0,9.0
237025102,A,13.0,13.0
237030001,A,6.0,6.0
237030002,A,6.0,6.0
237030003,A,9.0,9.0
237030004,A,13.0,13.0
237033101,A,12.0,12.0
237040002,A,9.0,9.0
237040004,A,9.0,9.0
237040005,A,9.0,9.0
237040006,A,12.0,12.0
237040007,A,12.0,12.0
237040010,A,6.0,6.0
237040011,A,6.0,6.0
237040012,A,16.0,16.0
237043102,A,9.0,9.0
237044102,A,13.0,13.0
237050001,A,6.0,6.0
237050002,A,6.0,6.0
237050003,Q,12.0,12.0
237050004,A,16.0,16.0
237050005,A,15.0,15.0
237053106,,12.0,12.0
237055102,A,16.0,16.0
237055202,A,13.0,13.0
237060001,A,12.0,12.0
237060002,A,9.0,9.0
237060003,A,16.0,16.0
237060004,A,6.0,6.0
237063102,A,6.0,6.0
237063103,A,13.0,13.0
237070001,A,12.0,12.0
237070002,A,9.0,9.0
237070003,A,16.0,16.0
237070004,A,12.0,12.0
237070005,A,9.0,9.0
237080001,,6.0,6.0
237080003,A,6.0,6.0
237080004,A,12.0,12.0
237080005,A,9.0,9.0
237080006,A,12.0,12.0
237080008,A,12.0,12.0
237080009,A,13.0,13.0
237080012,A,9.0,9.0
237083202,A,12.0,12.0
237083302,A,6.0,6.0
237090001,A,12.0,12.0
237090002,A,12.0,12.0
237090004,A,16.0,16.0
237100002,A,9.0,9.0
237100003,A,9.0,9.0
237100004,A,9.0,9.0
237104102,A,6.0,6.0
237110002,A,6.0,6.0
237110004,A,13.0,13.0
237110005,A,9.0,9.0
237110006,A,9.0,9.0
237115102,A,13.0,13.0
237120001,A,6.0,6.0
237120002,A,6.0,6.0
237120003,A,12.0,12.0
237120004,A,13.0,13.0
237120006,A,13.0,13.0
237120007,A,9.0,9.0
237130003,A,6.0,6.0
237130004,,6.0,6.0
237130005,A,9.0,9.0
237130006,A,12.0,12.0
237130007,A,9.0,9.0
237130008,A,9.0,9.0
237134104,A,6.0,6.0
237140003,A,6.0,6.0
237140004,A,6.0,6.0
237140006,A,9.0,9.0
237160007,A,9.0,9.0
237160010,A,12.0,12.0
237170001,A,6.0,6.0
237170002,A,9.0,9.0
237170003,A,9.0,9.0
237170005,A,13.0,13.0
237170006,A,9.0,9.0
237190001,A,6.0,6.0
237190002,A,6.0,6.0
237190003,A,9.0,9.0
237190004,A,13.0,13.0
237190005,A,13.0,13.0
237190006,A,6.0,6.0
237190008,A,13.0,13.0
237190009,A,16.0,16.0
237193101,A,13.0,13.0
237193103,A,13.0,13.0
237194102,,15.0,15.0
237200001,A,16.0,16.0
237200003,A,12.0,12.0
237200006,A,13.0,13.0
237204102,A,13.0,13.0
237210001,A,9.0,9.0
237210002,A,9.0,9.0
237210004,A,15.0,15.0
237220003,A,6.0,6.0
237220004,A,12.0,12.0
237220006,A,16.0,16.0
237220007,A,12.0,12.0
237220008,A,9.0,9.0
237220010,A,12.0,12.0
237230001,A,12.0,12.0
237230002,A,9.0,9.0
237240002,A,6.0,6.0
237240004,A,13.0,13.0
237240005,A,15.0,15.0
237240006,,13.0,13.0
237240007,A,9.0,9.0
237245102,A,9.0,9.0
237250001,A,6.0,6.0
237250002,A,6.0,6.0
237250003,A,13.0,13.0
237250004,A,12.0,12.0
237250005,A,9.0,9.0
237255102,A,9.0,9.0
237260001,A,9.0,9.0
237260002,A,6.0,6.0
237260003,A,16.0,16.0
237260006,A,13.0,13.0
237260007,A,9.0,9.0
237270001,A,9.0,9.0
237270002,A,6.0,6.0
237270003,A,16.0,16.0
237270004,A,12.0,12.0
237280001,A,6.0,6.0
237280002,A,9.0,9.0
237280003,A,16.0,16.0
237284102,A,16.0,16.0
237290001,A,6.0,6.0
237290002,A,9.0,9.0
237290003,A,9.0,9.0
237290004,A,9.0,9.0
237290005,A,12.0,12.0
237290006,A,12.0,12.0
237294102,A,9.0,9.0
237300002,A,6.0,6.0
237300004,A,6.0,6.0
237300005,,9.0,9.0
237300006,A,6.0,6.0
237300007,A,12.0,12.0
237303102,A,12.0,12.0
238010002,A,9.0,9.0
238020001,A,12.0,12.0
238020002,A,9.0,9.0
238020003,A,16.0,16.0
238020004,,6.0,6.0
238020005,A,12.0,12.0
238020006,A,13.0,13.0
238021104,A,13.0,13.0
238021105,A,13.0,13.0
238030001,G,12.0,12.0
238030002,G,9.0,9.0
238030003,G,12.0,12.0
238031103,G,16.0,16.0
238031106,G,12.0,12.0
238040001,E,6.0,6.0
238040002,A,6.0,6.0
238040004,A,9.0,9.0
238040005,A E,13.0,13.0
238044101,A,9.0,9.0
238045104,A,12.0,12.0
238050001,A,6.0,6.0
238050003,A,13.0,13.0
238050004,A,12.0,12.0
238050005,A,9.0,9.0
238054102,A,13.0,13.0
238070001,A,6.0,6.0
238070002,A,6.0,6.0
238070003,A,9.0,9.0
238070004,A,12.0,12.0
238070005,A,12.0,12.0
238074102,A,12.0,12.0
238080003,A,9.0,9.0
238080004,A,6.0,6.0
238080005,A,13.0,13.0
238080006,A,16.0,16.0
238100001,A,12.0,12.0
238100003,B1,12.0,12.0
238110001,,15.0,15.0
238110002,A,15.0,15.0
238110004,A,16.0,16.0
238110009,A,12.0,12.0
238120001,A V,13.0,13.0
238120002,A,9.0,9.0
238120003,A,12.0,12.0
238123101,,16.0,16.0
238125101,A,12.0,12.0
238140001,A,13.0,13.0
238140002,A,12.0,12.0
238140003,A,16.0,16.0
238140004,A,16.0,16.0
238140006,A,18.0,18.0
238145102,A,15.0,15.0
238153201,A,6.0,6.0
238170002,A,9.0,9.0
238170003,A,16.0,16.0
238170004,A,16.0,16.0
238170005,A,16.0,16.0
238170006,A,16.0,16.0
238174102,A,16.0,16.0
238174103,A,12.0,12.0
238174201,A,12.0,12.0
238174303,A,16.0,16.0
238174401,A,13.0,13.0
238180001,A,13.0,13.0
238180003,A,13.0,13.0
238180004,A,13.0,13.0
238180005,A,13.0,13.0
238185102,A,13.0,13.0
238190002,A,12.0,12.0
238190003,A,13.0,13.0
238190004,A,12.0,12.0
238200001,,6.0,6.0
238200002,G,6.0,6.0
238200004,,6.0,6.0
238200006,G,6.0,6.0
239010002,A,6.0,6.0
239010003,A,9.0,9.0
239010004,A,6.0,6.0
239010005,A,13.0,13.0
239010006,A,9.0,9.0
239010008,A,12.0,12.0
239010009,A,13.0,13.0
239010010,A,12.0,12.0
239010011,A,13.0,13.0
239010012,A,13.0,13.0
239010014,A,9.0,9.0
239010016,A,13.0,13.0
239011104,A,13.0,13.0
239020001,A,6.0,6.0
239020002,A,6.0,6.0
239020003,A,12.0,12.0
239020004,A,13.0,13.0
239030003,A,6.0,6.0
239030004,A,6.0,6.0
239030005,A,6.0,6.0
239030006,A,6.0,6.0
239030007,A,9.0,9.0
239030008,A,9.0,9.0
239033102,A,6.0,6.0
239033103,A,12.0,12.0
239033203,A,12.0,12.0
239040001,A,6.0,6.0
239040002,A,6.0,6.0
239040003,A,12.0,12.0
239043101,A,6.0,6.0
239043103,A,13.0,13.0
239044101,A,12.0,12.0
239050003,A,9.0,9.0
239050005,A,6.0,6.0
239055102,A,9.0,9.0
239060001,A,6.0,6.0
239060002,,6.0,6.0
239060003,A,6.0,6.0
239070002,A,9.0,9.0
239073103,A,13.0,13.0
239073105,A,9.0,9.0
239080002,A,9.0,9.0
239080003,A,9.0,9.0
239080004,A,6.0,6.0
239080005,A,6.0,6.0
239080006,A,13.0,13.0
239080007,A,13.0,13.0
239080009,A,13.0,13.0
239084203,A,6.0,6.0
239090001,A,6.0,6.0
239090002,A,6.0,6.0
239090003,A,9.0,9.0
239090006,A,12.0,12.0
239090007,A,12.0,12.0
239110002,A,6.0,6.0
239110003,A,6.0,6.0
239110004,A,13.0,13.0
239110005,A,15.0,15.0
239114201,A,13.0,13.0
239120001,A,6.0,6.0
239120002,A,6.0,6.0
239120003,A,13.0,13.0
239120004,A,13.0,13.0
239125101,A,12.0,12.0
239130002,A,6.0,6.0
239130003,A,9.0,9.0
239140002,A,6.0,6.0
239160003,A,6.0,6.0
239160004,A,6.0,6.0
239160005,A,9.0,9.0
239160006,A,9.0,9.0
239170002,A,6.0,6.0
239180001,A,6.0,6.0
239180002,A,6.0,6.0
239180003,A,6.0,6.0
239180004,A,12.0,12.0
239180005,A,12.0,12.0
239180006,A,13.0,13.0
239183101,A,6.0,6.0
239185102,A,13.0,13.0
239190003,A,6.0,6.0
239190004,A,9.0,9.0
239194101,G,6.0,6.0
239200001,A,6.0,6.0
239200006,A,6.0,6.0
239200007,A,9.0,9.0
239205101,A,13.0,13.0
239210002,,6.0,6.0
239210003,A,6.0,6.0
239210004,A,6.0,6.0
239210005,A,9.0,9.0
239210006,A,12.0,12.0
239210008,A,12.0,12.0
239213102,A,9.0,9.0
239213201,A,6.0,6.0
239213203,A,13.0,13.0
239214102,A,9.0,9.0
239220001,A,6.0,6.0
239220003,A,9.0,9.0
239220004,A,9.0,9.0
239224104,A,9.0,9.0
239240001,A,6.0,6.0
239240002,A,6.0,6.0
239240003,A,12.0,12.0
239250001,A,6.0,6.0
239250002,A,6.0,6.0
239250003,A,12.0,12.0
239250004,A,12.0,12.0
239250005,A,13.0,13.0
239260004,A,6.0,6.0
239270001,A,13.0,13.0
239270002,A,6.0,6.0
239270003,A,9.0,9.0
239270004,A,9.0,9.0
239270006,A,12.0,12.0
239275102,A,9.0,9.0
239280001,A,6.0,6.0
239280003,A,9.0,9.0
239280004,A,9.0,9.0
239284101,A,9.0,9.0
239285101,A,9.0,9.0
239290001,A,6.0,6.0
239290002,A,6.0,6.0
239290003,A,13.0,13.0
239290004,A,9.0,9.0
239290005,A,13.0,13.0
239294101,A,6.0,6.0
239295102,A,12.0,12.0
239300003,A,6.0,6.0
239300004,A,6.0,6.0
239300005,A,12.0,12.0
239300006,A,9.0,9.0
239300007,A,6.0,6.0
239300008,A,9.0,9.0
239300009,A,6.0,6.0
239300010,A,9.0,9.0
239300011,A,9.0,9.0
239301103,A,13.0,13.0
239303103,A,16.0,16.0
239303201,A,9.0,9.0
239304102,A,13.0,13.0
239304103,A,13.0,13.0
239305703,A,12.0,12.0
240010001,A,6.0,6.0
240010002,A,9.0,9.0
240010003,A,9.0,9.0
240010004,A,9.0,9.0
240010005,A,13.0,13.0
240014103,A,6.0,6.0
240020003,A,9.0,9.0
240020004,A,6.0,6.0
240020005,A,9.0,9.0
240020006,A,6.0,6.0
240020009,A,15.0,15.0
240023104,A,13.0,13.0
240024003,,12.0,12.0
240030001,A,6.0,6.0
240030002,A,9.0,9.0
240030003,A,9.0,9.0
240030004,A,13.0,13.0
240030007,A,6.0,6.0
240040001,,6.0,6.0
240040002,A,6.0,6.0
240050002,A,6.0,6.0
240050004,A,9.0,9.0
240050006,A,9.0,9.0
240050007,A,12.0,12.0
240050008,,6.0,6.0
240050009,A,6.0,6.0
240050010,A,9.0,9.0
240050011,A,13.0,13.0
240053101,A,9.0,9.0
240054201,A,13.0,13.0
240060002,A,6.0,6.0
240060003,A,12.0,12.0
240060004,A,12.0,12.0
240060005,A,12.0,12.0
240060007,A,13.0,13.0
240064101,A,9.0,9.0
240065104,A,15.0,15.0
240065201,,13.0,13.0
240070002,,6.0,6.0
240070004,A,6.0,6.0
240070005,A,6.0,6.0
240070006,A,12.0,12.0
240070007,A,12.0,12.0
240070008,A,6.0,6.0
240070009,A,6.0,6.0
240070010,A,13.0,13.0
240070011,A,9.0,9.0
240080001,A,6.0,6.0
240080002,A,6.0,6.0
240080003,,12.0,12.0
240080005,A,15.0,15.0
240080006,A,16.0,16.0
240080007,A,13.0,13.0
240085101,,16.0,16.0
240090001,A,6.0,6.0
240090002,A,6.0,6.0
240090003,A,9.0,9.0
240090004,A,12.0,12.0
240090005,A,12.0,12.0
240090010,A,12.0,12.0
240093102,A,9.0,9.0
240093103,A,9.0,9.0
240093209,A,12.0,12.0
240093302,A,9.0,9.0
240094103,,12.0,12.0
240120003,A,9.0,9.0
240120005,A,16.0,16.0
240120006,A,18.0,18.0
240123102,A,9.0,9.0
240123103,A,16.0,16.0
240123104,A,12.0,12.0
240123105,A,9.0,9.0
240150004,A,9.0,9.0
240150008,A,9.0,9.0
240160002,A,9.0,9.0
240163104,A,9.0,9.0
240163105,A,12.0,12.0
240170001,A,6.0,6.0
240170002,A,9.0,9.0
240170003,A,6.0,6.0
240170005,A,9.0,9.0
240170006,A,9.0,9.0
240170008,A,9.0,9.0
240170010,A,6.0,6.0
240170011,A,9.0,9.0
240170012,A,6.0,6.0
240173101,A,9.0,9.0
240173103,,9.0,9.0
240173104,A,9.0,9.0
240174101,A,12.0,12.0
240174305,A,9.0,9.0
240174401,A,9.0,9.0
240180001,A,15.0,15.0
240180002,A,15.0,15.0
240180003,A,16.0,16.0
240180004,A,16.0,16.0
240180005,A,13.0,13.0
240180006,,6.0,6.0
240190001,,6.0,6.0
240190002,A,6.0,6.0
240190003,A,9.0,9.0
240190004,A,9.0,9.0
240190005,,13.0,13.0
240195101,A,12.0,12.0
240195201,,6.0,6.0
240200001,A,6.0,6.0
240200002,A,9.0,9.0
240200003,A,9.0,9.0
240200004,A,9.0,9.0
240200005,A,13.0,13.0
240200006,A,6.0,6.0
240204101,A,6.0,6.0
240205101,A,13.0,13.0
240210001,A,6.0,6.0
240210002,A,6.0,6.0
240210003,A,12.0,12.0
240210004,A,12.0,12.0
240210005,A,12.0,12.0
240215101,A,12.0,12.0
240220001,A,6.0,6.0
240220002,A,13.0,13.0
240225102,B,12.0,12.0
240230001,A,6.0,6.0
240230002,A,6.0,6.0
240230003,A,13.0,13.0
240230004,A,13.0,13.0
240230006,,6.0,6.0
240240001,A,6.0,6.0
240240002,,6.0,6.0
240240003,A,16.0,16.0
240240004,A,9.0,9.0
240240005,A,12.0,12.0
240240006,A,13.0,13.0
240244203,,12.0,12.0
240245102,A,12.0,12.0
240260002,,6.0,6.0
240260003,A,16.0,16.0
240260004,A,12.0,12.0
240260005,A,16.0,16.0
240260006,A,12.0,12.0
240260007,A,13.0,13.0
240260008,A,9.0,9.0
240261103,A,16.0,16.0
240265104,A,9.0,9.0
240270001,A,6.0,6.0
240270002,A,6.0,6.0
240270003,A,13.0,13.0
240270004,A,13.0,13.0
240275102,A,13.0,13.0
240280001,A,12.0,12.0
240280002,A,12.0,12.0
240280003,A,18.0,18.0
240290003,A,16.0,16.0
240290005,A,6.0,6.0
240290007,A,18.0,18.0
240290008,A,12.0,12.0
240290009,A,12.0,12.0
240290010,A,12.0,12.0
240290012,A,9.0,9.0
240290013,A,18.0,18.0
240290014,,6.0,6.0
240290015,A,18.0,18.0
240291105,A,16.0,16.0
240293104,A,16.0,16.0
240295102,,16.0,16.0
240300005,A,16.0,16.0
240303101,A,16.0,16.0
240303105,A,9.0,9.0
241010002,A,6.0,6.0
241010003,A,16.0,16.0
241010004,A,13.0,13.0
241011101,A,16.0,16.0
241011103,A,15.0,15.0
241020001,A,6.0,6.0
241030004,A,13.0,13.0
241034104,A,9.0,9.0
241040002,A,9.0,9.0
241050003,A,18.0,18.0
241054105,,12.0,12.0
241054202,A,12.0,12.0
241060001,A,6.0,6.0
241060003,A,12.0,12.0
241060004,A,6.0,6.0
241065101,,13.0,13.0
241070002,A,12.0,12.0
241070003,A,12.0,12.0
241070004,A,12.0,12.0
241070005,A,12.0,12.0
241070006,A,12.0,12.0
241070007,A,16.0,16.0
241074102,A,9.0,9.0
241080001,A,13.0,13.0
241080002,A,9.0,9.0
241080003,A,16.0,16.0
241080004,A,12.0,12.0
241090001,A,9.0,9.0
241090002,A,13.0,13.0
241090003,A,15.0,15.0
241090004,A,6.0,6.0
241093107,A,13.0,13.0
241094104,A,12.0,12.0
241100001,A,6.0,6.0
241100002,A,6.0,6.0
241100003,A,13.0,13.0
241100004,A,12.0,12.0
241100005,A,12.0,12.0
241105102,A,16.0,16.0
241110001,A,6.0,6.0
241110002,A,6.0,6.0
241110003,A,6.0,6.0
241110004,A,9.0,9.0
241110005,A,6.0,6.0
241110007,A,9.0,9.0
241114101,A,9.0,9.0
241120004,A,6.0,6.0
241120006,A,6.0,6.0
241120009,A,9.0,9.0
241150003,A,13.0,13.0
241150005,A,9.0,9.0
241150006,A,9.0,9.0
241150007,A,6.0,6.0
241150008,A,12.0,12.0
241150010,A,9.0,9.0
241160001,A,6.0,6.0
241160002,A,6.0,6.0
241160003,A,13.0,13.0
241160004,A,15.0,15.0
241160005,A,15.0,15.0
241170001,,6.0,6.0
241170002,A,6.0,6.0
241170003,A,9.0,9.0
241170004,A,12.0,12.0
241170005,A,9.0,9.0
241180002,A,6.0,6.0
241180003,A,6.0,6.0
241180004,A,13.0,13.0
241180005,A,12.0,12.0
241180006,A,13.0,13.0
241180007,,9.0,9.0
241184102,A,9.0,9.0
241190002,A,6.0,6.0
241190003,A,6.0,6.0
241200001,A,6.0,6.0
241200004,A,9.0,9.0
241200005,A,12.0,12.0
241200006,A,12.0,12.0
241204101,A,9.0,9.0
241210001,A,12.0,12.0
241210002,A,6.0,6.0
241210003,A,13.0,13.0
241210004,A,13.0,13.0
241210005,A,15.0,15.0
241210006,A,12.0,12.0
241210007,A,13.0,13.0
241210008,A,12.0,12.0
241213204,A,9.0,9.0
241215101,A,9.0,9.0
241220003,A,6.0,6.0
241230001,A,6.0,6.0
241230002,A,6.0,6.0
241240002,A,6.0,6.0
241240003,A,9.0,9.0
241240004,A,13.0,13.0
241245102,A,9.0,9.0
241250002,A,9.0,9.0
241250003,,13.0,13.0
241250004,A,13.0,13.0
241260001,,6.0,6.0
241260002,A,6.0,6.0
241260003,A,9.0,9.0
241260004,A,16.0,16.0
241260005,A,12.0,12.0
241260006,A,12.0,12.0
241270002,A,6.0,6.0
241270003,A,9.0,9.0
241270009,A,9.0,9.0
241270010,Q,9.0,9.0
241274103,,9.0,9.0
241275101,A,13.0,13.0
241280003,A,6.0,6.0
241280004,A,6.0,6.0
241290001,,6.0,6.0
241290002,A,6.0,6.0
241290003,A,13.0,13.0
241290005,A,12.0,12.0
241290008,A,9.0,9.0
241293103,A,6.0,6.0
241293105,A,12.0,12.0
241300001,,9.0,9.0
241300002,A,15.0,15.0
241300003,A,12.0,12.0
241300004,A,12.0,12.0
241300005,,18.0,18.0
241300006,A,16.0,16.0
241300007,A,16.0,16.0
241303102,A,13.0,13.0
241303103,A,13.0,13.0
241410003,A,9.0,9.0
241410004,A,13.0,13.0
241410005,A,9.0,9.0
241410008,A,13.0,13.0
242010001,A,6.0,6.0
242010004,A,9.0,9.0
242010005,A,9.0,9.0
242020001,A,6.0,6.0
242020002,A,6.0,6.0
242020003,A,9.0,9.0
242020004,A,13.0,13.0
242023102,A,9.0,9.0
242030003,A,9.0,9.0
242035101,A,12.0,12.0
242040001,A,6.0,6.0
242040002,A,6.0,6.0
242040003,A,9.0,9.0
242040004,,9.0,9.0
242045101,A,9.0,9.0
242050003,A,9.0,9.0
242050004,A,9.0,9.0
242060002,A,9.0,9.0
242060003,A,6.0,6.0
242060004,A,9.0,9.0
242070002,A,6.0,6.0
242080004,,6.0,6.0
242080005,,13.0,13.0
242090002,A,9.0,9.0
242090003,A,6.0,6.0
242095102,A,9.0,9.0
242100006,A,12.0,12.0
242100007,A,6.0,6.0
242104102,A,6.0,6.0
242120003,A,6.0,6.0
242120004,A,6.0,6.0
242120007,A,6.0,6.0
242120009,A,9.0,9.0
242121104,A,13.0,13.0
242130003,A,6.0,6.0
242140003,A,6.0,6.0
242150003,A,6.0,6.0
242150004,A,6.0,6.0
242151102,A,9.0,9.0
242151103,,16.0,16.0
242154103,A,6.0,6.0
242170004,A,16.0,16.0
242170005,A,12.0,12.0
242180002,A,16.0,16.0
242180004,A,15.0,15.0
242183202,A,13.0,13.0
242190001,,6.0,6.0
242190002,A,6.0,6.0
242190003,A,12.0,12.0
242190004,A,16.0,16.0
242190007,A,16.0,16.0
242191101,A,12.0,12.0
242200001,A,12.0,12.0
242200002,A,9.0,9.0
242200004,A,16.0,16.0
242210003,A,6.0,6.0
242210005,A,9.0,9.0
242211101,A,6.0,6.0
242214101,A,13.0,13.0
242220002,A,6.0,6.0
242230002,A,6.0,6.0
242230004,A,13.0,13.0
242235102,A,15.0,15.0
242250001,A,6.0,6.0
242250003,A,9.0,9.0
242250004,A,13.0,13.0
242255102,A,9.0,9.0
242255202,A,9.0,9.0
242260002,A,13.0,13.0
242260003,,9.0,9.0
242260004,A,9.0,9.0
242260005,A,12.0,12.0
242264101,,9.0,9.0
242270001,A,6.0,6.0
242270002,A,6.0,6.0
242270003,,6.0,6.0
242274101,A,6.0,6.0
242290001,A,6.0,6.0
242290002,A,6.0,6.0
242300001,A,6.0,6.0
242300002,A,6.0,6.0
242300003,A,16.0,16.0
242300004,A,16.0,16.0
242305102,A,12.0,12.0
243010002,A,6.0,6.0
243010003,,13.0,13.0
243010004,A,13.0,13.0
243010007,,6.0,6.0
243020001,,6.0,6.0
243020004,A,16.0,16.0
243020005,A,13.0,13.0
243030003,,13.0,13.0
243030006,A,9.0,9.0
243040001,A,9.0,9.0
243040002,A,6.0,6.0
243080002,A,6.0,6.0
243080003,A,6.0,6.0
243090001,A,6.0,6.0
243090004,A,9.0,9.0
243090005,G,6.0,6.0
243100006,A,9.0,9.0
243100007,A,16.0,16.0
243100008,A,13.0,13.0
243120002,A,12.0,12.0
243120003,A,9.0,9.0
243120005,A,9.0,9.0
243125102,A,6.0,6.0
243130001,A,6.0,6.0
243130002,A,6.0,6.0
243130004,A,9.0,9.0
243140003,A,6.0,6.0
243140008,A,13.0,13.0
243140009,A,6.0,6.0
243150003,A,15.0,15.0
243150006,,12.0,12.0
243160002,,6.0,6.0
243160003,A,13.0,13.0
243160004,,18.0,18.0
243160005,A,18.0,18.0
243170001,A,9.0,9.0
243170002,A,6.0,6.0
243170003,,12.0,12.0
243170004,A,16.0,16.0
243173104,A,12.0,12.0
243180004,A,13.0,13.0
243180005,A,13.0,13.0
243190002,A,6.0,6.0
243200001,A,6.0,6.0
243200002,,9.0,9.0
243200005,,9.0,9.0
243200007,A,9.0,9.0
243200009,,9.0,9.0
243200012,,9.0,9.0
244020002,A,9.0,9.0
244020003,A,9.0,9.0
244020004,A,6.0,6.0
244020005,A,13.0,13.0
244024202,A,9.0,9.0
244040002,A,6.0,6.0
244040003,,9.0,9.0
244050001,,16.0,16.0
244050002,A,16.0,16.0
244050003,A,16.0,16.0
244050006,A,16.0,16.0
244070001,A,6.0,6.0
244070002,A,6.0,6.0
244070003,A,9.0,9.0
244074102,A,9.0,9.0
244080003,A,6.0,6.0
244100005,A,6.0,6.0
244100006,A,9.0,9.0
244104102,,6.0,6.0
244104104,A,6.0,6.0
244110007,A,12.0,12.0
244120004,A,13.0,13.0
244140004,A,9.0,9.0
244150004,A,6.0,6.0
244150005,A,9.0,9.0
244150007,A,6.0,6.0
244160003,A,6.0,6.0
244160004,A,6.0,6.0
244160006,A,6.0,6.0
244160007,A,6.0,6.0
244160008,A,6.0,6.0
244160012,A,13.0,13.0
244164102,A,6.0,6.0
244164202,A,9.0,9.0
244170002,A,6.0,6.0
244170003,A,9.0,9.0
244170005,A,12.0,12.0
244180003,A,6.0,6.0
244180004,A,6.0,6.0
244180005,,6.0,6.0
244180006,A,6.0,6.0
244200001,A,6.0,6.0
244200002,A,6.0,6.0
244200003,A,9.0,9.0
244200004,A,13.0,13.0
244210001,A,6.0,6.0
244210005,A,13.0,13.0
244220001,,6.0,6.0
244220003,A,9.0,9.0
244230002,A,6.0,6.0
244230003,A,12.0,12.0
244230004,A,9.0,9.0
244230006,A,6.0,6.0
244250001,A,6.0,6.0
244250003,A,13.0,13.0
244260002,A,6.0,6.0
244270001,,6.0,6.0
244270005,A,6.0,6.0
244290003,A,13.0,13.0
244290009,A,6.0,6.0
244291108,,6.0,6.0
245010002,,6.0,6.0
245010003,A,6.0,6.0
245010004,,12.0,12.0
245010005,A,13.0,13.0
245010006,A,12.0,12.0
245010008,A,6.0,6.0
245010009,A,12.0,12.0
245013102,A,6.0,6.0
245015102,A,9.0,9.0
245030001,A,6.0,6.0
245030005,A,9.0,9.0
245030006,,12.0,12.0
245030007,,6.0,6.0
245030008,,16.0,16.0
245034101,A,9.0,9.0
245040001,A,6.0,6.0
245040002,A,6.0,6.0
245040003,A,9.0,9.0
245060001,A,6.0,6.0
245060002,A,6.0,6.0
245060003,A,6.0,6.0
245060004,A,6.0,6.0
245063102,A,6.0,6.0
245065102,A,6.0,6.0
245065201,A,9.0,9.0
245070001,,6.0,6.0
245070002,A,6.0,6.0
245070005,A,12.0,12.0
245070006,A,9.0,9.0
245070008,,13.0,13.0
245075102,A,6.0,6.0
245080001,A,6.0,6.0
245080002,A,6.0,6.0
245080003,A,12.0,12.0
245080004,A,12.0,12.0
245080005,A,12.0,12.0
245090002,A,6.0,6.0
245090003,,9.0,9.0
245090004,A,6.0,6.0
245090005,A,6.0,6.0
245090006,A,16.0,16.0
245090007,,9.0,9.0
245094102,A,6.0,6.0
245110003,A,6.0,6.0
245110004,A,6.0,6.0
245110005,,6.0,6.0
245111102,A,9.0,9.0
245114102,A,6.0,6.0
245120001,A,6.0,6.0
245120002,,6.0,6.0
245120003,A,12.0,12.0
245123102,A,9.0,9.0
245130002,A,6.0,6.0
245130003,A,6.0,6.0
245130004,A,9.0,9.0
245130005,A,12.0,12.0
245130007,,9.0,9.0
245135201,,12.0,12.0
245140002,,6.0,6.0
245140003,A,6.0,6.0
245140005,A,6.0,6.0
245150002,A,6.0,6.0
245150003,,9.0,9.0
245160001,,6.0,6.0
245160002,A,6.0,6.0
245160004,A,12.0,12.0
245160005,A,6.0,6.0
245160006,A,9.0,9.0
245160007,A,13.0,13.0
245161105,A,9.0,9.0
245170001,B,6.0,6.0
245170002,A,6.0,6.0
245170003,A,12.0,12.0
245170004,A,6.0,6.0
245170005,A,12.0,12.0
245173103,A,9.0,9.0
245174103,A,9.0,9.0
245174203,A,9.0,9.0
245180003,A,6.0,6.0
245180004,A,6.0,6.0
245183104,,12.0,12.0
245190001,A,6.0,6.0
245190002,A,6.0,6.0
245190003,A,16.0,16.0
245190005,A,6.0,6.0
245190006,A,9.0,9.0
245190007,A,12.0,12.0
245200002,A,6.0,6.0
245200003,A,6.0,6.0
245210002,A,6.0,6.0
245210003,A,9.0,9.0
245210004,,12.0,12.0
245210005,,6.0,6.0
245215102,A,12.0,12.0
245220003,A,6.0,6.0
245220004,A,6.0,6.0
245220005,A,6.0,6.0
245220006,A,6.0,6.0
245225101,A,13.0,13.0
245225204,A,9.0,9.0
245225301,,6.0,6.0
245230001,,6.0,6.0
245230002,A,6.0,6.0
245230004,A,9.0,9.0
245235101,,6.0,6.0
245250001,A,6.0,6.0
245250002,A,9.0,9.0
245250004,,6.0,6.0
245250006,A,12.0,12.0
245260001,,6.0,6.0
245260002,A,6.0,6.0
245260003,B,6.0,6.0
245260007,A,6.0,6.0
245270001,,6.0,6.0
245270002,,6.0,6.0
245270003,A,12.0,12.0
245270004,,12.0,12.0
245270005,A,12.0,12.0
245275102,A,6.0,6.0
245280003,A,6.0,6.0
245280004,A,6.0,6.0
245280005,,12.0,12.0
245283102,A,6.0,6.0
245283103,A,9.0,9.0
245290001,,6.0,6.0
245290002,,6.0,6.0
245290004,A,6.0,6.0
245290005,A,6.0,6.0
245290006,A,9.0,9.0
245290007,A,12.0,12.0
245290008,A,9.0,9.0
245290009,A,9.0,9.0
245295102,A,9.0,9.0
245295302,A,6.0,6.0
246010002,,6.0,6.0
246010004,A,9.0,9.0
246010006,A,15.0,15.0
246010007,A,16.0,16.0
246010009,A,12.0,12.0
246014102,A,16.0,16.0
246020003,A,13.0,13.0
246020004,A,9.0,9.0
246020008,A,9.0,9.0
246020009,A,13.0,13.0
246030001,A,12.0,12.0
246030003,,15.0,15.0
246030004,,16.0,16.0
246035102,A,16.0,16.0
246050006,A,12.0,12.0
246050008,A B,12.0,12.0
246060002,,13.0,13.0
246060003,A,16.0,16.0
246060004,A,16.0,16.0
246064101,A,16.0,16.0
246070001,A,9.0,9.0
246070002,A,13.0,13.0
246070003,A,13.0,13.0
246080002,A,6.0,6.0
246080004,,13.0,13.0
246080006,A,16.0,16.0
246090001,,6.0,6.0
246090002,A,6.0,6.0
246090003,,9.0,9.0
246100001,,9.0,9.0
246100006,,9.0,9.0
246110001,,9.0,9.0
246110002,A,9.0,9.0
246110003,A,16.0,16.0
246110005,A,16.0,16.0
246120003,A,16.0,16.0
246120004,A,12.0,12.0
246120005,A,15.0,15.0
246120006,A,12.0,12.0
246120007,A,6.0,6.0
246120008,A,9.0,9.0
246121102,A,15.0,15.0
246130006,A,12.0,12.0
246133202,A,12.0,12.0
246140002,,13.0,13.0
246140003,A,16.0,16.0
246140005,A,16.0,16.0
246150003,A,9.0,9.0
246150004,,9.0,9.0
246154102,A,13.0,13.0
246160001,,6.0,6.0
246160003,A,6.0,6.0
246160004,A,16.0,16.0
246160005,A,12.0,12.0
246160006,A,12.0,12.0
246160008,A,16.0,16.0
246164102,A,6.0,6.0
246165102,,13.0,13.0
246170001,A,6.0,6.0
246170002,A,6.0,6.0
246170003,A,12.0,12.0
246170004,A,16.0,16.0
246170005,A,16.0,16.0
246170006,A,16.0,16.0
246190001,,12.0,12.0
246190003,A,15.0,15.0
246190004,A,12.0,12.0
246190005,A,15.0,15.0
246193103,,16.0,16.0
246195101,A,16.0,16.0
246200001,,6.0,6.0
246200002,A,9.0,9.0
246200005,A,9.0,9.0
246200006,A,13.0,13.0
246410001,G,9.0,9.0
246410002,A,9.0,9.0
246410003,A,16.0,16.0
246410004,A,12.0,12.0
246414101,,13.0,13.0
247010004,A,9.0,9.0
247020003,A,9.0,9.0
247020004,A,12.0,12.0
247020005,A,9.0,9.0
247040001,A,6.0,6.0
247040002,A,6.0,6.0
247040003,A,16.0,16.0
247040004,A,13.0,13.0
247045101,A,9.0,9.0
247045202,A,13.0,13.0
247050003,A,6.0,6.0
247050004,A,6.0,6.0
247050005,A,13.0,13.0
247050006,A,12.0,12.0
247060001,A,6.0,6.0
247060003,A,16.0,16.0
247070003,A,9.0,9.0
247070004,A,9.0,9.0
247070006,A,12.0,12.0
247070008,A,13.0,13.0
247073105,A,12.0,12.0
247073106,A,12.0,12.0
247080006,A,9.0,9.0
247080007,A,6.0,6.0
247084103,A,9.0,9.0
247090001,A,9.0,9.0
247090002,A,6.0,6.0
247090003,A,9.0,9.0
247100001,,6.0,6.0
247100002,A,6.0,6.0
247100003,A,6.0,6.0
247100004,A,12.0,12.0
247100006,A,12.0,12.0
247110001,,6.0,6.0
247110002,,6.0,6.0
247110003,A,6.0,6.0
247110004,A,6.0,6.0
247110005,A,12.0,12.0
247120003,A,9.0,9.0
247120004,A,6.0,6.0
247120005,,9.0,9.0
247120008,A,12.0,12.0
247120009,A,12.0,12.0
247125203,A,12.0,12.0
247125303,A,9.0,9.0
247130003,A,9.0,9.0
247130004,A,9.0,9.0
247140002,A,6.0,6.0
247140003,A,9.0,9.0
247140004,A,9.0,9.0
247140005,A,9.0,9.0
247140008,A,9.0,9.0
247150003,A,6.0,6.0
247150004,A,9.0,9.0
247150005,A,6.0,6.0
247150007,A,13.0,13.0
247150009,A,9.0,9.0
247154105,A,9.0,9.0
247160001,,6.0,6.0
247170003,A,6.0,6.0
247170004,A,9.0,9.0
247170005,A,6.0,6.0
247170006,A,13.0,13.0
247190001,A,6.0,6.0
247190002,,6.0,6.0
247190003,A,12.0,12.0
247190004,A,6.0,6.0
247190005,,12.0,12.0
247190006,A,6.0,6.0
247190007,A,12.0,12.0
247193102,A,9.0,9.0
247200002,A,6.0,6.0
247200003,A,9.0,9.0
247210003,A,6.0,6.0
247210005,A,9.0,9.0
247210006,A,9.0,9.0
247210009,,9.0,9.0
247215102,,12.0,12.0
247220001,A,6.0,6.0
247220003,A,13.0,13.0
247225102,A,9.0,9.0
247230001,A,9.0,9.0
247230003,A,9.0,9.0
247230004,A,9.0,9.0
247230005,A,16.0,16.0
247240002,A,6.0,6.0
247240003,A,9.0,9.0
247240004,A,9.0,9.0
247240006,A,12.0,12.0
247244101,A,13.0,13.0
247244205,A,12.0,12.0
247250002,A,6.0,6.0
247250003,A,6.0,6.0
247250007,A,6.0,6.0
247270001,A,6.0,6.0
247270002,A,6.0,6.0
247270003,A,6.0,6.0
247270005,A,12.0,12.0
247280001,A,9.0,9.0
247280002,A,6.0,6.0
247280003,A,16.0,16.0
247280004,A,9.0,9.0
247280005,A,16.0,16.0
247284101,A,16.0,16.0
247285102,,16.0,16.0
247290001,A,6.0,6.0
247290002,A,6.0,6.0
247290003,A,13.0,13.0
247290004,A,9.0,9.0
247290005,A,16.0,16.0
247294102,A,9.0,9.0
247294201,A,12.0,12.0
247300003,A,6.0,6.0
247300005,A,16.0,16.0
247300006,,9.0,9.0
248010002,A,6.0,6.0
248020001,,9.0,9.0
248020002,,6.0,6.0
248020003,A,13.0,13.0
248020004,,16.0,16.0
248030001,A,6.0,6.0
248030002,A,6.0,6.0
248030003,A,16.0,16.0
248030004,A,13.0,13.0
248033101,,13.0,13.0
248033103,,9.0,9.0
248034101,,6.0,6.0
248040001,A,6.0,6.0
248040002,A,6.0,6.0
248040003,A,9.0,9.0
248040004,A,9.0,9.0
248040005,,6.0,6.0
248040007,A,12.0,12.0
248040008,A,12.0,12.0
248041101,A,6.0,6.0
248041103,A,12.0,12.0
248041201,A,9.0,9.0
248041203,A,12.0,12.0
248050001,A,6.0,6.0
248050002,A,6.0,6.0
248050003,,16.0,16.0
248050005,,12.0,12.0
248060001,,6.0,6.0
248060003,A,9.0,9.0
248060005,A,13.0,13.0
248060006,A,9.0,9.0
248060010,A,9.0,9.0
248064102,A,12.0,12.0
248064201,G,12.0,12.0
248065102,A,16.0,16.0
248080001,,9.0,9.0
248080002,A,9.0,9.0
248080003,A,16.0,16.0
248080004,A,16.0,16.0
248090002,A,6.0,6.0
248090003,A,13.0,13.0
248090005,A,12.0,12.0
248100003,A,9.0,9.0
248100004,A,16.0,16.0
248100005,A,16.0,16.0
248100006,A,12.0,12.0
248110003,A,12.0,12.0
248110004,A,6.0,6.0
248110005,A,6.0,6.0
248110006,A,9.0,9.0
248110007,A,6.0,6.0
248111105,A,13.0,13.0
248114101,A,9.0,9.0
248120006,A,6.0,6.0
248120009,A,6.0,6.0
248123103,A,13.0,13.0
248123107,,6.0,6.0
248124102,A,16.0,16.0
248150001,,6.0,6.0
248150002,A,6.0,6.0
248150003,A,12.0,12.0
248150005,,16.0,16.0
248150006,,9.0,9.0
248170003,A,9.0,9.0
248170004,A,9.0,9.0
248170005,A,13.0,13.0
248170006,A,12.0,12.0
248170007,A,9.0,9.0
248173103,A,13.0,13.0
248173104,A,13.0,13.0
248180001,A,9.0,9.0
248180002,A,9.0,9.0
248180003,A,16.0,16.0
248180004,A,16.0,16.0
248185102,A,12.0,12.0
248190002,A,9.0,9.0
249010002,A,6.0,6.0
249010003,A,12.0,12.0
249010004,A,9.0,9.0
249010005,A,15.0,15.0
249010006,A,12.0,12.0
249010008,A,9.0,9.0
249010009,A,13.0,13.0
249010012,A,13.0,13.0
249011103,A,16.0,16.0
249013104,A,12.0,12.0
249013105,A,12.0,12.0
249020002,A,6.0,6.0
249020004,,9.0,9.0
249030001,,6.0,6.0
249030002,,6.0,6.0
249030003,A,6.0,6.0
249030004,,6.0,6.0
249030005,A,6.0,6.0
249030006,A,9.0,9.0
249035201,A,6.0,6.0
249040002,A,6.0,6.0
249050001,A,6.0,6.0
249050003,A,9.0,9.0
249055102,A,9.0,9.0
249060001,A,6.0,6.0
249060003,A,9.0,9.0
249060004,A,12.0,12.0
249060007,A,9.0,9.0
249070001,,6.0,6.0
249070004,A,6.0,6.0
249070005,A,6.0,6.0
249070006,,6.0,6.0
249070007,A,12.0,12.0
249070008,A,12.0,12.0
249070013,A,12.0,12.0
249070014,A,9.0,9.0
249071103,A,6.0,6.0
249071106,A,12.0,12.0
249075201,A,12.0,12.0
249080003,A,16.0,16.0
249080004,A,12.0,12.0
249080005,A,16.0,16.0
249080008,A,9.0,9.0
249080011,A,12.0,12.0
249085102,A,16.0,16.0
249085205,A,12.0,12.0
249090001,A,6.0,6.0
249090002,A,6.0,6.0
249090003,A,12.0,12.0
249090004,,9.0,9.0
249090005,A,12.0,12.0
249090008,A,12.0,12.0
249094103,A,9.0,9.0
249100001,A,6.0,6.0
249100002,A,6.0,6.0
249100003,A,9.0,9.0
249100004,,16.0,16.0
249100006,,9.0,9.0
249105102,A,16.0,16.0
249110001,A,9.0,9.0
249110002,A,6.0,6.0
249110004,A,16.0,16.0
249110005,A,16.0,16.0
249110007,A,18.0,18.0
249120001,A,6.0,6.0
249120002,A,6.0,6.0
249120003,A,12.0,12.0
249120004,A,12.0,12.0
249120005,A,12.0,12.0
249120006,,6.0,6.0
249125101,A,12.0,12.0
249130001,,6.0,6.0
249130002,A,9.0,9.0
249130003,A,9.0,9.0
249130004,A,9.0,9.0
249130006,A,6.0,6.0
249130010,A,12.0,12.0
249130011,A,6.0,6.0
249140002,,6.0,6.0
249140004,A,12.0,12.0
249160002,A,6.0,6.0
249160003,A,9.0,9.0
249160004,A,15.0,15.0
249160006,A,12.0,12.0
249160007,A,12.0,12.0
249163102,A,12.0,12.0
249165101,,9.0,9.0
249170001,A,12.0,12.0
249170002,A,12.0,12.0
249170003,A,16.0,16.0
249170004,A,12.0,12.0
249175101,G,16.0,16.0
249190001,A,9.0,9.0
249210001,A,6.0,6.0
249210003,A,9.0,9.0
249210004,A,6.0,6.0
249210005,A,6.0,6.0
249210006,A,13.0,13.0
249211102,A,6.0,6.0
249220002,A,6.0,6.0
249220003,A,9.0,9.0
249220006,A,12.0,12.0
249220007,,12.0,12.0
249224101,,6.0,6.0
249240001,A,6.0,6.0
249240002,A,9.0,9.0
249240003,A,13.0,13.0
249240004,A,13.0,13.0
249240005,A,12.0,12.0
249250001,A,6.0,6.0
249250002,A,6.0,6.0
249250003,A,9.0,9.0
249250004,A,9.0,9.0
249250005,A,9.0,9.0
249250010,,9.0,9.0
249254101,A,9.0,9.0
249255101,,9.0,9.0
249260001,,6.0,6.0
249260002,A,9.0,9.0
249260003,A,9.0,9.0
249260004,A,12.0,12.0
249260005,A,12.0,12.0
249260006,A,12.0,12.0
249260007,A,12.0,12.0
249260008,A,16.0,16.0
249263102,A,16.0,16.0
249270001,A,6.0,6.0
249270002,A,6.0,6.0
249270004,A,9.0,9.0
249270006,A,9.0,9.0
249270007,A,15.0,15.0
249270009,A,6.0,6.0
249273107,A,9.0,9.0
249273202,A,9.0,9.0
249273203,A,12.0,12.0
249274102,A,9.0,9.0
249275102,A,16.0,16.0
249290001,A,6.0,6.0
249290002,A,6.0,6.0
249290004,A,9.0,9.0
249290005,A,12.0,12.0
249290006,A,9.0,9.0
249290007,A,12.0,12.0
249293103,A,9.0,9.0
249293107,A,13.0,13.0
249293203,,9.0,9.0
250010004,G,6.0,6.0
250010006,G,9.0,9.0
250010007,G,9.0,9.0
250010008,G,6.0,6.0
250010011,G,12.0,12.0
250010013,G,9.0,9.0
250013102,,6.0,6.0
250020003,G,6.0,6.0
250030008,G,6.0,6.0
250030010,,6.0,6.0
250040004,G,6.0,6.0
250050006,G,9.0,9.0
250053104,G,9.0,9.0
250060004,G,16.0,16.0
250090010,G,6.0,6.0
250090011,G,6.0,6.0
250095102,,6.0,6.0
250095202,A,12.0,12.0
250100003,G,6.0,6.0
250104103,G,9.0,9.0
250110004,G,6.0,6.0
250120003,G,9.0,9.0
250130004,G,9.0,9.0
250130005,G,6.0,6.0
250134101,G,6.0,6.0
250160004,G,6.0,6.0
250160007,G,9.0,9.0
250163101,,6.0,6.0
250163104,G,13.0,13.0
250163105,,9.0,9.0
250165102,G,13.0,13.0
250165103,G,13.0,13.0
250165202,,6.0,6.0
250165301,,6.0,6.0
250165502,G,9.0,9.0
250170005,,6.0,6.0
250190011,G,6.0,6.0
250200005,G,6.0,6.0
250210009,G,9.0,9.0
250220003,G,6.0,6.0
250220005,G,9.0,9.0
250260004,G,6.0,6.0
250280005,G,6.0,6.0
250280009,G,9.0,9.0
250283104,G,9.0,9.0
250283105,G,6.0,6.0
250290002,G,6.0,6.0
250300003,G,6.0,6.0
250300005,G,6.0,6.0
250300007,G,9.0,9.0
250300011,G,6.0,6.0
250420004,,6.0,6.0
250420005,G,6.0,6.0
250420009,G,6.0,6.0
250423102,G,6.0,6.0
251010004,G,16.0,16.0
251010005,G,12.0,12.0
251010007,G,12.0,12.0
251030001,G,6.0,6.0
251030005,G,9.0,9.0
251030007,G,9.0,9.0
251050004,G,6.0,6.0
251050005,G,6.0,6.0
251054104,,6.0,6.0
251060003,G,6.0,6.0
251090002,G,6.0,6.0
251090009,G,6.0,6.0
251100001,G,6.0,6.0
251105102,G,6.0,6.0
251130005,G,9.0,9.0
251130007,G,9.0,9.0
251140011,G,6.0,6.0
251140012,G,9.0,9.0
251150006,G,12.0,12.0
251150007,G,9.0,9.0
251155102,G,9.0,9.0
251160004,G,9.0,9.0
251160008,G,6.0,6.0
251160009,G,9.0,9.0
251160010,G,6.0,6.0
251170005,G,12.0,12.0
251170006,G,16.0,16.0
251174102,G,12.0,12.0
251190006,G,6.0,6.0
251210001,,6.0,6.0
251230002,G,6.0,6.0
251234102,G,6.0,6.0
251240007,G,6.0,6.0
251240009,G,6.0,6.0
251250006,G,12.0,12.0
251250007,G,6.0,6.0
251270008,G,6.0,6.0
251273101,G,6.0,6.0
251280001,,6.0,6.0
251280003,G,6.0,6.0
251280005,G,12.0,12.0
251280006,G,6.0,6.0
251280008,G,12.0,12.0
251280009,G,12.0,12.0
251280011,G,9.0,9.0
251281105,,6.0,6.0
251283204,G,6.0,6.0
251283305,G,9.0,9.0
251283306,B,9.0,9.0
251285101,,13.0,13.0
251290006,G,6.0,6.0
251300003,G,6.0,6.0
252030001,G,6.0,6.0
252030002,G,13.0,13.0
252030003,G,6.0,6.0
252030004,G,12.0,12.0
252040001,G,12.0,12.0
252040002,G,6.0,6.0
252040003,G,16.0,16.0
252040004,G,16.0,16.0
252040005,G,16.0,16.0
252040006,G,16.0,16.0
252040008,G,16.0,16.0
252044201,G,9.0,9.0
252045202,G,12.0,12.0
252045303,G,16.0,16.0
252050001,G,9.0,9.0
252050002,G,9.0,9.0
252050003,G,12.0,12.0
252050004,G,12.0,12.0
252050005,G,12.0,12.0
252054103,G,12.0,12.0
252060003,G,6.0,6.0
252060005,G,12.0,12.0
252060006,G,12.0,12.0
252070003,G,9.0,9.0
252070004,G,9.0,9.0
252070005,G,13.0,13.0
252070006,G,9.0,9.0
252073102,G,6.0,6.0
252090001,G,6.0,6.0
252090002,G,6.0,6.0
252090003,G,12.0,12.0
252090005,G,12.0,12.0
252100001,G,15.0,15.0
252100002,G,13.0,13.0
252100003,G,16.0,16.0
252100004,G,6.0,6.0
252100005,G,12.0,12.0
252110002,G,6.0,6.0
252110003,G,12.0,12.0
252110004,G,12.0,12.0
252110005,G,12.0,12.0
252110007,G,6.0,6.0
252115202,G,12.0,12.0
252120002,G,16.0,16.0
252120004,G,15.0,15.0
252130001,G,9.0,9.0
252130002,G,6.0,6.0
252130003,G,12.0,12.0
252140001,G,15.0,15.0
252140002,G,12.0,12.0
252140003,G,16.0,16.0
252140004,G,16.0,16.0
252144102,A,15.0,15.0
252150001,G,6.0,6.0
252150002,A,9.0,9.0
252150003,G,13.0,13.0
252160001,G,15.0,15.0
252160003,G,12.0,12.0
252160004,G,15.0,15.0
252160007,G,13.0,13.0
252160008,G,16.0,16.0
252163202,G,16.0,16.0
252163205,G,16.0,16.0
252170001,G,13.0,13.0
252170002,G,16.0,16.0
252170003,G,16.0,16.0
252170004,G,16.0,16.0
252170005,G,15.0,15.0
252174102,G,15.0,15.0
252175101,G,16.0,16.0
252175201,G,16.0,16.0
252180001,G,6.0,6.0
252180003,G,16.0,16.0
252180004,G,12.0,12.0
252180007,A,13.0,13.0
252190002,G,6.0,6.0
252190003,G,6.0,6.0
252190004,G,6.0,6.0
252190005,G,12.0,12.0
252195102,G,6.0,6.0
252195204,G,12.0,12.0
252200003,G,15.0,15.0
252200004,G,12.0,12.0
252210001,G,13.0,13.0
252210002,G,6.0,6.0
252210003,G,13.0,13.0
252210004,G,12.0,12.0
252230001,G,6.0,6.0
252230002,G,6.0,6.0
252230003,G,9.0,9.0
252230004,G,13.0,13.0
252230006,G,9.0,9.0
252230007,G,6.0,6.0
252235102,G,13.0,13.0
252240003,G,6.0,6.0
252240004,G,12.0,12.0
252240005,G,9.0,9.0
252240007,A,6.0,6.0
252240008,G,6.0,6.0
252244102,G,6.0,6.0
252245101,G,12.0,12.0
252245103,G,13.0,13.0
252250001,,6.0,6.0
252250002,G,12.0,12.0
252250004,G,9.0,9.0
252250005,G,16.0,16.0
252250006,G,16.0,16.0
252250007,G,9.0,9.0
252250008,G,16.0,16.0
252270002,G,9.0,9.0
252270003,G,9.0,9.0
252270004,G,13.0,13.0
252270006,G,12.0,12.0
252270007,G,12.0,12.0
252280001,G,9.0,9.0
252280002,G,6.0,6.0
252280003,G,12.0,12.0
252280004,G,16.0,16.0
252280005,G,9.0,9.0
252280006,G,12.0,12.0
252280007,G,9.0,9.0
252290002,G,6.0,6.0
252290003,G,12.0,12.0
252290004,G,12.0,12.0
252295102,G,9.0,9.0
252300002,G,12.0,12.0
252300003,G,6.0,6.0
252300004,G,6.0,6.0
252304101,G,6.0,6.0
253010001,A,6.0,6.0
253010002,A,9.0,9.0
253010003,A,13.0,13.0
253010004,A,16.0,16.0
253015201,,12.0,12.0
253020001,A,6.0,6.0
253020002,A,6.0,6.0
253020006,A,13.0,13.0
253020009,A,16.0,16.0
253024103,A,12.0,12.0
253030001,,6.0,6.0
253030002,,6.0,6.0
253030003,A,13.0,13.0
253030005,A,9.0,9.0
253040003,A,6.0,6.0
253050003,A,13.0,13.0
253050005,A,9.0,9.0
253050006,A,9.0,9.0
253054102,A,13.0,13.0
253070002,A,6.0,6.0
253070003,A,13.0,13.0
253070006,A,16.0,16.0
253070008,,13.0,13.0
253074102,B,9.0,9.0
253080002,A,6.0,6.0
253090001,,13.0,13.0
253090002,A,6.0,6.0
253090003,A,13.0,13.0
253090004,A,13.0,13.0
253090005,A,16.0,16.0
253090006,,6.0,6.0
253094101,A,12.0,12.0
253110002,A,6.0,6.0
253110004,,13.0,13.0
253110005,A,15.0,15.0
253110006,A,16.0,16.0
253115102,,16.0,16.0
253120002,A,6.0,6.0
253120005,A,16.0,16.0
253120006,A,16.0,16.0
253120007,A,12.0,12.0
253130002,,12.0,12.0
253130005,,16.0,16.0
253130007,A,15.0,15.0
253130008,,12.0,12.0
253130009,A,6.0,6.0
253130010,A,13.0,13.0
253130012,A,6.0,6.0
253133202,A,16.0,16.0
253133203,A,12.0,12.0
253140004,A,13.0,13.0
253144106,B,13.0,13.0
253150002,A,6.0,6.0
253150003,,13.0,13.0
253150004,A,13.0,13.0
253150007,A,13.0,13.0
253150009,,13.0,13.0
253160003,A,6.0,6.0
253160005,A,6.0,6.0
253160006,A,9.0,9.0
253160007,A,9.0,9.0
253160008,A,9.0,9.0
253160009,A,9.0,9.0
253160010,A,9.0,9.0
253160011,A,6.0,6.0
253161109,A,13.0,13.0
253161110,A,6.0,6.0
253161111,,6.0,6.0
253164301,A,9.0,9.0
253164403,A,9.0,9.0
253165102,A,9.0,9.0
253165202,A,12.0,12.0
253180004,A,9.0,9.0
253180005,A,12.0,12.0
253180006,A,13.0,13.0
253190002,,6.0,6.0
253190003,A,6.0,6.0
253190004,A,6.0,6.0
253190005,A,6.0,6.0
253190006,A,12.0,12.0
253190009,A,6.0,6.0
253190010,A,9.0,9.0
253190011,A,6.0,6.0
253190012,A,12.0,12.0
253190013,A,9.0,9.0
253191104,A,9.0,9.0
253191204,A,13.0,13.0
253193103,A,12.0,12.0
253200002,A,9.0,9.0
253200003,A,6.0,6.0
253205102,,12.0,12.0
254010002,A,12.0,12.0
254010004,A,12.0,12.0
254010005,A,13.0,13.0
254020001,,9.0,9.0
254020002,A,13.0,13.0
254020003,A,16.0,16.0
254020004,A,16.0,16.0
254020005,A,16.0,16.0
254025101,,16.0,16.0
254040001,A,13.0,13.0
254040002,A,6.0,6.0
254080001,A,13.0,13.0
254080004,A,15.0,15.0
254080005,A,16.0,16.0
254080006,A,13.0,13.0
254083202,A,12.0,12.0
254083203,A,15.0,15.0
254083204,A,13.0,13.0
254090002,A,12.0,12.0
254090003,,6.0,6.0
254090004,A,16.0,16.0
254090005,A,15.0,15.0
254090006,A,13.0,13.0
254093102,A,9.0,9.0
254093103,A,13.0,13.0
254095101,A,16.0,16.0
254100001,A,6.0,6.0
254100002,A,6.0,6.0
254100004,A,9.0,9.0
254100006,A,12.0,12.0
254104102,A,12.0,12.0
254104201,A,12.0,12.0
254105102,A,12.0,12.0
254110002,A,12.0,12.0
254110005,A,9.0,9.0
254120001,A,9.0,9.0
254120002,A,6.0,6.0
254120003,A,13.0,13.0
254120004,A,13.0,13.0
254125101,A,13.0,13.0
254125202,A,9.0,9.0
254130002,A,6.0,6.0
254140002,A,6.0,6.0
254140004,A,9.0,9.0
254145101,,12.0,12.0
254150002,A,9.0,9.0
254160002,,15.0,15.0
254160003,,13.0,13.0
254160004,A,16.0,16.0
254160005,A,16.0,16.0
254160007,A,16.0,16.0
254163102,A,9.0,9.0
254170002,A,9.0,9.0
254170003,A,13.0,13.0
254170005,A,12.0,12.0
254170006,A,16.0,16.0
254173102,,6.0,6.0
254190001,A,6.0,6.0
254190002,A,12.0,12.0
254190006,A,13.0,13.0
254190008,A,12.0,12.0
254190009,,12.0,12.0
254191107,A,13.0,13.0
254193102,A,6.0,6.0
254194202,A,13.0,13.0
254200001,A,12.0,12.0
254200002,A,6.0,6.0
254200005,,16.0,16.0
255010003,A,13.0,13.0
255010006,A,13.0,13.0
255011104,A,13.0,13.0
255011105,A,12.0,12.0
255015103,A,13.0,13.0
255015201,,13.0,13.0
255020001,A,6.0,6.0
255020003,A,12.0,12.0
255020005,A,12.0,12.0
255024101,A,13.0,13.0
255024103,A,13.0,13.0
255024202,,13.0,13.0
255030001,A,16.0,16.0
255030002,A,13.0,13.0
255030004,A,13.0,13.0
255040002,A,9.0,9.0
255040004,A,6.0,6.0
255040005,A,9.0,9.0
255040007,A,9.0,9.0
255045102,A,12.0,12.0
255060003,A,12.0,12.0
255060004,,13.0,13.0
255060005,,6.0,6.0
255060006,A,13.0,13.0
255060007,A,16.0,16.0
255060008,A,12.0,12.0
255063102,A,12.0,12.0
255063103,A,9.0,9.0
255070001,A,6.0,6.0
255070002,,6.0,6.0
255070004,A,12.0,12.0
255080002,A,12.0,12.0
255080003,A,13.0,13.0
255080004,A,9.0,9.0
255080005,A B,6.0,6.0
255080006,A,13.0,13.0
255081103,A,12.0,12.0
255084103,A,9.0,9.0
255120001,A,9.0,9.0
255120002,A,9.0,9.0
255120003,A,13.0,13.0
255120004,A,13.0,13.0
255120005,A,13.0,13.0
255125101,A,12.0,12.0
255130003,A,16.0,16.0
255130004,A,15.0,15.0
255130006,A,16.0,16.0
255150004,F,9.0,9.0
255160001,A,13.0,13.0
255160002,A,12.0,12.0
255160003,,15.0,15.0
255170001,A,16.0,16.0
255170002,A,12.0,12.0
255170003,A,16.0,16.0
255180001,A,9.0,9.0
255180002,A,16.0,16.0
255180003,A,13.0,13.0
255180004,A,12.0,12.0
255180005,A,13.0,13.0
255180006,A,12.0,12.0
255180009,A,12.0,12.0
255181101,A,16.0,16.0
255183102,A,12.0,12.0
255184206,A,12.0,12.0
255184208,A,6.0,6.0
255200001,A,15.0,15.0
255200003,A,15.0,15.0
255201105,A,12.0,12.0
255201106,A,12.0,12.0
255204101,A,15.0,15.0
256010002,,6.0,6.0
256010003,A,18.0,18.0
256010004,A,15.0,15.0
256010005,A,12.0,12.0
256030001,A,9.0,9.0
256030002,A,6.0,6.0
256030003,A,13.0,13.0
256030004,A,13.0,13.0
256030005,A,13.0,13.0
256035102,A,13.0,13.0
256040002,A,6.0,6.0
256040003,,6.0,6.0
256040004,A,9.0,9.0
256040005,A,13.0,13.0
256050001,A,13.0,13.0
256070002,,6.0,6.0
256070003,A,16.0,16.0
256090001,,9.0,9.0
256090004,,6.0,6.0
256090005,A,6.0,6.0
256110001,B,12.0,12.0
256120001,A,13.0,13.0
256120002,A,13.0,13.0
256120004,A,9.0,9.0
256120005,A,12.0,12.0
256130001,A,6.0,6.0
256130002,A,6.0,6.0
256130004,A,6.0,6.0
256140001,A,6.0,6.0
256140002,A,6.0,6.0
256140004,A,6.0,6.0
256140010,A,9.0,9.0
256150002,A,6.0,6.0
256150004,A,13.0,13.0
256154102,A,13.0,13.0
256160002,A,6.0,6.0
256160003,A,13.0,13.0
256160004,A,9.0,9.0
256160005,A,12.0,12.0
256160006,A,16.0,16.0
256160007,A,13.0,13.0
256160008,A,12.0,12.0
256164204,A,12.0,12.0
256170001,A,12.0,12.0
256170003,A,16.0,16.0
256170004,A,18.0,18.0
256170006,,15.0,15.0
256174103,A,16.0,16.0
256175104,A,16.0,16.0
256190001,,6.0,6.0
256190002,A,16.0,16.0
256190004,A,16.0,16.0
256190006,A,9.0,9.0
256200001,A,6.0,6.0
256200002,A,6.0,6.0
256200006,A,13.0,13.0
256200007,A,9.0,9.0
256200013,A,6.0,6.0
256205102,A,13.0,13.0
257010002,A,9.0,9.0
257010003,A,13.0,13.0
257010004,A,13.0,13.0
257010005,A,12.0,12.0
257010006,A,12.0,12.0
257010008,A,13.0,13.0
257010009,,13.0,13.0
257010011,G,6.0,6.0
257010013,A,16.0,16.0
257010014,A,13.0,13.0
257011103,A,13.0,13.0
257011104,A,13.0,13.0
257020001,A,13.0,13.0
257020002,A,9.0,9.0
257020003,A,13.0,13.0
257020004,A,12.0,12.0
257025102,A,13.0,13.0
257040002,A,6.0,6.0
257040004,A,12.0,12.0
257040005,A,13.0,13.0
257050001,A,9.0,9.0
257050002,A,15.0,15.0
257050003,,6.0,6.0
257050005,A,16.0,16.0
257050007,A,12.0,12.0
257050008,A,9.0,9.0
257051101,A,15.0,15.0
257060001,A,6.0,6.0
257060002,A,6.0,6.0
257060003,A,13.0,13.0
257060004,A,13.0,13.0
257060005,A,13.0,13.0
257060006,A,13.0,13.0
257060008,A,16.0,16.0
257060009,A,16.0,16.0
257061104,A,12.0,12.0
257063101,A,9.0,9.0
257063103,A,13.0,13.0
257063201,G,6.0,6.0
257063204,G,6.0,6.0
257064102,A,12.0,12.0
257070001,,6.0,6.0
257070002,A,6.0,6.0
257070003,A,13.0,13.0
257070004,A,16.0,16.0
257070005,A,9.0,9.0
257074102,A,15.0,15.0
257090001,A,6.0,6.0
257090002,A,6.0,6.0
257090003,A,13.0,13.0
257093102,A,6.0,6.0
257093103,A,13.0,13.0
257100004,A,6.0,6.0
257100005,A,6.0,6.0
257100006,A,12.0,12.0
257100008,A,6.0,6.0
257100009,A,13.0,13.0
257110001,A,6.0,6.0
257110003,A,13.0,13.0
257120002,A,6.0,6.0
257120003,G,9.0,9.0
257120005,A,9.0,9.0
257120006,,16.0,16.0
257123105,G,16.0,16.0
257123202,G,6.0,6.0
257123203,G,13.0,13.0
257123204,A,9.0,9.0
257130001,A,6.0,6.0
257140001,A,13.0,13.0
257140007,A,9.0,9.0
257140011,A,13.0,13.0
257150001,A,12.0,12.0
257150002,A,6.0,6.0
257150003,A,12.0,12.0
257150004,A,12.0,12.0
257150005,A,9.0,9.0
257150006,A,12.0,12.0
257155201,A,9.0,9.0
257160001,A,12.0,12.0
257160002,A,13.0,13.0
257160003,A,9.0,9.0
257160004,A,13.0,13.0
257160005,A,13.0,13.0
257160006,,12.0,12.0
257160007,A,13.0,13.0
257160008,A,13.0,13.0
257160009,A,6.0,6.0
257160010,A,13.0,13.0
257160011,A,9.0,9.0
257163103,A,9.0,9.0
257163104,A,12.0,12.0
257163305,A,9.0,9.0
257164102,A,12.0,12.0
257165204,A G,6.0,6.0
257170004,A,6.0,6.0
257174101,A,6.0,6.0
257180003,A G,16.0,16.0
257185101,A,13.0,13.0
257190001,A,6.0,6.0
257190002,A,9.0,9.0
257190004,A,12.0,12.0
257190005,A,13.0,13.0
257190006,A,13.0,13.0
257190010,A,9.0,9.0
258010002,A,6.0,6.0
258010003,A,13.0,13.0
258010004,A,9.0,9.0
258010006,A,12.0,12.0
258010007,A,12.0,12.0
258010008,A,12.0,12.0
258010009,A,13.0,13.0
258010010,A,12.0,12.0
258014205,A,9.0,9.0
258020003,A,13.0,13.0
258024102,A,13.0,13.0
258030002,A,13.0,13.0
258030003,A,12.0,12.0
258030004,A,13.0,13.0
258030006,A,16.0,16.0
258030007,A,13.0,13.0
258034101,A,12.0,12.0
258040002,A,6.0,6.0
258040003,A,13.0,13.0
258040004,,9.0,9.0
258040005,A,12.0,12.0
258040006,A,9.0,9.0
258040007,A,12.0,12.0
258040011,A,13.0,13.0
258043104,A,13.0,13.0
258050001,A,9.0,9.0
258050002,A,6.0,6.0
258050003,A,12.0,12.0
258050004,A,13.0,13.0
258050005,A,13.0,13.0
258050006,A,12.0,12.0
258050007,A,13.0,13.0
258060001,A,9.0,9.0
258060002,A,16.0,16.0
258060004,A,12.0,12.0
258070002,A,6.0,6.0
258070003,A,9.0,9.0
258070007,A,12.0,12.0
258075102,,13.0,13.0
258080001,A,9.0,9.0
258080002,A,6.0,6.0
258080003,A,9.0,9.0
258080004,A,13.0,13.0
258080005,A,13.0,13.0
258080006,A,13.0,13.0
258080007,,9.0,9.0
258080008,A,13.0,13.0
258084101,A F,15.0,15.0
258084202,A,13.0,13.0
258085102,A,6.0,6.0
258085201,A,13.0,13.0
258100001,A,6.0,6.0
258100002,A,6.0,6.0
258100003,A,13.0,13.0
258100004,A,9.0,9.0
258105101,,12.0,12.0
258110001,A,12.0,12.0
258110005,A,13.0,13.0
258113202,A,6.0,6.0
258113204,A,13.0,13.0
258113209,A,6.0,6.0
258113210,A,13.0,13.0
258120003,A,9.0,9.0
258120004,,13.0,13.0
258130001,A,6.0,6.0
258130002,A,6.0,6.0
258130003,A,9.0,9.0
258130004,A,6.0,6.0
258130005,A,13.0,13.0
258130006,A,13.0,13.0
258131101,A,9.0,9.0
258131103,A,13.0,13.0
258140001,,6.0,6.0
258140002,,6.0,6.0
258140003,A,6.0,6.0
258140004,A,6.0,6.0
258150001,,6.0,6.0
258150004,A,6.0,6.0
258150005,A,9.0,9.0
258150006,,6.0,6.0
258150007,A,13.0,13.0
258150008,A,12.0,12.0
258160002,A,6.0,6.0
258160004,A,6.0,6.0
258170002,A,12.0,12.0
258170003,A,15.0,15.0
258180001,A,6.0,6.0
258180002,,6.0,6.0
258180003,A,13.0,13.0
258180004,A,13.0,13.0
258180005,A,13.0,13.0
258180006,,12.0,12.0
258184102,A,13.0,13.0
258190001,A,16.0,16.0
258190002,A,12.0,12.0
258190003,A,12.0,12.0
258190004,A,16.0,16.0
258190005,A,12.0,12.0
258200001,A,12.0,12.0
258200002,A,12.0,12.0
258200003,A,15.0,15.0
258200004,A,13.0,13.0
258200005,A,13.0,13.0
258205102,A,13.0,13.0
258205202,A,13.0,13.0
259010002,A,9.0,9.0
259010003,A,13.0,13.0
259010004,A,16.0,16.0
259010005,A,13.0,13.0
259010006,A,13.0,13.0
259010007,A,13.0,13.0
259010008,A,12.0,12.0
259013203,,16.0,16.0
259015102,A,12.0,12.0
259060001,G,12.0,12.0
259060002,A,9.0,9.0
259060003,A,12.0,12.0
259060004,G,13.0,13.0
259100003,A,16.0,16.0
259103101,A,16.0,16.0
259103103,A,15.0,15.0
259130004,A,12.0,12.0
259130008,A,16.0,16.0
259130009,A,12.0,12.0
259130010,A,13.0,13.0
259130011,V,9.0,9.0
259131102,A,15.0,15.0
259160001,A,12.0,12.0
259160002,A,12.0,12.0
259160003,A,13.0,13.0
259160006,A,13.0,13.0
259165101,G,12.0,12.0
259170002,A,9.0,9.0
259170003,A,12.0,12.0
259170005,A,12.0,12.0
259170006,A,13.0,13.0
259170008,A,16.0,16.0
259170009,A,12.0,12.0
259170011,A,13.0,13.0
259171103,A,12.0,12.0
260010001,A,9.0,9.0
260010002,A,6.0,6.0
260010005,A,16.0,16.0
260030002,A,9.0,9.0
260030003,A,12.0,12.0
260030006,,12.0,12.0
260040001,A,13.0,13.0
260044101,A,13.0,13.0
260050001,,6.0,6.0
260050003,A,9.0,9.0
260054102,A,12.0,12.0
260060001,C,6.0,6.0
260070001,,9.0,9.0
260070002,A J,9.0,9.0
260070003,A,9.0,9.0
260070004,J,9.0,9.0
260070005,A,9.0,9.0
260070006,A,9.0,9.0
260070007,A,12.0,12.0
260070008,A,12.0,12.0
260070009,,9.0,9.0
260070010,A,12.0,12.0
260070012,A,13.0,13.0
260070013,A,13.0,13.0
260070014,A,9.0,9.0
260074301,A,13.0,13.0
260075202,A,12.0,12.0
260075301,A,13.0,13.0
260090001,A,9.0,9.0
260090002,A,6.0,6.0
260110002,A,12.0,12.0
260110003,A,16.0,16.0
260110004,A,12.0,12.0
260110005,A,13.0,13.0
260110006,A,12.0,12.0
260130003,A,6.0,6.0
260130005,A,9.0,9.0
260130009,A,13.0,13.0
260134102,A,6.0,6.0
260140003,A,9.0,9.0
260140004,A,12.0,12.0
260140006,D1,12.0,12.0
260143101,A,9.0,9.0
260143103,A,12.0,12.0
260180001,G,6.0,6.0
261020001,A,13.0,13.0
261020003,A,16.0,16.0
261020004,A,13.0,13.0
261020005,A,12.0,12.0
261020008,A,12.0,12.0
261020011,,12.0,12.0
261020012,A,12.0,12.0
261023102,A,16.0,16.0
261023202,A,9.0,9.0
261023203,A,13.0,13.0
261030002,A,9.0,9.0
261030003,A,16.0,16.0
261030004,A,12.0,12.0
261030005,A,13.0,13.0
261030006,A,12.0,12.0
261030007,A,15.0,15.0
261030008,A,16.0,16.0
261033102,A,16.0,16.0
261033103,A,16.0,16.0
261035201,A,15.0,15.0
261050001,,6.0,6.0
261050003,,12.0,12.0
261053102,A,13.0,13.0
261053103,A,13.0,13.0
261060001,A,6.0,6.0
261060002,A,9.0,9.0
261060003,,12.0,12.0
261060004,A,9.0,9.0
261060005,,13.0,13.0
261065102,,12.0,12.0
261080002,A,12.0,12.0
261080003,A,12.0,12.0
261080004,A,16.0,16.0
261080005,,13.0,13.0
261085102,A,16.0,16.0
261090002,A,15.0,15.0
261090005,,16.0,16.0
261130002,A,12.0,12.0
261140004,A,12.0,12.0
261140006,A,12.0,12.0
261144101,A,13.0,13.0
261145102,A,12.0,12.0
261150001,A,18.0,18.0
261150002,A,16.0,16.0
261150004,A,16.0,16.0
261150005,A,16.0,16.0
261150010,A,12.0,12.0
261154101,,16.0,16.0
261160001,A,16.0,16.0
261160002,A,13.0,13.0
261160003,A,15.0,15.0
261160004,A,13.0,13.0
261160006,,12.0,12.0
261160007,A,13.0,13.0
261160008,A,16.0,16.0
261170001,A,12.0,12.0
261170002,A,9.0,9.0
261170003,A,16.0,16.0
261170004,A,18.0,18.0
261170005,,6.0,6.0
261174101,A,13.0,13.0
261180002,A,12.0,12.0
261180003,A,16.0,16.0
261180004,,16.0,16.0
261180005,A,13.0,13.0
261185102,,18.0,18.0
261190003,,18.0,18.0
261190005,A,12.0,12.0
261190007,A,12.0,12.0
262020001,A,9.0,9.0
262020003,A,13.0,13.0
262020004,A,6.0,6.0
262020005,A,6.0,6.0
262020006,,6.0,6.0
262024102,G,6.0,6.0
262030003,A,6.0,6.0
262030004,A,9.0,9.0
262030005,A,12.0,12.0
262030006,A,12.0,12.0
262030008,A,13.0,13.0
262034102,,12.0,12.0
262040005,A,6.0,6.0
262040006,A,16.0,16.0
262040007,A,12.0,12.0
262040008,A,12.0,12.0
262040009,A,13.0,13.0
262043104,G,6.0,6.0
262045102,,15.0,15.0
262050003,,6.0,6.0
262054102,A,6.0,6.0
262054103,A,13.0,13.0
262060001,A,9.0,9.0
262070004,A,12.0,12.0
262070005,G,6.0,6.0
262080001,A,12.0,12.0
262080002,A,9.0,9.0
262090002,A,6.0,6.0
262090004,A,13.0,13.0
262100001,A,9.0,9.0
262100002,A,6.0,6.0
262100003,A,13.0,13.0
262100004,A,13.0,13.0
262100005,A,16.0,16.0
262104102,A,12.0,12.0
262105102,A,12.0,12.0
262110003,A,16.0,16.0
262120002,A,9.0,9.0
262120003,A,12.0,12.0
262124102,A,9.0,9.0
262124201,A,9.0,9.0
262124202,A,6.0,6.0
262124203,,13.0,13.0
262140003,A,6.0,6.0
262140004,A,9.0,9.0
262140005,A,6.0,6.0
262143106,A,12.0,12.0
262150002,,6.0,6.0
262150003,A,6.0,6.0
262150006,A,9.0,9.0
262150007,A,9.0,9.0
262150009,A,13.0,13.0
262160001,A,6.0,6.0
262160002,A,13.0,13.0
262170001,A,6.0,6.0
262170002,A,6.0,6.0
262170005,A,13.0,13.0
262180002,A,6.0,6.0
262180003,A,9.0,9.0
262180004,,12.0,12.0
262180005,A,9.0,9.0
262180006,A,9.0,9.0
262183101,G,6.0,6.0
262183103,A,13.0,13.0
262185101,A,9.0,9.0
262190002,A,6.0,6.0
262190003,A,12.0,12.0
262190004,A,6.0,6.0
262190005,A,13.0,13.0
262200001,G,6.0,6.0
262200002,A,9.0,9.0
262200003,A,13.0,13.0
263010001,,6.0,6.0
263010003,C,12.0,12.0
263010004,C,12.0,12.0
263020001,C,6.0,6.0
263020003,C,12.0,12.0
263020004,C,12.0,12.0
263025104,C,16.0,16.0
263025204,C,16.0,16.0
263030001,C,6.0,6.0
263030002,C,6.0,6.0
263030004,C,12.0,12.0
263030005,C,12.0,12.0
263040003,C,12.0,12.0
263040004,C,13.0,13.0
263040007,C,12.0,12.0
263040008,C,16.0,16.0
263040010,C,15.0,15.0
263050003,C,9.0,9.0
263050005,C,9.0,9.0
263053102,C,6.0,6.0
263053103,C,12.0,12.0
263070004,C,9.0,9.0
263070005,C,9.0,9.0
263080004,C,12.0,12.0
263080005,C,12.0,12.0
263080006,C,13.0,13.0
263090001,C,6.0,6.0
263090003,C,12.0,12.0
263090004,C,12.0,12.0
263090008,C,12.0,12.0
263100002,,6.0,6.0
263100004,C,16.0,16.0
263100005,,12.0,12.0
263110001,C,6.0,6.0
263110003,C,12.0,12.0
263110004,C,12.0,12.0
263110006,,9.0,9.0
263110007,C,12.0,12.0
263120001,C,6.0,6.0
263120003,C,12.0,12.0
263120005,C,16.0,16.0
263123101,C,12.0,12.0
263123103,C,12.0,12.0
263124101,C,16.0,16.0
263140001,C,12.0,12.0
263140002,C,12.0,12.0
263140003,C,15.0,15.0
263150001,C,6.0,6.0
263150002,C,6.0,6.0
263150003,C,12.0,12.0
263150004,C,15.0,15.0
263150005,C,12.0,12.0
263150008,C,6.0,6.0
263154102,C,15.0,15.0
263160001,C,13.0,13.0
263160002,C,12.0,12.0
263160003,C,12.0,12.0
263160005,C,16.0,16.0
263164104,C,12.0,12.0
263170001,C,6.0,6.0
263170002,C,6.0,6.0
263170003,C,12.0,12.0
263170004,C,15.0,15.0
263170005,,12.0,12.0
263170006,C,16.0,16.0
263170009,C,12.0,12.0
263170010,,13.0,13.0
263170011,C,12.0,12.0
263173101,C,12.0,12.0
263173103,C,12.0,12.0
263173202,C,12.0,12.0
263180001,C,6.0,6.0
263180003,C,12.0,12.0
263180005,C,12.0,12.0
263180006,C,12.0,12.0
263180009,C,12.0,12.0
263185101,C,12.0,12.0
263185103,,12.0,12.0
263190001,C,6.0,6.0
263190002,C,6.0,6.0
263190003,C,15.0,15.0
263190004,C,12.0,12.0
263190005,C,12.0,12.0
263193101,C,12.0,12.0
263200001,C,6.0,6.0
263200003,C,12.0,12.0
263200005,C,13.0,13.0
263210001,C,6.0,6.0
263210007,C,12.0,12.0
263214202,C,15.0,15.0
263230002,C,6.0,6.0
263230003,C,15.0,15.0
263230004,C,12.0,12.0
263230007,C,13.0,13.0
263233102,C,12.0,12.0
263240001,C,15.0,15.0
263240002,C,9.0,9.0
263240003,C,16.0,16.0
263240004,C,12.0,12.0
263240005,C,12.0,12.0
263245104,C,16.0,16.0
263250003,C,12.0,12.0
263250004,C,12.0,12.0
263250005,C,6.0,6.0
263253101,C,12.0,12.0
263253103,C,12.0,12.0
263260001,C,6.0,6.0
263260003,C,12.0,12.0
263260004,C,12.0,12.0
263270001,C,12.0,12.0
263270002,E,12.0,12.0
263270003,C,16.0,16.0
263270005,C,12.0,12.0
263270006,C,16.0,16.0
263274102,C,18.0,18.0
263280003,C,12.0,12.0
263280005,C,12.0,12.0
263280006,C,12.0,12.0
263285102,,15.0,15.0
263290003,C,16.0,16.0
263300004,C,9.0,9.0
263301104,C,9.0,9.0
263410006,C,12.0,12.0
263411103,C,12.0,12.0
263420001,C,6.0,6.0
263420002,C,6.0,6.0
263420003,C,12.0,12.0
263420004,C,13.0,13.0
263420005,C,15.0,15.0
263421104,C,12.0,12.0
264040001,U,12.0,12.0
264040002,C,9.0,9.0
264040003,C,16.0,16.0
264040004,C,12.0,12.0
264040007,C,15.0,15.0
264050003,C,12.0,12.0
264050005,C,12.0,12.0
264050006,C,6.0,6.0
264050007,C,13.0,13.0
264053102,C,6.0,6.0
264053103,C,13.0,13.0
264054201,C,12.0,12.0
264055103,A,16.0,16.0
264060002,A,9.0,9.0
264070001,C,6.0,6.0
264070002,C,6.0,6.0
264070003,C,13.0,13.0
264070004,C,12.0,12.0
264070005,C,12.0,12.0
264070006,C,12.0,12.0
264070008,C,13.0,13.0
264075104,C,15.0,15.0
264075202,C,16.0,16.0
264080001,A,13.0,13.0
264080002,A,9.0,9.0
264080003,A,18.0,18.0
264080004,A,12.0,12.0
264085102,A,13.0,13.0
264090001,C,12.0,12.0
264090002,C,12.0,12.0
264090003,C,16.0,16.0
264090004,D,16.0,16.0
264093103,C,12.0,12.0
264100001,C,6.0,6.0
264100003,A,9.0,9.0
264100004,C,13.0,13.0
264100005,C,12.0,12.0
264100006,C,12.0,12.0
264100009,C,9.0,9.0
264104102,,12.0,12.0
264110001,C,16.0,16.0
264110002,C,16.0,16.0
264110003,C,16.0,16.0
264110006,C,16.0,16.0
264130006,C,13.0,13.0
264150005,C,15.0,15.0
264154101,C,13.0,13.0
264160003,C,12.0,12.0
264160004,C,12.0,12.0
264160005,C,12.0,12.0
264160006,C,12.0,12.0
264160007,C,13.0,13.0
264160008,C,16.0,16.0
264160009,C,13.0,13.0
264160010,C,12.0,12.0
264163202,C,6.0,6.0
264164101,C,13.0,13.0
264164204,C,9.0,9.0
264164301,C,16.0,16.0
264170002,C,6.0,6.0
264170004,C,13.0,13.0
264170006,C,12.0,12.0
264170007,C,6.0,6.0
264180002,C,12.0,12.0
264180003,D,12.0,12.0
264180004,C V,15.0,15.0
264180005,C,12.0,12.0
264180006,,9.0,9.0
264180007,C,12.0,12.0
264180008,C,12.0,12.0
264180010,C,16.0,16.0
264180012,C,12.0,12.0
264180013,C,16.0,16.0
264180016,C,15.0,15.0
264181104,C,9.0,9.0
264185101,,16.0,16.0
264190001,C,9.0,9.0
264190002,C,12.0,12.0
264190004,C,13.0,13.0
264200001,,3.0,3.0
264200002,C,12.0,12.0
264200004,,6.0,6.0
264200005,C,13.0,13.0
265010002,A,12.0,12.0
265010004,C,16.0,16.0
265010009,C,16.0,16.0
265010010,C,16.0,16.0
265010011,C,13.0,13.0
265013101,C,12.0,12.0
265013103,C,16.0,16.0
265013104,C,13.0,13.0
265080001,A,12.0,12.0
265080002,A,9.0,9.0
265090001,C,16.0,16.0
265090002,C,18.0,18.0
265100002,E,6.0,6.0
265100003,E,16.0,16.0
265100004,E,13.0,13.0
265100005,E,16.0,16.0
265100006,E,16.0,16.0
265100008,E,6.0,6.0
265100015,D,16.0,16.0
265103104,C,12.0,12.0
265103203,E,16.0,16.0
265103401,G,6.0,6.0
265104101,,9.0,9.0
265120001,C,15.0,15.0
265120002,C,13.0,13.0
265120003,,16.0,16.0
265120004,,15.0,15.0
265130001,,6.0,6.0
265130002,A,6.0,6.0
265130003,C,16.0,16.0
265130004,C,16.0,16.0
265160001,C,9.0,9.0
265160002,C,9.0,9.0
265160003,C,13.0,13.0
265160004,C,13.0,13.0
265190001,C,16.0,16.0
265190002,C,16.0,16.0
265190003,C,18.0,18.0
265190005,C,9.0,9.0
266020001,C,12.0,12.0
266020002,C,9.0,9.0
266020003,C,12.0,12.0
266020004,C,12.0,12.0
266020005,C,9.0,9.0
266020006,C,12.0,12.0
266024201,C,15.0,15.0
266030001,C,13.0,13.0
266030002,C,12.0,12.0
266030003,C,12.0,12.0
266030004,C,12.0,12.0
266030005,H,6.0,6.0
266040002,E,12.0,12.0
266040003,V,12.0,12.0
266040004,U,12.0,12.0
266040006,V,12.0,12.0
266040007,V,12.0,12.0
266040008,A,12.0,12.0
266043202,C,9.0,9.0
266043203,V,12.0,12.0
266043204,V,12.0,12.0
266043302,A,9.0,9.0
266043303,A,12.0,12.0
266043402,A,16.0,16.0
266044101,A,16.0,16.0
266045101,A,12.0,12.0
266090001,,16.0,16.0
266090002,C,13.0,13.0
266090003,C,15.0,15.0
266090004,,16.0,16.0
266090005,C,16.0,16.0
266090006,C,16.0,16.0
266091101,C,18.0,18.0
266091103,C,16.0,16.0
266091105,C,12.0,12.0
266093102,C,16.0,16.0
266100002,C,12.0,12.0
266100003,D,12.0,12.0
266110001,C,9.0,9.0
266110002,C,9.0,9.0
266110003,C,12.0,12.0
266110004,C,12.0,12.0
266115102,C,12.0,12.0
266115202,C,16.0,16.0
266140001,C,9.0,9.0
266140002,C,12.0,12.0
266140003,C,16.0,16.0
266140004,C,16.0,16.0
266140005,C,13.0,13.0
266140006,C,12.0,12.0
266145202,C,15.0,15.0
266150001,,12.0,12.0
266150002,V,13.0,13.0
266150003,H,12.0,12.0
266150004,,12.0,12.0
266155103,C,16.0,16.0
266160001,,6.0,6.0
266160002,C,6.0,6.0
266160003,C,12.0,12.0
266160004,,12.0,12.0
266160006,C,12.0,12.0
266164101,A,12.0,12.0
266164103,A,12.0,12.0
266170001,C,9.0,9.0
266170002,C,6.0,6.0
266170003,C,16.0,16.0
266170004,C,12.0,12.0
266170005,C,12.0,12.0
266170006,C,13.0,13.0
266170007,C,12.0,12.0
266170008,C,9.0,9.0
266170009,C,13.0,13.0
266175202,C,15.0,15.0
266180002,C,12.0,12.0
266180003,,12.0,12.0
266180004,V,12.0,12.0
266190001,C,6.0,6.0
266190002,C,6.0,6.0
266190004,C,13.0,13.0
266190007,C,9.0,9.0
266191102,C,12.0,12.0
266191103,C,13.0,13.0
267010002,C,6.0,6.0
267010004,C,13.0,13.0
267010005,,6.0,6.0
267010006,C,12.0,12.0
267010007,C,6.0,6.0
267010008,C,16.0,16.0
267010009,C,6.0,6.0
267010010,C,13.0,13.0
267040001,C,18.0,18.0
267040002,C,13.0,13.0
267040004,C,16.0,16.0
267040006,C,15.0,15.0
267040007,C,12.0,12.0
267050002,,6.0,6.0
267050003,C,12.0,12.0
267050004,C,13.0,13.0
267050005,C,12.0,12.0
267050006,C,13.0,13.0
267050008,C,13.0,13.0
267051101,C,13.0,13.0
267051103,C,13.0,13.0
267051104,C,13.0,13.0
267070001,,6.0,6.0
267070002,C,12.0,12.0
267070008,C,13.0,13.0
267100001,C,16.0,16.0
267100002,C,15.0,15.0
267100004,C,16.0,16.0
267100005,C,12.0,12.0
267100006,,9.0,9.0
267110002,C,6.0,6.0
267110003,C,12.0,12.0
267110004,C,6.0,6.0
267110005,C,12.0,12.0
267110006,C,12.0,12.0
267110009,C,13.0,13.0
267110010,C,13.0,13.0
267113101,,12.0,12.0
267114101,C,12.0,12.0
267115102,A,9.0,9.0
267120001,A,6.0,6.0
267120005,A,15.0,15.0
267130003,C,9.0,9.0
267130004,C,13.0,13.0
267133101,C,9.0,9.0
267133103,C,13.0,13.0
267133201,C,12.0,12.0
267133203,C,13.0,13.0
267140001,C,6.0,6.0
267140005,C,15.0,15.0
267140006,C,12.0,12.0
267150001,,6.0,6.0
267150002,C,6.0,6.0
267150003,C,6.0,6.0
267150004,,9.0,9.0
267160001,,16.0,16.0
267160003,C,16.0,16.0
267160004,C,12.0,12.0
267180001,C,12.0,12.0
267180002,C,9.0,9.0
267180003,C,16.0,16.0
267180004,C,15.0,15.0
267180005,C,16.0,16.0
267184102,C,16.0,16.0
267190002,C,6.0,6.0
267190003,C,13.0,13.0
267190004,C,13.0,13.0
267190005,C,6.0,6.0
267194102,C,16.0,16.0
267200005,C,13.0,13.0
268010002,,6.0,6.0
268010003,C,16.0,16.0
268010004,C,6.0,6.0
268010005,C,16.0,16.0
268010006,C,15.0,15.0
268010007,C,12.0,12.0
268010010,C,16.0,16.0
268020001,C,15.0,15.0
268020002,C,6.0,6.0
268020003,C,16.0,16.0
268020004,C,13.0,13.0
268025102,C,15.0,15.0
268030002,C,3.0,3.0
268030004,C,12.0,12.0
268030007,C,15.0,15.0
268040002,C,6.0,6.0
268040003,C,16.0,16.0
268040004,C,15.0,15.0
268050001,C,16.0,16.0
268050002,C,16.0,16.0
268050003,C,15.0,15.0
268050004,C,16.0,16.0
268050005,C,15.0,15.0
268060001,C,9.0,9.0
268060002,C,6.0,6.0
268060004,C,12.0,12.0
268060005,C,16.0,16.0
268060006,C,16.0,16.0
268064102,C,15.0,15.0
268070001,,6.0,6.0
268090001,C,6.0,6.0
268090002,C,6.0,6.0
268090003,C,12.0,12.0
268090004,C,6.0,6.0
268090005,C,12.0,12.0
268095103,C,12.0,12.0
268095203,C,16.0,16.0
268100002,D,6.0,6.0
268100003,C,12.0,12.0
268100004,C,6.0,6.0
268100006,C,12.0,12.0
268103103,C,6.0,6.0
268103104,C,12.0,12.0
268120001,C,6.0,6.0
268120003,C,16.0,16.0
268130006,C,6.0,6.0
268150003,C,6.0,6.0
268150005,C,13.0,13.0
268160001,C,12.0,12.0
268160003,C,16.0,16.0
268160004,C,16.0,16.0
268160005,C,15.0,15.0
268170001,C,16.0,16.0
268170002,C,6.0,6.0
268190001,C,16.0,16.0
268190002,C,16.0,16.0
268190003,C,16.0,16.0
268190004,C,16.0,16.0
268200001,C,16.0,16.0
268200002,C,9.0,9.0
268200003,C,16.0,16.0
268210002,C,9.0,9.0
268210003,C,9.0,9.0
268210004,C,9.0,9.0
268210006,C,6.0,6.0
268215101,C,9.0,9.0
268220003,C,6.0,6.0
268220004,C,6.0,6.0
268220005,C,6.0,6.0
268220006,C,6.0,6.0
268220008,C,9.0,9.0
268224102,C,12.0,12.0
268240003,C,6.0,6.0
268240004,C,6.0,6.0
268250001,C,12.0,12.0
268250002,C,6.0,6.0
268250003,C,16.0,16.0
268250004,C,16.0,16.0
268254102,C,15.0,15.0
268260001,C,9.0,9.0
268260002,C,6.0,6.0
268270001,C,6.0,6.0
268270002,C,6.0,6.0
268270003,C,9.0,9.0
268270004,C,12.0,12.0
268275103,C,6.0,6.0
268280001,C,6.0,6.0
268280002,C,6.0,6.0
268280003,C,16.0,16.0
268280004,C,16.0,16.0
268280005,C,12.0,12.0
268280006,C,13.0,13.0
268410004,C,6.0,6.0
268420001,C,6.0,6.0
268420002,C,6.0,6.0
268420003,C,9.0,9.0
268420004,C,12.0,12.0
268420005,C,9.0,9.0
268420006,C,9.0,9.0
268421105,C,12.0,12.0
268424101,C,12.0,12.0
268424103,C,15.0,15.0
268424201,C,9.0,9.0
268425102,C,6.0,6.0
268430001,A,13.0,13.0
268430002,A,12.0,12.0
268430003,A,16.0,16.0
268430004,A,16.0,16.0
268430005,A,16.0,16.0
269020004,C,12.0,12.0
269020007,C,16.0,16.0
269023101,C,9.0,9.0
269030001,,6.0,6.0
269030002,C,9.0,9.0
269030003,C,12.0,12.0
269030004,A,15.0,15.0
269033101,C,9.0,9.0
269033103,C,13.0,13.0
269040002,C,6.0,6.0
269060001,C,6.0,6.0
269060003,C,12.0,12.0
269060004,C,12.0,12.0
269090001,C,12.0,12.0
269090002,C,6.0,6.0
269090003,C,15.0,15.0
269090004,C,16.0,16.0
269090007,C,16.0,16.0
269100001,,6.0,6.0
269100002,C,6.0,6.0
269100003,C,6.0,6.0
269110001,C,6.0,6.0
269110002,C,6.0,6.0
269110003,C,16.0,16.0
269110004,C,12.0,12.0
269110005,C,13.0,13.0
269120001,C,12.0,12.0
269120004,C,15.0,15.0
269120005,C,15.0,15.0
269120006,,13.0,13.0
269120008,,12.0,12.0
269124201,C,6.0,6.0
269125102,C,16.0,16.0
269140001,,6.0,6.0
269140002,C,6.0,6.0
269140004,C,9.0,9.0
269140005,C,9.0,9.0
269140007,C,9.0,9.0
269140009,C,13.0,13.0
269140010,C,6.0,6.0
269140011,C,13.0,13.0
269143101,C,13.0,13.0
269143103,C,15.0,15.0
269143104,C,12.0,12.0
269144101,C,12.0,12.0
269150001,C,9.0,9.0
269150002,,6.0,6.0
269150003,C,15.0,15.0
269150005,C,9.0,9.0
269150008,C,9.0,9.0
269160002,C,6.0,6.0
269160003,C,13.0,13.0
269160004,C,16.0,16.0
269160006,C,16.0,16.0
269160007,C,16.0,16.0
269163102,C,13.0,13.0
269170003,C,13.0,13.0
269180004,C,16.0,16.0
269190009,C,16.0,16.0
269200001,C,6.0,6.0
269200002,C,6.0,6.0
269200003,C,12.0,12.0
269200004,C,15.0,15.0
269200007,C,12.0,12.0
269205104,C,16.0,16.0
269210001,C,6.0,6.0
269210002,C,6.0,6.0
269210004,C,12.0,12.0
269210007,C,9.0,9.0
269214204,C,12.0,12.0
269230001,C,6.0,6.0
269230002,C,6.0,6.0
269230003,C,9.0,9.0
269230004,C,9.0,9.0
269230005,C,9.0,9.0
269240001,C,6.0,6.0
269240003,C,9.0,9.0
269240004,C,12.0,12.0
269240006,C,9.0,9.0
269260002,C,6.0,6.0
269260004,C,13.0,13.0
269260005,,12.0,12.0
269260006,,9.0,9.0
269260007,C,12.0,12.0
269270001,C,6.0,6.0
269270002,C,6.0,6.0
269270003,C,16.0,16.0
269270006,C,15.0,15.0
269274105,C,13.0,13.0
269280001,,6.0,6.0
269294101,C,12.0,12.0
269300001,C,6.0,6.0
269300002,,6.0,6.0
269300003,C,15.0,15.0
269300005,,15.0,15.0
269300006,,6.0,6.0
269305101,C,15.0,15.0
269410001,C,6.0,6.0
269410003,C,12.0,12.0
269410004,,13.0,13.0
269410005,C,9.0,9.0
269415101,C,6.0,6.0
270010002,C,18.0,18.0
270010003,C,12.0,12.0
270010006,C,12.0,12.0
270020001,C,15.0,15.0
270020003,C,16.0,16.0
270020004,C,16.0,16.0
270025101,,16.0,16.0
270025202,,16.0,16.0
270030003,C,6.0,6.0
270030005,C,6.0,6.0
270030007,C,6.0,6.0
270040001,C,13.0,13.0
270040002,C,13.0,13.0
270040004,C,6.0,6.0
270040006,C,12.0,12.0
270040007,C,12.0,12.0
270040008,C,13.0,13.0
270040009,C,13.0,13.0
270040013,A,13.0,13.0
270043102,C,12.0,12.0
270043103,C,13.0,13.0
270045102,C,9.0,9.0
270045202,C,13.0,13.0
270045203,C,13.0,13.0
270050001,C,6.0,6.0
270050002,C,6.0,6.0
270050003,C,6.0,6.0
270050005,C,3.0,3.0
270050006,C,6.0,6.0
270050007,C,9.0,9.0
270050009,C,6.0,6.0
270050010,C,13.0,13.0
270053101,C,6.0,6.0
270053103,C,12.0,12.0
270054107,C,13.0,13.0
270054201,C,9.0,9.0
270060001,C,16.0,16.0
270060002,C,6.0,6.0
270060003,C,15.0,15.0
270070001,C,15.0,15.0
270070003,C,16.0,16.0
270070004,C,12.0,12.0
270075101,,15.0,15.0
270080001,C,6.0,6.0
270080002,,6.0,6.0
270080004,C,12.0,12.0
270080005,C,12.0,12.0
270080007,,6.0,6.0
270080008,C,6.0,6.0
270080011,,9.0,9.0
270083103,C,13.0,13.0
270084101,C,12.0,12.0
270100001,B,6.0,6.0
270100002,B,6.0,6.0
270100003,B,6.0,6.0
270100004,,6.0,6.0
270100006,B,6.0,6.0
270110001,,6.0,6.0
270110002,,6.0,6.0
270110004,C,16.0,16.0
270110005,C,16.0,16.0
270110006,C,13.0,13.0
270110007,C,12.0,12.0
270110008,C,16.0,16.0
270110009,C,16.0,16.0
270110010,C,16.0,16.0
270110011,C,15.0,15.0
270110012,,13.0,13.0
270110013,C,13.0,13.0
270113106,C,12.0,12.0
270120001,C,6.0,6.0
270120002,C,6.0,6.0
270120003,C,12.0,12.0
270120004,C,16.0,16.0
270120005,C,9.0,9.0
270120006,C,3.0,3.0
270120007,C,12.0,12.0
270120008,C,9.0,9.0
270120010,C,15.0,15.0
270120011,,16.0,16.0
270125102,C,6.0,6.0
270140001,C,9.0,9.0
270140003,C,15.0,15.0
270145102,C,16.0,16.0
270150001,C,6.0,6.0
270150002,C,6.0,6.0
270150003,C,9.0,9.0
270150004,C,12.0,12.0
270150006,C,16.0,16.0
270153102,C,16.0,16.0
270155101,C,12.0,12.0
270160001,C,6.0,6.0
270160004,C,6.0,6.0
270160005,C,9.0,9.0
270160006,C,13.0,13.0
270165101,,9.0,9.0
270165203,,13.0,13.0
270180002,C,13.0,13.0
270180004,C,16.0,16.0
270180005,C,16.0,16.0
270190002,C,6.0,6.0
270190003,C,12.0,12.0
270190004,C,12.0,12.0
270190005,C,13.0,13.0
270195105,C,13.0,13.0
270200001,C,16.0,16.0
270200002,C,9.0,9.0
270200003,C,15.0,15.0
270200004,C,12.0,12.0
270200005,C,12.0,12.0
270200006,,6.0,6.0
270200007,C,12.0,12.0
270200008,C,16.0,16.0
270204102,,16.0,16.0
271010001,C,9.0,9.0
271010002,C,6.0,6.0
271010003,C,16.0,16.0
271010005,C,16.0,16.0
271010008,C,6.0,6.0
271010009,C,9.0,9.0
271020001,C,15.0,15.0
271020002,C,6.0,6.0
271020004,C,12.0,12.0
271020005,C,12.0,12.0
271020006,C,9.0,9.0
271024101,C,9.0,9.0
271025102,C,12.0,12.0
271030001,C,9.0,9.0
271030002,C,6.0,6.0
271030003,C,12.0,12.0
271030004,C,6.0,6.0
271030005,C,9.0,9.0
271030008,C,16.0,16.0
271031104,C,13.0,13.0
271040001,C,15.0,15.0
271040002,C,15.0,15.0
271040003,C,12.0,12.0
271040004,C,16.0,16.0
271040005,C,16.0,16.0
271040006,C,15.0,15.0
271050001,C,16.0,16.0
271050002,C,9.0,9.0
271050005,C,13.0,13.0
271060002,C,6.0,6.0
271060003,C,12.0,12.0
271060004,C,12.0,12.0
271060005,C,12.0,12.0
271060006,C,12.0,12.0
271064102,,12.0,12.0
271064203,C,12.0,12.0
271070002,C,6.0,6.0
271070005,C,12.0,12.0
271074102,C,12.0,12.0
271080004,C,6.0,6.0
271080005,C,16.0,16.0
271080006,C,16.0,16.0
271080007,C,6.0,6.0
271080008,C,12.0,12.0
271080010,C,12.0,12.0
271083104,C,13.0,13.0
271090002,C,16.0,16.0
271090003,C,9.0,9.0
271090004,C,12.0,12.0
271100001,,6.0,6.0
271100003,C,6.0,6.0
271100007,C,16.0,16.0
271100008,C,13.0,13.0
271101101,C,6.0,6.0
271110001,C,6.0,6.0
271110003,C,9.0,9.0
271110004,C,12.0,12.0
271110011,C,6.0,6.0
271115102,C,15.0,15.0
271115202,C,6.0,6.0
271120003,C,13.0,13.0
271120007,C,6.0,6.0
271130001,C,6.0,6.0
271130002,C,6.0,6.0
271130003,C,13.0,13.0
271130004,C,12.0,12.0
271130005,C,15.0,15.0
271130006,C,6.0,6.0
271130007,C,13.0,13.0
271134203,C,6.0,6.0
271140001,C,6.0,6.0
271140004,C,15.0,15.0
271145102,C,15.0,15.0
271150001,,15.0,15.0
271150002,,6.0,6.0
271150003,,6.0,6.0
271150004,C,6.0,6.0
271150005,C,6.0,6.0
271150008,C,16.0,16.0
271150009,C,16.0,16.0
271150010,C,16.0,16.0
271150012,C,16.0,16.0
271153106,C,16.0,16.0
271160003,C,16.0,16.0
271161101,C,16.0,16.0
271161103,C,16.0,16.0
271170001,C,9.0,9.0
271170003,C,15.0,15.0
271170004,C,15.0,15.0
271170005,C,15.0,15.0
271170007,C,6.0,6.0
271174101,C,16.0,16.0
271175101,,15.0,15.0
271180001,,6.0,6.0
271180002,C,6.0,6.0
271180004,C,9.0,9.0
271184102,C,6.0,6.0
271190002,C,6.0,6.0
271190003,C,6.0,6.0
271190004,C,13.0,13.0
271200001,C,6.0,6.0
271200004,C,6.0,6.0
271200005,C,12.0,12.0
271201107,C,6.0,6.0
271210001,C,6.0,6.0
271210003,C,12.0,12.0
271210004,C,9.0,9.0
271210006,C,13.0,13.0
271215101,C,15.0,15.0
271220002,C,9.0,9.0
271220003,C,9.0,9.0
271220004,C,6.0,6.0
271220006,C,12.0,12.0
271220007,C,12.0,12.0
271220008,C,12.0,12.0
271225302,C,6.0,6.0
271225404,C,13.0,13.0
271230002,C,6.0,6.0
271230005,C,15.0,15.0
271240003,C,9.0,9.0
271240004,C,6.0,6.0
271240005,C,9.0,9.0
271240007,C,13.0,13.0
271241102,C,9.0,9.0
271250001,,6.0,6.0
271250002,C,6.0,6.0
271260002,C,6.0,6.0
271270002,C,6.0,6.0
271270003,C,16.0,16.0
271270004,C,16.0,16.0
271270006,C,12.0,12.0
271275103,C,16.0,16.0
271280001,C,13.0,13.0
271280003,C,16.0,16.0
271280005,C,16.0,16.0
271290003,C,6.0,6.0
271290007,C,16.0,16.0
271290009,C,15.0,15.0
271293101,C,6.0,6.0
271293103,C,9.0,9.0
271294203,,6.0,6.0
271295102,C,16.0,16.0
271300002,C,6.0,6.0
271300003,C,6.0,6.0
271300004,C,9.0,9.0
271300006,C,6.0,6.0
271300007,C,12.0,12.0
271300008,C,13.0,13.0
271300012,,6.0,6.0
271304101,C,12.0,12.0
271304201,C,6.0,6.0
271304302,C,12.0,12.0
272010001,C,12.0,12.0
272010002,C,13.0,13.0
272010003,C,15.0,15.0
272010004,C,12.0,12.0
272010006,C,12.0,12.0
272020001,C,9.0,9.0
272020002,C,6.0,6.0
272020003,C,12.0,12.0
272021104,C,12.0,12.0
272030001,C,6.0,6.0
272030002,C,9.0,9.0
272030003,C,9.0,9.0
272030004,C,12.0,12.0
272030005,C,9.0,9.0
272034101,C,13.0,13.0
272040001,C,6.0,6.0
272040003,C,12.0,12.0
272040004,C,12.0,12.0
272050003,C,9.0,9.0
272050004,C,6.0,6.0
272050005,C,6.0,6.0
272053101,C,9.0,9.0
272053103,C,13.0,13.0
272054102,C,6.0,6.0
272060001,C,6.0,6.0
272060002,C,6.0,6.0
272070004,C,12.0,12.0
272070005,C,6.0,6.0
272070006,C,6.0,6.0
272070007,C,16.0,16.0
272070008,C,9.0,9.0
272070010,C,12.0,12.0
272070011,C,6.0,6.0
272070012,C,9.0,9.0
272070013,C,6.0,6.0
272070014,C,13.0,13.0
272070015,C,13.0,13.0
272071102,C,9.0,9.0
272073201,C,16.0,16.0
272073203,C,16.0,16.0
272073204,C,12.0,12.0
272074104,C,13.0,13.0
272074202,C,6.0,6.0
272080003,C,9.0,9.0
272080004,C,9.0,9.0
272080006,C,9.0,9.0
272080007,C,6.0,6.0
272084101,C,6.0,6.0
272090001,C,16.0,16.0
272090002,C,6.0,6.0
272090003,C,16.0,16.0
272090004,C,9.0,9.0
272090005,C,12.0,12.0
272093103,C,6.0,6.0
272100001,,6.0,6.0
272100002,C,6.0,6.0
272100003,C,12.0,12.0
272100004,C,12.0,12.0
272110001,C,12.0,12.0
272110002,C,9.0,9.0
272110003,C,12.0,12.0
272110007,C,9.0,9.0
272110008,C,9.0,9.0
272110009,C,12.0,12.0
272113105,C,9.0,9.0
272113201,C,9.0,9.0
272114101,C,12.0,12.0
272120003,C,6.0,6.0
272120004,C,6.0,6.0
272123101,C,6.0,6.0
272124102,C,6.0,6.0
272130001,C,6.0,6.0
272130004,C,6.0,6.0
272130005,C,12.0,12.0
272134102,C,6.0,6.0
272135102,C,12.0,12.0
272140001,C,6.0,6.0
272140003,C,6.0,6.0
272140004,C,6.0,6.0
272140005,C,6.0,6.0
272143103,C,9.0,9.0
272145102,C,6.0,6.0
272160003,C,6.0,6.0
272160005,C,6.0,6.0
272160006,C,6.0,6.0
272160007,C,9.0,9.0
272163102,C,6.0,6.0
272164102,C,6.0,6.0
272164203,C,9.0,9.0
272180004,C,9.0,9.0
272180005,C,6.0,6.0
272183201,C,6.0,6.0
272190001,C,6.0,6.0
272190003,C,6.0,6.0
272195102,C,16.0,16.0
272200001,C,6.0,6.0
272200003,C,16.0,16.0
272200004,C,6.0,6.0
272204102,C,9.0,9.0
272205101,C,9.0,9.0
272210001,C,6.0,6.0
272210003,C,9.0,9.0
272210004,C,6.0,6.0
272210005,C,9.0,9.0
272210008,C,6.0,6.0
272214102,C,6.0,6.0
272220003,C,6.0,6.0
272220004,C,6.0,6.0
272220005,C,12.0,12.0
272220006,C,9.0,9.0
272234103,C,12.0,12.0
272240004,C,9.0,9.0
272240005,C,6.0,6.0
272240006,C,9.0,9.0
272244102,C,6.0,6.0
272250001,C,6.0,6.0
272250003,C,9.0,9.0
272250004,C,9.0,9.0
272260003,C,6.0,6.0
272260004,C,6.0,6.0
272260007,C,12.0,12.0
272260008,C,9.0,9.0
272263101,C,6.0,6.0
272270001,C,9.0,9.0
272270002,C,9.0,9.0
272270003,C,16.0,16.0
272270004,C,16.0,16.0
272270006,C,6.0,6.0
272270007,C,9.0,9.0
272270011,C,6.0,6.0
272270012,C,6.0,6.0
272280004,C,9.0,9.0
272280005,C,6.0,6.0
272290003,C,6.0,6.0
272290004,C,12.0,12.0
272290005,C,12.0,12.0
272290006,C,6.0,6.0
272290007,C,13.0,13.0
272290008,C,9.0,9.0
272290012,C,12.0,12.0
272294102,C,6.0,6.0
272294211,C,6.0,6.0
272295102,C,6.0,6.0
272300001,C,9.0,9.0
272300003,C,6.0,6.0
272300004,C,12.0,12.0
272300005,C,9.0,9.0
272304103,C,9.0,9.0
273010002,C,6.0,6.0
273010003,C,6.0,6.0
273010004,C,15.0,15.0
273020001,C,6.0,6.0
273020007,C,9.0,9.0
273030001,,6.0,6.0
273030002,C,6.0,6.0
273030003,C,6.0,6.0
273030004,C,9.0,9.0
273030005,C,12.0,12.0
273030006,C,12.0,12.0
273033101,C,6.0,6.0
273033103,C,13.0,13.0
273033104,C,13.0,13.0
273040001,C,6.0,6.0
273040003,C,12.0,12.0
273040004,C,6.0,6.0
273043102,C,6.0,6.0
273050002,C,9.0,9.0
273050003,C,9.0,9.0
273050005,A,9.0,9.0
273050006,C,13.0,13.0
273050007,A,13.0,13.0
273054101,C,6.0,6.0
273055101,C,9.0,9.0
273055201,C,9.0,9.0
273060001,C,6.0,6.0
273070003,C,6.0,6.0
273070004,C,6.0,6.0
273070006,C,9.0,9.0
273070007,C,12.0,12.0
273075101,C,12.0,12.0
273080001,C,18.0,18.0
273080002,C,12.0,12.0
273080005,C,6.0,6.0
273084202,C,6.0,6.0
273090001,C,13.0,13.0
273090004,C,13.0,13.0
273090009,C,6.0,6.0
273100003,C,6.0,6.0
273100004,C,9.0,9.0
273100005,C,9.0,9.0
273100006,C,13.0,13.0
273104102,G,9.0,9.0
273105102,C,6.0,6.0
273105201,,12.0,12.0
273110001,A,6.0,6.0
273110002,A,6.0,6.0
273110003,A,6.0,6.0
273110004,A,13.0,13.0
273110006,C,13.0,13.0
273114201,A,6.0,6.0
273120001,A,6.0,6.0
273120002,A,6.0,6.0
273120003,A,12.0,12.0
273120004,A,12.0,12.0
273121102,A,9.0,9.0
273121103,A,13.0,13.0
273124003,,9.0,9.0
273130001,C,15.0,15.0
273130002,C,6.0,6.0
273130003,C,12.0,12.0
273130004,C,13.0,13.0
273130006,C,12.0,12.0
273135202,C,13.0,13.0
273140002,C,6.0,6.0
273140003,C,6.0,6.0
273140004,C,6.0,6.0
273145101,C,12.0,12.0
273150001,C,6.0,6.0
273150004,C,6.0,6.0
273150005,C,6.0,6.0
273150006,C,6.0,6.0
273150007,C,12.0,12.0
273150013,C,6.0,6.0
273154101,C,6.0,6.0
273155201,C,12.0,12.0
273160001,A,6.0,6.0
273160002,A,6.0,6.0
273160004,A,9.0,9.0
273160005,A,6.0,6.0
273164201,C,15.0,15.0
273165102,C,6.0,6.0
273170002,C,6.0,6.0
273170003,H,9.0,9.0
273170005,H,13.0,13.0
273170008,C,9.0,9.0
273174101,A,6.0,6.0
273175102,C,6.0,6.0
273175103,C,9.0,9.0
273180001,G,6.0,6.0
273180003,A,13.0,13.0
273180004,G,12.0,12.0
273190003,C,12.0,12.0
273190005,C,12.0,12.0
273190006,C,12.0,12.0
273190007,C,12.0,12.0
273190008,C,12.0,12.0
273190010,C,6.0,6.0
273190011,C,12.0,12.0
273190015,C,12.0,12.0
273190016,C,12.0,12.0
273193101,C,12.0,12.0
273193103,C,13.0,13.0
273193205,,12.0,12.0
273193301,H,6.0,6.0
273194101,,16.0,16.0
273200003,C,15.0,15.0
273200004,C,12.0,12.0
273200005,C,15.0,15.0
273203101,C,15.0,15.0
273203103,C,13.0,13.0
273210001,C,6.0,6.0
273210002,C,6.0,6.0
273210004,C,12.0,12.0
273213103,C,12.0,12.0
273220001,C,6.0,6.0
273220003,C,6.0,6.0
273220004,C,6.0,6.0
273220005,C,9.0,9.0
273220006,C,6.0,6.0
273220008,C,6.0,6.0
273220009,C,9.0,9.0
273224202,C,9.0,9.0
273230001,C,13.0,13.0
273230002,C,6.0,6.0
273230003,C,6.0,6.0
273240002,,6.0,6.0
273240004,C,6.0,6.0
273240006,C,13.0,13.0
273240007,C,9.0,9.0
273244103,C,6.0,6.0
273250003,C,12.0,12.0
273250005,C,13.0,13.0
273260001,C,12.0,12.0
273260003,C,12.0,12.0
273260005,C,9.0,9.0
273260007,C,9.0,9.0
273260008,C,13.0,13.0
273263104,C,13.0,13.0
273263201,C,6.0,6.0
273263204,C,13.0,13.0
273270004,,9.0,9.0
273270006,A,6.0,6.0
273275201,C,6.0,6.0
273280001,C,12.0,12.0
273280002,C,6.0,6.0
273280003,C,12.0,12.0
273280004,C,15.0,15.0
273280005,C,12.0,12.0
273300001,C,12.0,12.0
273300002,C,6.0,6.0
273300003,C,12.0,12.0
273300004,C,6.0,6.0
273300006,C,6.0,6.0
273300007,C,9.0,9.0
273303106,C,12.0,12.0
273305102,C,12.0,12.0
273305104,C,9.0,9.0
273305203,C,12.0,12.0
274010001,C,6.0,6.0
274010002,C,9.0,9.0
274010003,C,15.0,15.0
274010004,C,13.0,13.0
274010005,C,6.0,6.0
274014202,C,9.0,9.0
274020001,C,6.0,6.0
274020002,,6.0,6.0
274020003,C,12.0,12.0
274020004,C,12.0,12.0
274020005,C,12.0,12.0
274020006,C,16.0,16.0
274020007,C,16.0,16.0
274020008,C,13.0,13.0
274020009,C,13.0,13.0
274020010,C,9.0,9.0
274024201,C,13.0,13.0
274024303,C,13.0,13.0
274024402,C,9.0,9.0
274024502,C,9.0,9.0
274025101,C,16.0,16.0
274030001,C,6.0,6.0
274030002,C,6.0,6.0
274030003,C,12.0,12.0
274030004,C,13.0,13.0
274030006,C,13.0,13.0
274033106,C,12.0,12.0
274035101,C,16.0,16.0
274040001,C,13.0,13.0
274040002,C,9.0,9.0
274040005,C,12.0,12.0
274050003,C,9.0,9.0
274050004,C,12.0,12.0
274053102,C,13.0,13.0
274060003,C,9.0,9.0
274060004,C,9.0,9.0
274060005,C,9.0,9.0
274064101,C,6.0,6.0
274064106,C,9.0,9.0
274065101,,12.0,12.0
274070001,,6.0,6.0
274070004,C,6.0,6.0
274080001,C,9.0,9.0
274080002,C,6.0,6.0
274080005,C,12.0,12.0
274080006,,16.0,16.0
274090003,C,9.0,9.0
274100001,C,6.0,6.0
274100002,C,6.0,6.0
274100003,C,6.0,6.0
274100004,C,6.0,6.0
274103104,C,13.0,13.0
274110002,C,6.0,6.0
274110004,C,9.0,9.0
274110005,C,9.0,9.0
274110006,C,13.0,13.0
274110007,C,12.0,12.0
274110008,C,6.0,6.0
274113101,C,6.0,6.0
274113103,C,13.0,13.0
274114201,C,9.0,9.0
274120001,C,9.0,9.0
274120002,C,9.0,9.0
274120003,C,6.0,6.0
274120004,C,6.0,6.0
274120005,C,12.0,12.0
274125102,C,9.0,9.0
274125202,A,9.0,9.0
274130001,C,6.0,6.0
274130002,C,6.0,6.0
274130004,C,12.0,12.0
274130005,C,13.0,13.0
274130007,C,12.0,12.0
274140003,C,12.0,12.0
274140004,C,9.0,9.0
274140005,C,6.0,6.0
274140008,C,13.0,13.0
274140010,C,15.0,15.0
274150001,C,6.0,6.0
274150003,C,12.0,12.0
274150005,C,12.0,12.0
274150006,C,6.0,6.0
274150007,C,12.0,12.0
274154102,,12.0,12.0
274154205,C,12.0,12.0
274160003,C,9.0,9.0
274160004,C,9.0,9.0
274160005,C,12.0,12.0
274160006,C,12.0,12.0
274160010,C,6.0,6.0
274164202,C,15.0,15.0
274170001,C,6.0,6.0
274170002,C,6.0,6.0
274170003,C,13.0,13.0
274170004,C,13.0,13.0
274170005,C,13.0,13.0
274170006,C,13.0,13.0
274175202,C,13.0,13.0
274180003,C,16.0,16.0
274180004,C,6.0,6.0
274180006,C,16.0,16.0
274180007,C,13.0,13.0
274190001,,6.0,6.0
274190002,C,13.0,13.0
274190003,,6.0,6.0
274200002,C,6.0,6.0
274200004,C,12.0,12.0
274200005,C,12.0,12.0
274200008,C,6.0,6.0
274203101,C,15.0,15.0
274203103,C,13.0,13.0
274210001,C,6.0,6.0
274210003,C,15.0,15.0
274210004,C,16.0,16.0
274220004,C,6.0,6.0
274220006,C,6.0,6.0
274221103,,6.0,6.0
274223201,,9.0,9.0
274230001,C,6.0,6.0
274230002,C,6.0,6.0
274230004,C,12.0,12.0
274240001,C,6.0,6.0
274240003,C,13.0,13.0
274240004,C,12.0,12.0
274240005,C,12.0,12.0
274243104,C,12.0,12.0
274245102,C,9.0,9.0
274245202,C,9.0,9.0
274250001,C,6.0,6.0
274250002,C,6.0,6.0
274250003,C,12.0,12.0
274250006,C,9.0,9.0
274270005,C,9.0,9.0
274274101,A,12.0,12.0
274274102,A,12.0,12.0
274274302,C,9.0,9.0
274280002,C,6.0,6.0
274290002,C,6.0,6.0
274290003,C,6.0,6.0
274290004,C,13.0,13.0
274300003,C,12.0,12.0
274300004,C,9.0,9.0
275010001,C,6.0,6.0
275010002,C,6.0,6.0
275010003,C,9.0,9.0
275014101,C,6.0,6.0
275020002,,6.0,6.0
275020003,C,6.0,6.0
275020005,C,6.0,6.0
275020006,C,12.0,12.0
275020007,C,6.0,6.0
275020010,C,6.0,6.0
275030002,C,13.0,13.0
275030004,C,6.0,6.0
275040001,C,9.0,9.0
275040002,C,6.0,6.0
275040003,C,15.0,15.0
275040004,C,15.0,15.0
275045101,C,16.0,16.0
275050001,C,9.0,9.0
275050002,C,6.0,6.0
275050003,C,6.0,6.0
275050004,C,6.0,6.0
275050008,C,9.0,9.0
275054101,C,12.0,12.0
275060001,C,6.0,6.0
275060003,C,6.0,6.0
275060004,C,6.0,6.0
275070001,,6.0,6.0
275070003,C,12.0,12.0
275070004,C,9.0,9.0
275070005,C,13.0,13.0
275080003,C,6.0,6.0
275080004,C,9.0,9.0
275080005,C,6.0,6.0
275080007,,6.0,6.0
275085001,C,12.0,12.0
275090001,C,6.0,6.0
275090002,C,6.0,6.0
275090004,C,6.0,6.0
275090005,C,9.0,9.0
275090006,C,12.0,12.0
275090007,C,12.0,12.0
275090008,C,12.0,12.0
275090009,C,6.0,6.0
275093103,C,12.0,12.0
275100001,,6.0,6.0
275110003,C,6.0,6.0
275110004,C,12.0,12.0
275110005,C,6.0,6.0
275110006,C,6.0,6.0
275110009,C,12.0,12.0
275113102,C,12.0,12.0
275120001,C,6.0,6.0
275120002,C,6.0,6.0
275130001,C,6.0,6.0
275130003,C,9.0,9.0
275130004,C,6.0,6.0
275130008,C,6.0,6.0
275135103,C,9.0,9.0
275140001,C,6.0,6.0
275140002,,6.0,6.0
275140004,C,12.0,12.0
275140005,C,12.0,12.0
275140006,C,15.0,15.0
275140009,C,9.0,9.0
275143101,C,6.0,6.0
275143201,C,6.0,6.0
275143203,C,9.0,9.0
275150001,C,6.0,6.0
275150002,C,6.0,6.0
275150003,C,16.0,16.0
275150004,C,13.0,13.0
275160001,C,12.0,12.0
275160002,C,13.0,13.0
275160003,C,15.0,15.0
275170001,C,6.0,6.0
275170003,C,6.0,6.0
275170004,C,6.0,6.0
275170005,C,6.0,6.0
275171102,C,6.0,6.0
275175101,C,6.0,6.0
275180003,C,6.0,6.0
275180006,C,6.0,6.0
275180007,C,6.0,6.0
275180008,C,6.0,6.0
275180009,C,6.0,6.0
275180010,C,6.0,6.0
275183102,C,6.0,6.0
275184102,C,9.0,9.0
275185101,,12.0,12.0
275190004,C,6.0,6.0
275190007,C,6.0,6.0
275193102,C,6.0,6.0
275200001,C,6.0,6.0
275200002,C,6.0,6.0
275200003,C,12.0,12.0
275200004,C,6.0,6.0
275200005,C,9.0,9.0
275200007,C,15.0,15.0
275205201,C,9.0,9.0
275205301,C,6.0,6.0
276010001,,6.0,6.0
276010002,,6.0,6.0
276010003,E,6.0,6.0
276010004,E,6.0,6.0
276010005,E,6.0,6.0
276010006,E,6.0,6.0
276010007,E,6.0,6.0
276010008,E,6.0,6.0
276010009,E,6.0,6.0
276010010,E,12.0,12.0
276013102,E,6.0,6.0
276013103,E,12.0,12.0
276014102,E,6.0,6.0
276014202,E,6.0,6.0
276020002,,6.0,6.0
276020004,E,6.0,6.0
276020006,E,9.0,9.0
276020007,E,6.0,6.0
276020008,,9.0,9.0
276020010,C,9.0,9.0
276023103,E,12.0,12.0
276024102,E,9.0,9.0
276025103,C,6.0,6.0
276030001,E,12.0,12.0
276030003,E,6.0,6.0
276030004,E,12.0,12.0
276030005,H,12.0,12.0
276030007,E,6.0,6.0
276040001,E,6.0,6.0
276040002,E,13.0,13.0
276040004,E,6.0,6.0
276040005,E,12.0,12.0
276045102,A,12.0,12.0
276050001,E,6.0,6.0
276050003,C,6.0,6.0
276050004,E,9.0,9.0
276050005,E,6.0,6.0
276050006,E,15.0,15.0
276050007,E,12.0,12.0
276050008,E,13.0,13.0
276053101,C,6.0,6.0
276054102,E,12.0,12.0
276055101,C,9.0,9.0
276060003,E,6.0,6.0
276060004,E,6.0,6.0
276060005,E,6.0,6.0
276060007,E,6.0,6.0
276060012,E,6.0,6.0
276070004,C,12.0,12.0
276070005,C,9.0,9.0
276070007,,12.0,12.0
276070010,,12.0,12.0
276080001,C,15.0,15.0
276080002,C,6.0,6.0
276080003,C,13.0,13.0
276080004,C,13.0,13.0
276080006,C,13.0,13.0
276081108,,13.0,13.0
276084103,C,12.0,12.0
276084203,,12.0,12.0
276090001,E,13.0,13.0
276090005,E,15.0,15.0
276090008,E,13.0,13.0
276095103,A,16.0,16.0
276100002,,6.0,6.0
276100003,E,12.0,12.0
276100004,E,9.0,9.0
276100006,E,12.0,12.0
276100008,A,15.0,15.0
276103103,G,16.0,16.0
276104102,C,9.0,9.0
276110001,E,6.0,6.0
276110002,E,6.0,6.0
276110004,E,15.0,15.0
276110005,C,13.0,13.0
276110006,E,9.0,9.0
276110008,E,6.0,6.0
276110009,E,6.0,6.0
276110011,C,12.0,12.0
276110013,E,12.0,12.0
276111102,E,6.0,6.0
276115102,H,12.0,12.0
276115201,,6.0,6.0
276115301,C,12.0,12.0
276120001,E,6.0,6.0
276120004,C,6.0,6.0
276120005,E,13.0,13.0
276120007,E,12.0,12.0
276125101,,9.0,9.0
276130001,E,6.0,6.0
276130002,E,9.0,9.0
276130003,C,13.0,13.0
276130004,E,15.0,15.0
276130005,E,13.0,13.0
276130006,,13.0,13.0
276130008,E,12.0,12.0
276135102,C,9.0,9.0
276135201,G S,9.0,9.0
276140003,E,6.0,6.0
276140004,C,9.0,9.0
276140005,E,12.0,12.0
276141108,A,12.0,12.0
276143105,E,6.0,6.0
276150002,E,6.0,6.0
276150003,E,6.0,6.0
276150004,E,6.0,6.0
276150005,E,6.0,6.0
276150008,H,9.0,9.0
276150009,C,6.0,6.0
276154102,E,6.0,6.0
276154301,E,9.0,9.0
276155101,H,9.0,9.0
276160001,E,6.0,6.0
276160004,E,12.0,12.0
276170001,E,6.0,6.0
276170002,E,6.0,6.0
276170003,E,6.0,6.0
276170004,E,6.0,6.0
276170005,E,9.0,9.0
276170006,E,6.0,6.0
276170007,E,9.0,9.0
276173102,E,9.0,9.0
276173103,E,13.0,13.0
276175102,C,6.0,6.0
276180003,C,6.0,6.0
276180005,C,6.0,6.0
276180007,C,6.0,6.0
276183102,C,6.0,6.0
276183103,C,12.0,12.0
276190001,E,6.0,6.0
276190002,E,6.0,6.0
276190004,A,6.0,6.0
276190005,E,6.0,6.0
276190006,E,6.0,6.0
276190007,E,6.0,6.0
276190008,E,6.0,6.0
276193102,E,13.0,13.0
276194103,E,13.0,13.0
276200001,E,6.0,6.0
276200003,E,6.0,6.0
276200004,E,6.0,6.0
276200005,E,6.0,6.0
276200006,,6.0,6.0
276201103,E,6.0,6.0
277010003,H,6.0,6.0
277010004,H,9.0,9.0
277010005,H,9.0,9.0
277010006,H,9.0,9.0
277012101,H,6.0,6.0
277015101,H,9.0,9.0
277020004,H,6.0,6.0
277020005,H,6.0,6.0
277020006,H,9.0,9.0
277020007,H,9.0,9.0
277022105,H,9.0,9.0
277024102,H,6.0,6.0
277025101,H,6.0,6.0
277030001,H,6.0,6.0
277030003,H,9.0,9.0
277030004,H,9.0,9.0
277030005,H,9.0,9.0
277034101,H,6.0,6.0
277035102,H,9.0,9.0
277040003,H,6.0,6.0
277040004,H,6.0,6.0
277040005,H,6.0,6.0
277040008,H,6.0,6.0
277045102,H,6.0,6.0
277045103,H,13.0,13.0
277045202,H,9.0,9.0
277050001,H,6.0,6.0
277050002,H,6.0,6.0
277050003,H,6.0,6.0
277050004,H,12.0,12.0
277050005,H,9.0,9.0
277050007,H,12.0,12.0
277050008,H,6.0,6.0
277050009,H,6.0,6.0
277055101,H,12.0,12.0
277060004,H,6.0,6.0
277070001,H,6.0,6.0
277070003,H,6.0,6.0
277070004,H,6.0,6.0
277070005,H,12.0,12.0
277070007,H,12.0,12.0
277070011,H,9.0,9.0
277070012,H,6.0,6.0
277070013,H,12.0,12.0
277073101,E,12.0,12.0
277075202,H,12.0,12.0
277080003,H,16.0,16.0
277080006,H,6.0,6.0
277083102,H,6.0,6.0
277083103,H,12.0,12.0
277083105,H,16.0,16.0
277090003,H,6.0,6.0
277090004,H,9.0,9.0
277090005,H,6.0,6.0
277090007,H,12.0,12.0
277090010,H,12.0,12.0
277092101,H,12.0,12.0
277092104,H,13.0,13.0
277094101,H,6.0,6.0
277100007,H,6.0,6.0
277104101,H,6.0,6.0
277110001,H,6.0,6.0
277110003,H,9.0,9.0
277110004,H,9.0,9.0
277114101,H,6.0,6.0
277115102,H,12.0,12.0
277120001,H,9.0,9.0
277120002,H,6.0,6.0
277120003,H,9.0,9.0
277120007,H,9.0,9.0
277120009,H,16.0,16.0
277120011,H,12.0,12.0
277124101,H,6.0,6.0
277125201,,12.0,12.0
277125203,H,15.0,15.0
277130001,H,6.0,6.0
277130002,H,6.0,6.0
277130004,H,16.0,16.0
277130005,H,9.0,9.0
277130006,H,12.0,12.0
277130007,H,16.0,16.0
277130011,H,9.0,9.0
277132101,H,12.0,12.0
277132103,H,12.0,12.0
277132201,H,12.0,12.0
277134102,H,16.0,16.0
277140006,H,9.0,9.0
277140007,H,6.0,6.0
277140008,H,6.0,6.0
277140009,H,6.0,6.0
277140011,H,9.0,9.0
277140012,H,9.0,9.0
277140014,H,6.0,6.0
277140016,H,9.0,9.0
277141102,H,6.0,6.0
277143103,H,12.0,12.0
277143203,H,13.0,13.0
277143204,H,13.0,13.0
277144102,H,6.0,6.0
277144103,H,13.0,13.0
277145103,H,12.0,12.0
277145104,H,9.0,9.0
277160001,H,6.0,6.0
277160003,H,9.0,9.0
277165101,H,12.0,12.0
277180005,H,6.0,6.0
277180006,H,6.0,6.0
277180007,H,6.0,6.0
277190001,H,12.0,12.0
277190002,H,9.0,9.0
277190003,H,12.0,12.0
277190004,H,9.0,9.0
277190005,H,13.0,13.0
277195201,H,6.0,6.0
278010004,,9.0,9.0
278010006,K,6.0,6.0
278010009,K,16.0,16.0
278010010,V,13.0,13.0
278013102,K,9.0,9.0
278013103,K,12.0,12.0
278020001,,6.0,6.0
278020003,H,13.0,13.0
278020005,H,12.0,12.0
278020006,H,9.0,9.0
278020008,H,12.0,12.0
278020009,H,12.0,12.0
278020010,H,16.0,16.0
278020011,H,12.0,12.0
278024102,H,12.0,12.0
278025102,H,16.0,16.0
278025202,H,9.0,9.0
278030001,H,16.0,16.0
278030002,H,12.0,12.0
278030003,H,16.0,16.0
278030005,H,16.0,16.0
278030006,H,16.0,16.0
278031102,H,6.0,6.0
278031103,H,12.0,12.0
278031104,,9.0,9.0
278031107,H,9.0,9.0
278033102,C,16.0,16.0
278033103,H,13.0,13.0
278035102,,16.0,16.0
278035201,H,16.0,16.0
278040001,H,12.0,12.0
278040002,H,13.0,13.0
278040003,H,16.0,16.0
278060001,H,16.0,16.0
278060002,H,9.0,9.0
278060003,H,16.0,16.0
278060005,H,16.0,16.0
278060009,H,16.0,16.0
278060010,H,12.0,12.0
278060014,H,13.0,13.0
278060015,H,12.0,12.0
278060016,O,16.0,16.0
278063102,H,9.0,9.0
278063103,H,12.0,12.0
278063206,H,16.0,16.0
278063208,,12.0,12.0
278065202,,16.0,16.0
278070001,E,16.0,16.0
278070004,E,18.0,18.0
278070005,E,16.0,16.0
278073102,O,16.0,16.0
278080001,K,16.0,16.0
278080002,A,15.0,15.0
278080003,K,16.0,16.0
278080004,K,16.0,16.0
278080005,A,16.0,16.0
278080007,K,12.0,12.0
278083101,A,15.0,15.0
278090007,H,15.0,15.0
278090009,H,15.0,15.0
278090012,A,16.0,16.0
278100002,C,6.0,6.0
278100003,C,16.0,16.0
278100004,C,16.0,16.0
278100006,C,9.0,9.0
278103102,C,12.0,12.0
278120003,C,16.0,16.0
278120004,C,12.0,12.0
278120005,C,16.0,16.0
278120006,C,16.0,16.0
278120007,C,16.0,16.0
278120008,H,15.0,15.0
278120010,C,16.0,16.0
278123104,C,15.0,15.0
278123201,C,16.0,16.0
278123203,C,16.0,16.0
278123204,C,12.0,12.0
278124101,C,16.0,16.0
278124103,C,12.0,12.0
278150002,K,18.0,18.0
278150008,B,16.0,16.0
278153301,I,16.0,16.0
278153304,I,16.0,16.0
278153305,B,12.0,12.0
278154101,H,16.0,16.0
278160002,C,16.0,16.0
278160003,C,15.0,15.0
278160004,H,13.0,13.0
278180001,H,13.0,13.0
278180003,H,9.0,9.0
278185103,H,12.0,12.0
278200001,H,16.0,16.0
278200002,H,16.0,16.0
278200003,H,16.0,16.0
278200006,H,9.0,9.0
279010004,H,6.0,6.0
279010005,H,12.0,12.0
279010006,H,12.0,12.0
279020001,H,6.0,6.0
279020003,H,16.0,16.0
279030003,H,12.0,12.0
279030004,,12.0,12.0
279030005,H,9.0,9.0
279030006,H,16.0,16.0
279030007,H,15.0,15.0
279030008,H,12.0,12.0
279030009,H,6.0,6.0
279033205,H,13.0,13.0
279035101,H,12.0,12.0
279040001,H,6.0,6.0
279040003,H,9.0,9.0
279040004,H,9.0,9.0
279040005,H,12.0,12.0
279040006,H,12.0,12.0
279043101,H,12.0,12.0
279050001,H,9.0,9.0
279050002,H,6.0,6.0
279050003,H,9.0,9.0
279050004,H,12.0,12.0
279050005,H,12.0,12.0
279050006,H,12.0,12.0
279055101,H,12.0,12.0
279055201,H,12.0,12.0
279055301,H,12.0,12.0
279060003,H,16.0,16.0
279060004,H,12.0,12.0
279060006,H,6.0,6.0
279070002,H,6.0,6.0
279070003,H,12.0,12.0
279090003,H,9.0,9.0
279090005,H,9.0,9.0
279090006,H,6.0,6.0
279090007,H,6.0,6.0
279092103,,6.0,6.0
279095101,H,9.0,9.0
279095201,H,6.0,6.0
279100001,H,12.0,12.0
279100002,H,6.0,6.0
279100003,,6.0,6.0
279100004,H,12.0,12.0
279100006,H,16.0,16.0
279100008,H,12.0,12.0
279105102,H,12.0,12.0
279110001,H,9.0,9.0
279110003,H,9.0,9.0
279110004,H,12.0,12.0
279110005,H,12.0,12.0
279110006,H,16.0,16.0
279110007,H,9.0,9.0
279114103,H,6.0,6.0
279114202,H,6.0,6.0
279115101,H,16.0,16.0
279115201,H,9.0,9.0
279120003,H,9.0,9.0
279120005,H,12.0,12.0
279120006,H,6.0,6.0
279120008,H,15.0,15.0
279120011,H,12.0,12.0
279120014,H,12.0,12.0
279121102,H,6.0,6.0
279121103,H,9.0,9.0
279121104,H,12.0,12.0
279125101,H,6.0,6.0
279130002,H,6.0,6.0
279130003,H,6.0,6.0
279130004,H,16.0,16.0
279130005,H,16.0,16.0
279130006,H,16.0,16.0
279130007,H,16.0,16.0
279130008,H,12.0,12.0
279130009,H,12.0,12.0
279130010,H,16.0,16.0
279130011,H,13.0,13.0
279130012,H,9.0,9.0
279135201,H,15.0,15.0
279140001,H,6.0,6.0
279140002,H,6.0,6.0
279140003,H,9.0,9.0
279140004,H,12.0,12.0
279143101,H,6.0,6.0
279150003,H,9.0,9.0
279150004,H,9.0,9.0
279150005,H,12.0,12.0
279150006,H,13.0,13.0
279150007,H,13.0,13.0
279150008,H,12.0,12.0
279152103,H,6.0,6.0
279152201,H,16.0,16.0
279152203,H,16.0,16.0
279152205,H,9.0,9.0
279155101,H,12.0,12.0
279160001,H,12.0,12.0
279160002,H,6.0,6.0
279160003,H,16.0,16.0
279160004,H,12.0,12.0
279160005,H,16.0,16.0
279160006,H,15.0,15.0
279160007,H,15.0,15.0
279160008,H,15.0,15.0
279160009,H,12.0,12.0
279160010,H,15.0,15.0
279161101,H,13.0,13.0
279161103,H,13.0,13.0
279165102,H,9.0,9.0
279165201,H,12.0,12.0
279165302,A,13.0,13.0
279170001,H,6.0,6.0
279170002,H,6.0,6.0
279170003,H,6.0,6.0
279170005,H,6.0,6.0
279173103,K,9.0,9.0
279174101,H,9.0,9.0
279180003,H,15.0,15.0
279180004,H,12.0,12.0
279180006,H,12.0,12.0
279190003,H,6.0,6.0
279190004,H,9.0,9.0
279190005,H,12.0,12.0
279192101,H,6.0,6.0
279192203,H,12.0,12.0
279193101,H,9.0,9.0
279195101,H,9.0,9.0
279200003,H,9.0,9.0
279200004,H,12.0,12.0
279200005,H,15.0,15.0
279200006,H,9.0,9.0
279200007,H,9.0,9.0
279200009,H,16.0,16.0
279200010,H,16.0,16.0
279201103,H,13.0,13.0
279201104,H,12.0,12.0
279202101,H,9.0,9.0
279202106,H,15.0,15.0
279202107,H,12.0,12.0
279203101,O,18.0,18.0
279204101,H,16.0,16.0
279210001,H,6.0,6.0
279210003,H,9.0,9.0
279210004,H,6.0,6.0
279210005,H,12.0,12.0
279210007,H,9.0,9.0
279214101,H,9.0,9.0
279215101,H,12.0,12.0
279230001,H,6.0,6.0
279230002,H,6.0,6.0
279230003,H,15.0,15.0
279230004,H,16.0,16.0
279230005,H,15.0,15.0
279230006,H,12.0,12.0
279230007,H,13.0,13.0
279235101,H,16.0,16.0
279235201,H,16.0,16.0
279240003,H,6.0,6.0
279240004,H,6.0,6.0
279240006,H,12.0,12.0
279243101,H,6.0,6.0
279245101,H,6.0,6.0
279250003,H,16.0,16.0
279260001,H,6.0,6.0
279260002,H,9.0,9.0
279260003,H,9.0,9.0
279260004,H,9.0,9.0
279260005,H,13.0,13.0
279260006,H,6.0,6.0
279261101,,6.0,6.0
279261103,H,12.0,12.0
279262101,H,9.0,9.0
279262103,H,12.0,12.0
279265102,H,12.0,12.0
279270005,H,9.0,9.0
279270006,A,9.0,9.0
279280003,H,9.0,9.0
279280004,H,6.0,6.0
279280005,H,12.0,12.0
279280007,H,9.0,9.0
279280008,H,12.0,12.0
279280009,H,13.0,13.0
279285102,H,9.0,9.0
279285201,H,12.0,12.0
279285301,H,9.0,9.0
279290002,H,6.0,6.0
279290004,H,9.0,9.0
279290005,H,9.0,9.0
279290006,H,9.0,9.0
279290007,H,9.0,9.0
279295102,H,6.0,6.0
279295301,H,12.0,12.0
279300004,H,9.0,9.0
280010001,,6.0,6.0
280010002,H,6.0,6.0
280010003,H,9.0,9.0
280010004,H,6.0,6.0
280010007,H,12.0,12.0
280010008,H,12.0,12.0
280010010,H,12.0,12.0
280015101,H,9.0,9.0
280015302,H,9.0,9.0
280020004,H,6.0,6.0
280020005,H,12.0,12.0
280020008,H,13.0,13.0
280024102,H,6.0,6.0
280025102,H,9.0,9.0
280025201,H,16.0,16.0
280030001,H,6.0,6.0
280030004,H,6.0,6.0
280030005,H,9.0,9.0
280030006,H,9.0,9.0
280030007,H,9.0,9.0
280030008,H,12.0,12.0
280034304,H,6.0,6.0
280035102,H,9.0,9.0
280050003,H,6.0,6.0
280050004,H,6.0,6.0
280050005,H,9.0,9.0
280055102,H,13.0,13.0
280055201,H,6.0,6.0
280060001,H,6.0,6.0
280070001,A,16.0,16.0
280070005,H,15.0,15.0
280073203,A,16.0,16.0
280080001,C1,16.0,16.0
280080002,D,15.0,15.0
280080003,D,16.0,16.0
280080004,D,16.0,16.0
280090001,H,16.0,16.0
280090003,H,12.0,12.0
280090004,H,16.0,16.0
280090005,H,16.0,16.0
280090006,H,13.0,13.0
280090007,H,16.0,16.0
280090010,H,16.0,16.0
280090018,H,9.0,9.0
280092103,K,12.0,12.0
280094102,Q,9.0,9.0
280095202,H,16.0,16.0
280100001,H,16.0,16.0
280100002,H,16.0,16.0
280100003,H,16.0,16.0
280100004,H,16.0,16.0
280100005,,6.0,6.0
280105101,H,16.0,16.0
280110001,H,6.0,6.0
280110003,H,6.0,6.0
280110004,H,6.0,6.0
280110005,H,6.0,6.0
280110006,H,16.0,16.0
280112102,H,6.0,6.0
280113201,H,6.0,6.0
280115102,H,16.0,16.0
280120002,H,6.0,6.0
280120003,H,6.0,6.0
280120004,H,6.0,6.0
280120006,H,16.0,16.0
280120007,H,12.0,12.0
280120008,H,12.0,12.0
280120009,H,12.0,12.0
280122101,H,9.0,9.0
280122103,H,9.0,9.0
280123102,H,6.0,6.0
280140001,H,6.0,6.0
280140004,H,12.0,12.0
280140005,H,12.0,12.0
280140007,H,12.0,12.0
280140008,C,9.0,9.0
280140009,H,13.0,13.0
280150004,H,9.0,9.0
280150005,H,9.0,9.0
280150007,H,12.0,12.0
280150008,H,16.0,16.0
280150009,H,16.0,16.0
280150010,H,12.0,12.0
280151104,H,12.0,12.0
280151105,H,12.0,12.0
280153101,H,9.0,9.0
280153103,H,9.0,9.0
280160002,H,6.0,6.0
280160003,H,6.0,6.0
280160005,H,6.0,6.0
280160006,H,6.0,6.0
280163103,H,12.0,12.0
280170003,H,6.0,6.0
280170004,H,15.0,15.0
280170005,H,9.0,9.0
280170006,H,9.0,9.0
280170007,H,9.0,9.0
280170008,H,6.0,6.0
280170010,H,6.0,6.0
280170011,H,9.0,9.0
280171102,H,6.0,6.0
280171103,H,12.0,12.0
280171104,H,9.0,9.0
280173102,H,6.0,6.0
280173103,H,15.0,15.0
280173202,H,9.0,9.0
280174102,H,9.0,9.0
280175102,H,6.0,6.0
280175201,H,12.0,12.0
280190002,H,6.0,6.0
280190003,H,12.0,12.0
280191103,H,13.0,13.0
280194101,H,9.0,9.0
280194103,H,12.0,12.0
280200003,H,6.0,6.0
280200004,H,9.0,9.0
280200005,H,9.0,9.0
280200006,H,12.0,12.0
280200007,H,12.0,12.0
280200008,H,9.0,9.0
280200011,H,6.0,6.0
280204101,H,6.0,6.0
280205201,H,16.0,16.0
280205301,H,6.0,6.0
280210003,H,6.0,6.0
280210005,H,12.0,12.0
280210006,H,12.0,12.0
280210007,H,12.0,12.0
280215101,H,9.0,9.0
280220003,H,9.0,9.0
280220004,H,9.0,9.0
280220005,H,16.0,16.0
280220007,H,12.0,12.0
280220008,H,16.0,16.0
280220009,H,9.0,9.0
280224102,H,9.0,9.0
280224202,H,6.0,6.0
280225102,H,9.0,9.0
280230004,H,6.0,6.0
280230005,H,6.0,6.0
280235201,H,6.0,6.0
280240001,H,6.0,6.0
280240002,H,6.0,6.0
280240003,H,6.0,6.0
280240004,H,9.0,9.0
280240005,H,9.0,9.0
280240006,H,12.0,12.0
280243101,H,6.0,6.0
280243201,H,12.0,12.0
280245102,H,9.0,9.0
280245201,H,12.0,12.0
280250004,H,9.0,9.0
280250005,H,12.0,12.0
280254101,H,16.0,16.0
280254202,H,9.0,9.0
280260001,H,6.0,6.0
280260003,H,12.0,12.0
280260004,H,9.0,9.0
280280003,H,9.0,9.0
280280005,H,6.0,6.0
280280006,H,12.0,12.0
280283101,H,9.0,9.0
280283104,H,13.0,13.0
280290003,H,6.0,6.0
280290004,H,6.0,6.0
280290006,H,6.0,6.0
280290007,H,12.0,12.0
280293104,H,9.0,9.0
280294102,H,6.0,6.0
280300002,H,6.0,6.0
280300004,H,6.0,6.0
280300007,H,6.0,6.0
280300008,H,13.0,13.0
280305102,H,6.0,6.0
280305202,H,9.0,9.0
281010002,H,9.0,9.0
281010003,H,16.0,16.0
281010004,H,16.0,16.0
281011102,H,16.0,16.0
281011103,H,16.0,16.0
281011104,H,12.0,12.0
281015102,H,16.0,16.0
281020002,H,12.0,12.0
281020003,H,9.0,9.0
281020004,H,16.0,16.0
281020007,H,16.0,16.0
281020008,H,15.0,15.0
281022101,A,16.0,16.0
281022102,H,15.0,15.0
281022103,H,12.0,12.0
281022106,H,9.0,9.0
281023104,H,15.0,15.0
281030002,H,12.0,12.0
281030003,H,12.0,12.0
281030004,H,12.0,12.0
281030007,H,12.0,12.0
281031103,H,13.0,13.0
281032105,H,16.0,16.0
281032106,H,9.0,9.0
281033102,H,13.0,13.0
281034102,H,12.0,12.0
281035103,,16.0,16.0
281040001,H,6.0,6.0
281040002,H,6.0,6.0
281040003,H,15.0,15.0
281040004,H,12.0,12.0
281040005,H,16.0,16.0
281040006,H,12.0,12.0
281040007,H,13.0,13.0
281040008,H,13.0,13.0
281040009,H,12.0,12.0
281044101,H,16.0,16.0
281045101,H,16.0,16.0
281050003,H,6.0,6.0
281060001,L,6.0,6.0
281060002,V,12.0,12.0
281060003,E,16.0,16.0
281060005,E,13.0,13.0
281065101,K,15.0,15.0
281065201,S,12.0,12.0
281070003,H,9.0,9.0
281080003,H,15.0,15.0
281080004,H,12.0,12.0
281080005,H,9.0,9.0
281090001,H,6.0,6.0
281100002,H,6.0,6.0
281110003,H,9.0,9.0
281110004,H,6.0,6.0
281114102,H,16.0,16.0
281120001,H,16.0,16.0
281120003,H,15.0,15.0
281120004,H,16.0,16.0
281120007,H,16.0,16.0
281125102,A,15.0,15.0
281125201,,16.0,16.0
281130001,H,6.0,6.0
281130003,H,9.0,9.0
281130004,H,9.0,9.0
281130005,H,6.0,6.0
281130006,H,13.0,13.0
281130007,H,12.0,12.0
281130011,H,9.0,9.0
281130012,H,6.0,6.0
281130013,H,9.0,9.0
281140001,H,6.0,6.0
281140003,H,9.0,9.0
281140004,H,12.0,12.0
281140005,H,16.0,16.0
281144102,H,12.0,12.0
281145102,H,9.0,9.0
281150003,H,9.0,9.0
281153102,H,6.0,6.0
281153103,H,9.0,9.0
281160001,H,16.0,16.0
281160002,H,12.0,12.0
281160003,H,16.0,16.0
281160004,H,15.0,15.0
281164102,,16.0,16.0
281165101,H,12.0,12.0
281170001,H,6.0,6.0
281170002,H,6.0,6.0
281170003,H,12.0,12.0
281170006,H,9.0,9.0
281170007,H,9.0,9.0
281170008,H,12.0,12.0
281171101,H,16.0,16.0
281171103,H,16.0,16.0
281174101,H,9.0,9.0
281175101,H,12.0,12.0
281190001,H,12.0,12.0
281190002,H,9.0,9.0
281200001,,6.0,6.0
281200003,H,15.0,15.0
281200004,,9.0,9.0
282010003,H,6.0,6.0
282010004,H,6.0,6.0
282010005,H,6.0,6.0
282010006,H,9.0,9.0
282010007,H,6.0,6.0
282010008,H,16.0,16.0
282015102,H,6.0,6.0
282015103,H,12.0,12.0
282015201,H,6.0,6.0
282015203,H,12.0,12.0
282015302,H,12.0,12.0
282020001,H,6.0,6.0
282020004,H,12.0,12.0
282020007,H,12.0,12.0
282024103,H,6.0,6.0
282030002,H,6.0,6.0
282030004,H,12.0,12.0
282030006,H,12.0,12.0
282030007,H,15.0,15.0
282030009,H,9.0,9.0
282030011,H,6.0,6.0
282034201,H,16.0,16.0
282035101,H,16.0,16.0
282040004,H,6.0,6.0
282040010,H,12.0,12.0
282040011,H,13.0,13.0
282040012,H,12.0,12.0
282040018,H,12.0,12.0
282045102,H,9.0,9.0
282050002,H,6.0,6.0
282050003,H,9.0,9.0
282054102,H,6.0,6.0
282060004,H,6.0,6.0
282060007,H,12.0,12.0
282064106,H,12.0,12.0
282070005,H,12.0,12.0
282070006,H,9.0,9.0
282070008,H,16.0,16.0
282073106,H,16.0,16.0
282073202,H,9.0,9.0
282073203,H,9.0,9.0
282075101,H,6.0,6.0
282080001,H,6.0,6.0
282080002,H,6.0,6.0
282080005,H,6.0,6.0
282090005,H,6.0,6.0
282090007,H,9.0,9.0
282090008,H,6.0,6.0
282090009,H,9.0,9.0
282090011,H,9.0,9.0
282090013,H,9.0,9.0
282091104,H,16.0,16.0
282091203,H,6.0,6.0
282095302,H,12.0,12.0
282100004,H,12.0,12.0
282100006,H,12.0,12.0
282100007,H,9.0,9.0
282100008,H,6.0,6.0
282101103,H,6.0,6.0
282101105,H,6.0,6.0
282105102,H,12.0,12.0
282105201,H,6.0,6.0
282110001,H,6.0,6.0
282110007,H,12.0,12.0
282110009,H,12.0,12.0
282110010,H,9.0,9.0
282115101,H,12.0,12.0
282120001,H,6.0,6.0
282120002,H,6.0,6.0
282120004,H,9.0,9.0
282124101,H,9.0,9.0
282124104,H,12.0,12.0
282130003,H,6.0,6.0
282130005,H,9.0,9.0
282130006,H,6.0,6.0
282134104,H,6.0,6.0
282134201,H,6.0,6.0
282140001,H,6.0,6.0
282140002,H,6.0,6.0
282140003,H,6.0,6.0
282140005,H,6.0,6.0
282140006,H,9.0,9.0
282145101,H,6.0,6.0
282150003,H,6.0,6.0
282150005,H,6.0,6.0
282150006,H,6.0,6.0
282160002,H,6.0,6.0
282160003,H,6.0,6.0
282160007,H,6.0,6.0
282165102,H,6.0,6.0
282170003,H,6.0,6.0
282170004,H,6.0,6.0
282170005,H,6.0,6.0
282170006,H,6.0,6.0
282170007,H,9.0,9.0
282170008,H,9.0,9.0
282170011,H,6.0,6.0
282175101,H,6.0,6.0
282175201,H,6.0,6.0
282180004,H,15.0,15.0
282190004,H,6.0,6.0
282220001,H,12.0,12.0
282220002,H,12.0,12.0
282220003,H,9.0,9.0
282230001,,6.0,6.0
282230002,H,6.0,6.0
282230003,H,6.0,6.0
282240004,H,16.0,16.0
282240006,H,9.0,9.0
282244101,H,16.0,16.0
282244201,H,12.0,12.0
282250001,H,6.0,6.0
282250002,H,6.0,6.0
282250003,H,16.0,16.0
282260002,H,6.0,6.0
282260003,H,15.0,15.0
282260005,H,6.0,6.0
282270002,H,6.0,6.0
282270003,H,6.0,6.0
282270004,H,6.0,6.0
282270005,H,9.0,9.0
282280003,H,6.0,6.0
282280006,H,6.0,6.0
282280008,H,9.0,9.0
282290005,H,9.0,9.0
282293001,H,6.0,6.0
282410001,H,6.0,6.0
282410002,H,9.0,9.0
282410004,H,6.0,6.0
282410007,H,12.0,12.0
283010001,H,9.0,9.0
283010002,H,6.0,6.0
283010003,H S,12.0,12.0
283010004,H,12.0,12.0
283010005,H,12.0,12.0
283015102,H,9.0,9.0
283020001,O,12.0,12.0
283020002,O,6.0,6.0
283020004,O,16.0,16.0
283020005,O,12.0,12.0
283021102,O,12.0,12.0
283021103,O,15.0,15.0
283021104,O,6.0,6.0
283021105,O,12.0,12.0
283023101,O,12.0,12.0
283024102,O,16.0,16.0
283030001,O,9.0,9.0
283030003,O,12.0,12.0
283030004,H,12.0,12.0
283030005,H,12.0,12.0
283030006,,12.0,12.0
283030007,O,13.0,13.0
283030008,H,13.0,13.0
283030013,O,6.0,6.0
283032201,O,12.0,12.0
283032203,O,12.0,12.0
283032205,O,13.0,13.0
283034102,H,6.0,6.0
283034202,H,12.0,12.0
283040001,H,6.0,6.0
283040005,H,9.0,9.0
283050001,H,6.0,6.0
283050003,H,16.0,16.0
283050004,H,16.0,16.0
283050005,H,12.0,12.0
283050006,H,15.0,15.0
283050007,H,16.0,16.0
283050008,H,12.0,12.0
283050009,O,9.0,9.0
283053102,H,12.0,12.0
283053104,H,12.0,12.0
283053202,H,12.0,12.0
283055101,H,16.0,16.0
283055201,H,9.0,9.0
283060002,O,12.0,12.0
283070001,O,9.0,9.0
283070002,O,9.0,9.0
283070003,H,15.0,15.0
283070004,O,12.0,12.0
283070005,O,16.0,16.0
283070006,H O,12.0,12.0
283080001,H,13.0,13.0
283080002,H,9.0,9.0
283080003,H,12.0,12.0
283080004,H,16.0,16.0
283080005,H,16.0,16.0
283085101,H,16.0,16.0
283085202,H,16.0,16.0
283090002,O,6.0,6.0
283090003,O,13.0,13.0
283090004,O,12.0,12.0
283090005,O,16.0,16.0
283090008,O,9.0,9.0
283090009,H,9.0,9.0
283093102,H,9.0,9.0
283093103,H,12.0,12.0
283093202,O,9.0,9.0
283093203,O,13.0,13.0
283100002,O,12.0,12.0
283100004,O,15.0,15.0
283110001,H,9.0,9.0
283110002,H,6.0,6.0
283110004,H,12.0,12.0
283110005,H,12.0,12.0
283110008,A,13.0,13.0
283115101,H,12.0,12.0
283120002,O,6.0,6.0
283120003,O,6.0,6.0
283120006,H,12.0,12.0
283130001,O,12.0,12.0
283130002,H,9.0,9.0
283130005,H,13.0,13.0
283140001,H,6.0,6.0
283140003,H,12.0,12.0
283140004,H,9.0,9.0
283140005,H,12.0,12.0
283140006,H,9.0,9.0
283140007,H,12.0,12.0
283140008,H,9.0,9.0
283140010,,6.0,6.0
283144101,H,6.0,6.0
283145102,H,9.0,9.0
283145202,H,12.0,12.0
283145302,H,9.0,9.0
283150001,O,12.0,12.0
283150002,O,12.0,12.0
283150003,O,12.0,12.0
283150004,O,16.0,16.0
283150006,H,12.0,12.0
283150007,O,12.0,12.0
283160001,H,6.0,6.0
283160002,H,6.0,6.0
283160004,H,12.0,12.0
283160005,H,16.0,16.0
283165102,H,15.0,15.0
283170001,O,9.0,9.0
283170002,H,6.0,6.0
283170003,O,12.0,12.0
283170004,H,16.0,16.0
283170005,H,12.0,12.0
283170007,H,16.0,16.0
283170008,O,13.0,13.0
283170010,H,6.0,6.0
283170011,O,9.0,9.0
283170012,H,9.0,9.0
283173102,H,15.0,15.0
283174102,H,12.0,12.0
283174202,H,12.0,12.0
283174402,H,16.0,16.0
283180002,H,16.0,16.0
283180003,O,12.0,12.0
283190003,H,16.0,16.0
283190004,O,12.0,12.0
283190005,H,16.0,16.0
283190006,O,12.0,12.0
283190008,H Q,12.0,12.0
283191102,H,16.0,16.0
283200004,H,9.0,9.0
283200005,O,9.0,9.0
283200006,O,12.0,12.0
283200009,O,13.0,13.0
283205101,H,6.0,6.0
283210001,,6.0,6.0
283210004,H,9.0,9.0
283210006,H,12.0,12.0
283220001,O,9.0,9.0
283220002,H,9.0,9.0
283220005,C,6.0,6.0
283220008,H,9.0,9.0
283230002,O,16.0,16.0
283230003,O,9.0,9.0
283230004,H,16.0,16.0
283231102,O,12.0,12.0
283231103,H,16.0,16.0
283235101,O,18.0,18.0
283240002,O,6.0,6.0
283240003,O,6.0,6.0
283240004,H,6.0,6.0
283242107,H,9.0,9.0
283250001,H,9.0,9.0
283250002,H,6.0,6.0
283250003,H,9.0,9.0
283250004,H,12.0,12.0
283250005,O,12.0,12.0
283250006,H,15.0,15.0
283250007,O,9.0,9.0
283255301,O,12.0,12.0
283260001,H,6.0,6.0
283260002,H,12.0,12.0
283260005,H,9.0,9.0
283270001,O,16.0,16.0
283270002,O,9.0,9.0
283270003,O,6.0,6.0
283270004,O,16.0,16.0
283270005,H,12.0,12.0
283270006,O,16.0,16.0
283280003,O,9.0,9.0
283280004,O,9.0,9.0
283280005,O,9.0,9.0
283280007,H,12.0,12.0
283280008,O,16.0,16.0
283283103,H,12.0,12.0
283283201,O,12.0,12.0
283283203,O,12.0,12.0
283290001,H,16.0,16.0
283290002,H,12.0,12.0
283290003,H,16.0,16.0
283290004,H,16.0,16.0
283290005,H I,12.0,12.0
283295101,H,9.0,9.0
283300001,H,6.0,6.0
283300002,H,6.0,6.0
283300004,H,12.0,12.0
283300005,O,9.0,9.0
283300006,H,12.0,12.0
283300007,H,12.0,12.0
283300008,H,12.0,12.0
283300010,H,12.0,12.0
283303101,O,12.0,12.0
283305101,O,12.0,12.0
283305201,H,9.0,9.0
283305301,H,12.0,12.0
284010004,H,6.0,6.0
284010005,H,12.0,12.0
284010006,H,6.0,6.0
284010007,H,6.0,6.0
284010008,H,6.0,6.0
284013105,H,9.0,9.0
284015101,H,6.0,6.0
284015202,H,12.0,12.0
284020002,H,16.0,16.0
284020004,H,6.0,6.0
284020008,H,9.0,9.0
284025101,H,12.0,12.0
284030001,H,6.0,6.0
284030003,H,6.0,6.0
284030004,H,6.0,6.0
284030005,H,9.0,9.0
284030006,H,6.0,6.0
284030007,H,13.0,13.0
284030008,H,9.0,9.0
284030009,H,9.0,9.0
284030012,H,9.0,9.0
284032108,H,6.0,6.0
284035101,H,6.0,6.0
284035201,H,6.0,6.0
284035301,H,9.0,9.0
284040002,H,6.0,6.0
284040004,H,9.0,9.0
284045101,H,13.0,13.0
284050004,H,6.0,6.0
284050013,H,12.0,12.0
284060002,H,9.0,9.0
284070003,H,9.0,9.0
284070006,H,13.0,13.0
284070007,H,15.0,15.0
284070008,H,6.0,6.0
284070009,H,13.0,13.0
284074101,H,6.0,6.0
284075101,H,9.0,9.0
284075201,H,16.0,16.0
284075301,H,6.0,6.0
284080002,H,9.0,9.0
284080005,H,16.0,16.0
284080007,H,12.0,12.0
284090001,H,9.0,9.0
284090002,H,6.0,6.0
284090003,H,16.0,16.0
284090004,H,12.0,12.0
284100003,H,6.0,6.0
284100011,H,6.0,6.0
284110002,H,12.0,12.0
284110003,H,16.0,16.0
284110007,H,18.0,18.0
284110008,H,12.0,12.0
284110009,H,16.0,16.0
284110010,H I,9.0,9.0
284114101,H,16.0,16.0
284114103,H,15.0,15.0
284114104,H,16.0,16.0
284120001,H,6.0,6.0
284120002,H,12.0,12.0
284120005,H,13.0,13.0
284120009,H,13.0,13.0
284130001,H,16.0,16.0
284130002,H,16.0,16.0
284130005,H,15.0,15.0
284130006,H,16.0,16.0
284134101,H,15.0,15.0
284140001,H,6.0,6.0
284140002,H,13.0,13.0
284140003,H,9.0,9.0
284145102,H,16.0,16.0
284145202,H,6.0,6.0
284150002,H,6.0,6.0
284150003,H,12.0,12.0
284150004,H,6.0,6.0
284160004,H,12.0,12.0
284160005,H,12.0,12.0
284160009,H,9.0,9.0
284160010,H,9.0,9.0
284170001,H,6.0,6.0
284170002,H,6.0,6.0
284170003,H,15.0,15.0
284170008,H,12.0,12.0
284175101,H,15.0,15.0
284180001,H,6.0,6.0
284180009,,6.0,6.0
284190003,H,12.0,12.0
284200003,H,6.0,6.0
284200006,H,6.0,6.0
284201105,H,13.0,13.0
284201109,H,6.0,6.0
284210001,H,9.0,9.0
284210003,H,13.0,13.0
284210004,H,16.0,16.0
284210008,H,9.0,9.0
284210009,H,12.0,12.0
284213103,H,9.0,9.0
284220001,H,16.0,16.0
284220002,,9.0,9.0
284220003,H,22.0,22.0
284220004,H,16.0,16.0
284220005,H,15.0,15.0
284220006,H,12.0,12.0
284224104,H,12.0,12.0
284230001,H,9.0,9.0
284230002,H,6.0,6.0
284230003,H,15.0,15.0
284230004,H,12.0,12.0
284230005,E,16.0,16.0
284230006,H,12.0,12.0
284234201,H,12.0,12.0
284240001,H,9.0,9.0
284240002,H,16.0,16.0
284240004,H,6.0,6.0
284240007,H,6.0,6.0
284240009,H,6.0,6.0
284240012,H,6.0,6.0
284241104,H,12.0,12.0
284245101,H,6.0,6.0
284250001,H,9.0,9.0
284250002,H,9.0,9.0
284250005,H,12.0,12.0
284255101,H,6.0,6.0
284270004,,18.0,18.0
284270005,H,18.0,18.0
284270006,,16.0,16.0
284270010,,16.0,16.0
284280002,,6.0,6.0
284280004,H,16.0,16.0
284280005,H,12.0,12.0
284290001,H,16.0,16.0
284290002,H,16.0,16.0
284290003,H,16.0,16.0
284290004,H,16.0,16.0
284294102,A,16.0,16.0
285010005,H,6.0,6.0
285020001,H,6.0,6.0
285020004,H,12.0,12.0
285020005,H,12.0,12.0
285020006,H,6.0,6.0
285022101,,12.0,12.0
285022103,H,12.0,12.0
285024101,H,12.0,12.0
285024202,A,15.0,15.0
285030001,H,6.0,6.0
285030002,H,12.0,12.0
285030003,H,9.0,9.0
285030004,H,16.0,16.0
285040001,H,6.0,6.0
285040002,H,6.0,6.0
285040003,H,9.0,9.0
285040004,H,9.0,9.0
285044103,H,9.0,9.0
285045102,H,12.0,12.0
285050001,H,6.0,6.0
285050004,H,6.0,6.0
285050005,H,6.0,6.0
285050010,H,6.0,6.0
285053104,H,12.0,12.0
285054102,H,9.0,9.0
285060002,A,9.0,9.0
285060003,A,16.0,16.0
285060004,A,16.0,16.0
285060005,A,16.0,16.0
285060006,A,12.0,12.0
285064202,A,12.0,12.0
285064301,A,13.0,13.0
285070001,H,6.0,6.0
285070002,H,9.0,9.0
285070006,H,6.0,6.0
285080003,H,6.0,6.0
285083102,H,9.0,9.0
285083103,H,12.0,12.0
285100002,H,9.0,9.0
285100003,H,6.0,6.0
285100004,H,9.0,9.0
285100005,H,6.0,6.0
285100006,H,9.0,9.0
285100008,H,6.0,6.0
285100009,H,13.0,13.0
285100010,H,9.0,9.0
285100012,H,9.0,9.0
285103101,H,12.0,12.0
285104102,H,12.0,12.0
285110003,H,9.0,9.0
285110004,H,6.0,6.0
285110005,H,6.0,6.0
285110006,H,16.0,16.0
285111104,H,9.0,9.0
285120002,H,6.0,6.0
285120003,H,12.0,12.0
285120004,H,6.0,6.0
285123102,H,9.0,9.0
285130001,H,6.0,6.0
285130003,H,6.0,6.0
285130005,H,6.0,6.0
285130006,H,9.0,9.0
285130007,H,6.0,6.0
285130008,H,12.0,12.0
285134102,H,9.0,9.0
285135101,H,6.0,6.0
285135201,O,6.0,6.0
285140001,H,6.0,6.0
285140005,,9.0,9.0
285140006,H,9.0,9.0
285140007,H,12.0,12.0
285150002,H,9.0,9.0
285160003,H,6.0,6.0
285160005,H,6.0,6.0
285160006,H,9.0,9.0
285160007,H,9.0,9.0
285160009,H,6.0,6.0
285163202,H,6.0,6.0
285165101,A,12.0,12.0
285165202,H,6.0,6.0
285170004,H,16.0,16.0
285180002,H,6.0,6.0
285180003,H,12.0,12.0
285180004,H,12.0,12.0
285180005,H,9.0,9.0
285180006,H,6.0,6.0
285200001,H,6.0,6.0
285200003,H,12.0,12.0
285200004,H,15.0,15.0
285200005,H,9.0,9.0
285200006,H,16.0,16.0
285200007,H,12.0,12.0
285203102,H,16.0,16.0
285203202,H,13.0,13.0
285204102,H,16.0,16.0
285204104,H,9.0,9.0
285204201,H,12.0,12.0
285205101,H,12.0,12.0
286010002,H,6.0,6.0
286010003,H,6.0,6.0
286010004,H,9.0,9.0
286010005,H,9.0,9.0
286010007,H,12.0,12.0
286010009,H,13.0,13.0
286011101,H,6.0,6.0
286011105,H,12.0,12.0
286020001,H,6.0,6.0
286020002,H,6.0,6.0
286020003,H,9.0,9.0
286020005,H,9.0,9.0
286020006,H,12.0,12.0
286020008,,6.0,6.0
286023103,H,12.0,12.0
286024102,H,12.0,12.0
286030001,H,6.0,6.0
286040001,H,9.0,9.0
286040002,H,12.0,12.0
286040003,H,12.0,12.0
286040004,H,16.0,16.0
286045102,H,12.0,12.0
286050001,,6.0,6.0
286050002,H,16.0,16.0
286050003,H,12.0,12.0
286050007,H,9.0,9.0
286053102,H,15.0,15.0
286053202,H,6.0,6.0
286054101,H,9.0,9.0
286060004,H,6.0,6.0
286060006,H,9.0,9.0
286064102,H,6.0,6.0
286064103,H,9.0,9.0
286065101,,6.0,6.0
286065302,H,6.0,6.0
286070002,H,6.0,6.0
286070003,H,12.0,12.0
286070004,H,9.0,9.0
286070005,H,9.0,9.0
286070006,H,12.0,12.0
286073101,H,6.0,6.0
286073103,H,9.0,9.0
286075102,H,6.0,6.0
286075201,H,12.0,12.0
286080001,H,6.0,6.0
286080002,H,6.0,6.0
286080003,H,6.0,6.0
286080004,H,9.0,9.0
286084101,H,9.0,9.0
286090002,H,12.0,12.0
286090003,H,9.0,9.0
286093102,H,12.0,12.0
286100003,H,6.0,6.0
286103103,H,12.0,12.0
286110001,H,6.0,6.0
286110002,H,9.0,9.0
286110003,H,9.0,9.0
286110004,H,12.0,12.0
286110005,H,12.0,12.0
286120002,H,6.0,6.0
286120003,H,12.0,12.0
286120004,H,9.0,9.0
286120007,I,12.0,12.0
286130001,H,6.0,6.0
286140003,H,9.0,9.0
286140004,H,9.0,9.0
286140007,H,12.0,12.0
286140008,H,12.0,12.0
286150001,H,9.0,9.0
286150002,H,6.0,6.0
286150003,H,9.0,9.0
286150004,H,12.0,12.0
286155102,H,9.0,9.0
286160001,H,6.0,6.0
286160002,H,6.0,6.0
286160003,H,9.0,9.0
286160004,H,6.0,6.0
286165102,H,12.0,12.0
286165202,H,12.0,12.0
286170001,H,16.0,16.0
286170002,H,12.0,12.0
286170003,H,16.0,16.0
286170004,H,15.0,15.0
286180002,,6.0,6.0
286190001,H,9.0,9.0
286190002,H,6.0,6.0
286190003,H,12.0,12.0
286190004,H,12.0,12.0
286190005,H,9.0,9.0
286194101,H,9.0,9.0
286195101,H,12.0,12.0
286200001,H,6.0,6.0
286200002,H,9.0,9.0
286200003,H,13.0,13.0
286200004,H,12.0,12.0
286200005,H,12.0,12.0
286200006,H,12.0,12.0
287020001,O,9.0,9.0
287020002,O,6.0,6.0
287020003,O,9.0,9.0
287020005,O,12.0,12.0
287025101,S,12.0,12.0
287030001,O,13.0,13.0
287030002,O,9.0,9.0
287030003,O,16.0,16.0
287040004,O,6.0,6.0
287040005,O,6.0,6.0
287050001,O,6.0,6.0
287050002,O,6.0,6.0
287050003,O,12.0,12.0
287050004,O,15.0,15.0
287050005,O,16.0,16.0
287050006,O,16.0,16.0
287050007,O,16.0,16.0
287051208,O,12.0,12.0
287060001,O,6.0,6.0
287060002,O,6.0,6.0
287060004,O,16.0,16.0
287060005,O,12.0,12.0
287065102,O,9.0,9.0
287080002,O,6.0,6.0
287090001,O,6.0,6.0
287090002,O,6.0,6.0
287100003,O,12.0,12.0
287100004,O,6.0,6.0
287100005,O,12.0,12.0
287103101,O,6.0,6.0
287103202,O,6.0,6.0
287105101,O,12.0,12.0
287110001,O,6.0,6.0
287110003,O,9.0,9.0
287110004,,9.0,9.0
287110006,A O,13.0,13.0
287110009,O,9.0,9.0
287113108,A,13.0,13.0
287113109,A,6.0,6.0
287120001,O,6.0,6.0
287120005,O,9.0,9.0
287120006,O,16.0,16.0
287124102,O,16.0,16.0
287130001,O,6.0,6.0
287130002,O,6.0,6.0
287130004,O,9.0,9.0
287130006,O,9.0,9.0
287135102,O,9.0,9.0
287140001,O,6.0,6.0
287140003,,6.0,6.0
287140005,O,6.0,6.0
287140008,O,13.0,13.0
287141106,O,6.0,6.0
287150001,O,6.0,6.0
287150004,O,6.0,6.0
287155101,O,12.0,12.0
287160001,,6.0,6.0
287160003,O,6.0,6.0
287161101,O,6.0,6.0
287170004,O,9.0,9.0
287170006,O,12.0,12.0
287190001,O,6.0,6.0
287190002,O,6.0,6.0
287190004,O,9.0,9.0
287190005,O,9.0,9.0
287200001,O,6.0,6.0
287200002,O,6.0,6.0
287200003,O,9.0,9.0
287200006,O,9.0,9.0
287200007,O,12.0,12.0
287200010,O,6.0,6.0
287210001,O,6.0,6.0
287210003,O,6.0,6.0
287210004,O,6.0,6.0
287210005,O,6.0,6.0
287211103,O,12.0,12.0
287213103,O,6.0,6.0
287220001,O,6.0,6.0
287220002,O,6.0,6.0
287220004,O,6.0,6.0
287220007,O,6.0,6.0
287220008,O,9.0,9.0
287220009,O,16.0,16.0
287220010,O,6.0,6.0
287221103,,9.0,9.0
287225101,O,12.0,12.0
287225201,C1,12.0,12.0
287230005,O,6.0,6.0
287230006,O,6.0,6.0
287230007,O,9.0,9.0
287230009,O,9.0,9.0
287235101,O,9.0,9.0
287235201,O,9.0,9.0
287240002,O,6.0,6.0
287240003,O,16.0,16.0
287250001,O,6.0,6.0
287250007,O,9.0,9.0
287253102,O,6.0,6.0
287260001,,6.0,6.0
287260002,O,6.0,6.0
287260003,O,9.0,9.0
287260004,O,9.0,9.0
287260005,O,9.0,9.0
287260006,O,9.0,9.0
287264101,O,12.0,12.0
287265101,O,12.0,12.0
287265201,O,9.0,9.0
287270003,O,12.0,12.0
287270004,O,6.0,6.0
287270005,O,12.0,12.0
287270007,O,12.0,12.0
287280001,P,16.0,16.0
287280002,O,16.0,16.0
287280003,O,16.0,16.0
287280004,O,16.0,16.0
287280005,O,12.0,12.0
287290002,O,9.0,9.0
287290003,O,16.0,16.0
287290004,O,16.0,16.0
287290005,O,15.0,15.0
287290006,O,16.0,16.0
287290007,,6.0,6.0
287290008,,6.0,6.0
287295101,H,16.0,16.0
287295202,O,16.0,16.0
287300005,O,12.0,12.0
287304101,O,12.0,12.0
287410001,O,6.0,6.0
287410002,O,6.0,6.0
287410003,O,12.0,12.0
287410004,O,9.0,9.0
287410005,O,12.0,12.0
287410006,O,12.0,12.0
287410007,O,12.0,12.0
287414101,O,13.0,13.0
287415102,O,6.0,6.0
287420001,O,6.0,6.0
287420003,O,6.0,6.0
287420004,O,6.0,6.0
287420006,O,16.0,16.0
287420007,O,6.0,6.0
287424102,O,9.0,9.0
287424105,O,9.0,9.0
287424301,O,6.0,6.0
287424401,O,12.0,12.0
288010001,K,16.0,16.0
288010002,K,9.0,9.0
288010003,K,16.0,16.0
288010006,K,12.0,12.0
288010007,K,16.0,16.0
288010008,L,9.0,9.0
288010009,A,12.0,12.0
288030001,K,6.0,6.0
288030003,K,16.0,16.0
288030004,K,6.0,6.0
288030005,K,16.0,16.0
288030007,K,12.0,12.0
288030008,K,12.0,12.0
288035101,K,12.0,12.0
288040001,K,16.0,16.0
288040002,K,9.0,9.0
288040003,K,13.0,13.0
288040004,K,16.0,16.0
288040005,K,18.0,18.0
288040006,K,12.0,12.0
288045102,K,16.0,16.0
288050001,K,16.0,16.0
288050002,K,9.0,9.0
288050005,K,12.0,12.0
288060001,K,9.0,9.0
288060002,K,6.0,6.0
288060003,K,9.0,9.0
288060004,K,12.0,12.0
288060005,K,16.0,16.0
288060006,K,12.0,12.0
288060007,K,12.0,12.0
288065102,K,16.0,16.0
288070003,K,6.0,6.0
288070005,K,12.0,12.0
288070007,K,9.0,9.0
288071103,K,16.0,16.0
288080003,K,12.0,12.0
288080004,K,12.0,12.0
288080005,K,12.0,12.0
288080007,K,6.0,6.0
288090003,K,12.0,12.0
288095001,K,9.0,9.0
288100003,K,6.0,6.0
288104001,K,9.0,9.0
288110001,K,6.0,6.0
288110002,K,6.0,6.0
288110004,K,9.0,9.0
288110005,K,12.0,12.0
288110006,K,12.0,12.0
288110008,H,12.0,12.0
288120001,K,6.0,6.0
288120002,K,6.0,6.0
288120003,K,12.0,12.0
288120004,K,9.0,9.0
288120006,K,9.0,9.0
288130002,K,6.0,6.0
288130004,K,9.0,9.0
288130005,K,6.0,6.0
288133105,K,9.0,9.0
288134104,K,6.0,6.0
288140001,K,6.0,6.0
288140002,K,6.0,6.0
288140005,K,12.0,12.0
288140008,K,12.0,12.0
288145101,K,9.0,9.0
288150001,K,6.0,6.0
288150002,K,9.0,9.0
288150003,K,16.0,16.0
288150005,K,9.0,9.0
288150007,K,16.0,16.0
288160002,K,6.0,6.0
288160003,K,9.0,9.0
288160004,K,9.0,9.0
288160005,K,16.0,16.0
288160006,K,12.0,12.0
288163101,K,6.0,6.0
288163103,K,9.0,9.0
288164102,K,9.0,9.0
288170001,K,12.0,12.0
288170002,K,12.0,12.0
288170003,K,12.0,12.0
288170007,K,15.0,15.0
288180001,,6.0,6.0
288180003,K,12.0,12.0
288180007,K,16.0,16.0
288180009,K,12.0,12.0
288180010,K,9.0,9.0
288182106,K,6.0,6.0
288185101,H,13.0,13.0
288190001,K,6.0,6.0
288190003,K,9.0,9.0
288190005,K,12.0,12.0
288193102,K,6.0,6.0
288193204,K,12.0,12.0
288195102,K,12.0,12.0
288200002,K,12.0,12.0
288200004,K,12.0,12.0
288200005,K,16.0,16.0
288200007,K,12.0,12.0
288204101,K,12.0,12.0
288210003,K,12.0,12.0
288210004,K,6.0,6.0
288210005,K,12.0,12.0
288210006,K,12.0,12.0
288210007,K,16.0,16.0
288210009,K,12.0,12.0
288214102,K,12.0,12.0
288214205,K,12.0,12.0
288220001,K,9.0,9.0
288220002,K,9.0,9.0
288220003,K,12.0,12.0
288220004,K,16.0,16.0
288230001,K,6.0,6.0
288230003,K,6.0,6.0
288230004,K,9.0,9.0
288230006,K,9.0,9.0
288233101,K,6.0,6.0
288234102,K,6.0,6.0
288234103,K,9.0,9.0
288234104,K,12.0,12.0
288240003,K,9.0,9.0
288240004,K,9.0,9.0
288240005,K,12.0,12.0
288240006,K,12.0,12.0
288240007,K,12.0,12.0
288240008,K,12.0,12.0
288243103,K,12.0,12.0
288244201,K,6.0,6.0
288245102,K,6.0,6.0
288245202,K,12.0,12.0
288250002,,6.0,6.0
288250003,K,12.0,12.0
288250004,K,16.0,16.0
288253102,K,12.0,12.0
288260002,K,12.0,12.0
288260003,K,16.0,16.0
288260008,K,16.0,16.0
288270003,K,12.0,12.0
288270006,K,12.0,12.0
288270007,K,9.0,9.0
288270008,K,12.0,12.0
288274102,K,13.0,13.0
288280003,K,9.0,9.0
288280004,K,9.0,9.0
288280005,K,12.0,12.0
288280006,K,9.0,9.0
288280007,K,9.0,9.0
288280008,K,12.0,12.0
288280009,K,12.0,12.0
288283101,K,6.0,6.0
288283103,K,12.0,12.0
288285101,K,12.0,12.0
288285201,K,12.0,12.0
288285302,K,9.0,9.0
288290001,K,6.0,6.0
288290002,K,6.0,6.0
288290003,K,12.0,12.0
288290004,K,16.0,16.0
288290005,,12.0,12.0
288290007,K,9.0,9.0
288293102,K,9.0,9.0
288293104,K,12.0,12.0
288295101,K,16.0,16.0
288295201,K,16.0,16.0
288300002,K,9.0,9.0
288300003,K,15.0,15.0
288300004,K,12.0,12.0
288410002,K,6.0,6.0
288410003,K,6.0,6.0
288410004,K,12.0,12.0
288410007,K,12.0,12.0
288410009,K,16.0,16.0
288413101,K,12.0,12.0
288413103,K,16.0,16.0
289020001,H,6.0,6.0
289020003,H,9.0,9.0
289020005,H,12.0,12.0
289020008,H,12.0,12.0
289020009,H,12.0,12.0
289024105,H,13.0,13.0
289024107,H,12.0,12.0
289030001,H,9.0,9.0
289030002,H,12.0,12.0
289030004,H,6.0,6.0
289030005,H,6.0,6.0
289030006,,9.0,9.0
289030009,H,15.0,15.0
289030011,H,12.0,12.0
289030012,H,6.0,6.0
289033104,H,15.0,15.0
289033105,K,13.0,13.0
289033211,H,9.0,9.0
289035301,L,12.0,12.0
289060001,L,13.0,13.0
289060002,K,16.0,16.0
289060003,L,16.0,16.0
289060004,L,16.0,16.0
289064102,K,16.0,16.0
289070002,H,6.0,6.0
289070004,H,9.0,9.0
289070008,H,6.0,6.0
289073203,H,12.0,12.0
289074101,H,12.0,12.0
289080003,H,12.0,12.0
289080005,,12.0,12.0
289084101,K,9.0,9.0
289090004,H,6.0,6.0
289090005,H,6.0,6.0
289090007,H,6.0,6.0
289090009,H,12.0,12.0
289100001,H,9.0,9.0
289100002,H,6.0,6.0
289100003,H,16.0,16.0
289100004,H,16.0,16.0
289104102,H,16.0,16.0
289110001,H,6.0,6.0
289110002,H,6.0,6.0
289110003,H,12.0,12.0
289110004,H,12.0,12.0
289110005,H,9.0,9.0
289120005,H,6.0,6.0
289123103,H,6.0,6.0
289130003,H,6.0,6.0
289130004,H,6.0,6.0
289130005,H,9.0,9.0
289130006,H,9.0,9.0
289140004,H,6.0,6.0
289140005,H,6.0,6.0
289140010,H,12.0,12.0
289143102,H,6.0,6.0
289143103,H,9.0,9.0
289143104,H,9.0,9.0
289143109,H,6.0,6.0
289143110,H,9.0,9.0
289143202,H,6.0,6.0
289150001,H,9.0,9.0
289150008,H,9.0,9.0
289150010,H,12.0,12.0
289160003,H,6.0,6.0
289160005,H,6.0,6.0
289160006,H,6.0,6.0
289160007,H,6.0,6.0
289160008,H,9.0,9.0
289160012,H,9.0,9.0
289160013,H,9.0,9.0
289160014,H,12.0,12.0
289163103,H,13.0,13.0
289164101,H,6.0,6.0
289164204,H,12.0,12.0
289164303,K,12.0,12.0
289165102,H,9.0,9.0
289165303,H,16.0,16.0
289170001,H,6.0,6.0
289170003,H,6.0,6.0
289170004,H,6.0,6.0
289170005,H,9.0,9.0
289170009,H,12.0,12.0
289174102,H,6.0,6.0
289174201,H,9.0,9.0
289175101,H,9.0,9.0
289180001,K,6.0,6.0
289180005,K,12.0,12.0
289200003,H,9.0,9.0
289200006,H,9.0,9.0
289220001,K,6.0,6.0
289220005,K,12.0,12.0
289220007,K,16.0,16.0
289220010,K,16.0,16.0
289223102,K,6.0,6.0
289230003,H,9.0,9.0
289230005,H,9.0,9.0
289230008,H,12.0,12.0
289231103,D,13.0,13.0
289234107,H,9.0,9.0
289250001,H,9.0,9.0
289250002,H,6.0,6.0
289250003,H,9.0,9.0
289250006,H,9.0,9.0
289250012,H,9.0,9.0
289251104,H,9.0,9.0
289255103,,9.0,9.0
289260001,H,6.0,6.0
289260003,H,9.0,9.0
289260004,H,6.0,6.0
289260005,H,6.0,6.0
289260006,H,6.0,6.0
289263103,H,9.0,9.0
289263201,K,9.0,9.0
289264102,H,6.0,6.0
289264201,H,6.0,6.0
289264203,H,12.0,12.0
289270001,H,6.0,6.0
289270002,H,6.0,6.0
289270004,H,12.0,12.0
289270006,H,12.0,12.0
289270008,H,6.0,6.0
289271103,H,12.0,12.0
289273104,H,12.0,12.0
289280003,H,9.0,9.0
289280004,H,9.0,9.0
289280007,H,6.0,6.0
289280009,H,6.0,6.0
289283102,H,6.0,6.0
289283103,H,9.0,9.0
289284102,H,9.0,9.0
289285102,H,9.0,9.0
289285201,H,6.0,6.0
289290001,K,6.0,6.0
289290004,K,6.0,6.0
289290006,K,6.0,6.0
289290007,K,9.0,9.0
289294103,H,9.0,9.0
289295101,K,6.0,6.0
289300001,H,6.0,6.0
289300002,H,6.0,6.0
289300004,H,9.0,9.0
289300005,H,9.0,9.0
289300006,H,9.0,9.0
289300012,H,6.0,6.0
289300013,H,13.0,13.0
289303101,H,6.0,6.0
289304102,H,6.0,6.0
289410007,H,16.0,16.0
289410011,H,6.0,6.0
289410013,H,9.0,9.0
289413202,H,6.0,6.0
289414102,K,16.0,16.0
289420001,H,9.0,9.0
289420002,H,6.0,6.0
289420003,H,6.0,6.0
289420005,H,9.0,9.0
289420007,K,9.0,9.0
289420008,H,9.0,9.0
289423103,K,12.0,12.0
289424102,H,9.0,9.0
289425101,K,6.0,6.0
289425201,H,6.0,6.0
289430001,H,6.0,6.0
289430002,H,6.0,6.0
289430003,H,16.0,16.0
289430004,H,12.0,12.0
289430005,H,12.0,12.0
289430007,H,6.0,6.0
289430009,H,12.0,12.0
290010001,V,18.0,18.0
290010002,V,6.0,6.0
290010003,V,16.0,16.0
290010004,V,16.0,16.0
290010005,V,16.0,16.0
290013102,A,16.0,16.0
290014102,H,16.0,16.0
290015102,K,16.0,16.0
290020001,K,16.0,16.0
290020002,E,16.0,16.0
290020003,K,16.0,16.0
290020005,K,16.0,16.0
290030001,K,16.0,16.0
290030006,K,12.0,12.0
290030007,K,12.0,12.0
290030009,K,12.0,12.0
290040001,K,18.0,18.0
290040002,O,15.0,15.0
290040003,K,16.0,16.0
290050001,K,18.0,18.0
290050003,,6.0,6.0
290050005,K,12.0,12.0
290050007,K,9.0,9.0
290054102,K,16.0,16.0
290060001,K,16.0,16.0
290060002,K,15.0,15.0
290060003,K,16.0,16.0
290060004,K,15.0,15.0
290060005,,6.0,6.0
290060006,K,16.0,16.0
290070001,K,6.0,6.0
290070011,K,9.0,9.0
290080002,K,6.0,6.0
290080005,K,6.0,6.0
290080006,K,6.0,6.0
290080007,K,9.0,9.0
290083106,K,9.0,9.0
290084201,K,9.0,9.0
290090001,K,6.0,6.0
290090003,K,6.0,6.0
290090004,K,16.0,16.0
290100002,K,6.0,6.0
290110002,K,9.0,9.0
290113101,K,6.0,6.0
290113103,K,12.0,12.0
290120001,,6.0,6.0
290120003,K,9.0,9.0
290120004,K,9.0,9.0
290120005,,9.0,9.0
290123101,K,9.0,9.0
290123103,K,13.0,13.0
290123104,K,9.0,9.0
290124102,K,12.0,12.0
290124204,K,9.0,9.0
290130003,K,13.0,13.0
290130004,K,12.0,12.0
290130005,K,12.0,12.0
290130007,K,9.0,9.0
290133102,K,6.0,6.0
290133103,K,12.0,12.0
290133106,K,6.0,6.0
290134101,K,12.0,12.0
290134104,K,16.0,16.0
290134202,K,12.0,12.0
290134301,K,6.0,6.0
290134303,K,12.0,12.0
290135101,K,9.0,9.0
290135601,K,12.0,12.0
290150001,K,6.0,6.0
290150002,K,6.0,6.0
290150004,K,6.0,6.0
290150005,K,12.0,12.0
290154201,K,12.0,12.0
290160001,K,6.0,6.0
290160002,H,6.0,6.0
290160005,K,12.0,12.0
290164101,K,9.0,9.0
290165101,K,16.0,16.0
290180003,K,12.0,12.0
290180005,K,9.0,9.0
290180007,K,12.0,12.0
290180008,K,9.0,9.0
290183101,K,6.0,6.0
290190001,K,9.0,9.0
290190002,K,9.0,9.0
290190003,K,9.0,9.0
290190004,K,9.0,9.0
290190006,K,12.0,12.0
290195101,K,6.0,6.0
290195201,K,12.0,12.0
290200001,K,9.0,9.0
290200002,H,6.0,6.0
290200003,H,12.0,12.0
290200005,K,12.0,12.0
290200006,H,12.0,12.0
290205102,H,12.0,12.0
290210001,K,6.0,6.0
290210003,K,6.0,6.0
290210004,K,9.0,9.0
290210005,K,9.0,9.0
290210009,K,12.0,12.0
290211101,K,9.0,9.0
290211103,K,9.0,9.0
290213104,K,9.0,9.0
290220003,K,12.0,12.0
290223102,H,6.0,6.0
290230001,C,13.0,13.0
290230002,C,12.0,12.0
290230010,C,12.0,12.0
290260005,H,16.0,16.0
290260006,K,9.0,9.0
290260007,K,12.0,12.0
290270001,K,9.0,9.0
290270002,K,9.0,9.0
290270003,K,16.0,16.0
290270004,K,12.0,12.0
290270005,K,9.0,9.0
290270006,K,13.0,13.0
290270010,K,16.0,16.0
290274202,K,12.0,12.0
290275102,K,12.0,12.0
290300001,A,12.0,12.0
290300002,,6.0,6.0
290300005,K,12.0,12.0
290300006,K,12.0,12.0
290300009,,12.0,12.0
290304101,K,13.0,13.0
290410001,K,16.0,16.0
290410002,K,16.0,16.0
290410003,,15.0,15.0
290410004,K,15.0,15.0
290420003,K,16.0,16.0
290420004,K,16.0,16.0
290420005,K,12.0,12.0
290420006,K,12.0,12.0
290420007,K,13.0,13.0
290424102,K,16.0,16.0
290425101,K,13.0,13.0
290430001,K,6.0,6.0
290430002,K,6.0,6.0
290430003,K,9.0,9.0
290434101,K,12.0,12.0
290440001,K,12.0,12.0
290440002,K,9.0,9.0
290440003,K,12.0,12.0
290440005,K,12.0,12.0
290440007,K,12.0,12.0
290450002,K,6.0,6.0
290450003,K,9.0,9.0
290450004,K,9.0,9.0
290450005,K,12.0,12.0
290450007,K,16.0,16.0
290450009,K,13.0,13.0
290451101,K,16.0,16.0
290451103,K,15.0,15.0
290451104,K,15.0,15.0
290451106,K,12.0,12.0
290453101,K,13.0,13.0
290453103,K,13.0,13.0
290453107,K,13.0,13.0
290455101,,9.0,9.0
290455201,,9.0,9.0
290455203,K,13.0,13.0
290455204,K,9.0,9.0
291030002,K,6.0,6.0
291030003,K,12.0,12.0
291030004,K,13.0,13.0
291030005,K,12.0,12.0
291030006,K,13.0,13.0
291030007,K,13.0,13.0
291034101,K,13.0,13.0
291035101,K,16.0,16.0
291035202,K,16.0,16.0
291050001,K,6.0,6.0
291050002,K,6.0,6.0
291050004,K,16.0,16.0
291050005,K,16.0,16.0
291050008,K,16.0,16.0
291054102,K,16.0,16.0
291070003,K,6.0,6.0
291070004,K,6.0,6.0
291070005,K,12.0,12.0
291080001,K,16.0,16.0
291080002,K,12.0,12.0
291080003,K,16.0,16.0
291080004,K,15.0,15.0
291090001,K,9.0,9.0
291090002,K,16.0,16.0
291090004,K,16.0,16.0
291090005,K,16.0,16.0
291095101,K,16.0,16.0
291100002,K,9.0,9.0
291100003,K,16.0,16.0
291100004,K,12.0,12.0
291100005,K,16.0,16.0
291100006,K,16.0,16.0
291100008,K,18.0,18.0
291100014,K,16.0,16.0
291100015,K,12.0,12.0
291104101,K,9.0,9.0
291110002,,6.0,6.0
291110003,K,12.0,12.0
291110004,K,9.0,9.0
291110005,K,6.0,6.0
291110007,K,12.0,12.0
291110008,K,6.0,6.0
291110009,K,12.0,12.0
291110010,K,16.0,16.0
291113102,K,6.0,6.0
291114102,K,9.0,9.0
291114202,K,13.0,13.0
291115102,K,6.0,6.0
291120001,K,6.0,6.0
291120002,K,6.0,6.0
291120003,K,16.0,16.0
291120005,K,13.0,13.0
291120006,K,16.0,16.0
291120008,K,16.0,16.0
291120009,K,16.0,16.0
291120012,K,13.0,13.0
291124105,K,16.0,16.0
291125103,,16.0,16.0
291130003,K,6.0,6.0
291130004,K,12.0,12.0
291130006,K,9.0,9.0
291130007,K,16.0,16.0
291131102,K,12.0,12.0
291131103,K,15.0,15.0
291132102,K,6.0,6.0
291132103,K,12.0,12.0
291133104,K,6.0,6.0
291133106,K,12.0,12.0
291150003,K,12.0,12.0
291150004,K,6.0,6.0
291150005,K,16.0,16.0
291152103,K,12.0,12.0
291152105,K,9.0,9.0
291154103,K,16.0,16.0
291180002,K,6.0,6.0
291180004,K,12.0,12.0
291190001,K,6.0,6.0
291190002,K,6.0,6.0
291190003,K,12.0,12.0
291190004,K,12.0,12.0
291190005,K,12.0,12.0
291200001,K,16.0,16.0
291200002,K,12.0,12.0
291200003,K,16.0,16.0
291200004,K,12.0,12.0
291200005,K,16.0,16.0
291200006,K,12.0,12.0
291204102,A,16.0,16.0
291410002,K,6.0,6.0
291410003,K,12.0,12.0
291410004,K,13.0,13.0
291410005,K,16.0,16.0
291410006,K,13.0,13.0
291415101,K,12.0,12.0
291415201,K,12.0,12.0
291420004,K,12.0,12.0
291424201,K,16.0,16.0
291430001,K,15.0,15.0
291430002,K,9.0,9.0
291430003,K,16.0,16.0
291430004,K,16.0,16.0
291430005,K,16.0,16.0
291430007,K,16.0,16.0
291430008,K,16.0,16.0
291430009,K,16.0,16.0
291430010,K,15.0,15.0
291433102,K,16.0,16.0
291433201,K,16.0,16.0
291433203,K,9.0,9.0
291435101,K,16.0,16.0
291435301,K,16.0,16.0
291435402,K,16.0,16.0
292010003,K,9.0,9.0
292010004,K,12.0,12.0
292010005,K,16.0,16.0
292010006,K,16.0,16.0
292010008,K,13.0,13.0
292014201,K,16.0,16.0
292015102,K,12.0,12.0
292020001,K,12.0,12.0
292020002,K,6.0,6.0
292020003,K,12.0,12.0
292020004,K,12.0,12.0
292020005,K,16.0,16.0
292020006,K,12.0,12.0
292020007,K,12.0,12.0
292020008,K,16.0,16.0
292020009,K,16.0,16.0
292020010,K,16.0,16.0
292020011,K,13.0,13.0
292024202,K,6.0,6.0
292025201,L,12.0,12.0
292030001,K,6.0,6.0
292030003,K,12.0,12.0
292030005,K,12.0,12.0
292030006,K,12.0,12.0
292030007,K,16.0,16.0
292030009,K,15.0,15.0
292030010,K,16.0,16.0
292030011,K,12.0,12.0
292030012,K,9.0,9.0
292033101,K,16.0,16.0
292033103,K,16.0,16.0
292033104,K,12.0,12.0
292033202,K,9.0,9.0
292034102,K,12.0,12.0
292035101,K,16.0,16.0
292040002,K,6.0,6.0
292040003,K,16.0,16.0
292040005,K,12.0,12.0
292040006,K,16.0,16.0
292040007,K,12.0,12.0
292044102,K,12.0,12.0
292050003,K,9.0,9.0
292050005,K,6.0,6.0
292050006,K,6.0,6.0
292050007,K,9.0,9.0
292050008,K,9.0,9.0
292050009,K,6.0,6.0
292051102,K,6.0,6.0
292054101,K,6.0,6.0
292054401,L,12.0,12.0
292060004,K,9.0,9.0
292060008,K,12.0,12.0
292060009,K,12.0,12.0
292064101,K,6.0,6.0
292064202,K,9.0,9.0
292070001,K,6.0,6.0
292070003,K,9.0,9.0
292070004,K,16.0,16.0
292070005,K,13.0,13.0
292070006,K,13.0,13.0
292070007,K,9.0,9.0
292080001,K,6.0,6.0
292080006,K,16.0,16.0
292100001,K,6.0,6.0
292100002,K,6.0,6.0
292100003,K,9.0,9.0
292100004,K,16.0,16.0
292100005,K,16.0,16.0
292100006,K,16.0,16.0
292100008,K,13.0,13.0
292104101,K,6.0,6.0
292105102,K,16.0,16.0
292110004,K,16.0,16.0
292110008,K,16.0,16.0
292114202,K,16.0,16.0
292130003,K,6.0,6.0
292130004,K,9.0,9.0
292130005,K,16.0,16.0
292130007,K,13.0,13.0
292134104,K,6.0,6.0
292135101,K,16.0,16.0
292140003,K,6.0,6.0
292140004,K,6.0,6.0
292140005,K,6.0,6.0
292143102,K,6.0,6.0
292144101,K,12.0,12.0
292145101,K,6.0,6.0
292150002,,6.0,6.0
292150003,K,6.0,6.0
292150004,K,9.0,9.0
292150005,K,9.0,9.0
292150006,K,6.0,6.0
292150007,K,9.0,9.0
292150008,K,9.0,9.0
292150009,K,12.0,12.0
292150012,K,6.0,6.0
292153101,K,6.0,6.0
292154101,K,12.0,12.0
292154201,K,12.0,12.0
292154301,K,12.0,12.0
292160003,K,15.0,15.0
292170003,K,6.0,6.0
292170005,V,16.0,16.0
292170006,K,13.0,13.0
292174101,K,6.0,6.0
292180001,K,6.0,6.0
292190002,K,6.0,6.0
292190003,K,16.0,16.0
292193101,K,12.0,12.0
292193103,K,6.0,6.0
292193104,K,6.0,6.0
292200001,K,6.0,6.0
292200003,K,12.0,12.0
292200004,V,16.0,16.0
292200007,K,12.0,12.0
292210003,K,9.0,9.0
292210004,K,12.0,12.0
292210006,K,6.0,6.0
292210007,K,6.0,6.0
292210008,K,13.0,13.0
292214101,K,12.0,12.0
292214201,K,12.0,12.0
292220001,L,6.0,6.0
292220004,K,9.0,9.0
292220005,K,6.0,6.0
292220006,K,13.0,13.0
292224101,K,9.0,9.0
292230001,K,12.0,12.0
292230002,K,9.0,9.0
292230003,K,15.0,15.0
292230004,K,13.0,13.0
292230005,K,12.0,12.0
292240003,K,6.0,6.0
292240004,K,12.0,12.0
292240006,K,16.0,16.0
292240007,K,6.0,6.0
292240008,K,12.0,12.0
292240009,K,16.0,16.0
292243103,K,12.0,12.0
292243108,K,6.0,6.0
292244102,K,12.0,12.0
292244202,K,16.0,16.0
292245101,K,9.0,9.0
292245201,K,12.0,12.0
292260001,K,6.0,6.0
292260002,K,6.0,6.0
292260003,K,9.0,9.0
292260004,K,9.0,9.0
292260005,V,16.0,16.0
292265101,K,9.0,9.0
292265201,K,6.0,6.0
292270002,K,6.0,6.0
292270003,K,6.0,6.0
292270004,K,16.0,16.0
292270005,K,12.0,12.0
292290001,K,6.0,6.0
292290002,K,6.0,6.0
292290003,K,9.0,9.0
292290004,K,6.0,6.0
292290005,K,12.0,12.0
292290006,K,13.0,13.0
292290007,K,13.0,13.0
292294101,K,12.0,12.0
292294202,K,6.0,6.0
292295102,K,16.0,16.0
292295202,K,12.0,12.0
292300001,K,9.0,9.0
292300002,K,9.0,9.0
292300003,K,16.0,16.0
292410004,K,16.0,16.0
292410006,K,6.0,6.0
292420001,K,6.0,6.0
292420002,K,6.0,6.0
292420003,K,16.0,16.0
292420004,K,9.0,9.0
292420005,K,6.0,6.0
292420006,K,12.0,12.0
292420009,K,13.0,13.0
292424301,K,12.0,12.0
292430002,K,6.0,6.0
292430003,K,16.0,16.0
292430006,K,12.0,12.0
292430008,K,12.0,12.0
292434101,K,9.0,9.0
292440003,K,16.0,16.0
293020002,J,12.0,12.0
293020003,J,6.0,6.0
293020004,J,12.0,12.0
293023101,J,6.0,6.0
293030001,J,12.0,12.0
293030002,J,6.0,6.0
293030004,J,12.0,12.0
293030005,J,12.0,12.0
293060002,J,6.0,6.0
293060003,J,9.0,9.0
293060004,J,12.0,12.0
293064101,J,9.0,9.0
293070002,J,6.0,6.0
293070003,J,13.0,13.0
293070004,J,12.0,12.0
293070005,J,12.0,12.0
293070007,J,9.0,9.0
293070008,J,9.0,9.0
293070009,J,12.0,12.0
293070010,J,13.0,13.0
293071205,J,12.0,12.0
293073104,J,9.0,9.0
293073201,J,12.0,12.0
293073203,J,12.0,12.0
293073303,J,9.0,9.0
293074102,A,13.0,13.0
293075102,A,9.0,9.0
293080001,J,12.0,12.0
293080002,A,6.0,6.0
293080003,J,16.0,16.0
293080005,J,12.0,12.0
293084102,J,16.0,16.0
293090004,J,9.0,9.0
293100001,C,6.0,6.0
293100002,C,6.0,6.0
293100005,C,12.0,12.0
293110004,A J,13.0,13.0
293110006,A,6.0,6.0
293110007,A,6.0,6.0
293110010,A,12.0,12.0
293113101,A,6.0,6.0
293120001,A,6.0,6.0
293120002,A,6.0,6.0
293120003,A,9.0,9.0
293120004,A,9.0,9.0
293130001,A,6.0,6.0
293130002,A,9.0,9.0
293130003,A,9.0,9.0
293135102,A,12.0,12.0
293140001,A,6.0,6.0
293140002,C,9.0,9.0
293140003,A,6.0,6.0
293140004,A,9.0,9.0
293144101,A,6.0,6.0
293145101,A,6.0,6.0
293150001,A,6.0,6.0
293150002,,6.0,6.0
293150004,A,9.0,9.0
293153103,A,13.0,13.0
293160001,A,6.0,6.0
293160003,A,9.0,9.0
293160004,A,9.0,9.0
293170001,A,6.0,6.0
293170002,A,6.0,6.0
293170003,A,13.0,13.0
293170004,A,9.0,9.0
293170005,A,13.0,13.0
293170006,J,16.0,16.0
293170007,J,6.0,6.0
293180001,A,6.0,6.0
293180002,A,6.0,6.0
293180003,A,12.0,12.0
293180004,A,13.0,13.0
293180006,A,12.0,12.0
293180008,A,12.0,12.0
293183102,A,9.0,9.0
293200001,A,6.0,6.0
293200005,A,6.0,6.0
293204104,A,9.0,9.0
293210001,A,6.0,6.0
293210002,A,6.0,6.0
293210003,A,6.0,6.0
293214103,A,13.0,13.0
293220001,A,16.0,16.0
293220002,A,13.0,13.0
293220003,A,16.0,16.0
293220004,A,16.0,16.0
293240001,A,13.0,13.0
293240002,A,6.0,6.0
293240003,A,13.0,13.0
293240004,A,12.0,12.0
293240005,A,9.0,9.0
293260001,A,13.0,13.0
293260002,J,12.0,12.0
293260003,J,13.0,13.0
293280001,A,6.0,6.0
293280002,A,6.0,6.0
293280003,A,9.0,9.0
293280004,,6.0,6.0
293284101,A,9.0,9.0
293290001,J,6.0,6.0
293290003,J,9.0,9.0
293290004,J,9.0,9.0
293290005,J,12.0,12.0
293290006,J,9.0,9.0
293291103,J,9.0,9.0
293294102,J,6.0,6.0
293300001,J,16.0,16.0
293300004,J,9.0,9.0
293300005,J,9.0,9.0
293300007,J,16.0,16.0
293300008,J,12.0,12.0
293300009,J,9.0,9.0
293304201,A,6.0,6.0
293304301,J,6.0,6.0
293410001,A,13.0,13.0
293410002,A,9.0,9.0
293410003,A,15.0,15.0
293420007,A,6.0,6.0
293420008,A,6.0,6.0
293420009,A,6.0,6.0
293424102,A,6.0,6.0
293430001,J,12.0,12.0
293430002,J,16.0,16.0
293430003,J,16.0,16.0
294010003,V,9.0,9.0
294010005,E,9.0,9.0
294020003,V,6.0,6.0
294020004,V,6.0,6.0
294020005,V,6.0,6.0
294020006,V,6.0,6.0
294020007,V,6.0,6.0
294020008,V,6.0,6.0
294024101,V,6.0,6.0
294024201,V,6.0,6.0
294025101,V,6.0,6.0
294030001,J,6.0,6.0
294030003,J,6.0,6.0
294030004,,6.0,6.0
294030005,J,9.0,9.0
294030007,,6.0,6.0
294034102,J,6.0,6.0
294034202,J,13.0,13.0
294050003,V,6.0,6.0
294050004,V,6.0,6.0
294050006,V,6.0,6.0
294050007,V,12.0,12.0
294055101,V,6.0,6.0
294060004,V,6.0,6.0
294060006,V,6.0,6.0
294060010,V,6.0,6.0
294060011,,6.0,6.0
294060013,V,9.0,9.0
294063109,J,6.0,6.0
294070001,V,6.0,6.0
294070003,V,6.0,6.0
294070004,V,6.0,6.0
294070007,E,6.0,6.0
294070009,J,13.0,13.0
294070010,J,12.0,12.0
294073103,J,12.0,12.0
294080003,E,6.0,6.0
294081102,J,6.0,6.0
294081103,J,12.0,12.0
294090001,,6.0,6.0
294090003,V,6.0,6.0
294090004,V,6.0,6.0
294090005,V,9.0,9.0
294090007,V,12.0,12.0
294093102,V,9.0,9.0
294100001,V,9.0,9.0
294100002,E,6.0,6.0
294100003,E,6.0,6.0
294100004,E,6.0,6.0
294100005,J,9.0,9.0
294100007,E,12.0,12.0
294100009,J,9.0,9.0
294100011,V,6.0,6.0
294103102,V,6.0,6.0
294105102,V,12.0,12.0
294110003,E,12.0,12.0
294110004,E,9.0,9.0
294110005,,6.0,6.0
294110007,J,16.0,16.0
294110008,J,12.0,12.0
294110009,E,6.0,6.0
294150001,V,6.0,6.0
294150002,,6.0,6.0
294150003,V,6.0,6.0
294150004,,6.0,6.0
294150005,V,6.0,6.0
294150006,,6.0,6.0
294150007,V,6.0,6.0
294150008,V,6.0,6.0
294150011,V,6.0,6.0
294150012,V,6.0,6.0
294150016,,6.0,6.0
294153108,V,6.0,6.0
294153201,V,6.0,6.0
294154202,V,6.0,6.0
294155101,V,6.0,6.0
294160001,E,6.0,6.0
294160002,V,6.0,6.0
294160004,V,6.0,6.0
294160005,,6.0,6.0
294160007,V,6.0,6.0
294160009,V,6.0,6.0
294165102,,6.0,6.0
294170003,V,6.0,6.0
294170005,V,6.0,6.0
294170007,V,6.0,6.0
294170008,V,6.0,6.0
294170009,V,12.0,12.0
294170010,J,12.0,12.0
294172102,V,6.0,6.0
294172103,V,9.0,9.0
294173102,E,12.0,12.0
294173103,J,12.0,12.0
294174104,V,6.0,6.0
294190001,V,9.0,9.0
294190002,E,9.0,9.0
294190003,V,16.0,16.0
294190004,J,12.0,12.0
294190005,E,13.0,13.0
294190006,J,12.0,12.0
294190007,J,9.0,9.0
294200001,V,6.0,6.0
294200002,V,6.0,6.0
294200005,V,6.0,6.0
294200006,V,6.0,6.0
294200008,E,9.0,9.0
294200009,E,9.0,9.0
294205106,V,6.0,6.0
294410001,V,6.0,6.0
294410002,V,6.0,6.0
294410003,V,6.0,6.0
294410004,,6.0,6.0
294410005,V,6.0,6.0
294410006,J,12.0,12.0
294410007,V,6.0,6.0
294413102,V,6.0,6.0
294414102,V,6.0,6.0
294414206,V,6.0,6.0
294420001,E,9.0,9.0
294420003,E,6.0,6.0
294420004,,9.0,9.0
294420005,J,9.0,9.0
294420008,J,6.0,6.0
294420010,J,12.0,12.0
294420013,J,15.0,15.0
294423111,J,9.0,9.0
294423202,E,6.0,6.0
294423203,E,12.0,12.0
294423302,J,12.0,12.0
294423307,J,12.0,12.0
294423401,J,9.0,9.0
294430001,E,16.0,16.0
294430004,E J,13.0,13.0
294440001,E,9.0,9.0
294440002,E V,6.0,6.0
294440004,E,12.0,12.0
295010001,J,6.0,6.0
295010004,J,6.0,6.0
295015102,J,6.0,6.0
295020005,J,6.0,6.0
295020006,J,9.0,9.0
295021104,J,6.0,6.0
295030003,J,9.0,9.0
295030004,J,9.0,9.0
295030005,J,9.0,9.0
295030006,J,12.0,12.0
295030007,J,13.0,13.0
295030009,E,6.0,6.0
295033103,J,6.0,6.0
295034102,J,9.0,9.0
295034202,J,9.0,9.0
295040001,J,6.0,6.0
295040002,,6.0,6.0
295040003,J,12.0,12.0
295040005,E,12.0,12.0
295040006,J,16.0,16.0
295060001,J,6.0,6.0
295060002,J,6.0,6.0
295060003,J,12.0,12.0
295060004,J,12.0,12.0
295060006,J,12.0,12.0
295061104,J,18.0,18.0
295064101,J,9.0,9.0
295070001,A,13.0,13.0
295070002,A,12.0,12.0
295070004,A,12.0,12.0
295070005,A,15.0,15.0
295071104,,12.0,12.0
295100001,J,6.0,6.0
295100003,J,6.0,6.0
295100004,,9.0,9.0
295100005,J,9.0,9.0
295100009,J,6.0,6.0
295102103,J,9.0,9.0
295102104,J,6.0,6.0
295105103,J,6.0,6.0
295110001,J,16.0,16.0
295110002,J,16.0,16.0
295110003,J,16.0,16.0
295120003,J,12.0,12.0
295120004,J,12.0,12.0
295120005,J,12.0,12.0
295120006,J,6.0,6.0
295120007,J,12.0,12.0
295120008,B,9.0,9.0
295123201,J,12.0,12.0
295125101,A,6.0,6.0
295130002,J,6.0,6.0
295130004,J,6.0,6.0
295140001,J,6.0,6.0
295140002,J,6.0,6.0
295140005,J,9.0,9.0
295140006,J,9.0,9.0
295140007,J,9.0,9.0
295140008,J,9.0,9.0
295140009,J,6.0,6.0
295143102,J,6.0,6.0
295143106,J,9.0,9.0
295143201,J,9.0,9.0
295145202,J,9.0,9.0
295145301,J,9.0,9.0
295160002,J,6.0,6.0
295160003,J,16.0,16.0
295160004,J,12.0,12.0
295160005,J,16.0,16.0
295160007,E,16.0,16.0
295160008,J,16.0,16.0
295160009,J,16.0,16.0
295162104,A,12.0,12.0
295163106,J,12.0,12.0
295170002,J,6.0,6.0
295170004,J,6.0,6.0
295170005,,6.0,6.0
295170008,J,9.0,9.0
295174102,J,9.0,9.0
295175102,J,6.0,6.0
295180003,J,9.0,9.0
295180005,J,12.0,12.0
295184101,J,6.0,6.0
295200002,J,6.0,6.0
295200003,J,13.0,13.0
295200004,J,12.0,12.0
295200005,J,15.0,15.0
295200006,J,9.0,9.0
295200007,J,12.0,12.0
295210001,J,13.0,13.0
295210002,A,6.0,6.0
295210003,J,12.0,12.0
295210005,J,9.0,9.0
295220001,E,6.0,6.0
295220003,E,9.0,9.0
295260001,J,6.0,6.0
295260003,J,9.0,9.0
295260004,J,12.0,12.0
295270001,J,6.0,6.0
295270004,J,6.0,6.0
295270006,J,6.0,6.0
295270007,J,12.0,12.0
295270008,A,6.0,6.0
295273104,J,9.0,9.0
295275101,J,9.0,9.0
295275203,J,12.0,12.0
295280001,J,6.0,6.0
295280002,J,6.0,6.0
295280003,J,6.0,6.0
295280005,E,6.0,6.0
295280006,J,12.0,12.0
295284103,J,16.0,16.0
295284104,J,12.0,12.0
295290001,J,6.0,6.0
295290004,J,6.0,6.0
295290005,J,9.0,9.0
295290006,J,9.0,9.0
295290007,J,6.0,6.0
295290008,J,12.0,12.0
295290015,J,6.0,6.0
295294101,A,12.0,12.0
295295101,A,6.0,6.0
295295201,A,13.0,13.0
295300003,J,6.0,6.0
295300005,J,6.0,6.0
295300006,J,6.0,6.0
295304101,J,6.0,6.0
295304202,J,6.0,6.0
295410001,J,6.0,6.0
295410002,J,6.0,6.0
295410003,J,16.0,16.0
295410005,J,12.0,12.0
295420003,J,9.0,9.0
295420004,J,6.0,6.0
295420005,J,9.0,9.0
295420006,J,6.0,6.0
295423206,A,12.0,12.0
295423305,B,6.0,6.0
295430001,J,6.0,6.0
295440001,A,16.0,16.0
295440002,J,15.0,15.0
295450004,J,12.0,12.0
295460003,J,6.0,6.0
295460004,J,12.0,12.0
295460005,J,12.0,12.0
295460006,J,15.0,15.0
295463101,J,12.0,12.0
295464102,J,9.0,9.0
295464103,J,12.0,12.0
295465101,J,9.0,9.0
295465202,J,9.0,9.0
295470001,J,6.0,6.0
295470002,J,6.0,6.0
295470003,J,9.0,9.0
295470005,A,18.0,18.0
295470006,J,16.0,16.0
295470007,J,12.0,12.0
295470008,J,12.0,12.0
295470009,J,12.0,12.0
295471104,J,16.0,16.0
296010001,A,6.0,6.0
296010002,A,6.0,6.0
296010005,A,9.0,9.0
296014101,A,6.0,6.0
296020001,J,18.0,18.0
296020002,J,12.0,12.0
296020004,J,15.0,15.0
296020006,J,16.0,16.0
296020007,J,9.0,9.0
296020008,J,12.0,12.0
296030002,A,6.0,6.0
296030003,A,12.0,12.0
296030004,A,12.0,12.0
296030005,A,16.0,16.0
296030006,R,16.0,16.0
296030007,R,12.0,12.0
296030008,A,16.0,16.0
296030009,R,16.0,16.0
296033103,A,12.0,12.0
296040001,A,16.0,16.0
296040002,J,12.0,12.0
296040003,A,15.0,15.0
296040004,J,12.0,12.0
296045102,J,13.0,13.0
296050001,A,13.0,13.0
296050002,A,9.0,9.0
296050004,A,13.0,13.0
296050005,B,9.0,9.0
296050007,A,13.0,13.0
296060002,A,9.0,9.0
296060003,A,15.0,15.0
296060004,A,16.0,16.0
296060005,A,16.0,16.0
296060006,A,9.0,9.0
296060007,J,16.0,16.0
296064101,A,16.0,16.0
296064103,A,12.0,12.0
296070002,A,13.0,13.0
296070003,A,12.0,12.0
296070005,A,16.0,16.0
296070006,A,18.0,18.0
296070007,A,6.0,6.0
296070008,A,16.0,16.0
296070010,A,13.0,13.0
296070012,J,16.0,16.0
296090006,J,16.0,16.0
296090007,J,18.0,18.0
296091202,J,16.0,16.0
296094102,A,12.0,12.0
296100001,A,9.0,9.0
296100003,A,12.0,12.0
296100004,A,12.0,12.0
296100007,J,9.0,9.0
296100008,A,12.0,12.0
296100010,J,12.0,12.0
296110002,R,12.0,12.0
296120001,A,18.0,18.0
296130001,A,6.0,6.0
296130002,A,9.0,9.0
296130003,A,9.0,9.0
296130005,A,13.0,13.0
296150001,A,6.0,6.0
296150002,A,6.0,6.0
296150006,A,12.0,12.0
296150007,A,12.0,12.0
296150008,A,12.0,12.0
296160001,E,12.0,12.0
296160002,J,12.0,12.0
296164103,J,12.0,12.0
296170002,A,6.0,6.0
296170003,A,12.0,12.0
296170004,A,12.0,12.0
296170005,A,9.0,9.0
296170006,A,16.0,16.0
296170007,A,13.0,13.0
296170008,A,9.0,9.0
296174202,A,13.0,13.0
296175202,A,12.0,12.0
296180001,A,6.0,6.0
296180002,A,6.0,6.0
296180004,A,9.0,9.0
296180005,A,12.0,12.0
296190001,A,6.0,6.0
296190002,A,6.0,6.0
296190003,A,16.0,16.0
296190004,A,16.0,16.0
296190007,J,12.0,12.0
296194101,J,16.0,16.0
296200001,A,12.0,12.0
296200002,A,9.0,9.0
296200003,A,12.0,12.0
296200004,J,13.0,13.0
297010003,J,6.0,6.0
297010004,J,6.0,6.0
297010005,J,6.0,6.0
297010006,J,6.0,6.0
297010007,J,12.0,12.0
297010008,J,13.0,13.0
297010009,J,6.0,6.0
297010010,J,9.0,9.0
297011108,J,6.0,6.0
297013105,J,6.0,6.0
297015104,J,6.0,6.0
297020001,J,6.0,6.0
297020002,J,6.0,6.0
297020005,J,12.0,12.0
297020006,J,6.0,6.0
297023103,J,12.0,12.0
297024102,J,9.0,9.0
297025102,J,9.0,9.0
297030001,J,6.0,6.0
297030002,J,6.0,6.0
297030003,J,9.0,9.0
297034101,J,12.0,12.0
297040001,J,6.0,6.0
297040002,J,6.0,6.0
297040003,J,13.0,13.0
297040004,J,9.0,9.0
297040007,J,6.0,6.0
297100001,,6.0,6.0
297100003,J,6.0,6.0
297100004,J,9.0,9.0
297100005,J,9.0,9.0
297100008,J,6.0,6.0
297100015,S,6.0,6.0
297103102,A,6.0,6.0
297103103,J,9.0,9.0
297103104,J,9.0,9.0
297103107,J,9.0,9.0
297103203,J,9.0,9.0
297110001,,6.0,6.0
297110002,A,12.0,12.0
297111103,A,12.0,12.0
297120001,J,16.0,16.0
297120002,J,6.0,6.0
297120003,J,16.0,16.0
297120004,J,16.0,16.0
297125102,A,16.0,16.0
297130002,J,6.0,6.0
297130004,J,9.0,9.0
297140001,J,6.0,6.0
297140002,J,6.0,6.0
297140005,J,6.0,6.0
297140006,J,9.0,9.0
297150002,J,6.0,6.0
297150003,J,6.0,6.0
297150004,J,6.0,6.0
297150005,J,9.0,9.0
297150007,J,12.0,12.0
297150009,J,12.0,12.0
297154105,A,12.0,12.0
297155201,J,13.0,13.0
297160001,J,6.0,6.0
297160002,,6.0,6.0
297160003,J,6.0,6.0
297160004,J,6.0,6.0
297160005,J,9.0,9.0
297160007,J,6.0,6.0
297164101,J,6.0,6.0
297170001,J,6.0,6.0
297170002,J,6.0,6.0
297170005,J,12.0,12.0
297180001,J,13.0,13.0
297180002,J,9.0,9.0
297180005,J,16.0,16.0
297180009,J,12.0,12.0
297190001,J,6.0,6.0
297190003,J,6.0,6.0
297194102,J,6.0,6.0
297200001,J,6.0,6.0
297200002,J,6.0,6.0
297200003,J,6.0,6.0
297200004,J,9.0,9.0
297200005,J,6.0,6.0
297200006,J,9.0,9.0
297200009,J,12.0,12.0
297205202,J,13.0,13.0
297210003,J,6.0,6.0
297210005,J,6.0,6.0
297210006,J,6.0,6.0
297220001,J,6.0,6.0
297220002,J,6.0,6.0
297220003,J,6.0,6.0
297220004,J,9.0,9.0
297223103,J,6.0,6.0
297225102,J,6.0,6.0
297240002,J,6.0,6.0
297240005,J,9.0,9.0
297243102,A,12.0,12.0
297260002,J,16.0,16.0
297270001,J,6.0,6.0
297270002,J,6.0,6.0
297270003,J,9.0,9.0
297275102,J,6.0,6.0
297410001,J,12.0,12.0
297410002,J,6.0,6.0
297410004,J,13.0,13.0
297415102,A,16.0,16.0
297420002,J,6.0,6.0
297420007,J,6.0,6.0
297420008,J,6.0,6.0
297420009,J,9.0,9.0
297425101,J,9.0,9.0
297430001,J,12.0,12.0
297430002,A,6.0,6.0
297430003,J,12.0,12.0
297440001,G,6.0,6.0
297450002,J,6.0,6.0
297450003,J,12.0,12.0
297450004,J,9.0,9.0
297460001,J,6.0,6.0
297460002,J,6.0,6.0
297460003,J,6.0,6.0
297460004,J,9.0,9.0
297460005,J,13.0,13.0
297464101,J,9.0,9.0
297464203,A,12.0,12.0
297465101,A,13.0,13.0
297470001,A,9.0,9.0
297470004,A,13.0,13.0
297480002,J,6.0,6.0
297480003,J,6.0,6.0
297480004,J,6.0,6.0
297480006,J,9.0,9.0
297490002,J,6.0,6.0
297490003,J,6.0,6.0
297490004,J,6.0,6.0
297490009,J,6.0,6.0
297494201,J,9.0,9.0
298010002,,6.0,6.0
298010003,J,6.0,6.0
298010004,J,6.0,6.0
298010005,J,12.0,12.0
298015001,,9.0,9.0
298020001,J,6.0,6.0
298020003,J,12.0,12.0
298020004,J,6.0,6.0
298020005,J,9.0,9.0
298022102,J,6.0,6.0
298024101,A,12.0,12.0
298025102,J,12.0,12.0
298030002,J,6.0,6.0
298030003,J,6.0,6.0
298030006,J,6.0,6.0
298030008,J,6.0,6.0
298030009,J,6.0,6.0
298040003,J,6.0,6.0
298040005,J,6.0,6.0
298050001,J,6.0,6.0
298050003,J,6.0,6.0
298055101,J,6.0,6.0
298060002,J,6.0,6.0
298060005,J,6.0,6.0
298060006,J,6.0,6.0
298060007,J,6.0,6.0
298060008,J,12.0,12.0
298060009,J,6.0,6.0
298060010,J,9.0,9.0
298060011,J,12.0,12.0
298065201,J,6.0,6.0
298070001,J,6.0,6.0
298070002,J,6.0,6.0
298070003,J,12.0,12.0
298070005,J,12.0,12.0
298080003,J,6.0,6.0
298080004,J,6.0,6.0
298080005,J,6.0,6.0
298084101,J,6.0,6.0
298090002,J,6.0,6.0
298090003,J,9.0,9.0
298090005,J,6.0,6.0
298094103,J,16.0,16.0
298110003,J,6.0,6.0
298110004,J,6.0,6.0
298114101,J,6.0,6.0
298120001,J,6.0,6.0
298120002,J,6.0,6.0
298130001,J,6.0,6.0
298130002,J,6.0,6.0
298130003,J,12.0,12.0
298130004,J,9.0,9.0
298135101,J,6.0,6.0
298140001,J,9.0,9.0
298140002,J,9.0,9.0
298140003,J,9.0,9.0
298140004,J,12.0,12.0
298140005,J,9.0,9.0
298140006,J,6.0,6.0
298140007,J,6.0,6.0
298140009,J,9.0,9.0
298140010,J,13.0,13.0
298140012,J,12.0,12.0
298140014,J,6.0,6.0
298140015,J,12.0,12.0
298143104,J,12.0,12.0
298145202,J,12.0,12.0
298150005,J,16.0,16.0
298160001,J,9.0,9.0
298160002,J,6.0,6.0
298160003,J,12.0,12.0
298164104,J,12.0,12.0
298170002,J,6.0,6.0
298170004,J,6.0,6.0
298170008,J,6.0,6.0
298173101,J,16.0,16.0
298180001,J,6.0,6.0
298180002,J,9.0,9.0
298190001,J,6.0,6.0
298190002,J,9.0,9.0
298200003,J,6.0,6.0
298200004,J,9.0,9.0
298200005,J,9.0,9.0
298200006,J,9.0,9.0
298210006,J,12.0,12.0
298210007,R,16.0,16.0
298220001,,6.0,6.0
298220002,J,6.0,6.0
298220003,,6.0,6.0
298220004,J,12.0,12.0
298220005,J,12.0,12.0
298220006,J,9.0,9.0
298230002,J,6.0,6.0
298230003,J,6.0,6.0
298240002,J,6.0,6.0
298240004,J,6.0,6.0
298240005,J,6.0,6.0
298240006,J,12.0,12.0
298240007,J,6.0,6.0
298250001,J,6.0,6.0
298250002,J,6.0,6.0
298250003,J,6.0,6.0
298250004,J,6.0,6.0
298254001,J,6.0,6.0
298260001,J,6.0,6.0
298260002,J,6.0,6.0
298260003,J,6.0,6.0
298260006,,6.0,6.0
298260007,,6.0,6.0
298270001,J,6.0,6.0
298270002,J,6.0,6.0
298290003,J,6.0,6.0
298290004,J,9.0,9.0
298300002,J,6.0,6.0
299010002,J,6.0,6.0
299010003,,9.0,9.0
299010005,J,13.0,13.0
299010006,J,13.0,13.0
299010007,J,9.0,9.0
299014102,J,13.0,13.0
299014201,J,12.0,12.0
299020003,J,9.0,9.0
299030001,J,6.0,6.0
299030006,J,12.0,12.0
299040001,J,15.0,15.0
299040003,J,12.0,12.0
299040004,J,12.0,12.0
299040005,J,16.0,16.0
299040007,J,12.0,12.0
299050002,J,6.0,6.0
299050004,J,9.0,9.0
299050005,J,12.0,12.0
299050006,J,16.0,16.0
299050007,J,16.0,16.0
299050008,J,12.0,12.0
299050009,J,12.0,12.0
299053104,J,13.0,13.0
299053202,J,6.0,6.0
299054102,A,9.0,9.0
299054202,E,16.0,16.0
299060002,J,6.0,6.0
299060003,J,6.0,6.0
299064103,J,13.0,13.0
299070006,J,12.0,12.0
299070007,J,9.0,9.0
299070008,J,13.0,13.0
299080004,J,16.0,16.0
299080005,J,13.0,13.0
299080006,J,16.0,16.0
299090001,J,6.0,6.0
299090003,,6.0,6.0
299100001,,6.0,6.0
299100002,J,6.0,6.0
299100003,J,6.0,6.0
299100004,J,9.0,9.0
299100005,J,9.0,9.0
299100006,J,9.0,9.0
299100007,J,13.0,13.0
299100008,J,13.0,13.0
299103101,J,9.0,9.0
299104102,A,13.0,13.0
299104202,J,9.0,9.0
299110001,J,6.0,6.0
299110002,J,6.0,6.0
299110005,J,6.0,6.0
299110007,J,6.0,6.0
299120001,J,6.0,6.0
299120002,,9.0,9.0
299120004,J,16.0,16.0
299150003,J,9.0,9.0
299150004,J,9.0,9.0
299150006,J,9.0,9.0
299153103,J,6.0,6.0
299154104,J,6.0,6.0
299160001,J,6.0,6.0
299160003,J,9.0,9.0
299160004,J,13.0,13.0
299160005,J,12.0,12.0
299160007,J,6.0,6.0
299162103,J,12.0,12.0
299164102,J,13.0,13.0
299170002,J,9.0,9.0
299170003,J,9.0,9.0
299170004,J,9.0,9.0
299170008,J,12.0,12.0
299180002,J,6.0,6.0
299190002,J,6.0,6.0
299190003,J,6.0,6.0
299200004,J,6.0,6.0
299210001,J,6.0,6.0
299210006,J,12.0,12.0
299220001,J,6.0,6.0
299220002,J,9.0,9.0
299220003,J,16.0,16.0
299220004,J,9.0,9.0
299230003,J,6.0,6.0
299230005,J,6.0,6.0
299230008,J,12.0,12.0
299230009,A,6.0,6.0
299232202,J,9.0,9.0
299232203,J,13.0,13.0
299240001,J,6.0,6.0
299240002,J,6.0,6.0
299240003,J,12.0,12.0
299240005,J,12.0,12.0
299240006,J,12.0,12.0
299244201,J,16.0,16.0
299245101,J,16.0,16.0
299245302,J,12.0,12.0
299250001,J,6.0,6.0
299250002,J,6.0,6.0
299250003,J,13.0,13.0
299250004,J,13.0,13.0
299250005,J,13.0,13.0
299255102,J,9.0,9.0
299260001,J,6.0,6.0
299260003,J,9.0,9.0
299264101,J,6.0,6.0
299280001,J,6.0,6.0
299280002,J,6.0,6.0
299280003,J,6.0,6.0
299280005,J,6.0,6.0
299290001,J,6.0,6.0
299290002,J,6.0,6.0
299290003,J,9.0,9.0
299290004,J,9.0,9.0
299290005,J,9.0,9.0
299290006,J,9.0,9.0
299290007,J,13.0,13.0
299290010,J,9.0,9.0
299293101,J,9.0,9.0
299295102,A,15.0,15.0
299300001,,6.0,6.0
299300002,J,6.0,6.0
299300003,J,9.0,9.0
299300004,J,9.0,9.0
299300005,,9.0,9.0
299300006,J,9.0,9.0
299300007,J,6.0,6.0
299300008,J,9.0,9.0
299301102,A,13.0,13.0
299304101,J,6.0,6.0
299305201,,6.0,6.0
300010002,J,6.0,6.0
300010004,J,16.0,16.0
300010007,J,12.0,12.0
300010009,J,9.0,9.0
300020001,J,6.0,6.0
300020002,J,6.0,6.0
300020004,J,16.0,16.0
300020005,J,12.0,12.0
300020006,J,12.0,12.0
300024201,J,12.0,12.0
300024302,J,15.0,15.0
300025102,J,15.0,15.0
300060003,J,12.0,12.0
300060004,J,12.0,12.0
300060005,J,18.0,18.0
300060007,J,12.0,12.0
300060009,J,16.0,16.0
300060010,J,12.0,12.0
300061104,J,12.0,12.0
300064102,J,16.0,16.0
300070001,J,9.0,9.0
300070002,J,6.0,6.0
300070003,J,9.0,9.0
300070005,J,13.0,13.0
300070006,J,12.0,12.0
300070007,,9.0,9.0
300080001,G,6.0,6.0
300080002,G,6.0,6.0
300080003,G,9.0,9.0
300080004,G,6.0,6.0
300080007,G,13.0,13.0
300080008,G,9.0,9.0
300080009,J,9.0,9.0
300082106,G,6.0,6.0
300083104,G,9.0,9.0
300090001,J,12.0,12.0
300090002,J,6.0,6.0
300090003,J,6.0,6.0
300090005,,9.0,9.0
300095102,J,9.0,9.0
300100001,J,16.0,16.0
300100003,J,16.0,16.0
300100004,J,6.0,6.0
300100006,J,13.0,13.0
300100009,J,15.0,15.0
300104102,J,16.0,16.0
300110001,J,13.0,13.0
300110002,J,6.0,6.0
300110003,J,12.0,12.0
300110005,J,15.0,15.0
300110007,J,12.0,12.0
300110008,J,16.0,16.0
300130002,J,6.0,6.0
300130004,J,16.0,16.0
300130006,J,16.0,16.0
300130007,J,9.0,9.0
300140001,J,6.0,6.0
300140002,J,6.0,6.0
300140005,J,12.0,12.0
300143102,J,12.0,12.0
300143103,J,12.0,12.0
300150001,J,9.0,9.0
300150004,J,9.0,9.0
300150005,J,6.0,6.0
300160002,J,6.0,6.0
300160003,J,6.0,6.0
300160004,J,12.0,12.0
300160005,J,9.0,9.0
300160006,J,13.0,13.0
300160008,J,9.0,9.0
300161101,J,6.0,6.0
300161103,J,13.0,13.0
300170001,J,6.0,6.0
300170002,J,6.0,6.0
300170003,J,12.0,12.0
300170004,J,15.0,15.0
300170006,J,16.0,16.0
300170008,J,6.0,6.0
300174103,J,15.0,15.0
300200006,J,16.0,16.0
301010001,J,12.0,12.0
301010002,J,6.0,6.0
301010003,J,16.0,16.0
301020001,A,6.0,6.0
301020002,A,6.0,6.0
301020003,A,13.0,13.0
301020004,,6.0,6.0
301020006,A,12.0,12.0
301024102,J,6.0,6.0
301024302,A,15.0,15.0
301030003,A,9.0,9.0
301040003,J,16.0,16.0
301040004,J,9.0,9.0
301040005,J,12.0,12.0
301045102,J,6.0,6.0
301050001,A,6.0,6.0
301050003,A,15.0,15.0
301050007,A,6.0,6.0
301050008,A,12.0,12.0
301070001,H,6.0,6.0
301070002,H,6.0,6.0
301070003,O,9.0,9.0
301075102,A,6.0,6.0
301080001,A,13.0,13.0
301080002,A,6.0,6.0
301080003,A,13.0,13.0
301080004,A,16.0,16.0
301080005,A,13.0,13.0
301090001,J,16.0,16.0
301090002,A,9.0,9.0
301090003,J,16.0,16.0
301100001,A,6.0,6.0
301100002,A,6.0,6.0
301100003,A,6.0,6.0
301100004,A,16.0,16.0
301100005,J,12.0,12.0
301100007,A,13.0,13.0
301103102,A,9.0,9.0
301105103,J,12.0,12.0
301110002,A,6.0,6.0
301110004,A,13.0,13.0
301110008,A,6.0,6.0
301120002,A,6.0,6.0
301120003,A,9.0,9.0
301120005,A,9.0,9.0
301130001,A,9.0,9.0
301130002,R,9.0,9.0
301130007,R,12.0,12.0
301140002,A,6.0,6.0
301140004,A,12.0,12.0
301140005,A,15.0,15.0
301160001,J,6.0,6.0
301160002,A,6.0,6.0
301160003,A,12.0,12.0
301170002,H,6.0,6.0
301170007,J,6.0,6.0
301174102,J,6.0,6.0
301180001,A,6.0,6.0
301180003,A,6.0,6.0
301180004,A,9.0,9.0
301181106,A,12.0,12.0
301182102,A,6.0,6.0
301190002,H,6.0,6.0
301190003,H,6.0,6.0
301190004,H,6.0,6.0
301195201,H,9.0,9.0
301220002,A,6.0,6.0
301220004,A,9.0,9.0
301220005,A,12.0,12.0
301221101,A,6.0,6.0
301221103,A,13.0,13.0
301230001,A,6.0,6.0
301230002,,6.0,6.0
301230003,A,16.0,16.0
301230004,A,16.0,16.0
301230005,A,9.0,9.0
301230006,A,12.0,12.0
301233103,E,16.0,16.0
301234101,A,9.0,9.0
301235102,A,15.0,15.0
301240001,A,6.0,6.0
301250002,H,6.0,6.0
301250003,H,16.0,16.0
301250005,H,16.0,16.0
301251102,J,16.0,16.0
301270001,H,9.0,9.0
301270002,H,6.0,6.0
301270004,H,12.0,12.0
301270005,H,12.0,12.0
301270007,H,12.0,12.0
301280001,A,6.0,6.0
301280002,A,6.0,6.0
301280003,A,12.0,12.0
301280004,A,15.0,15.0
301280005,A,12.0,12.0
301283102,A,9.0,9.0
301290001,A,6.0,6.0
301290003,A,16.0,16.0
301290004,A,13.0,13.0
301290005,A,12.0,12.0
301300002,A,6.0,6.0
301300004,A,6.0,6.0
301300005,A,15.0,15.0
301300006,A,13.0,13.0
301300007,A,13.0,13.0
301300011,A,12.0,12.0
301300013,J,13.0,13.0
301304201,J,6.0,6.0
301305101,A,6.0,6.0
302010001,J,6.0,6.0
302010002,J,6.0,6.0
302010003,J,6.0,6.0
302010006,J,6.0,6.0
302010007,J,16.0,16.0
302014104,J,15.0,15.0
302020003,,9.0,9.0
302020004,J,9.0,9.0
302020005,J,12.0,12.0
302020006,J,9.0,9.0
302021103,J,12.0,12.0
302030002,J,6.0,6.0
302030003,J,6.0,6.0
302030005,J,6.0,6.0
302030006,J,6.0,6.0
302030008,J,6.0,6.0
302030009,J,9.0,9.0
302040001,J,6.0,6.0
302040002,J,6.0,6.0
302040003,J,6.0,6.0
302040005,J,16.0,16.0
302040007,J,13.0,13.0
302040008,J,13.0,13.0
302040010,J,9.0,9.0
302050006,J,13.0,13.0
302054102,J,6.0,6.0
302070002,J,6.0,6.0
302070003,J,9.0,9.0
302074101,J,6.0,6.0
302080001,,6.0,6.0
302080002,J,6.0,6.0
302080003,J,6.0,6.0
302080004,J,6.0,6.0
302083103,J,6.0,6.0
302085102,J,6.0,6.0
302090001,J,6.0,6.0
302090002,J,6.0,6.0
302100001,J,6.0,6.0
302100002,J,6.0,6.0
302100003,J,16.0,16.0
302100004,J,9.0,9.0
302100006,J,9.0,9.0
302105101,J,13.0,13.0
302110001,J,6.0,6.0
302110002,J,6.0,6.0
302110003,J,15.0,15.0
302110004,J,12.0,12.0
302114102,J,16.0,16.0
302120001,J,6.0,6.0
302120002,,6.0,6.0
302120003,J,6.0,6.0
302120004,J,9.0,9.0
302120005,J,6.0,6.0
302122101,A,12.0,12.0
302140001,J,6.0,6.0
302140004,J,6.0,6.0
302140005,J,6.0,6.0
302140006,J,9.0,9.0
302140008,J,6.0,6.0
302142104,A,6.0,6.0
302143103,J,12.0,12.0
302145101,J,12.0,12.0
302145203,J,12.0,12.0
302150002,J,6.0,6.0
302150003,J,12.0,12.0
302150004,J,12.0,12.0
302150005,J,9.0,9.0
302150006,A,16.0,16.0
302151102,J,6.0,6.0
302155201,J,6.0,6.0
302160001,J,6.0,6.0
302160002,J,6.0,6.0
302170001,J,6.0,6.0
302170002,J,6.0,6.0
302170003,J,12.0,12.0
302175101,J,9.0,9.0
302180001,J,6.0,6.0
302180002,J,6.0,6.0
302180003,J,9.0,9.0
302180004,J,9.0,9.0
302180006,J,9.0,9.0
302185202,J,6.0,6.0
302190001,J,6.0,6.0
302190002,J,6.0,6.0
302190004,J,9.0,9.0
302190006,J,16.0,16.0
302193106,J,12.0,12.0
302200001,,6.0,6.0
302200002,J,6.0,6.0
302210001,J,12.0,12.0
302210002,J,6.0,6.0
302210004,J,6.0,6.0
302212104,J,6.0,6.0
302212105,J,9.0,9.0
302215101,J,9.0,9.0
302220001,J,12.0,12.0
302220002,J,9.0,9.0
302220003,J,12.0,12.0
302220004,J,16.0,16.0
302220005,J,6.0,6.0
302220006,J,6.0,6.0
302225101,J,6.0,6.0
302230001,J,6.0,6.0
302230002,J,6.0,6.0
302230005,J,9.0,9.0
302230006,J,6.0,6.0
302230007,J,13.0,13.0
302234102,J,16.0,16.0
302235201,J,16.0,16.0
302250002,J,6.0,6.0
302250003,J,6.0,6.0
302250004,J,9.0,9.0
302250008,J,6.0,6.0
302250009,J,12.0,12.0
302254104,J,6.0,6.0
302260002,J,6.0,6.0
302260004,J,6.0,6.0
302260005,J,9.0,9.0
302260006,,6.0,6.0
302264104,J,9.0,9.0
302270001,J,16.0,16.0
302270002,J,13.0,13.0
302280004,J,6.0,6.0
302280005,J,9.0,9.0
302280009,J,12.0,12.0
302283106,J,6.0,6.0
302290001,,6.0,6.0
302290003,J,6.0,6.0
302300001,B,16.0,16.0
302300002,J,12.0,12.0
302300005,J,13.0,13.0
303010001,B,12.0,12.0
303010002,B,16.0,16.0
303010003,B,16.0,16.0
303030003,J,6.0,6.0
303030004,J,12.0,12.0
303030005,J,16.0,16.0
303031104,J,16.0,16.0
303040003,J,16.0,16.0
303040004,J,16.0,16.0
303050003,,6.0,6.0
303050004,,6.0,6.0
303060001,S,15.0,15.0
303060002,J,6.0,6.0
303060003,J,15.0,15.0
303060004,J,16.0,16.0
303060006,J,12.0,12.0
303060007,J,16.0,16.0
303060008,J,15.0,15.0
303060009,J,12.0,12.0
303060010,J,16.0,16.0
303060012,J,12.0,12.0
303063202,A,13.0,13.0
303063302,J,6.0,6.0
303064103,,16.0,16.0
303070002,J,6.0,6.0
303070003,J,12.0,12.0
303070004,J,12.0,12.0
303071103,J,12.0,12.0
303073102,B,6.0,6.0
303080001,J,13.0,13.0
303080002,J,16.0,16.0
303080003,J,16.0,16.0
303090002,J,6.0,6.0
303090003,J,9.0,9.0
303090004,J,12.0,12.0
303090005,J,9.0,9.0
303094101,J,6.0,6.0
303100003,J,12.0,12.0
303100004,J,15.0,15.0
303103102,J,9.0,9.0
303110002,J,6.0,6.0
303110003,J,9.0,9.0
303110004,J,9.0,9.0
303110005,J,9.0,9.0
303110007,J,12.0,12.0
303110009,J,6.0,6.0
303110010,J,6.0,6.0
303110011,J,9.0,9.0
303114202,J,9.0,9.0
303114301,J,9.0,9.0
303120001,J,6.0,6.0
303120003,J,15.0,15.0
303120004,J,16.0,16.0
303130001,J,15.0,15.0
303130002,J,12.0,12.0
303130004,J,16.0,16.0
303130005,J,16.0,16.0
303130006,J,16.0,16.0
303134101,J,13.0,13.0
303135102,A,16.0,16.0
303140002,J,6.0,6.0
303140003,J,12.0,12.0
303160001,B,18.0,18.0
303160002,J,13.0,13.0
303160003,J,15.0,15.0
303160004,J,12.0,12.0
303160005,J,12.0,12.0
303165104,J,16.0,16.0
303170002,J,6.0,6.0
303170003,J,12.0,12.0
303170004,J,6.0,6.0
303180001,J,13.0,13.0
303180002,J,6.0,6.0
303180003,J,12.0,12.0
303180004,J,9.0,9.0
303180005,J,16.0,16.0
303180006,J,16.0,16.0
303183102,J,9.0,9.0
303190002,J,6.0,6.0
303190006,J,12.0,12.0
303190007,J,13.0,13.0
303194102,J,9.0,9.0
303200001,A,12.0,12.0
303200002,J,12.0,12.0
303200003,A,15.0,15.0
303200004,J,12.0,12.0
304020004,K,6.0,6.0
304020005,K,12.0,12.0
304020006,K,16.0,16.0
304020007,J,12.0,12.0
304020008,K,16.0,16.0
304025101,J,16.0,16.0
304030004,J,9.0,9.0
304030005,A,13.0,13.0
304030009,J,12.0,12.0
304050002,,6.0,6.0
304050003,J,6.0,6.0
304050004,J,6.0,6.0
304050005,J,9.0,9.0
304050006,J,6.0,6.0
304050009,J,12.0,12.0
304050010,,6.0,6.0
304050011,G,6.0,6.0
304050013,G,9.0,9.0
304050014,G,13.0,13.0
304050015,G,12.0,12.0
304050017,J,9.0,9.0
304054102,J,13.0,13.0
304054202,J,12.0,12.0
304054301,J,12.0,12.0
304070002,A,12.0,12.0
304070004,J,6.0,6.0
304070005,J,12.0,12.0
304070006,J,12.0,12.0
304070007,A,9.0,9.0
304072103,J,12.0,12.0
304072104,A,9.0,9.0
304072203,J,6.0,6.0
304075102,J,13.0,13.0
304080001,J,6.0,6.0
304080002,J,6.0,6.0
304080003,,6.0,6.0
304080004,J,12.0,12.0
304080005,J,12.0,12.0
304080006,J,12.0,12.0
304090001,J,9.0,9.0
304090002,J,9.0,9.0
304090004,J,13.0,13.0
304095102,J,12.0,12.0
304100002,J,6.0,6.0
304100003,J,9.0,9.0
304100004,J,12.0,12.0
304100005,J,9.0,9.0
304100006,A,12.0,12.0
304100007,A,12.0,12.0
304100008,J,12.0,12.0
304100009,J,12.0,12.0
304100010,J,12.0,12.0
304100011,J,12.0,12.0
304101102,L,13.0,13.0
304101103,J,16.0,16.0
304101104,J,12.0,12.0
304104102,J,9.0,9.0
304104202,J,12.0,12.0
304105102,J,9.0,9.0
304105103,J,13.0,13.0
304105202,J,12.0,12.0
304105301,J,6.0,6.0
304105408,A,13.0,13.0
304110004,J,16.0,16.0
304110010,J,6.0,6.0
304111103,J,15.0,15.0
304115102,J,9.0,9.0
304120001,G,9.0,9.0
304120002,G,6.0,6.0
304120003,G,13.0,13.0
304130001,J,13.0,13.0
304130002,J,6.0,6.0
304130003,J,12.0,12.0
304130004,J,12.0,12.0
304130005,J,12.0,12.0
304134102,J,6.0,6.0
304140003,J,9.0,9.0
304140004,J,12.0,12.0
304140007,J,6.0,6.0
304140011,J,9.0,9.0
304142102,J,13.0,13.0
304170004,J,12.0,12.0
304170005,J,12.0,12.0
304170008,J,16.0,16.0
304170009,J,12.0,12.0
304170010,J,9.0,9.0
304171102,J,12.0,12.0
304171103,J,16.0,16.0
304173103,J,13.0,13.0
304173203,J,16.0,16.0
304173206,J,13.0,13.0
304174102,J,12.0,12.0
304190002,J,12.0,12.0
304190003,A,13.0,13.0
304190004,J,13.0,13.0
304190005,J,16.0,16.0
304191102,J,12.0,12.0
304191103,J,13.0,13.0
305010002,J,6.0,6.0
305010004,J,13.0,13.0
305010006,J,12.0,12.0
305020002,J,9.0,9.0
305020003,J,12.0,12.0
305020005,J,16.0,16.0
305020006,J,12.0,12.0
305020007,J,15.0,15.0
305020008,J,16.0,16.0
305024102,J,16.0,16.0
305024302,J,12.0,12.0
305025102,J,15.0,15.0
305040001,J,6.0,6.0
305040002,J,6.0,6.0
305040003,J,12.0,12.0
305040004,J,9.0,9.0
305045102,J,12.0,12.0
305050002,J,6.0,6.0
305050003,J,12.0,12.0
305050004,J,13.0,13.0
305050005,J,16.0,16.0
305054102,A,9.0,9.0
305060002,A,13.0,13.0
305060003,A,16.0,16.0
305060004,A,12.0,12.0
305060005,A,12.0,12.0
305060006,A,12.0,12.0
305060007,A,13.0,13.0
305063103,J,6.0,6.0
305065101,J,12.0,12.0
305070002,J,6.0,6.0
305070003,J,12.0,12.0
305070004,J,13.0,13.0
305074102,A,13.0,13.0
305080001,J,9.0,9.0
305080003,J,12.0,12.0
305080005,,6.0,6.0
305080006,F,12.0,12.0
305080008,J,9.0,9.0
305080009,J,6.0,6.0
305084202,J,12.0,12.0
305100001,J,9.0,9.0
305100002,J,6.0,6.0
305100003,J,9.0,9.0
305100007,J,9.0,9.0
305110007,J,12.0,12.0
305110008,J,13.0,13.0
305113105,J,12.0,12.0
305120001,J,6.0,6.0
305120002,J,6.0,6.0
305120003,J,12.0,12.0
305120005,J,6.0,6.0
305130002,J,13.0,13.0
305130003,J,16.0,16.0
305130004,J,16.0,16.0
305130005,J,12.0,12.0
305133206,A,16.0,16.0
305140001,J,6.0,6.0
305140002,J,6.0,6.0
305140003,J,12.0,12.0
305140004,J,9.0,9.0
305140006,J,12.0,12.0
305140007,J,9.0,9.0
305140008,J,12.0,12.0
305140010,J,16.0,16.0
305141102,J,12.0,12.0
305141105,J,9.0,9.0
305141202,J,12.0,12.0
305141203,J,15.0,15.0
305141302,J,12.0,12.0
305150003,A J,12.0,12.0
305150004,J,16.0,16.0
305150005,J,12.0,12.0
305150006,R,16.0,16.0
305153102,J,15.0,15.0
305160001,J,16.0,16.0
305160002,L,9.0,9.0
305160003,J,12.0,12.0
305160006,J,9.0,9.0
305170003,J,16.0,16.0
305170004,J,12.0,12.0
305170005,J,12.0,12.0
305170007,J,12.0,12.0
305170008,J,13.0,13.0
305170011,J,15.0,15.0
305172102,A,9.0,9.0
305174102,G,12.0,12.0
305190001,J,6.0,6.0
305190002,J,6.0,6.0
305190003,J,13.0,13.0
305194203,J,16.0,16.0
305200002,,6.0,6.0
306010002,E,9.0,9.0
306010007,E,16.0,16.0
306010008,L,12.0,12.0
306030001,E,16.0,16.0
306030002,E,15.0,15.0
306030006,E,16.0,16.0
306030007,E,15.0,15.0
306030008,E,12.0,12.0
306030015,E,12.0,12.0
306033105,E,12.0,12.0
306033202,E,9.0,9.0
306033203,E,12.0,12.0
306035101,E,16.0,16.0
306040001,,6.0,6.0
306040002,E,6.0,6.0
306050003,E,12.0,12.0
306050004,E,9.0,9.0
306050005,E,9.0,9.0
306054102,E,6.0,6.0
306070001,E,6.0,6.0
306070002,E,6.0,6.0
306070003,E,13.0,13.0
306070004,,9.0,9.0
306070005,E,9.0,9.0
306070007,,9.0,9.0
306073103,E,9.0,9.0
306075102,E,9.0,9.0
306080001,,6.0,6.0
306080004,E,6.0,6.0
306080006,E,12.0,12.0
306083102,E,12.0,12.0
306090002,E,6.0,6.0
306090003,E,6.0,6.0
306090009,,6.0,6.0
306090011,E,9.0,9.0
306090015,E,12.0,12.0
306090017,E,12.0,12.0
306094108,E,9.0,9.0
306100006,E,6.0,6.0
306120002,E,6.0,6.0
306120006,E,9.0,9.0
306130007,E,6.0,6.0
306130008,E,9.0,9.0
306150007,E,12.0,12.0
306160001,E,16.0,16.0
306160002,E,12.0,12.0
306160003,E,16.0,16.0
306160005,E,12.0,12.0
306160006,E,12.0,12.0
306163103,L,16.0,16.0
306170004,E,9.0,9.0
306170007,E,9.0,9.0
306170008,E,12.0,12.0
306180003,E,9.0,9.0
306180004,E,9.0,9.0
306180005,E,12.0,12.0
306180006,E,12.0,12.0
306180007,E,12.0,12.0
306190001,E,9.0,9.0
306190002,E,6.0,6.0
306190005,E,16.0,16.0
306190006,E,15.0,15.0
306200002,E,6.0,6.0
306200004,E,9.0,9.0
306200005,E,16.0,16.0
306200006,E,6.0,6.0
306200008,E,9.0,9.0
306210004,E,9.0,9.0
306213104,E,12.0,12.0
306213106,E,12.0,12.0
306220004,E,6.0,6.0
306220005,E,6.0,6.0
306220006,E,12.0,12.0
306220007,E,9.0,9.0
306224101,E,13.0,13.0
306225104,E,16.0,16.0
306230003,E,6.0,6.0
306230004,E,6.0,6.0
306230005,E,6.0,6.0
306230006,E,6.0,6.0
306230008,E,6.0,6.0
306230011,E,9.0,9.0
306231105,E,12.0,12.0
306234103,E,6.0,6.0
306235101,E,6.0,6.0
306240005,,6.0,6.0
306240010,E,6.0,6.0
306240011,E,6.0,6.0
306250001,E,9.0,9.0
306250002,E,6.0,6.0
306250007,E,12.0,12.0
306250008,E,12.0,12.0
306250009,E,12.0,12.0
306260001,E,6.0,6.0
306260002,E,6.0,6.0
306260003,E,12.0,12.0
306260005,E,12.0,12.0
306270002,E,6.0,6.0
306270003,E,6.0,6.0
306270004,E,6.0,6.0
306270006,E,12.0,12.0
306270007,E,12.0,12.0
306274102,E,9.0,9.0
306280001,E,6.0,6.0
306280002,E,6.0,6.0
306280003,E,16.0,16.0
306280004,E,16.0,16.0
306280005,E,15.0,15.0
306290001,,6.0,6.0
306290002,E,6.0,6.0
306300003,E,6.0,6.0
306300008,E,9.0,9.0
306300009,E,16.0,16.0
306300010,E,16.0,16.0
306300011,E,12.0,12.0
306300015,E,9.0,9.0
307010001,E,13.0,13.0
307010002,E,12.0,12.0
307010005,E,9.0,9.0
307010006,E,12.0,12.0
307010007,E,6.0,6.0
307020003,E,6.0,6.0
307020004,E,12.0,12.0
307020006,E,16.0,16.0
307020007,E,16.0,16.0
307020008,E,12.0,12.0
307024101,E,16.0,16.0
307030003,E,9.0,9.0
307030004,E,16.0,16.0
307033101,E,6.0,6.0
307033103,E,15.0,15.0
307033104,E,12.0,12.0
307040001,,6.0,6.0
307040003,,16.0,16.0
307040005,E,9.0,9.0
307040006,E,12.0,12.0
307040007,E,9.0,9.0
307050001,A,6.0,6.0
307050002,A,6.0,6.0
307050003,A,12.0,12.0
307050004,A,9.0,9.0
307050005,A,13.0,13.0
307053103,A,13.0,13.0
307053104,A,12.0,12.0
307054202,,13.0,13.0
307060001,L,13.0,13.0
307060002,P,12.0,12.0
307060005,L,16.0,16.0
307060008,,16.0,16.0
307070001,E,16.0,16.0
307070002,E,12.0,12.0
307070004,E,18.0,18.0
307070005,E,16.0,16.0
307070006,,12.0,12.0
307070008,E,13.0,13.0
307070009,E,13.0,13.0
307070010,E,16.0,16.0
307080002,A,12.0,12.0
307080004,A,16.0,16.0
307080005,A,15.0,15.0
307080006,A,13.0,13.0
307080007,A,12.0,12.0
307080009,E,12.0,12.0
307080010,E,13.0,13.0
307080013,E,12.0,12.0
307083101,E,18.0,18.0
307084102,L,12.0,12.0
307085204,E,9.0,9.0
307090003,,6.0,6.0
307090004,E,6.0,6.0
307090005,E,6.0,6.0
307090006,E,9.0,9.0
307090008,E,6.0,6.0
307090009,E,9.0,9.0
307094104,A E,16.0,16.0
307094202,E L,16.0,16.0
307094302,E,6.0,6.0
307110001,,6.0,6.0
307110002,E L,12.0,12.0
307110003,E,18.0,18.0
307110004,E,15.0,15.0
307110005,E,12.0,12.0
307110008,E,16.0,16.0
307110009,E,16.0,16.0
307110011,R,12.0,12.0
307114204,E,16.0,16.0
307115101,,12.0,12.0
307120002,E,12.0,12.0
307120007,E,16.0,16.0
307120008,E,12.0,12.0
307120016,E,12.0,12.0
307130005,E,16.0,16.0
307130006,E,16.0,16.0
307140001,L,6.0,6.0
307140003,L,6.0,6.0
307150006,L,16.0,16.0
307160002,,6.0,6.0
307160005,E L,9.0,9.0
307163103,L,16.0,16.0
307164102,E,13.0,13.0
307170001,,6.0,6.0
307170002,E,6.0,6.0
307170003,E,6.0,6.0
307170004,,6.0,6.0
307170005,E,6.0,6.0
307170007,E,6.0,6.0
307170008,L,12.0,12.0
307170010,,6.0,6.0
307170011,L,9.0,9.0
307170015,E,6.0,6.0
307173107,E,6.0,6.0
307173108,E,6.0,6.0
307173109,E,6.0,6.0
307173111,L,6.0,6.0
307174102,E,15.0,15.0
307175101,L,12.0,12.0
307190001,E,9.0,9.0
307190002,L,6.0,6.0
307190003,E,12.0,12.0
307190004,E,16.0,16.0
307190005,E,12.0,12.0
307190006,E,12.0,12.0
307190010,E,12.0,12.0
307200003,L,6.0,6.0
307200004,L,18.0,18.0
307200005,L,16.0,16.0
307200009,,6.0,6.0
307201105,,9.0,9.0
307201106,L,12.0,12.0
308010002,,6.0,6.0
308010003,,6.0,6.0
308020001,E,6.0,6.0
308020002,E,6.0,6.0
308020003,E,6.0,6.0
308020005,E,9.0,9.0
308020006,E,6.0,6.0
308020008,,6.0,6.0
308020009,E,12.0,12.0
308020010,E,9.0,9.0
308020012,,6.0,6.0
308024101,E,6.0,6.0
308024201,E,6.0,6.0
308024303,,6.0,6.0
308030002,E,6.0,6.0
308030003,E,12.0,12.0
308030004,E,16.0,16.0
308035102,E,13.0,13.0
308040001,E L,6.0,6.0
308040002,E L,9.0,9.0
308040003,,16.0,16.0
308040004,L,12.0,12.0
308040007,E L,12.0,12.0
308045103,L,15.0,15.0
308045202,L,15.0,15.0
308054102,L,6.0,6.0
308054106,L,6.0,6.0
308060001,E,15.0,15.0
308060002,B,9.0,9.0
308060003,E,15.0,15.0
308060004,E,16.0,16.0
308060005,E,16.0,16.0
308060006,E,16.0,16.0
308064101,E,6.0,6.0
308065101,,16.0,16.0
308070002,L,6.0,6.0
308070003,L,6.0,6.0
308070004,L,13.0,13.0
308070005,L,6.0,6.0
308070006,L,6.0,6.0
308070008,,9.0,9.0
308074106,E,6.0,6.0
308074201,L,6.0,6.0
308075105,L,9.0,9.0
308080002,E,9.0,9.0
308080004,E,12.0,12.0
308080005,L,16.0,16.0
308080006,E,9.0,9.0
308080007,E,16.0,16.0
308080008,E,16.0,16.0
308080010,V,9.0,9.0
308084101,,6.0,6.0
308085101,,13.0,13.0
308090002,,6.0,6.0
308090003,E L,6.0,6.0
308090004,E,12.0,12.0
308090005,E,15.0,15.0
308090006,E,16.0,16.0
308090007,E,12.0,12.0
308093102,E V,6.0,6.0
308100001,E,9.0,9.0
308100003,E,12.0,12.0
308100004,E,13.0,13.0
308100005,E,9.0,9.0
308100006,E,9.0,9.0
308100007,E,12.0,12.0
308100008,E,12.0,12.0
308100011,E,12.0,12.0
308100012,H,12.0,12.0
308100013,E,12.0,12.0
308101101,E,12.0,12.0
308101103,E,12.0,12.0
308101104,E,9.0,9.0
308103101,E,6.0,6.0
308104102,,12.0,12.0
308120006,E,9.0,9.0
308120008,,12.0,12.0
308120009,E,6.0,6.0
308120011,,6.0,6.0
308130003,E,12.0,12.0
308130004,E,16.0,16.0
308130005,E,16.0,16.0
308130007,E,12.0,12.0
308134101,E,16.0,16.0
308134202,E L,18.0,18.0
308140003,E,6.0,6.0
308140006,L,6.0,6.0
308150002,E,6.0,6.0
308150003,E,12.0,12.0
308150004,E,12.0,12.0
308150009,E,16.0,16.0
308150010,E,12.0,12.0
308160001,E,6.0,6.0
308160002,E,6.0,6.0
308160003,E,12.0,12.0
308160004,E,12.0,12.0
308165102,E,9.0,9.0
308170001,L,6.0,6.0
308170003,E,6.0,6.0
308170005,E,6.0,6.0
308170007,L,13.0,13.0
308170012,V,9.0,9.0
308175101,E,6.0,6.0
308180002,,6.0,6.0
308180003,E,12.0,12.0
308180004,E,9.0,9.0
308180005,E,9.0,9.0
308180006,E,6.0,6.0
308190002,,6.0,6.0
308190003,E,6.0,6.0
308190005,E,12.0,12.0
308194101,,6.0,6.0
308200002,E,6.0,6.0
309010002,L,6.0,6.0
309010005,L,13.0,13.0
309010006,L,13.0,13.0
309010007,L,12.0,12.0
309013102,L,9.0,9.0
309013103,L,13.0,13.0
309013104,L,9.0,9.0
309020001,L,9.0,9.0
309020002,L,13.0,13.0
309020003,L,12.0,12.0
309020004,L,16.0,16.0
309020005,L,12.0,12.0
309020006,L,16.0,16.0
309020007,L,16.0,16.0
309020008,L,16.0,16.0
309020010,L,16.0,16.0
309020011,L,13.0,13.0
309023106,L,12.0,12.0
309025101,L,15.0,15.0
309030001,L,6.0,6.0
309030002,L,6.0,6.0
309030003,L,6.0,6.0
309030004,L,6.0,6.0
309030005,L,6.0,6.0
309030007,L,12.0,12.0
309040001,L,6.0,6.0
309040002,,6.0,6.0
309040003,L,6.0,6.0
309040004,L,16.0,16.0
309040005,L,9.0,9.0
309040006,L,12.0,12.0
309044104,L,9.0,9.0
309045102,E,9.0,9.0
309050006,L,6.0,6.0
309050007,L,6.0,6.0
309050009,L,9.0,9.0
309060003,L,6.0,6.0
309060005,L,6.0,6.0
309060006,L,13.0,13.0
309063102,L,6.0,6.0
309063103,L,6.0,6.0
309063104,,6.0,6.0
309064103,L,6.0,6.0
309064106,L,6.0,6.0
309070003,L,9.0,9.0
309070004,L,9.0,9.0
309070005,L,6.0,6.0
309074101,L,6.0,6.0
309080001,,6.0,6.0
309080004,L,6.0,6.0
309080006,L,6.0,6.0
309080007,L,6.0,6.0
309080008,L,6.0,6.0
309083102,L,6.0,6.0
309083103,L,6.0,6.0
309083104,L,6.0,6.0
309083106,L,6.0,6.0
309084104,L,6.0,6.0
309084301,L,9.0,9.0
309085101,L,6.0,6.0
309090005,L,9.0,9.0
309090006,L,6.0,6.0
309090008,L,6.0,6.0
309090009,L,6.0,6.0
309090011,L,6.0,6.0
309094202,L,9.0,9.0
309095101,,6.0,6.0
309100002,L,6.0,6.0
309100004,L,9.0,9.0
309100005,L,6.0,6.0
309105101,L,6.0,6.0
309110002,,6.0,6.0
309110003,L,9.0,9.0
309110004,L,9.0,9.0
309110005,L,9.0,9.0
309110010,L,6.0,6.0
309114201,L,6.0,6.0
309120002,L,6.0,6.0
309120004,L,9.0,9.0
309120005,L,6.0,6.0
309120006,L,6.0,6.0
309124107,L,9.0,9.0
309130001,L,12.0,12.0
309130002,L,6.0,6.0
309130003,L,12.0,12.0
309130004,,16.0,16.0
309130007,L,16.0,16.0
309130008,L,16.0,16.0
309134101,L,12.0,12.0
309135101,,18.0,18.0
309140002,L,6.0,6.0
309140003,L,12.0,12.0
309140004,L,9.0,9.0
309140005,L,13.0,13.0
309145102,,9.0,9.0
309145201,L,9.0,9.0
309150001,,6.0,6.0
309150002,L,6.0,6.0
309160001,L,6.0,6.0
309160002,L,6.0,6.0
309160004,L,6.0,6.0
309160007,L,18.0,18.0
309160011,L,15.0,15.0
309170001,,6.0,6.0
309170002,L,6.0,6.0
309170003,L,9.0,9.0
309170004,L,6.0,6.0
309170005,,12.0,12.0
309170007,L,6.0,6.0
309174101,L,9.0,9.0
309180001,L,6.0,6.0
309180002,L,13.0,13.0
309180003,L,9.0,9.0
309180004,L,6.0,6.0
309180006,L,9.0,9.0
309180007,L,9.0,9.0
309180008,L,9.0,9.0
309184101,L,16.0,16.0
309184301,L,9.0,9.0
309190003,L,6.0,6.0
309190005,L,6.0,6.0
309190006,L,6.0,6.0
309190008,L,12.0,12.0
309191104,L,6.0,6.0
309191108,L,6.0,6.0
309200003,L,6.0,6.0
309200009,E,6.0,6.0
309200014,L,6.0,6.0
309203101,E,6.0,6.0
310010001,,6.0,6.0
310010003,L,9.0,9.0
310010004,L,6.0,6.0
310010005,L,6.0,6.0
310010006,L,6.0,6.0
310010007,L,6.0,6.0
310010008,L,12.0,12.0
310010009,L,13.0,13.0
310013104,L,9.0,9.0
310013202,L,9.0,9.0
310013203,L,9.0,9.0
310013302,L,6.0,6.0
310013303,L,13.0,13.0
310013304,L,9.0,9.0
310014101,L,6.0,6.0
310030001,L,12.0,12.0
310030002,L,12.0,12.0
310030003,L,16.0,16.0
310030004,L,16.0,16.0
310040002,,6.0,6.0
310040004,L,9.0,9.0
310040005,L,9.0,9.0
310040006,L,9.0,9.0
310040009,L,9.0,9.0
310040010,L,9.0,9.0
310040013,L,9.0,9.0
310040014,A,6.0,6.0
310043105,L,12.0,12.0
310044202,L,12.0,12.0
310045102,E,13.0,13.0
310050003,L,12.0,12.0
310050004,L,13.0,13.0
310050005,L,12.0,12.0
310050006,L,16.0,16.0
310050007,L,12.0,12.0
310050008,L,12.0,12.0
310050012,L,15.0,15.0
310050013,L,12.0,12.0
310080001,E,18.0,18.0
310080002,E,12.0,12.0
310080003,E,16.0,16.0
310085102,,15.0,15.0
310090004,E L,16.0,16.0
310094103,L,16.0,16.0
310100001,L,6.0,6.0
310100002,L,6.0,6.0
310100003,L,12.0,12.0
310100004,L,16.0,16.0
310100005,L,12.0,12.0
310105102,L,9.0,9.0
310110002,L,6.0,6.0
310110003,L,16.0,16.0
310110004,L,12.0,12.0
310110005,L,12.0,12.0
310115101,L,16.0,16.0
310120001,L,12.0,12.0
310120002,E,12.0,12.0
310120003,E,12.0,12.0
310120004,E L,16.0,16.0
310124102,E,16.0,16.0
310124202,E,16.0,16.0
310130002,L,6.0,6.0
310130003,L,13.0,13.0
310130004,L,6.0,6.0
310130005,L,13.0,13.0
310130006,L,13.0,13.0
310130008,L,13.0,13.0
310130009,L,13.0,13.0
310140001,L,13.0,13.0
310140002,L,6.0,6.0
310140003,L,13.0,13.0
310140004,L,13.0,13.0
310140005,L,13.0,13.0
310140006,L,13.0,13.0
310140007,L,13.0,13.0
310140008,L,13.0,13.0
310140009,L,16.0,16.0
310140011,L,13.0,13.0
310143101,L,9.0,9.0
310143103,L,13.0,13.0
310144101,L,13.0,13.0
310144103,L,13.0,13.0
310144104,L,13.0,13.0
310144201,L,12.0,12.0
310144304,L,12.0,12.0
310144401,L,9.0,9.0
310150001,L,9.0,9.0
310150002,L,6.0,6.0
310150003,L,12.0,12.0
310150004,L,13.0,13.0
310150005,L,13.0,13.0
310150008,L,13.0,13.0
310160001,L,12.0,12.0
310160002,L,16.0,16.0
310160003,L,16.0,16.0
310160004,L,16.0,16.0
310160005,L,16.0,16.0
310160006,L,16.0,16.0
310160008,E,12.0,12.0
310164101,L,16.0,16.0
310165102,E,16.0,16.0
310170003,L,12.0,12.0
310170004,,6.0,6.0
310170005,L,13.0,13.0
310170006,L,6.0,6.0
310170010,L,6.0,6.0
310170011,L,6.0,6.0
310170013,V,12.0,12.0
310170014,E L,13.0,13.0
310174201,L,9.0,9.0
310175201,,9.0,9.0
310175203,L,13.0,13.0
310180001,L,6.0,6.0
310180002,L,9.0,9.0
310180003,L,12.0,12.0
310180005,L,12.0,12.0
310180006,L,12.0,12.0
310190001,,16.0,16.0
310190002,A,6.0,6.0
310190004,A L,16.0,16.0
310190005,L,16.0,16.0
310190006,L,16.0,16.0
310190007,A L,12.0,12.0
310190008,L,16.0,16.0
310190009,A L,12.0,12.0
310190010,L,12.0,12.0
310190011,L,12.0,12.0
310190015,L,15.0,15.0
310194102,A,15.0,15.0
310195201,,13.0,13.0
310195301,L,16.0,16.0
310200001,,13.0,13.0
310200003,L,12.0,12.0
310200004,,12.0,12.0
310200005,L,13.0,13.0
310200006,L,16.0,16.0
310200009,,6.0,6.0
310203101,L,6.0,6.0
310205102,G,6.0,6.0
310205201,,16.0,16.0
311010001,E,15.0,15.0
311010002,E,6.0,6.0
311020001,E,12.0,12.0
311020002,E,9.0,9.0
311020004,E,16.0,16.0
311020005,E,12.0,12.0
311020006,E,16.0,16.0
311020007,E,16.0,16.0
311020008,E,16.0,16.0
311020009,L,13.0,13.0
311020010,E,15.0,15.0
311020012,E,16.0,16.0
311024101,E,15.0,15.0
311025103,E,16.0,16.0
311030001,E,6.0,6.0
311030002,E,12.0,12.0
311030004,E,9.0,9.0
311030005,E,9.0,9.0
311034101,E,16.0,16.0
311050001,,6.0,6.0
311050003,E,13.0,13.0
311050004,E,16.0,16.0
311050005,E,12.0,12.0
311050007,,12.0,12.0
311054102,E,9.0,9.0
311060002,E,16.0,16.0
311060004,E,12.0,12.0
311060005,E,16.0,16.0
311070001,E,16.0,16.0
311070002,E,16.0,16.0
311070003,E,15.0,15.0
311080001,E,6.0,6.0
311080002,E,9.0,9.0
311080003,E,9.0,9.0
311080004,E,12.0,12.0
311080005,E,16.0,16.0
311080006,E,15.0,15.0
311090003,E,12.0,12.0
311090007,E,16.0,16.0
311093104,E,9.0,9.0
311110001,E,6.0,6.0
311110003,E,16.0,16.0
311110004,E,12.0,12.0
311110014,E,15.0,15.0
311111106,E,16.0,16.0
311111108,E,16.0,16.0
311111109,E,12.0,12.0
311111113,E,12.0,12.0
311113108,E,12.0,12.0
311114102,E,12.0,12.0
311140003,E,6.0,6.0
311150003,E,15.0,15.0
311150004,E,12.0,12.0
311150007,E,9.0,9.0
311153101,E,6.0,6.0
311153103,E,16.0,16.0
311153107,E,16.0,16.0
311170001,E,6.0,6.0
311170002,E,6.0,6.0
311170005,E,12.0,12.0
311180003,E,9.0,9.0
311180005,E,16.0,16.0
311180006,E,16.0,16.0
311180009,E,12.0,12.0
311180011,E,16.0,16.0
311180013,E,9.0,9.0
311181101,E,6.0,6.0
311181103,E,13.0,13.0
311183102,E,16.0,16.0
311190002,E,6.0,6.0
311190003,E,9.0,9.0
311190004,E,9.0,9.0
311190005,E,6.0,6.0
311200002,E,6.0,6.0
311200004,E,6.0,6.0
311200006,E,9.0,9.0
311200007,L,12.0,12.0
311200010,E,6.0,6.0
311201107,E,9.0,9.0
311205102,E,16.0,16.0
311410001,E,6.0,6.0
311420002,E,12.0,12.0
311420004,E,16.0,16.0
311420005,E,9.0,9.0
311420006,E,12.0,12.0
311440002,E,15.0,15.0
311440003,E,9.0,9.0
311440004,E,16.0,16.0
311440010,E,12.0,12.0
311443102,,6.0,6.0
311443103,E,12.0,12.0
311444104,,16.0,16.0
311450001,E,6.0,6.0
312020001,,6.0,6.0
312020002,E,6.0,6.0
312020003,E,6.0,6.0
312020004,E,6.0,6.0
312020005,E,16.0,16.0
312020006,E,16.0,16.0
312030003,E,6.0,6.0
312034102,E,6.0,6.0
312060003,,6.0,6.0
312063102,E,9.0,9.0
312063103,E,9.0,9.0
312070003,E,9.0,9.0
312070006,E,6.0,6.0
312070007,E,9.0,9.0
312070010,E,12.0,12.0
312073102,L,12.0,12.0
312073103,L,16.0,16.0
312080002,E,9.0,9.0
312100003,E,6.0,6.0
312100005,E,12.0,12.0
312110002,E,9.0,9.0
312120002,E,6.0,6.0
312120003,E,6.0,6.0
312120006,E,6.0,6.0
312120008,,6.0,6.0
312120009,E,6.0,6.0
312120010,E,12.0,12.0
312123104,E,6.0,6.0
312123201,,6.0,6.0
312123203,E,12.0,12.0
312130002,E,6.0,6.0
312130003,E,9.0,9.0
312130005,,6.0,6.0
312140004,E,16.0,16.0
312141101,E,6.0,6.0
312141102,E,6.0,6.0
312141107,A,12.0,12.0
312150001,E,15.0,15.0
312150002,,15.0,15.0
312150003,E,16.0,16.0
312150005,E,15.0,15.0
312150006,H,15.0,15.0
312170005,E,12.0,12.0
312170009,E,6.0,6.0
312174101,E,12.0,12.0
312180002,E,6.0,6.0
312180003,E,9.0,9.0
312181103,E,6.0,6.0
312181105,E,12.0,12.0
312210006,E,9.0,9.0
312210011,E,9.0,9.0
312230003,E,6.0,6.0
312240001,E,6.0,6.0
312250002,E,6.0,6.0
312250005,E,16.0,16.0
312250006,E,16.0,16.0
312280001,E,6.0,6.0
312280002,E,6.0,6.0
312300002,E,9.0,9.0
312300003,E,9.0,9.0
312300004,E,6.0,6.0
312303102,E,6.0,6.0
312303103,E,12.0,12.0
312410005,E,12.0,12.0
312420003,E,6.0,6.0
312420005,E,9.0,9.0
312424102,E,6.0,6.0
312424204,E,9.0,9.0
313010002,E,6.0,6.0
313010007,E,9.0,9.0
313020001,E,6.0,6.0
313020002,E,6.0,6.0
313020005,E,9.0,9.0
313020006,,6.0,6.0
313020007,,6.0,6.0
313020010,E,6.0,6.0
313020011,E,9.0,9.0
313025101,E,12.0,12.0
313050006,E,6.0,6.0
313060004,E,6.0,6.0
313060008,E,13.0,13.0
313070004,E,6.0,6.0
313070005,E,6.0,6.0
313070006,E,6.0,6.0
313070007,E,6.0,6.0
313074101,E,6.0,6.0
313074206,E,9.0,9.0
313080002,E,6.0,6.0
313080003,E,12.0,12.0
313080004,E,16.0,16.0
313080005,,6.0,6.0
313120001,,6.0,6.0
313120002,E,6.0,6.0
313120003,E,6.0,6.0
313120004,E,6.0,6.0
313120006,E,6.0,6.0
313124102,E,6.0,6.0
313130002,E,6.0,6.0
313130004,E,6.0,6.0
313130006,E,6.0,6.0
313130008,E,6.0,6.0
313131103,E,16.0,16.0
313133103,E,12.0,12.0
313133105,E,6.0,6.0
313134102,E,6.0,6.0
313150011,E,6.0,6.0
313150013,,6.0,6.0
313160010,E,6.0,6.0
313160011,E,6.0,6.0
313170001,E,6.0,6.0
313170002,E,6.0,6.0
313170005,E,9.0,9.0
313200001,E,6.0,6.0
313200002,E,6.0,6.0
313200003,E,6.0,6.0
313200006,E,6.0,6.0
313200008,E,6.0,6.0
313200009,E,9.0,9.0
313203103,E,6.0,6.0
313210002,E,6.0,6.0
313210003,E,6.0,6.0
313210007,E,6.0,6.0
313220001,E,6.0,6.0
313220003,E,9.0,9.0
313220004,E,6.0,6.0
313220006,E,6.0,6.0
313220008,E,12.0,12.0
313223103,E,9.0,9.0
313223105,E,13.0,13.0
313224102,E,15.0,15.0
313230002,E,6.0,6.0
313230003,E,9.0,9.0
313230006,E,6.0,6.0
313230007,E,6.0,6.0
313230010,E,6.0,6.0
313234102,E,6.0,6.0
313240002,E,6.0,6.0
313240003,E,6.0,6.0
313240004,E,6.0,6.0
313270001,E,6.0,6.0
313275002,E,6.0,6.0
313280002,E,6.0,6.0
313300003,E,6.0,6.0
313300004,E,6.0,6.0
313410001,E,6.0,6.0
313410002,E,6.0,6.0
313410003,E,6.0,6.0
313410004,E,16.0,16.0
313410006,E,9.0,9.0
314010001,E,6.0,6.0
314010002,E,6.0,6.0
314010003,E,6.0,6.0
314010004,E,9.0,9.0
314020001,E,6.0,6.0
314020002,E,6.0,6.0
314040002,E,6.0,6.0
314040003,E,6.0,6.0
314040004,E,9.0,9.0
314040005,E,6.0,6.0
314050002,E,6.0,6.0
314050003,E,9.0,9.0
314050004,E,6.0,6.0
314050007,E,6.0,6.0
314050008,E,16.0,16.0
314050009,E,12.0,12.0
314050010,E,9.0,9.0
314050011,E,12.0,12.0
314053102,E,6.0,6.0
314053103,E,12.0,12.0
314080004,H,6.0,6.0
314080005,E,6.0,6.0
314080006,E,12.0,12.0
314090001,E,6.0,6.0
314090003,E,6.0,6.0
314090004,E,6.0,6.0
314090005,E,6.0,6.0
314095102,E,13.0,13.0
314095201,E,6.0,6.0
314100001,E,13.0,13.0
314100003,E,13.0,13.0
314100005,E,13.0,13.0
314100007,E,15.0,15.0
314130001,,6.0,6.0
314130004,E,6.0,6.0
314130006,E,6.0,6.0
314140005,E,6.0,6.0
314140006,E,6.0,6.0
314143107,E,6.0,6.0
314160001,E,6.0,6.0
314160007,,6.0,6.0
314160010,E,9.0,9.0
314180004,E,6.0,6.0
314180005,E,6.0,6.0
314183104,E,6.0,6.0
314190002,E,6.0,6.0
314190003,E,6.0,6.0
314190004,,6.0,6.0
314190005,E,9.0,9.0
314190006,E,6.0,6.0
314190007,,6.0,6.0
314194104,E,9.0,9.0
314194204,E,6.0,6.0
314200001,E,6.0,6.0
314200002,E,6.0,6.0
314200005,E,9.0,9.0
314200006,E,6.0,6.0
314410001,E,6.0,6.0
314410002,E,6.0,6.0
314410004,E,6.0,6.0
314410008,E,6.0,6.0
314420003,E,6.0,6.0
314420005,E,6.0,6.0
314424103,E,6.0,6.0
315010003,E,9.0,9.0
315010004,E,9.0,9.0
315010005,E,6.0,6.0
315013103,E,9.0,9.0
315030004,E,6.0,6.0
315040002,E,6.0,6.0
315040004,E,6.0,6.0
315040005,E,6.0,6.0
315040006,E,6.0,6.0
315040007,E,9.0,9.0
315040008,E,9.0,9.0
315044101,E,12.0,12.0
315045101,E,9.0,9.0
315050002,E,6.0,6.0
315050003,E,9.0,9.0
315050004,E,6.0,6.0
315054102,E,6.0,6.0
315060005,E,6.0,6.0
315064101,E,9.0,9.0
315070001,,6.0,6.0
315070005,E,6.0,6.0
315070010,E,6.0,6.0
315070011,E,6.0,6.0
315080003,E,6.0,6.0
315080004,E,9.0,9.0
315080006,E,6.0,6.0
315080007,E,9.0,9.0
315080008,E,9.0,9.0
315080009,E,9.0,9.0
315090002,E,6.0,6.0
315090003,E,9.0,9.0
315090005,E,15.0,15.0
315090006,E,12.0,12.0
315090007,E,6.0,6.0
315090008,E,12.0,12.0
315090010,E,9.0,9.0
315090012,E,12.0,12.0
315093102,E,6.0,6.0
315093103,E,6.0,6.0
315100001,E,13.0,13.0
315100003,E,12.0,12.0
315100004,E,16.0,16.0
315100005,E,9.0,9.0
315100006,E,9.0,9.0
315100009,L,9.0,9.0
315100011,E,16.0,16.0
315100012,E,12.0,12.0
315100013,E,12.0,12.0
315105101,E,6.0,6.0
315105201,E,6.0,6.0
315110003,E,13.0,13.0
315110004,E,9.0,9.0
315110006,E,6.0,6.0
315110007,E,6.0,6.0
315110008,E,6.0,6.0
315110009,E,9.0,9.0
315110013,E,13.0,13.0
315110016,E,12.0,12.0
315114102,E,6.0,6.0
315114103,E,13.0,13.0
315114202,E,9.0,9.0
315115202,E,6.0,6.0
315120001,E,9.0,9.0
315120003,E,9.0,9.0
315120008,E,16.0,16.0
315123103,E,13.0,13.0
315140001,E,16.0,16.0
315140002,E,16.0,16.0
315140005,E,9.0,9.0
315150002,E,6.0,6.0
315150003,E,9.0,9.0
315150004,E,16.0,16.0
315150006,E,6.0,6.0
315150007,,6.0,6.0
315150008,E,13.0,13.0
315150009,E,13.0,13.0
315150010,E,9.0,9.0
315155101,E,16.0,16.0
315160001,E,12.0,12.0
315160002,E,9.0,9.0
315160004,E,9.0,9.0
315163102,E,6.0,6.0
315164101,E,6.0,6.0
315170002,E,6.0,6.0
315170003,E,6.0,6.0
315170004,,6.0,6.0
315170006,E,6.0,6.0
315174102,E,6.0,6.0
315180003,E,6.0,6.0
315180004,E,6.0,6.0
315180006,E,9.0,9.0
315184101,E,9.0,9.0
315190004,E,6.0,6.0
315210001,E,6.0,6.0
315210002,E,6.0,6.0
315220004,E,12.0,12.0
315220008,E,6.0,6.0
315223103,E,13.0,13.0
315230001,E,6.0,6.0
315230002,E,6.0,6.0
315230003,E,9.0,9.0
315230004,E,9.0,9.0
315230005,E,16.0,16.0
315230006,E,9.0,9.0
315230007,E,13.0,13.0
315233102,E,9.0,9.0
315234102,E,9.0,9.0
315234201,E,13.0,13.0
315234204,E,12.0,12.0
315240002,,6.0,6.0
315240003,E,6.0,6.0
315240004,E,6.0,6.0
315240005,E,16.0,16.0
315240006,E,12.0,12.0
315240008,,9.0,9.0
315240009,E,12.0,12.0
315250005,,9.0,9.0
315250006,,6.0,6.0
315250008,E,16.0,16.0
315250010,E,12.0,12.0
315250011,,12.0,12.0
315260003,E,9.0,9.0
315261104,E,15.0,15.0
315261105,E,12.0,12.0
315270003,E,6.0,6.0
315270004,E,6.0,6.0
315270006,E,6.0,6.0
315270007,E,9.0,9.0
315270009,E,12.0,12.0
315280002,E,6.0,6.0
315280003,E,9.0,9.0
315280005,E,6.0,6.0
315280006,E,16.0,16.0
315280007,E,16.0,16.0
315280008,E,13.0,13.0
315280009,E,15.0,15.0
315280011,E,16.0,16.0
315280012,E,9.0,9.0
315280013,E,9.0,9.0
315281104,E,12.0,12.0
315285201,,15.0,15.0
315290001,,6.0,6.0
315290002,E,6.0,6.0
315290003,,6.0,6.0
315290004,E,16.0,16.0
315290005,E,13.0,13.0
315290006,E,16.0,16.0
315290008,,12.0,12.0
315294102,,12.0,12.0
315410002,E,9.0,9.0
315410003,E,6.0,6.0
315410004,E,9.0,9.0
315410005,E,12.0,12.0
315410006,E,16.0,16.0
315410007,E,13.0,13.0
315410008,E,12.0,12.0
315410009,E,12.0,12.0
315410010,E,15.0,15.0
315410011,E,16.0,16.0
315410012,E,12.0,12.0
315415204,E,16.0,16.0
315415301,E,12.0,12.0
316010001,E,13.0,13.0
316010003,E,9.0,9.0
316014102,A,6.0,6.0
316020002,E,6.0,6.0
316020004,E,15.0,15.0
316030003,E,6.0,6.0
316030007,E,16.0,16.0
316030011,E,16.0,16.0
316033101,E,6.0,6.0
316033103,E,13.0,13.0
316040001,E,13.0,13.0
316040002,E,9.0,9.0
316040003,E,16.0,16.0
316043104,E,13.0,13.0
316050002,,6.0,6.0
316050003,E,13.0,13.0
316050004,E,9.0,9.0
316050006,E,6.0,6.0
316050007,E,6.0,6.0
316050008,E,12.0,12.0
316050010,E,9.0,9.0
316054204,E,9.0,9.0
316054301,E,9.0,9.0
316060002,,6.0,6.0
316060003,E,16.0,16.0
316060005,E,9.0,9.0
316060006,E,9.0,9.0
316065102,E,16.0,16.0
316070003,E,12.0,12.0
316070004,E,16.0,16.0
316070005,E,13.0,13.0
316100001,E,6.0,6.0
316100002,E,6.0,6.0
316100003,E,9.0,9.0
316100004,E,13.0,13.0
316100006,,6.0,6.0
316100007,E,9.0,9.0
316100008,E,15.0,15.0
316100009,E,12.0,12.0
316104104,E,13.0,13.0
316110002,E,6.0,6.0
316110003,,9.0,9.0
316110005,E,13.0,13.0
316110006,E,9.0,9.0
316110007,E,6.0,6.0
316110008,E,12.0,12.0
316110009,E,12.0,12.0
316110011,E,16.0,16.0
316110012,E,15.0,15.0
316113102,E,6.0,6.0
316113201,E,9.0,9.0
316113203,E,12.0,12.0
316114103,,12.0,12.0
316120002,E,12.0,12.0
316120003,E,9.0,9.0
316120004,E,9.0,9.0
316120007,E,6.0,6.0
316130002,E,6.0,6.0
316130005,E,6.0,6.0
316135102,E,9.0,9.0
316150002,E,6.0,6.0
316150003,E,9.0,9.0
316150005,E,6.0,6.0
316155101,E,12.0,12.0
316160001,E,6.0,6.0
316160002,E,16.0,16.0
316160005,E,15.0,15.0
316160007,E,6.0,6.0
316170004,E,13.0,13.0
316170006,E,15.0,15.0
316170008,E,12.0,12.0
316174101,E,16.0,16.0
316190001,E,6.0,6.0
316190002,E,6.0,6.0
316190004,E,12.0,12.0
316190006,E,12.0,12.0
316190008,E,9.0,9.0
316193103,E,12.0,12.0
316200002,E,6.0,6.0
316200003,E,16.0,16.0
316210003,E,6.0,6.0
316210005,E,16.0,16.0
316210007,E,16.0,16.0
316210008,E,13.0,13.0
316210009,,9.0,9.0
316210010,E,9.0,9.0
316220004,E,9.0,9.0
316220005,E,12.0,12.0
316230001,E,13.0,13.0
316230002,E,16.0,16.0
316230003,,6.0,6.0
316230004,E,16.0,16.0
316230007,E,9.0,9.0
316230012,E,9.0,9.0
316235102,E,6.0,6.0
316240003,,6.0,6.0
316240004,E,6.0,6.0
316250001,E,6.0,6.0
316250002,E,6.0,6.0
316250003,E,6.0,6.0
316250004,E,13.0,13.0
316250005,E,9.0,9.0
316250007,E,12.0,12.0
316260003,E,13.0,13.0
316270001,E,6.0,6.0
316270003,E,9.0,9.0
316270004,E,9.0,9.0
316270005,,9.0,9.0
316275101,,6.0,6.0
316275104,E,13.0,13.0
316275202,E,6.0,6.0
316280003,E,9.0,9.0
316280005,E,12.0,12.0
316280006,,6.0,6.0
316280007,E,9.0,9.0
316290001,E,6.0,6.0
316290002,E,6.0,6.0
316290003,E,12.0,12.0
316290006,E,12.0,12.0
316295105,E,15.0,15.0
316410002,E,6.0,6.0
316410003,E,6.0,6.0
316410006,E,6.0,6.0
316410007,E,12.0,12.0
316410009,E,13.0,13.0
317010001,P,6.0,6.0
317010003,P,6.0,6.0
317010004,P,13.0,13.0
317010007,P,13.0,13.0
317010008,P,13.0,13.0
317015102,P,6.0,6.0
317020003,,6.0,6.0
317020005,P,12.0,12.0
317020006,P,12.0,12.0
317030002,P,13.0,13.0
317030003,P,12.0,12.0
317035101,,16.0,16.0
317040001,P,6.0,6.0
317040002,P,6.0,6.0
317040004,P,9.0,9.0
317040005,P,12.0,12.0
317040006,P,13.0,13.0
317040009,P,13.0,13.0
317045101,A,13.0,13.0
317045201,,13.0,13.0
317060001,P,6.0,6.0
317060002,P,9.0,9.0
317060003,P,6.0,6.0
317060005,P,6.0,6.0
317063104,P,12.0,12.0
317070001,P,6.0,6.0
317070002,P,9.0,9.0
317080001,P,6.0,6.0
317080002,P,6.0,6.0
317080004,P,13.0,13.0
317080005,,9.0,9.0
317080013,,9.0,9.0
317084101,P,13.0,13.0
317085101,,6.0,6.0
317090003,,9.0,9.0
317090004,,9.0,9.0
317091101,P,13.0,13.0
317100001,P,6.0,6.0
317100002,P,6.0,6.0
317104102,P,16.0,16.0
317110002,P,6.0,6.0
317110003,P,13.0,13.0
317110005,P,6.0,6.0
317110007,P,12.0,12.0
317114103,U,12.0,12.0
317120002,P,9.0,9.0
317130003,P,12.0,12.0
317131104,P,9.0,9.0
317134004,,6.0,6.0
317140001,P,13.0,13.0
317140002,P,6.0,6.0
317140003,P,13.0,13.0
317140005,P,13.0,13.0
317140006,P,13.0,13.0
317140007,P,16.0,16.0
317140010,P,12.0,12.0
317144102,P,9.0,9.0
317145102,P,13.0,13.0
317145203,P,13.0,13.0
317150003,P,9.0,9.0
317150004,P,9.0,9.0
317153101,,6.0,6.0
317155101,,9.0,9.0
317160003,P,13.0,13.0
317160005,P,13.0,13.0
317160011,P,12.0,12.0
317164204,P,9.0,9.0
317165102,,13.0,13.0
317170003,P,13.0,13.0
317170004,P,12.0,12.0
317180004,P,15.0,15.0
317180005,P,13.0,13.0
317180007,P,13.0,13.0
317190001,P,9.0,9.0
317190002,P,6.0,6.0
317190004,P,13.0,13.0
317190006,P,12.0,12.0
317190007,P,16.0,16.0
317190008,P,13.0,13.0
317190009,P,13.0,13.0
317190010,,16.0,16.0
317194102,P,13.0,13.0
317194202,A,12.0,12.0
317195201,P,13.0,13.0
317200002,P,9.0,9.0
317203102,P,6.0,6.0
317203105,P,12.0,12.0
317230001,P,9.0,9.0
317230002,P,6.0,6.0
317230003,P,16.0,16.0
317250002,,6.0,6.0
317250004,P,6.0,6.0
317254101,,15.0,15.0
317254202,P,9.0,9.0
317260003,P,6.0,6.0
317260005,P,9.0,9.0
317260007,P,9.0,9.0
317260008,P,13.0,13.0
317263103,P,12.0,12.0
317270001,,6.0,6.0
317270009,P,6.0,6.0
317270010,P,13.0,13.0
317280002,P,6.0,6.0
317280005,P,6.0,6.0
317290002,,12.0,12.0
317300001,P,15.0,15.0
317300002,P,9.0,9.0
317300004,P,13.0,13.0
317300005,P,12.0,12.0
317300006,P,16.0,16.0
318010001,,15.0,15.0
318010002,P,13.0,13.0
318015101,P,16.0,16.0
318040002,P,9.0,9.0
318040004,P,13.0,13.0
318040007,P,12.0,12.0
318040008,P,16.0,16.0
318040009,P,13.0,13.0
318040013,P,13.0,13.0
318044105,P,12.0,12.0
318050001,P,9.0,9.0
318050002,P,6.0,6.0
318050006,,12.0,12.0
318054102,P,9.0,9.0
318090003,P,18.0,18.0
318090004,P,16.0,16.0
318094101,P,13.0,13.0
318100001,,16.0,16.0
318100002,P,12.0,12.0
318120003,P,16.0,16.0
318120004,P,16.0,16.0
318120007,P,16.0,16.0
318130003,P,12.0,12.0
318140001,P,16.0,16.0
318140002,P,16.0,16.0
318140003,P,16.0,16.0
318140004,P,16.0,16.0
318150001,P,12.0,12.0
318150002,P,12.0,12.0
318150003,,16.0,16.0
318150004,P,16.0,16.0
318150005,,12.0,12.0
318150009,,6.0,6.0
318150014,,16.0,16.0
318180001,P,13.0,13.0
318180002,P,12.0,12.0
318180006,P,16.0,16.0
318180007,P,16.0,16.0
318180015,P,12.0,12.0
318190003,P,13.0,13.0
318190012,P,12.0,12.0
318200002,P,16.0,16.0
318200004,P,9.0,9.0
318200005,P,13.0,13.0
318410002,E L,16.0,16.0
318410003,E,16.0,16.0
318410004,L,18.0,18.0
318410006,L,16.0,16.0
318410009,L,16.0,16.0
318414202,L,12.0,12.0
318414203,V,12.0,12.0
319010003,E,6.0,6.0
319020003,E,6.0,6.0
319050002,E,6.0,6.0
319050003,E,9.0,9.0
319050005,E,12.0,12.0
319050011,V,16.0,16.0
319060001,E,6.0,6.0
319060002,E,6.0,6.0
319060003,,9.0,9.0
319060005,E,12.0,12.0
319060006,E,13.0,13.0
319080003,E,6.0,6.0
319080004,E,6.0,6.0
319090001,V,9.0,9.0
319090002,C1,6.0,6.0
319090003,E,13.0,13.0
319110001,E,9.0,9.0
319110002,E,6.0,6.0
319110003,E,12.0,12.0
319110004,E,9.0,9.0
319115101,E,13.0,13.0
319120001,E,6.0,6.0
319120002,E,6.0,6.0
319120003,E,9.0,9.0
319120004,E,12.0,12.0
319130001,E,9.0,9.0
319130002,E,6.0,6.0
319140002,E,6.0,6.0
319140005,,9.0,9.0
319140006,E,12.0,12.0
319140007,E,12.0,12.0
319145102,E,13.0,13.0
319150003,E,13.0,13.0
319150004,E,12.0,12.0
319150006,E V,9.0,9.0
319150009,E L,12.0,12.0
319153105,V,12.0,12.0
319154102,V,9.0,9.0
319170001,E,6.0,6.0
319170003,E,9.0,9.0
319170004,E,16.0,16.0
319170012,E,16.0,16.0
319173101,E,16.0,16.0
319173103,E,12.0,12.0
319180001,V,6.0,6.0
319180002,V,6.0,6.0
319180004,V,6.0,6.0
319200003,E,9.0,9.0
319410001,E,12.0,12.0
319410002,E,6.0,6.0
319410003,,6.0,6.0
319410004,E,6.0,6.0
319410006,E,6.0,6.0
319410007,,12.0,12.0
319410012,L,13.0,13.0
319415101,V,6.0,6.0
319415103,V,9.0,9.0
320010001,L,6.0,6.0
320010003,L,9.0,9.0
320010004,L,9.0,9.0
320015102,,6.0,6.0
320020001,L,6.0,6.0
320020003,,9.0,9.0
320020004,E L,9.0,9.0
320020005,,6.0,6.0
320020006,L,9.0,9.0
320020009,E,13.0,13.0
320024102,L,6.0,6.0
320050001,,6.0,6.0
320050002,L,9.0,9.0
320050003,L,12.0,12.0
320050006,L,12.0,12.0
320050008,,12.0,12.0
320050009,E,16.0,16.0
320053202,L,13.0,13.0
320053203,L,13.0,13.0
320053204,L,13.0,13.0
320060002,E,13.0,13.0
320060003,L,12.0,12.0
320060004,E,13.0,13.0
320065102,E,13.0,13.0
320070003,L,12.0,12.0
320073102,L,6.0,6.0
320073103,L,9.0,9.0
320080001,L,12.0,12.0
320080002,L,9.0,9.0
320080003,L,12.0,12.0
320080004,L,9.0,9.0
320085104,L,13.0,13.0
320090002,,6.0,6.0
320090003,L,9.0,9.0
320090004,L,12.0,12.0
320090005,L,15.0,15.0
320100001,L,6.0,6.0
320100002,L,6.0,6.0
320100003,L,6.0,6.0
320100004,L,13.0,13.0
320100005,L,12.0,12.0
320100006,L,16.0,16.0
320101103,,9.0,9.0
320101104,L,13.0,13.0
320105102,,13.0,13.0
320105202,,12.0,12.0
320110002,A,9.0,9.0
320110003,A C,16.0,16.0
320110005,E,16.0,16.0
320110008,E,12.0,12.0
320110010,E,16.0,16.0
320120002,L,9.0,9.0
320120003,L,13.0,13.0
320130001,L,6.0,6.0
320130003,L,12.0,12.0
320130004,L,9.0,9.0
320130005,L,13.0,13.0
320130006,L,6.0,6.0
320134101,L,18.0,18.0
320140001,A1,15.0,15.0
320150001,L,6.0,6.0
320150002,L,6.0,6.0
320150003,L,9.0,9.0
320150005,L,9.0,9.0
320150006,L,13.0,13.0
320150007,L,13.0,13.0
320150008,L,12.0,12.0
320150009,L,9.0,9.0
320150010,L,12.0,12.0
320150011,B L,13.0,13.0
320151101,B,9.0,9.0
320155201,L,12.0,12.0
320155301,L,16.0,16.0
320160001,E L,6.0,6.0
320160002,,6.0,6.0
320160003,L,12.0,12.0
320160004,L,16.0,16.0
320160005,L,12.0,12.0
320165102,L,12.0,12.0
320170003,L,12.0,12.0
320170004,L,12.0,12.0
320170007,E,18.0,18.0
320170008,L,12.0,12.0
320170009,E,12.0,12.0
320180002,E,9.0,9.0
320180003,E,12.0,12.0
320180004,E,9.0,9.0
320180005,E,13.0,13.0
320180006,E,9.0,9.0
320180008,E,13.0,13.0
320180009,E,13.0,13.0
320184101,E,12.0,12.0
320185101,L,9.0,9.0
320190001,L,9.0,9.0
320190002,L,6.0,6.0
320190003,L,9.0,9.0
320190004,L,9.0,9.0
320190005,,12.0,12.0
320190006,L,13.0,13.0
320190007,L,12.0,12.0
320193203,L,9.0,9.0
320193206,L,12.0,12.0
320194102,L,9.0,9.0
320194201,,6.0,6.0
320195102,L,12.0,12.0
320200002,P,6.0,6.0
320200005,P,6.0,6.0
320200009,P,12.0,12.0
320200012,P,15.0,15.0
320204105,B,12.0,12.0
321020002,E,16.0,16.0
321020003,L,16.0,16.0
321020004,L,16.0,16.0
321020005,E,12.0,12.0
321025102,E,13.0,13.0
321040001,L,9.0,9.0
321040005,L,6.0,6.0
321040006,L,12.0,12.0
321040007,L,9.0,9.0
321040008,L,9.0,9.0
321040011,L,6.0,6.0
321044101,L,9.0,9.0
321045102,L,9.0,9.0
321045202,A E,13.0,13.0
321050001,L,6.0,6.0
321050002,L,6.0,6.0
321050003,L,13.0,13.0
321050004,L,13.0,13.0
321050006,L,13.0,13.0
321060001,L,6.0,6.0
321060003,L,12.0,12.0
321060004,L,16.0,16.0
321060005,L,13.0,13.0
321060006,L,16.0,16.0
321060007,L,6.0,6.0
321060008,L,12.0,12.0
321064102,E,9.0,9.0
321070001,P,9.0,9.0
321070003,P,16.0,16.0
321070006,P,12.0,12.0
321074102,P,16.0,16.0
321080001,A,15.0,15.0
321080005,A,18.0,18.0
321080006,E,9.0,9.0
321084102,E,16.0,16.0
321090001,B,16.0,16.0
321090002,E L,12.0,12.0
321090003,L,16.0,16.0
321090004,L,13.0,13.0
321090005,L,16.0,16.0
321090006,L,16.0,16.0
321090007,L,12.0,12.0
321090009,L,16.0,16.0
321090010,,6.0,6.0
321095202,L,13.0,13.0
321095301,E,16.0,16.0
321100001,L,6.0,6.0
321100002,L,9.0,9.0
321100003,L,12.0,12.0
321100006,L,12.0,12.0
321110001,,12.0,12.0
321110002,L,12.0,12.0
321110003,L,13.0,13.0
321110004,L,13.0,13.0
321110005,L,9.0,9.0
321113101,E,12.0,12.0
321113103,L,15.0,15.0
321120001,,6.0,6.0
321120002,,6.0,6.0
321120003,L,16.0,16.0
321120004,L,12.0,12.0
321120005,L,9.0,9.0
321120006,L,9.0,9.0
321120007,L,12.0,12.0
321120008,L,16.0,16.0
321120009,L,12.0,12.0
321120010,L,6.0,6.0
321121103,L,16.0,16.0
321121104,L,13.0,13.0
321124101,L,12.0,12.0
321125101,E,9.0,9.0
321125103,L,12.0,12.0
321125104,L,9.0,9.0
321125105,L,9.0,9.0
321125206,L,13.0,13.0
321130001,,6.0,6.0
321130002,P,6.0,6.0
321130003,P,12.0,12.0
321130004,P,12.0,12.0
321130005,P,12.0,12.0
321130006,P,9.0,9.0
321130007,P,9.0,9.0
321130008,P,9.0,9.0
321135201,,9.0,9.0
321140001,A,12.0,12.0
321140003,L,12.0,12.0
321140004,,12.0,12.0
321140005,A,12.0,12.0
321140006,L,13.0,13.0
321140008,A,12.0,12.0
321140011,L,13.0,13.0
321140013,A,6.0,6.0
321143102,E,12.0,12.0
321143103,E,16.0,16.0
321143201,E,13.0,13.0
321143203,,12.0,12.0
321143204,,12.0,12.0
321145101,L,6.0,6.0
321145302,A,12.0,12.0
321150001,L,9.0,9.0
321150002,L,6.0,6.0
321150003,L,12.0,12.0
321150005,L,9.0,9.0
321150006,L,13.0,13.0
321150009,A,13.0,13.0
321155102,,6.0,6.0
321160001,L,12.0,12.0
321160002,L,6.0,6.0
321160003,,6.0,6.0
321160004,,9.0,9.0
321170002,L,6.0,6.0
321170005,L,12.0,12.0
321170007,L,9.0,9.0
321175105,L,6.0,6.0
321200001,L,6.0,6.0
321200002,L,9.0,9.0
321200003,L,12.0,12.0
321200004,L,16.0,16.0
321200005,L,12.0,12.0
321210001,,15.0,15.0
321210002,V,13.0,13.0
321210003,V,15.0,15.0
321210004,L,15.0,15.0
321220001,E L,12.0,12.0
321220002,L,12.0,12.0
321220005,L,13.0,13.0
321220006,L,13.0,13.0
321250001,B,12.0,12.0
321250002,A,9.0,9.0
321250005,B,12.0,12.0
321250006,A,12.0,12.0
321250007,B,13.0,13.0
321250008,B,9.0,9.0
321250011,B,13.0,13.0
321255102,E,16.0,16.0
321260003,L,9.0,9.0
321260005,L,9.0,9.0
321260006,L,9.0,9.0
321260007,L,6.0,6.0
321260008,L,13.0,13.0
321260009,L,13.0,13.0
321260010,,9.0,9.0
321265102,G,6.0,6.0
321265201,,9.0,9.0
321265301,E L,9.0,9.0
321270001,L,6.0,6.0
321270002,L,6.0,6.0
321270003,L,6.0,6.0
321270004,L,15.0,15.0
321270005,L,12.0,12.0
321270006,E L,12.0,12.0
321270007,,16.0,16.0
321270008,E,16.0,16.0
321274101,E,6.0,6.0
321275102,L,9.0,9.0
321280002,E,6.0,6.0
321280005,E,13.0,13.0
321280008,H,16.0,16.0
321280009,L,12.0,12.0
321280012,E,12.0,12.0
321285302,,15.0,15.0
321290001,,6.0,6.0
321290002,L,9.0,9.0
321290003,E L,9.0,9.0
321290004,L,12.0,12.0
321290005,L,13.0,13.0
321290006,L,16.0,16.0
321290007,L,12.0,12.0
321291103,L,15.0,15.0
321291104,L,16.0,16.0
321300001,L,13.0,13.0
321300002,E,12.0,12.0
321300003,L,15.0,15.0
