pidlink,marstat,age,sex,ethnicity,education,income/month,income/year
1220003,Married,34,Male,['Nias'],16.0,0.0,3500000.0
1245201,Married,30,Male,['Nias'],9.0,800000.0,1200000.0
1290004,Married,29,Male,['Nias'],6.0,400000.0,3000000.0
2010006,Married,24,Female,['Nias'],6.0,1500000.0,4700000.0
2020011,Married,22,Female,['Nias'],9.0,140000.0,600000.0
2050003,Married,28,Male,['Nias'],6.0,1600000.0,19200000.0
2050010,Married,26,Female,['Nias'],6.0,1500000.0,19500000.0
2065101,Married,52,Male,['Nias'],12.0,0.0,0.0
2180007,Married,24,Female,['Nias'],6.0,0.0,17400000.0
2200001,Married,54,Male,['Nias'],16.0,2000000.0,24000000.0
2250004,Married,28,Male,['Nias'],12.0,3000000.0,10000000.0
2250010,Married,25,Female,['Nias'],15.0,1400000.0,8400000.0
2260008,Married,22,Male,['Nias'],9.0,120000.0,600000.0
2290007,Widowed,45,Male,['Nias'],6.0,2000000.0,26000000.0
2295103,Married,17,Female,['Nias'],9.0,500000.0,6000000.0
3015102,Married,28,Male,['Batak'],9.0,520000.0,6600000.0
3020001,Married,47,Male,['Jawa'],6.0,1800000.0,7200000.0
3020003,Married,29,Male,['Batak'],13.0,1200000.0,7200000.0
3050006,Married,31,Male,['Batak'],12.0,3000000.0,39000000.0
3050010,Married,26,Male,['Batak'],12.0,2500000.0,10000000.0
3090005,Married,35,Male,['Batak'],12.0,5500000.0,66000000.0
3090006,Married,30,Female,['Batak'],16.0,4000000.0,48100000.0
3090008,Married,43,Male,['Batak'],13.0,1500000.0,28860000.0
3094102,Married,32,Male,['Batak'],13.0,4500000.0,76500000.0
3150002,Married,37,Female,['Batak'],12.0,400000.0,4800000.0
3153101,Married,40,Male,['Batak'],12.0,1800000.0,21600000.0
3180006,Married,28,Female,['Batak'],15.0,4000000.0,49500000.0
3183104,Married,28,Female,['Batak'],16.0,1200000.0,7710000.0
3184202,Married,33,Male,['Batak'],16.0,4000000.0,60000000.0
3185101,Married,29,Male,['Batak'],13.0,400000.0,19550000.0
3193102,Married,45,Female,['Batak'],16.0,2000000.0,26500000.0
3200004,Married,35,Male,['Batak'],16.0,3300000.0,24800000.0
3200005,Divorced,56,Male,['Batak'],16.0,5265000.0,57600000.0
3240002,Married,49,Male,['Batak'],12.0,4000000.0,76000000.0
3244101,Married,39,Male,['Jawa'],12.0,3000000.0,36000000.0
3260003,Married,31,Male,['Nias'],12.0,6000000.0,72000000.0
3260004,Married,29,Male,['Nias'],16.0,3800000.0,36400000.0
3260005,Married,26,Female,['Nias'],16.0,700000.0,8400000.0
3260009,Married,51,Female,['Batak'],16.0,4500000.0,91750000.0
3264102,Married,29,Female,['Sunda'],12.0,600000.0,7700000.0
3265102,Married,28,Female,['Other'],12.0,1800000.0,23400000.0
3290001,Married,51,Male,['Jawa'],6.0,1500000.0,19200000.0
3290003,Married,27,Male,['Batak'],12.0,3000000.0,36000000.0
4010002,Widowed,47,Female,['Batak'],16.0,4000000.0,34200000.0
4020005,Married,27,Male,['Batak'],12.0,1700000.0,19600000.0
4025201,Married,33,Male,['Batak'],12.0,600000.0,7200000.0
4030008,Married,24,Male,['Batak'],12.0,500000.0,6000000.0
4050001,Married,50,Male,['Batak'],16.0,4300000.0,55900000.0
4055102,Married,28,Male,['Batak'],13.0,2200000.0,24200000.0
4060003,Married,34,Male,['Batak'],12.0,1500000.0,18000000.0
4060004,Married,31,Male,['Batak'],12.0,2000000.0,24000000.0
4060005,Married,29,Male,['Batak'],15.0,1650000.0,20880000.0
4065202,Married,36,Female,['Batak'],13.0,700000.0,8000000.0
4070002,Married,49,Female,['Batak'],12.0,1900000.0,24400000.0
4070007,Married,34,Male,['Batak'],13.0,1200000.0,4800000.0
4100003,Married,37,Female,['Batak'],6.0,300000.0,900000.0
4100005,Married,33,Male,['Batak'],9.0,1652000.0,19824000.0
4100006,Married,30,Male,['Batak'],12.0,1000000.0,13000000.0
4100008,Married,28,Female,['Batak'],16.0,0.0,1200000.0
4110003,Married,35,Male,['Batak'],12.0,5000000.0,64000000.0
4130003,Married,33,Male,['Batak'],12.0,2800000.0,35100000.0
4130005,Married,36,Female,['Batak'],13.0,1500000.0,19200000.0
4132102,Married,32,Female,['Batak'],16.0,0.0,0.0
4140005,Married,30,Male,['Batak'],13.0,4000000.0,60200000.0
4140006,Married,27,Male,['Batak'],13.0,1800000.0,3200000.0
4140011,Married,23,Female,['Batak'],12.0,2000000.0,25700000.0
4144102,Married,33,Female,['Batak'],12.0,300000.0,2700000.0
4150003,Married,46,Male,['Batak'],16.0,1500000.0,18500000.0
4150004,Married,47,Female,['Batak'],16.0,4000000.0,51500000.0
4160002,Married,50,Female,['Batak'],12.0,800000.0,12400000.0
4190003,Married,29,Male,['Batak'],12.0,2000000.0,25000000.0
4220003,Married,36,Male,['Batak'],13.0,2500000.0,31700000.0
4232102,Married,36,Male,['Batak'],13.0,3500000.0,43000000.0
4242202,Married,37,Male,['Batak'],12.0,1800000.0,23400000.0
4253102,Married,40,Female,['Batak'],12.0,600000.0,7200000.0
5030001,Divorced,51,Female,['Jawa'],6.0,750000.0,9200000.0
5030002,Married,29,Female,['Jawa'],6.0,1200000.0,16700000.0
5034101,Married,34,Male,['Jawa'],9.0,2500000.0,32700000.0
5040004,Married,32,Male,['Jawa'],12.0,2000000.0,18800000.0
5040005,Married,30,Male,['Jawa'],12.0,2500000.0,34900000.0
5043103,Divorced,36,Female,['Jawa'],12.0,3500000.0,42000000.0
5060001,Married,56,Male,['Jawa'],6.0,1440000.0,18820000.0
5060003,Married,33,Male,['Jawa'],9.0,2400000.0,28800000.0
5080002,Married,63,Male,['Jawa'],6.0,400000.0,11000000.0
5080003,Married,59,Female,['Jawa'],6.0,350000.0,4550000.0
5094101,Divorced,27,Male,['Jawa'],6.0,900000.0,11600000.0
5095201,Married,26,Male,['Jawa'],16.0,800000.0,3250000.0
5100002,Married,52,Female,['Sunda'],6.0,500000.0,6500000.0
5100003,Married,27,Female,['Jawa'],6.0,600000.0,7700000.0
5110003,Married,48,Male,['Jawa'],9.0,3000000.0,36000000.0
5130008,Married,19,Male,['Jawa'],13.0,1500000.0,18000000.0
5131203,Married,35,Female,['Jawa'],6.0,650000.0,8400000.0
5134101,Married,52,Male,['Batak'],12.0,2932000.0,47319000.0
5140002,Married,63,Female,['Jawa'],6.0,300000.0,4100000.0
5140003,Married,40,Female,['Jawa'],6.0,200000.0,2500000.0
5140007,Married,28,Male,['Jawa'],13.0,1400000.0,15000000.0
5144101,Married,32,Male,['Batak'],13.0,2500000.0,30000000.0
5150001,Married,45,Male,['Jawa'],13.0,3000000.0,48000000.0
5160001,Married,54,Male,['Jawa'],6.0,750000.0,9000000.0
5160002,Married,51,Female,['Jawa'],6.0,250000.0,1800000.0
5160007,Married,20,Female,['Jawa'],13.0,80000.0,400000.0
5164101,Married,43,Male,['Jawa'],9.0,3240000.0,20000000.0
5165101,Married,27,Male,['Jawa'],9.0,2240000.0,8960000.0
5170003,Married,29,Male,['Batak'],13.0,1400000.0,16800000.0
5180003,Married,37,Female,['Jawa'],6.0,400000.0,5300000.0
5180005,Married,30,Male,['Jawa'],6.0,1920000.0,1920000.0
6010001,Married,49,Male,['Batak'],12.0,2300000.0,38600000.0
6010002,Married,49,Female,['Batak'],13.0,3500000.0,54200000.0
6010003,Married,26,Female,['Tionghoa'],16.0,3000000.0,42000000.0
6030002,Married,55,Female,['Jawa'],6.0,720000.0,9540000.0
6030003,Married,30,Male,['Jawa'],6.0,400000.0,4800000.0
6034102,Married,37,Female,['Jawa'],6.0,300000.0,3300000.0
6034202,Married,26,Female,['Jawa'],6.0,100000.0,1200000.0
6040002,Married,55,Female,['Jawa'],6.0,1365000.0,25065000.0
6040003,Married,40,Male,['Jawa'],6.0,2100000.0,36500000.0
6040004,Married,36,Male,['Jawa'],13.0,2400000.0,31200000.0
6041102,Married,37,Female,['Jawa'],16.0,500000.0,6000000.0
6060001,Married,57,Male,['Batak'],9.0,1200000.0,14400000.0
6060002,Married,54,Female,['Batak'],6.0,1360000.0,24320000.0
6060004,Married,47,Male,['Batak'],9.0,1800000.0,33200000.0
6070001,Married,55,Male,['Jawa'],6.0,1300000.0,22100000.0
6070002,Married,53,Female,['Jawa'],6.0,1300000.0,22100000.0
6080001,Married,55,Male,['Batak'],6.0,1000000.0,8000000.0
6080005,Married,23,Male,['Batak'],9.0,2000000.0,24000000.0
6080009,Married,25,Female,['Batak'],16.0,1000000.0,7000000.0
6090002,Married,52,Female,['Jawa'],9.0,1968000.0,33252000.0
6090005,Married,25,Male,['Jawa'],15.0,5000000.0,85000000.0
6094101,Married,31,Male,['Jawa'],6.0,3400000.0,42790000.0
6095101,Married,30,Male,['Jawa'],9.0,1500000.0,32600000.0
6100002,Married,53,Female,['Jawa'],6.0,1100000.0,24200000.0
6100003,Married,34,Male,['Jawa'],9.0,1174500.0,15174000.0
6104102,Married,26,Female,['Jawa'],9.0,390000.0,1000000.0
6110003,Married,40,Male,['Jawa'],12.0,3900000.0,367800000.0
6110006,Married,46,Male,['Jawa'],9.0,3300000.0,50160000.0
6110007,Married,46,Female,['Jawa'],9.0,1200000.0,14600000.0
6114101,Married,32,Male,['Jawa'],13.0,2000000.0,25000000.0
6120003,Married,35,Female,['Batak'],9.0,340000.0,3600000.0
6120005,Married,18,Male,['Jawa'],9.0,1200000.0,16560000.0
6121104,Married,38,Male,['Jawa'],6.0,1810000.0,30120000.0
6125204,Married,20,Male,['Jawa'],9.0,500000.0,500000.0
6130005,Married,33,Male,['Batak'],16.0,1500000.0,21000000.0
6140002,Widowed,55,Female,['Batak'],9.0,1800000.0,3700000.0
6140003,Married,35,Male,['Batak'],9.0,1250000.0,15000000.0
6144101,Married,33,Male,['Batak'],12.0,0.0,36000000.0
6144202,Separated,25,Female,['Batak'],13.0,2000000.0,26000000.0
6170003,Married,37,Male,['Melayu'],12.0,2600000.0,43000000.0
6175101,Married,25,Male,['Jawa'],9.0,2000000.0,24900000.0
6190001,Married,53,Male,['Melayu'],6.0,1560000.0,26220000.0
6190008,Married,27,Male,['Jawa'],12.0,1500000.0,27900000.0
6195101,Married,32,Male,['Jawa'],13.0,1250000.0,22100000.0
6200003,Married,36,Male,['Melayu'],9.0,2400000.0,28800000.0
7070003,Married,41,Male,['Batak'],12.0,1200000.0,3800000.0
7080001,Married,72,Male,['Jawa'],6.0,210000.0,1440000.0
7085102,Married,42,Female,['Jawa'],12.0,1000000.0,12000000.0
7130004,Married,30,Female,['Batak'],13.0,6000000.0,78000000.0
7140004,Married,32,Female,['Batak'],15.0,500000.0,6000000.0
7163107,Married,31,Male,['Batak'],9.0,1500000.0,19500000.0
7235101,Married,37,Male,['Batak'],9.0,700000.0,7000000.0
7250002,Widowed,42,Female,['Batak'],12.0,1000000.0,10000000.0
8014202,Married,32,Male,['Jawa'],12.0,1500000.0,18700000.0
8015101,Married,25,Male,['Jawa'],12.0,800000.0,9600000.0
8020004,Married,33,Female,['Batak'],6.0,0.0,0.0
8030001,Married,51,Male,['Jawa'],6.0,460000.0,7160000.0
8030002,Married,47,Female,['Jawa'],6.0,120000.0,500000.0
8033102,Separated,48,Female,['Banten'],6.0,930000.0,11360000.0
8040003,Married,38,Male,['Jawa'],9.0,2100000.0,22100000.0
8040004,Married,38,Male,['Jawa'],9.0,1500000.0,23000000.0
8040005,Married,32,Male,['Jawa'],9.0,600000.0,72400000.0
8040007,Married,33,Female,['Melayu'],6.0,360000.0,2520000.0
8050002,Married,52,Female,['Jawa'],6.0,270000.0,3440000.0
8060003,Separated,35,Male,['Jawa'],6.0,600000.0,1500000.0
8070004,Married,33,Male,['Jawa'],6.0,500000.0,10800000.0
8070005,Married,30,Female,['Jawa'],9.0,0.0,0.0
8074201,Married,49,Male,['Jawa'],13.0,2020000.0,31740000.0
8080003,Married,34,Female,['Jawa'],9.0,200000.0,2880000.0
8083101,Married,40,Male,['Batak'],6.0,2240000.0,28880000.0
8090005,Married,33,Male,['Jawa'],6.0,2700000.0,34400000.0
8090007,Married,25,Male,['Jawa'],9.0,4000000.0,38000000.0
8094102,Married,33,Female,['Jawa'],13.0,250000.0,3500000.0
8100006,Married,31,Female,['Jawa'],15.0,3000000.0,47640000.0
8110009,Married,21,Male,['Jawa'],9.0,1500000.0,4500000.0
8120004,Married,26,Male,['Jawa'],9.0,1500000.0,18000000.0
8125201,Married,28,Male,['Jawa'],13.0,800000.0,9600000.0
8130001,Married,49,Male,['Jawa'],6.0,400000.0,5950000.0
8130002,Married,49,Female,['Jawa'],6.0,550000.0,6600000.0
8140003,Married,38,Male,['Jawa'],9.0,3000000.0,38000000.0
8140006,Married,25,Male,['Jawa'],9.0,1500000.0,18000000.0
8150003,Married,38,Female,['Jawa'],6.0,300000.0,1500000.0
8153101,Married,43,Male,['Jawa'],9.0,1800000.0,10800000.0
8153201,Married,37,Male,['Jawa'],6.0,2900000.0,36800000.0
8155101,Married,32,Male,['Jawa'],9.0,1200000.0,4136000.0
8155201,Married,29,Male,['Jawa'],9.0,1000000.0,20000000.0
8160002,Married,46,Male,['Jawa'],6.0,1500000.0,18000000.0
8170005,Married,43,Male,['Jawa'],12.0,3000000.0,30000000.0
8200007,Married,57,Male,['Batak'],6.0,810000.0,810000.0
8204101,Married,33,Male,['Jawa'],9.0,1000000.0,12000000.0
8210010,Married,30,Male,['Jawa'],13.0,1200000.0,2700000.0
8220001,Married,49,Male,['Jawa'],9.0,1500000.0,11300000.0
8220003,Married,29,Male,['Jawa'],12.0,2500000.0,10500000.0
8225201,Married,29,Male,['Jawa'],13.0,1200000.0,4680000.0
8243101,Married,39,Male,['Jawa'],6.0,1950000.0,33500000.0
8254101,Married,43,Male,['Jawa'],9.0,2700000.0,34900000.0
8260003,Divorced,46,Male,['Jawa'],6.0,0.0,0.0
8273106,Married,26,Male,['Jawa'],9.0,2000000.0,8000000.0
8280003,Married,24,Female,['Jawa'],9.0,300000.0,300000.0
8285203,Married,26,Male,['Jawa'],9.0,600000.0,7200000.0
8290008,Married,26,Female,['Jawa'],12.0,900000.0,11700000.0
8293101,Married,47,Male,['Jawa'],16.0,265000.0,3180000.0
8300004,Married,35,Male,['Jawa'],13.0,2000000.0,24000000.0
8303101,Married,43,Male,['Jawa'],12.0,3000000.0,40000000.0
9070003,Married,33,Male,['Jawa'],9.0,2000000.0,24000000.0
9070010,Married,38,Male,['Batak'],12.0,3000000.0,3000000.0
9084203,Married,27,Male,['Batak'],12.0,2400000.0,30300000.0
9090001,Married,52,Male,['Batak'],9.0,1500000.0,5000000.0
9090002,Married,52,Female,['Batak'],9.0,840000.0,4000000.0
9120005,Married,44,Male,['Batak'],9.0,720000.0,720000.0
9164101,Married,44,Male,['Batak'],13.0,1200000.0,7200000.0
9174101,Married,30,Male,['Batak'],9.0,2000000.0,18300000.0
9190004,Married,35,Male,['Batak'],12.0,2100000.0,27300000.0
9190005,Married,32,Male,['Batak'],13.0,3500000.0,45500000.0
9220001,Married,50,Male,['Batak'],9.0,566000.0,566000.0
9220003,Married,25,Male,['Batak'],13.0,1000000.0,1000000.0
9230001,Married,53,Male,['Batak'],16.0,22500000.0,94500000.0
9230002,Married,54,Female,['Batak'],15.0,3500000.0,63500000.0
9230004,Married,26,Female,['Batak'],16.0,0.0,0.0
9234102,Married,30,Male,['Batak'],13.0,0.0,10400000.0
9240002,Married,46,Female,['Batak'],13.0,2000000.0,32100000.0
9280004,Married,27,Female,['Batak'],9.0,1500000.0,1500000.0
9290002,Married,40,Male,['Batak'],12.0,1300000.0,17200000.0
9304101,Married,39,Male,['Batak'],16.0,2000000.0,18000000.0
10050005,Married,39,Male,['Batak'],16.0,1750000.0,45000000.0
10060005,Married,30,Female,['Batak'],15.0,3000000.0,36000000.0
10120007,Separated,25,Female,['Batak'],9.0,630000.0,630000.0
10210005,Married,33,Male,['Batak'],6.0,2000000.0,24000000.0
10270004,Married,29,Male,['Batak'],6.0,1000000.0,5000000.0
10275101,Married,31,Male,['Batak'],13.0,3000000.0,50000000.0
10433208,Married,33,Male,['Batak'],13.0,2000000.0,24000000.0
10434302,Married,34,Female,['Batak'],12.0,1800000.0,23100000.0
11040003,Married,45,Female,['Batak'],16.0,6000000.0,78200000.0
11040005,Separated,30,Female,['Batak'],6.0,840000.0,10080000.0
11060003,Married,32,Male,['Batak'],13.0,2000000.0,12000000.0
11090001,Divorced,50,Female,['Batak'],16.0,3000000.0,42000000.0
11120001,Married,45,Male,['Batak'],13.0,3500000.0,36000000.0
11120003,Married,27,Male,['Batak'],16.0,4000000.0,48000000.0
11135101,Married,39,Male,['Batak'],6.0,3000000.0,3000000.0
11200003,Married,48,Male,['Batak'],16.0,3300000.0,39600000.0
11240003,Married,40,Male,['Batak'],16.0,2000000.0,18500000.0
11240009,Married,44,Female,['Batak'],15.0,600000.0,7200000.0
11250005,Married,30,Female,['Batak'],16.0,1000000.0,12125000.0
11260008,Widowed,35,Female,['Batak'],12.0,500000.0,2000000.0
11270007,Married,25,Female,['Batak'],16.0,3000000.0,39400000.0
11274101,Married,38,Male,['Batak'],15.0,5000000.0,75000000.0
12040003,Married,35,Male,['Batak'],13.0,2700000.0,35100000.0
12040006,Married,25,Male,['Batak'],16.0,2000000.0,26000000.0
12045101,Married,30,Male,['Batak'],12.0,1800000.0,23400000.0
12050001,Married,53,Male,['Jawa'],12.0,2160000.0,21600000.0
12050006,Married,25,Male,['Jawa'],13.0,1895000.0,27755000.0
12060004,Married,29,Male,['Jawa'],9.0,2400000.0,29100000.0
12063107,Married,37,Male,['Jawa'],13.0,3400000.0,45000000.0
12070001,Married,54,Male,['Jawa'],9.0,1600000.0,22800000.0
12074101,Married,37,Male,['Jawa'],15.0,3500000.0,49000000.0
12095201,Married,34,Male,['Batak'],9.0,1800000.0,21600000.0
12110001,Married,57,Male,['Melayu'],9.0,225000.0,400000.0
12110003,Married,27,Male,['Jawa'],13.0,2400000.0,6200000.0
12120001,Married,64,Male,['Batak'],9.0,2300000.0,32200000.0
12120003,Married,34,Female,['Jawa'],15.0,2000000.0,26200000.0
12120004,Married,30,Male,['Batak'],13.0,1600000.0,20900000.0
12124101,Married,35,Male,['Jawa'],13.0,2000000.0,26000000.0
12125102,Married,26,Female,['Batak'],12.0,1400000.0,15600000.0
12130001,Married,56,Male,['Sunda'],9.0,2400000.0,28800000.0
12140007,Married,32,Male,['Jawa'],12.0,1500000.0,1950000.0
12143202,Married,42,Male,['Other'],9.0,2000000.0,29900000.0
12143302,Married,39,Female,['Batak'],13.0,2200000.0,2300000.0
12143401,Married,40,Male,['Jawa'],9.0,6000000.0,6000000.0
12145203,Married,22,Male,['Batak'],13.0,1700000.0,8500000.0
12160003,Married,48,Male,['Jawa'],13.0,4000000.0,20000000.0
12160006,Married,39,Male,['Banten'],9.0,470000.0,3000000.0
12160013,Married,45,Male,['Jawa'],13.0,3000000.0,40000000.0
12165302,Married,42,Female,['Jawa'],13.0,1700000.0,17000000.0
12165401,Married,37,Male,['Melayu'],6.0,2000000.0,24200000.0
12175101,Married,27,Male,['Jawa'],13.0,6000000.0,86000000.0
12180005,Married,29,Male,['Jawa'],16.0,2500000.0,36300000.0
12180006,Married,34,Female,['Batak'],16.0,200000.0,800000.0
12190004,Married,37,Female,['Jawa'],9.0,2000000.0,26000000.0
12190007,Married,31,Male,['Jawa'],6.0,1500000.0,1500000.0
12190012,Married,47,Male,['Jawa'],12.0,200000.0,2400000.0
12194101,Married,39,Male,['Jawa'],13.0,1900000.0,24700000.0
12195102,Married,32,Female,['Batak'],9.0,2000000.0,23525000.0
12195201,Married,28,Male,['Melayu'],9.0,2040000.0,27420000.0
13010001,Married,47,Male,['Batak'],6.0,1700000.0,25500000.0
13015101,Married,29,Male,['Jawa'],13.0,1300000.0,15600000.0
13020002,Married,49,Female,['Jawa'],6.0,828000.0,7452000.0
13020003,Married,31,Male,['Jawa'],9.0,1400000.0,15400000.0
13020004,Married,29,Male,['Jawa'],12.0,1900000.0,24700000.0
13024102,Married,27,Female,['Jawa'],12.0,1963000.0,25519000.0
13040001,Married,44,Male,['Jawa'],12.0,2320000.0,38840000.0
13040002,Married,40,Female,['Jawa'],6.0,200000.0,200000.0
13050002,Widowed,55,Female,['Jawa'],6.0,828000.0,9936000.0
13050003,Married,37,Male,['Jawa'],13.0,1800000.0,22900000.0
13050005,Married,31,Male,['Jawa'],9.0,1000000.0,10900000.0
13053102,Married,38,Female,['Jawa'],13.0,1000000.0,12500000.0
13054101,Married,35,Male,['Jawa'],9.0,1200000.0,14400000.0
13060001,Married,50,Male,['Jawa'],13.0,2700000.0,32100000.0
13065101,Married,32,Male,['Jawa'],13.0,1600000.0,28800000.0
13070003,Divorced,39,Male,['Jawa'],6.0,1700000.0,29100000.0
13070004,Married,36,Female,['Jawa'],16.0,300000.0,3600000.0
13070005,Married,32,Male,['Jawa'],13.0,1300000.0,19200000.0
13080002,Married,56,Female,['Jawa'],6.0,800000.0,2550000.0
13080005,Married,28,Male,['Jawa'],13.0,2300000.0,15600000.0
13084101,Married,38,Male,['Jawa'],13.0,3000000.0,36800000.0
13090001,Married,50,Male,['Jawa'],6.0,1700000.0,22100000.0
13090002,Married,53,Female,['Jawa'],6.0,1700000.0,25500000.0
13090003,Married,26,Male,['Jawa'],13.0,1700000.0,20400000.0
13090005,Divorced,35,Male,['Jawa'],13.0,1700000.0,22100000.0
13100001,Married,53,Male,['Jawa'],6.0,1700000.0,22100000.0
13100002,Married,50,Female,['Jawa'],6.0,1700000.0,28900000.0
13100003,Married,33,Male,['Jawa'],13.0,1700000.0,28900000.0
13104107,Married,35,Male,['Jawa'],6.0,2000000.0,12000000.0
13105102,Married,28,Female,['Jawa'],16.0,500000.0,6000000.0
13105201,Married,31,Male,['Jawa'],13.0,2400000.0,36300000.0
13110008,Married,38,Female,['Jawa'],6.0,60000.0,5760000.0
13125201,Married,25,Male,['Sunda'],9.0,3000000.0,10750000.0
13130001,Married,49,Male,['Jawa'],6.0,2300000.0,29300000.0
13130002,Separated,46,Female,['Jawa'],6.0,500000.0,6850000.0
13140003,Married,35,Male,['Jawa'],9.0,1700000.0,27030000.0
13140005,Married,33,Male,['Jawa'],12.0,1950000.0,2430000.0
13144202,Married,33,Female,['Jawa'],9.0,800000.0,1600000.0
13145102,Married,35,Female,['Jawa'],12.0,600000.0,6000000.0
13145302,Married,22,Female,['Jawa'],13.0,1500000.0,19630000.0
13160003,Married,34,Male,['Jawa'],13.0,3260000.0,40620000.0
13170001,Married,50,Male,['Jawa'],9.0,2300000.0,21000000.0
13170002,Married,50,Female,['Minang'],9.0,20000.0,20000.0
13190003,Married,40,Male,['Jawa'],9.0,1700000.0,30360000.0
13190004,Married,29,Male,['Jawa'],12.0,2500000.0,15000000.0
14100004,Married,37,Male,['Batak'],9.0,0.0,8000000.0
14100007,Married,33,Female,['Nias'],12.0,0.0,3600000.0
14100009,Married,35,Female,['Batak'],16.0,1200000.0,20400000.0
14110003,Married,53,Male,['Batak'],12.0,1000000.0,7000000.0
14120002,Widowed,61,Female,['Batak'],6.0,900000.0,10800000.0
14130003,Married,40,Male,['Batak'],9.0,1800000.0,9000000.0
14140006,Married,35,Male,['Batak'],12.0,2900000.0,35250000.0
14140007,Married,32,Male,['Minang'],12.0,2000000.0,26000000.0
14144102,Married,35,Female,['Minang'],16.0,3050000.0,38400000.0
14180001,Married,55,Male,['Jawa'],12.0,2000000.0,44000000.0
14180003,Married,30,Female,['Jawa'],16.0,3500000.0,44000000.0
14180004,Married,29,Male,['Jawa'],16.0,4200000.0,58800000.0
15030002,Married,53,Female,['Batak'],12.0,2500000.0,32500000.0
15040002,Married,50,Male,['Batak'],9.0,800000.0,9950000.0
15040007,Widowed,46,Female,['Batak'],12.0,600000.0,2000000.0
15043202,Married,36,Female,['Batak'],13.0,0.0,7500000.0
15050003,Married,33,Female,['Batak'],18.0,3000000.0,40100000.0
15050005,Married,42,Female,['Batak'],16.0,2500000.0,2827000.0
15070004,Married,28,Male,['Batak'],13.0,720000.0,13200000.0
15070009,Married,28,Female,['Batak'],9.0,350000.0,4600000.0
15080003,Married,50,Male,['Batak'],12.0,1200000.0,15000000.0
15080006,Married,25,Female,['Batak'],16.0,400000.0,4600000.0
15083201,Married,41,Male,['Batak'],16.0,3000000.0,62008000.0
15090001,Married,48,Male,['Batak'],15.0,4000000.0,52000000.0
15090002,Married,48,Female,['Batak'],12.0,3500000.0,42390000.0
15160003,Married,36,Female,['Batak'],16.0,500000.0,11400000.0
15160004,Married,34,Male,['Batak'],16.0,1500000.0,14000000.0
15180001,Married,55,Male,['Batak'],16.0,4100000.0,58800000.0
15180002,Married,52,Female,['Batak'],16.0,4000000.0,93800000.0
15190005,Married,32,Male,['Batak'],16.0,2535300.0,38270000.0
15193106,Married,39,Male,['Batak'],12.0,5000000.0,65000000.0
15200003,Married,40,Male,['Batak'],16.0,3100000.0,68500000.0
15200004,Married,35,Male,['Batak'],16.0,1500000.0,57600000.0
15201102,Married,33,Female,['Batak'],16.0,2200000.0,28900000.0
16012107,Divorced,46,Male,['Minang'],12.0,1300000.0,15900000.0
16020003,Married,27,Male,['Tionghoa'],16.0,3500000.0,42000000.0
16020004,Married,26,Male,['Tionghoa'],12.0,1750000.0,30670000.0
16040005,Divorced,44,Male,['Minang'],6.0,800000.0,8000000.0
16040013,Married,41,Male,['Minang'],13.0,1520000.0,2100000.0
16050005,Married,43,Male,['Batak'],6.0,280000.0,280000.0
16070003,Married,32,Male,['Melayu'],13.0,1500000.0,18000000.0
16130005,Married,43,Female,['Batak'],16.0,800000.0,16900000.0
16130009,Married,36,Male,['Batak'],16.0,2703000.0,60000000.0
16130010,Married,34,Male,['Batak'],15.0,3950000.0,38900000.0
16130011,Married,30,Female,['Batak'],16.0,3100000.0,40300000.0
16130013,Married,58,Male,['Batak'],9.0,1150000.0,14000000.0
16130014,Married,39,Female,['Batak'],12.0,460000.0,6240000.0
16132207,Married,33,Female,['Batak'],15.0,2300000.0,33180000.0
16135102,Married,32,Female,['Batak'],15.0,3700000.0,42100000.0
16140005,Married,44,Male,['Batak'],16.0,3200000.0,38400000.0
16160006,Married,31,Female,['Jawa'],18.0,800000.0,10900000.0
16170002,Married,52,Male,['Jawa'],9.0,1800000.0,21600000.0
16170003,Married,47,Female,['Batak'],9.0,0.0,0.0
16410005,Married,36,Female,['Batak'],18.0,4000000.0,51000000.0
17030001,Married,55,Male,['Tionghoa'],12.0,500000.0,6000000.0
17040005,Married,37,Male,['Batak'],9.0,600000.0,600000.0
17060001,Married,72,Male,['Jawa'],9.0,2000000.0,10000000.0
17075101,Married,33,Male,['Minang'],12.0,3400000.0,58000000.0
17080001,Married,69,Male,['Batak'],6.0,600000.0,7200000.0
17080004,Married,38,Male,['Batak'],6.0,800000.0,10000000.0
17084102,Married,32,Female,['Batak'],9.0,400000.0,4800000.0
17090008,Married,44,Male,['Jawa'],12.0,0.0,0.0
17095201,Married,36,Male,['Minang'],12.0,6000000.0,20000000.0
17100003,Divorced,37,Female,['Tionghoa'],15.0,1800000.0,19000000.0
17120003,Married,30,Female,['Batak'],9.0,0.0,5000000.0
17120004,Married,29,Male,['Batak'],9.0,1200000.0,2200000.0
17120005,Married,25,Male,['Batak'],12.0,1385000.0,19390000.0
17124202,Married,31,Female,['Melayu'],15.0,450000.0,5400000.0
17125202,Married,24,Male,['Batak'],6.0,500000.0,6500000.0
17130006,Married,35,Male,['Minang'],13.0,1000000.0,18000000.0
17130008,Married,22,Male,['Melayu'],9.0,1800000.0,18000000.0
17130009,Married,42,Male,['Batak'],13.0,500000.0,1000000.0
17132108,Married,25,Female,['Batak'],16.0,1500000.0,18000000.0
17134302,Married,38,Female,['Batak'],9.0,500000.0,6000000.0
17160005,Widowed,39,Female,['Melayu'],13.0,1000000.0,12000000.0
17160006,Married,36,Female,['Melayu'],15.0,2500000.0,5000000.0
17160013,Married,24,Female,['Melayu'],12.0,500000.0,5700000.0
17170004,Married,42,Male,['Batak'],13.0,2400000.0,7200000.0
17170006,Married,36,Male,['Jawa'],13.0,1500000.0,18500000.0
17170007,Divorced,30,Male,"['Batak', 'Other']",6.0,800000.0,9600000.0
17184101,Married,36,Male,['Batak'],6.0,3200000.0,38400000.0
17190005,Married,33,Male,['Jawa'],12.0,1200000.0,14400000.0
17200001,Married,55,Male,['Minang'],9.0,1000000.0,8000000.0
17200003,Married,32,Male,['Minang'],12.0,1500000.0,18500000.0
17200004,Married,30,Female,['Minang'],16.0,500000.0,7800000.0
17205102,Married,31,Female,['Batak'],15.0,1000000.0,12000000.0
17205201,Married,30,Male,['Batak'],12.0,1000000.0,3000000.0
18020010,Married,18,Female,['Jawa'],6.0,200000.0,200000.0
18025201,Married,27,Male,['Melayu'],6.0,1000000.0,7000000.0
18030005,Married,30,Female,['Minang'],16.0,500000.0,7200000.0
18030007,Married,38,Male,['Jawa'],9.0,2000000.0,24000000.0
18040006,Married,35,Female,['Banjar'],6.0,500000.0,6000000.0
18040007,Divorced,31,Male,['Banjar'],6.0,210000.0,210000.0
18043204,Widowed,31,Male,['Melayu'],6.0,2000000.0,25000000.0
18050004,Married,39,Male,['Batak'],12.0,1500000.0,2500000.0
18060007,Married,59,Male,['Jawa'],6.0,2500000.0,30000000.0
18090007,Widowed,52,Female,['Melayu'],6.0,850000.0,10200000.0
18091101,Married,46,Male,['Batak'],16.0,1916000.0,30400000.0
18100001,Married,50,Male,['Batak'],9.0,1200000.0,7200000.0
18100002,Married,46,Female,['Aceh'],12.0,300000.0,300000.0
18110001,Married,55,Male,['Batak'],18.0,10000000.0,120000000.0
18110003,Married,29,Male,['Batak'],16.0,1800000.0,23400000.0
18120004,Widowed,48,Male,['Batak'],9.0,1500000.0,18000000.0
18150001,Married,54,Male,['Batak'],6.0,1500000.0,18000000.0
18150003,Married,30,Female,['Jawa'],6.0,240000.0,3060000.0
18160003,Married,37,Female,['Batak'],16.0,200000.0,4400000.0
18160004,Married,35,Female,['Batak'],16.0,350000.0,1700000.0
18160005,Married,30,Female,['Batak'],12.0,0.0,0.0
18160007,Married,40,Male,['Melayu'],12.0,1500000.0,18000000.0
18160011,Married,31,Male,['Batak'],9.0,2100000.0,2100000.0
18163102,Married,34,Male,['Batak'],6.0,1800000.0,16000000.0
18180006,Married,57,Male,['Batak'],9.0,4000000.0,60000000.0
18180008,Married,30,Female,['Batak'],12.0,1200000.0,15600000.0
18190008,Married,42,Male,['Melayu'],16.0,1600000.0,19200000.0
19090002,Widowed,54,Female,['Jawa'],9.0,1500000.0,18800000.0
19090004,Married,32,Male,['Jawa'],16.0,4000000.0,100000000.0
19100016,Married,39,Male,['Batak'],12.0,1440000.0,17280000.0
19103102,Married,53,Female,['Banten'],6.0,200000.0,2400000.0
19120003,Married,47,Male,['Tionghoa'],12.0,400000.0,4800000.0
19200001,Married,64,Male,['Tionghoa'],9.0,800000.0,9600000.0
19200004,Divorced,36,Female,['Tionghoa'],12.0,5000000.0,65000000.0
20010002,Married,57,Female,['Tionghoa'],6.0,1500000.0,19500000.0
20020001,Widowed,49,Female,['Batak'],6.0,700000.0,8400000.0
20030002,Married,41,Male,['Jawa'],13.0,1764000.0,21168000.0
20050004,Married,41,Male,['Batak'],12.0,2000000.0,24000000.0
20060006,Married,37,Female,['Batak'],16.0,2000000.0,42000000.0
20063101,Married,39,Male,['Batak'],12.0,6000000.0,80000000.0
20100004,Married,45,Female,['Batak'],13.0,2500000.0,32500000.0
20110004,Married,36,Female,['Batak'],16.0,3500000.0,44000000.0
20110005,Married,34,Female,['Batak'],16.0,4000000.0,52000000.0
20150006,Married,40,Female,['Batak'],12.0,3000000.0,40100000.0
20153101,Married,43,Male,['Minang'],9.0,1200000.0,14400000.0
20170001,Married,54,Male,['Banten'],6.0,1920000.0,24960000.0
20170002,Married,49,Female,['Banjar'],6.0,1100000.0,13600000.0
20184101,Married,38,Male,['Jawa'],13.0,1000000.0,12750000.0
20190004,Married,34,Female,['Batak'],15.0,2200000.0,29600000.0
20194101,Married,37,Male,['Batak'],13.0,1763600.0,22926800.0
20195101,Married,47,Male,['Batak'],12.0,5000000.0,70000000.0
20200006,Married,40,Male,['Minang'],9.0,3000000.0,18000000.0
21010003,Married,37,Female,['Jawa'],16.0,3615000.0,86511000.0
21010008,Married,43,Male,['Jawa'],16.0,3000000.0,36000000.0
21050005,Married,44,Female,['Batak'],13.0,250000.0,5000000.0
21050007,Married,40,Male,['Batak'],12.0,700000.0,6000000.0
21050009,Married,49,Male,['Jawa'],6.0,200000.0,2400000.0
21060002,Married,53,Female,['Batak'],16.0,250000.0,6000000.0
21070003,Married,31,Male,['Jawa'],13.0,2300000.0,43200000.0
21075102,Married,31,Female,['Jawa'],12.0,400000.0,400000.0
21110002,Married,47,Male,['Jawa'],9.0,1800000.0,23800000.0
21110004,Married,37,Male,['Jawa'],6.0,1000000.0,12000000.0
21113103,Married,20,Male,['Jawa'],9.0,2500000.0,36000000.0
21130005,Married,30,Male,['Jawa'],9.0,300000.0,5500000.0
21134101,Married,34,Male,['Jawa'],6.0,1200000.0,8350000.0
21134201,Married,34,Male,['Batak'],9.0,2000000.0,20300000.0
21134301,Married,36,Male,['Batak'],12.0,1500000.0,18500000.0
21145101,Married,22,Male,['Jawa'],13.0,1100000.0,3300000.0
21150003,Divorced,38,Male,['Jawa'],6.0,800000.0,4800000.0
21150006,Married,32,Male,['Jawa'],6.0,400000.0,4900000.0
21165101,Married,25,Male,['Batak'],9.0,2000000.0,26000000.0
21170008,Married,29,Female,['Jawa'],9.0,300000.0,300000.0
21170012,Married,35,Male,['Jawa'],13.0,1400000.0,10500000.0
21173201,Married,43,Male,['Jawa'],13.0,1500000.0,9000000.0
21180005,Married,41,Male,['Jawa'],13.0,1500000.0,7500000.0
21190001,Married,55,Male,['Jawa'],6.0,500000.0,8000000.0
21190004,Married,27,Male,['Jawa'],9.0,1500000.0,3000000.0
21190005,Divorced,24,Female,['Jawa'],15.0,1600000.0,3100000.0
21190008,Married,24,Male,['Batak'],12.0,1900000.0,23100000.0
22020005,Divorced,55,Female,['Jawa'],6.0,400000.0,5100000.0
22020012,Widowed,64,Female,['Jawa'],6.0,300000.0,3600000.0
22050004,Married,34,Female,['Batak'],15.0,1500000.0,20800000.0
22050007,Married,44,Male,['Batak'],16.0,0.0,7000000.0
22054101,Married,35,Male,['Batak'],16.0,3400000.0,44200000.0
22080004,Married,35,Male,['Jawa'],12.0,2000000.0,10500000.0
22084202,Married,32,Female,['Batak'],15.0,1450000.0,17400000.0
22085101,Married,37,Male,['Batak'],13.0,4000000.0,70000000.0
22090002,Married,44,Female,['Jawa'],13.0,700000.0,2100000.0
22090006,Married,28,Male,['Sunda'],16.0,1700000.0,22600000.0
22100004,Married,33,Male,['Minang'],12.0,1800000.0,1850000.0
22105102,Married,34,Female,['Minang'],12.0,1200000.0,14500000.0
22113101,Married,52,Male,['Melayu'],12.0,4500000.0,58500000.0
22140008,Married,51,Male,['Batak'],13.0,3000000.0,36000000.0
22140009,Married,48,Female,['Batak'],13.0,1800000.0,21600000.0
22160002,Married,50,Female,['Minang'],12.0,3000000.0,39000000.0
22175102,Married,33,Male,['Jawa'],12.0,1800000.0,23200000.0
22180005,Married,40,Male,['Minang'],12.0,2500000.0,39500000.0
22180006,Married,40,Male,['Minang'],16.0,7100000.0,88800000.0
22180007,Married,39,Female,['Minang'],16.0,2000000.0,42000000.0
22180008,Married,49,Male,['Minang'],6.0,1000000.0,13000000.0
22181101,Married,46,Male,['Jawa'],13.0,2400000.0,28800000.0
22183107,Married,35,Female,['Batak'],16.0,3061000.0,88200000.0
22190003,Married,24,Male,['Batak'],13.0,300000.0,7200000.0
22190005,Married,31,Female,['Batak'],12.0,100000.0,100000.0
23050003,Divorced,55,Female,['Jawa'],12.0,400000.0,400000.0
23050006,Widowed,66,Female,['Jawa'],6.0,400000.0,400000.0
23070003,Married,43,Female,['Batak'],16.0,3000000.0,35900000.0
23080001,Married,47,Male,['Jawa'],13.0,1700000.0,23900000.0
23080003,Married,22,Female,['Other'],12.0,300000.0,1500000.0
23080009,Married,40,Female,['Jawa'],9.0,900000.0,11700000.0
23085107,Married,23,Male,['Jawa'],13.0,1200000.0,7300000.0
23100003,Married,35,Male,['Jawa'],16.0,1000000.0,12000000.0
23100006,Married,30,Male,['Jawa'],16.0,2000000.0,4000000.0
23105302,Married,24,Female,['Batak'],12.0,1500000.0,18500000.0
23105401,Married,27,Male,['Batak'],13.0,2600000.0,31200000.0
23110003,Married,51,Female,['Jawa'],16.0,1800000.0,23200000.0
23120003,Married,40,Female,['Jawa'],15.0,2600000.0,39000000.0
23120004,Married,36,Male,['Jawa'],15.0,2080000.0,26660000.0
23120005,Married,46,Male,['Aceh'],12.0,1000000.0,21600000.0
23120007,Married,32,Female,['Minang'],12.0,800000.0,16100000.0
23140007,Married,40,Male,['Batak'],13.0,2000000.0,24000000.0
23170005,Married,33,Male,['Batak'],16.0,5000000.0,12000000.0
23170006,Married,31,Female,['Batak'],15.0,5000000.0,65000000.0
24010003,Married,41,Female,['Batak'],16.0,2200000.0,28600000.0
24010004,Married,39,Male,['Batak'],15.0,2800000.0,37780000.0
24010005,Married,38,Male,['Batak'],15.0,4000000.0,54080000.0
24010006,Married,32,Male,['Batak'],16.0,2937000.0,37844000.0
24010007,Married,37,Female,['Batak'],15.0,2650000.0,33700000.0
24014102,Married,49,Male,['Jawa'],16.0,3500000.0,45500000.0
24015202,Married,32,Female,['Batak'],16.0,2700000.0,63100000.0
24030010,Married,26,Female,['Jawa'],9.0,300000.0,600000.0
24040005,Married,36,Male,['Jawa'],9.0,4000000.0,12000000.0
24040009,Married,32,Male,['Jawa'],6.0,560000.0,17920000.0
24044404,Married,27,Male,['Jawa'],13.0,1900000.0,2000000.0
24050001,Divorced,51,Male,['Jawa'],6.0,1800000.0,25250000.0
24050003,Married,28,Female,['Jawa'],9.0,700000.0,10300000.0
24050008,Married,31,Male,['Jawa'],6.0,1450000.0,17400000.0
24070005,Married,26,Male,['Minang'],13.0,3500000.0,50700000.0
24080007,Divorced,33,Male,['Jawa'],13.0,0.0,0.0
24080013,Married,19,Male,['Batak'],13.0,3500000.0,3500000.0
24082104,Separated,16,Female,['Jawa'],9.0,598000.0,598000.0
24084208,Married,23,Male,['Jawa'],9.0,3010000.0,39720000.0
24085101,Married,26,Male,['Minang'],15.0,2500000.0,45000000.0
24090003,Married,49,Male,['Jawa'],9.0,3000000.0,36000000.0
24090004,Married,47,Male,['Jawa'],16.0,3000000.0,36000000.0
24090013,Married,39,Male,['Jawa'],12.0,3000000.0,3000000.0
24090014,Married,32,Male,['Sunda'],12.0,4500000.0,62000000.0
24094201,Married,36,Male,['Jawa'],13.0,5000000.0,65000000.0
24140003,Married,28,Male,['Jawa'],13.0,2700000.0,18900000.0
24140007,Married,46,Male,['Jawa'],6.0,3080000.0,16170000.0
24160004,Married,48,Male,['Jawa'],12.0,1000000.0,13500000.0
24160016,Married,41,Male,['Sunda'],16.0,4000000.0,52500000.0
24161108,Married,45,Male,['Batak'],13.0,1200000.0,14000000.0
24170003,Married,42,Female,['Jawa'],6.0,500000.0,6450000.0
24170005,Married,35,Female,['Jawa'],9.0,1072000.0,26364000.0
24172105,Married,45,Male,['Batak'],16.0,3000000.0,42000000.0
24173102,Married,52,Male,['Jawa'],6.0,2100000.0,25200000.0
24173201,Married,41,Male,['Jawa'],13.0,3000000.0,36000000.0
24190002,Married,48,Male,['Jawa'],9.0,0.0,43800000.0
24200002,Married,57,Female,['Jawa'],6.0,824000.0,10388000.0
24200003,Married,35,Female,['Jawa'],13.0,1000000.0,13000000.0
24210005,Married,35,Female,['Jawa'],12.0,420000.0,5200000.0
24210010,Married,40,Male,['Jawa'],13.0,4500000.0,60000000.0
24224102,Married,28,Male,['Betawi'],16.0,3000000.0,52000000.0
24230003,Married,26,Male,['Jawa'],9.0,1800000.0,32576000.0
24230004,Married,21,Male,['Jawa'],12.0,2000000.0,4500000.0
24280001,Married,51,Male,['Jawa'],6.0,2400000.0,18000000.0
24280004,Married,28,Male,['Jawa'],9.0,600000.0,600000.0
24280007,Married,29,Female,['Jawa'],9.0,700000.0,8600000.0
24280010,Married,16,Male,['Jawa'],9.0,1700000.0,17550000.0
25010012,Widowed,50,Female,['Jawa'],9.0,800000.0,800000.0
25013101,Married,52,Male,['Jawa'],15.0,5800000.0,98140000.0
25040002,Married,48,Female,['Jawa'],6.0,1600000.0,12200000.0
25040003,Married,25,Female,['Batak'],15.0,2000000.0,26000000.0
25040004,Married,22,Female,['Batak'],16.0,500000.0,5800000.0
25040006,Married,22,Male,['Jawa'],13.0,1900000.0,23400000.0
25045101,Married,28,Male,['Jawa'],13.0,1300000.0,17100000.0
25060001,Married,57,Male,['Jawa'],6.0,1500000.0,18000000.0
25060004,Married,31,Male,['Jawa'],9.0,2400000.0,30400000.0
25060006,Married,29,Female,['Jawa'],9.0,400000.0,800000.0
25080001,Married,60,Male,['Jawa'],9.0,1500000.0,4000000.0
25084101,Married,42,Male,['Jawa'],12.0,2400000.0,40300000.0
25100004,Married,38,Male,['Jawa'],12.0,1500000.0,18100000.0
25110004,Married,32,Male,['Batak'],12.0,2200000.0,28600000.0
25110005,Married,28,Male,['Batak'],16.0,2015000.0,2096000.0
25110008,Married,37,Male,['Batak'],16.0,3500000.0,45500000.0
25114102,Married,36,Female,['Batak'],16.0,1200000.0,16200000.0
25115302,Married,31,Female,['Jawa'],13.0,2100000.0,30300000.0
25120004,Married,33,Male,['Jawa'],16.0,3500000.0,49500000.0
25120007,Married,45,Male,['Jawa'],13.0,2580000.0,31010000.0
25130005,Married,31,Male,['Jawa'],9.0,2000000.0,23800000.0
25130006,Married,37,Male,['Jawa'],9.0,1800000.0,38500000.0
25133103,Married,19,Female,['Jawa'],13.0,700000.0,2000000.0
25134102,Married,30,Female,['Batak'],12.0,1500000.0,18700000.0
25150001,Married,47,Male,['Batak'],9.0,1981000.0,25480000.0
25150008,Married,25,Female,['Jawa'],9.0,1500000.0,18800000.0
25155101,Married,28,Male,['Jawa'],12.0,1440000.0,20220000.0
25160003,Married,38,Male,['Jawa'],13.0,1800000.0,23400000.0
25160004,Married,35,Male,['Jawa'],13.0,1800000.0,7200000.0
25160007,Married,32,Female,['Jawa'],13.0,300000.0,900000.0
25180005,Married,24,Male,['Jawa'],9.0,750000.0,750000.0
25183101,Married,45,Male,['Jawa'],13.0,2000000.0,26000000.0
25184102,Married,28,Female,['Melayu'],6.0,1200000.0,1640000.0
25193209,Married,21,Male,['Batak'],6.0,1300000.0,16800000.0
26160007,Divorced,29,Female,"['Jawa', 'Sunda', 'Sasak']",9.0,1500000.0,19000000.0
26200006,Married,42,Female,['Batak'],16.0,3700000.0,57350000.0
26410002,Married,39,Male,['Tionghoa'],16.0,5000000.0,65000000.0
27010002,Married,23,Female,['Minang'],12.0,0.0,1000000.0
27010003,Married,38,Male,['Minang'],12.0,2000000.0,4000000.0
27010011,Married,29,Male,['Minang'],13.0,2500000.0,29400000.0
27014102,Married,34,Female,['Minang'],15.0,2500000.0,34600000.0
27030003,Married,38,Male,['Minang'],9.0,4000000.0,49500000.0
27040001,Married,58,Male,['Minang'],6.0,1500000.0,19500000.0
27040006,Married,29,Female,['Minang'],9.0,1000000.0,12000000.0
27060009,Married,30,Male,['Minang'],16.0,1500000.0,19500000.0
27061102,Married,41,Female,['Minang'],6.0,1000000.0,9200000.0
27070004,Married,34,Male,['Minang'],13.0,1500000.0,19500000.0
27070009,Married,23,Female,['Minang'],13.0,500000.0,6000000.0
27070012,Married,35,Male,['Minang'],13.0,2000000.0,27200000.0
27070013,Married,27,Male,['Minang'],6.0,3300000.0,39600000.0
27080002,Married,44,Female,['Minang'],6.0,1200000.0,14400000.0
27080003,Married,27,Male,['Minang'],13.0,1800000.0,23090000.0
27080008,Married,34,Male,['Minang'],6.0,1200000.0,94400000.0
27083104,Married,46,Male,['Minang'],6.0,1200000.0,24400000.0
27083202,Married,30,Female,['Minang'],9.0,1200000.0,94400000.0
27090003,Married,31,Female,['Minang'],12.0,1250000.0,15804000.0
27090005,Married,25,Male,['Minang'],13.0,1200000.0,13750000.0
27090009,Married,39,Female,['Minang'],6.0,1220000.0,15890000.0
27090010,Married,37,Male,['Minang'],6.0,3000000.0,37600000.0
27090011,Married,34,Female,['Minang'],6.0,700000.0,2580000.0
27093202,Married,45,Male,['Minang'],6.0,900000.0,1800000.0
27093210,Married,24,Male,['Minang'],9.0,1200000.0,14000000.0
27094402,Married,31,Female,['Minang'],9.0,1500000.0,19500000.0
27100004,Married,31,Female,['Minang'],16.0,500000.0,6250000.0
27100008,Married,36,Male,['Minang'],9.0,1600000.0,1600000.0
27110004,Married,27,Male,['Minang'],12.0,2000000.0,25300000.0
27120003,Married,38,Female,['Minang'],6.0,1000000.0,12000000.0
27124103,Married,45,Male,['Minang'],6.0,1000000.0,13500000.0
27130001,Married,49,Male,['Minang'],6.0,1000000.0,13400000.0
27130002,Married,51,Female,['Minang'],6.0,1000000.0,14700000.0
27130003,Married,30,Male,['Minang'],9.0,1000000.0,13500000.0
27130004,Married,27,Female,['Minang'],9.0,700000.0,3900000.0
27135102,Married,21,Female,['Minang'],9.0,1200000.0,15900000.0
27140001,Married,43,Female,['Minang'],6.0,1192000.0,16034000.0
27140002,Married,23,Male,['Minang'],6.0,400000.0,400000.0
27140003,Married,62,Male,['Minang'],6.0,900000.0,13490000.0
27145102,Married,38,Female,['Minang'],6.0,350000.0,3000000.0
27150004,Married,27,Female,['Minang'],13.0,500000.0,6000000.0
27180002,Married,61,Female,['Minang'],6.0,600000.0,7200000.0
27180003,Widowed,46,Female,['Minang'],6.0,0.0,2000000.0
27180010,Married,41,Male,['Minang'],6.0,1792000.0,23004000.0
27200003,Married,39,Female,['Minang'],6.0,1200000.0,6000000.0
27200006,Married,29,Female,['Minang'],9.0,1000000.0,13500000.0
27200007,Married,21,Female,['Minang'],12.0,900000.0,4500000.0
27203105,Married,29,Male,['Minang'],12.0,1800000.0,19500000.0
27240004,Married,32,Male,['Minang'],6.0,1000000.0,13000000.0
27240008,Married,37,Male,['Minang'],6.0,1100000.0,2600000.0
27240011,Married,28,Male,['Minang'],12.0,2500000.0,31500000.0
27250003,Married,36,Female,['Minang'],6.0,900000.0,2700000.0
27253205,Married,39,Male,['Minang'],6.0,2000000.0,24000000.0
27260004,Married,51,Male,['Minang'],6.0,1500000.0,15000000.0
27260005,Married,34,Male,['Minang'],13.0,2210000.0,26000000.0
27260010,Married,32,Female,['Minang'],9.0,1000000.0,13500000.0
27260011,Married,44,Male,['Minang'],12.0,1000000.0,12000000.0
27263209,Married,22,Male,['Minang'],12.0,0.0,0.0
27280009,Married,42,Male,['Minang'],6.0,1470000.0,1470000.0
27280013,Married,42,Male,['Minang'],12.0,800000.0,9600000.0
27281102,Married,38,Male,['Sunda'],6.0,800000.0,800000.0
27283102,Married,39,Male,['Minang'],9.0,600000.0,600000.0
27290003,Married,35,Female,['Minang'],6.0,1000000.0,13500000.0
27294101,Married,42,Male,['Minang'],6.0,1200000.0,15900000.0
27300004,Married,23,Female,['Minang'],15.0,0.0,0.0
27430003,Married,33,Female,['Minang'],16.0,1200000.0,20100000.0
27430004,Married,31,Male,['Minang'],16.0,2000000.0,26000000.0
27431113,Married,35,Male,['Minang'],13.0,3000000.0,37700000.0
27433107,Married,25,Female,['Jawa'],16.0,500000.0,6500000.0
27434103,Married,27,Female,['Minang'],12.0,300000.0,4600000.0
27440006,Married,35,Male,['Minang'],13.0,3000000.0,39000000.0
28010003,Married,56,Female,['Minang'],16.0,4930000.0,122520000.0
28010004,Married,59,Male,['Minang'],16.0,5000000.0,100750000.0
28013102,Married,43,Female,['Minang'],16.0,2900000.0,40000000.0
28030003,Married,39,Male,['Minang'],6.0,10000000.0,25000000.0
28050002,Married,46,Female,['Minang'],16.0,1400000.0,6600000.0
28050006,Married,34,Female,['Minang'],16.0,2500000.0,31700000.0
28050010,Married,47,Male,['Minang'],9.0,500000.0,6000000.0
28104202,Married,38,Female,['Minang'],16.0,3500000.0,44810000.0
28120006,Married,26,Male,['Minang'],9.0,700000.0,6000000.0
28130002,Married,54,Female,['Minang'],13.0,4000000.0,48700000.0
28160004,Married,52,Male,['Minang'],16.0,3400000.0,54960000.0
28170001,Married,55,Male,['Minang'],6.0,1200000.0,15850000.0
28170004,Married,34,Female,['Minang'],12.0,750000.0,3950000.0
28200001,Married,51,Male,['Minang'],6.0,600000.0,7200000.0
28205101,Married,29,Male,['Minang'],6.0,1000000.0,12000000.0
28215203,Married,27,Male,['Minang'],9.0,5000000.0,61000000.0
28250005,Married,56,Male,['Minang'],6.0,100000.0,4800000.0
28260001,Married,58,Male,['Minang'],15.0,4000000.0,52070000.0
28260002,Married,51,Female,['Minang'],16.0,3900000.0,86070000.0
28260003,Married,26,Male,['Minang'],16.0,4500000.0,54000000.0
28270003,Married,27,Female,['Minang'],16.0,2700000.0,40400000.0
28275101,Married,28,Male,['Minang'],15.0,800000.0,11000000.0
28280003,Married,31,Male,['Minang'],16.0,600000.0,7900000.0
28285102,Married,31,Female,['Minang'],16.0,1500000.0,25200000.0
28295101,Married,26,Male,['Minang'],12.0,1000000.0,12000000.0
28300005,Married,43,Male,['Minang'],6.0,1200000.0,12000000.0
29045202,Married,26,Female,['Minang'],15.0,700000.0,9100000.0
29070007,Married,28,Male,['Minang'],16.0,2900000.0,7550000.0
29074101,Married,39,Male,['Minang'],12.0,1600000.0,23150000.0
29074202,Married,35,Female,['Minang'],16.0,400000.0,4800000.0
29090003,Married,45,Male,['Minang'],12.0,2200000.0,41800000.0
29090005,Married,38,Male,['Minang'],13.0,5000000.0,50000000.0
29090007,Married,31,Female,['Minang'],18.0,2800000.0,36400000.0
29094102,Married,42,Female,['Minang'],16.0,3600000.0,48100000.0
29094202,Married,35,Female,['Minang'],16.0,0.0,3400000.0
29110001,Married,45,Female,['Minang'],16.0,5500000.0,71700000.0
29120004,Married,37,Male,['Minang'],16.0,2800000.0,33600000.0
29121102,Married,45,Female,['Minang'],12.0,400000.0,2800000.0
29160004,Married,35,Male,['Minang'],16.0,4500000.0,58000000.0
29164102,Married,38,Female,['Minang'],16.0,1000000.0,12000000.0
29170002,Married,45,Female,['Minang'],13.0,120000.0,5000000.0
29170006,Married,34,Male,['Minang'],16.0,1500000.0,18100000.0
29170009,Married,47,Female,['Minang'],16.0,3600000.0,44000000.0
29175102,Married,29,Female,['Minang'],16.0,500000.0,6000000.0
29220002,Married,60,Female,['Minang'],6.0,600000.0,6600000.0
29240004,Married,29,Male,['Minang'],16.0,6800000.0,105000000.0
29244102,Married,29,Female,['Minang'],16.0,5100000.0,64600000.0
29290002,Married,48,Male,['Minang'],12.0,1800000.0,21600000.0
30030002,Married,53,Female,['Minang'],9.0,0.0,2400000.0
30040006,Married,55,Female,['Minang'],16.0,8000000.0,104000000.0
30070003,Married,43,Female,['Minang'],9.0,500000.0,7300000.0
30120002,Widowed,53,Female,['Minang'],9.0,1350000.0,16200000.0
30130006,Married,60,Male,['Minang'],12.0,0.0,5000000.0
30190004,Married,33,Female,['Minang'],16.0,1500000.0,18800000.0
30210005,Divorced,37,Female,['Minang'],9.0,500000.0,6500000.0
30250005,Married,38,Female,['Minang'],12.0,800000.0,9800000.0
30260003,Married,27,Male,['Minang'],12.0,1500000.0,1500000.0
30260004,Married,51,Male,['Minang'],12.0,1600000.0,20400000.0
30280002,Widowed,60,Female,['Minang'],6.0,200000.0,2000000.0
30280003,Married,38,Female,['Minang'],9.0,200000.0,2400000.0
30280005,Married,33,Female,['Minang'],6.0,600000.0,6600000.0
30285101,Married,28,Male,['Minang'],13.0,480000.0,480000.0
31020003,Married,29,Female,['Minang'],16.0,2100000.0,25700000.0
31030003,Married,33,Female,['Minang'],12.0,400000.0,2400000.0
31030008,Married,42,Male,['Minang'],12.0,2000000.0,24000000.0
31040002,Widowed,46,Male,['Minang'],13.0,3700000.0,48100000.0
31050004,Married,36,Female,['Minang'],16.0,3900000.0,72000000.0
31053104,Married,37,Male,['Minang'],16.0,3600000.0,19200000.0
31060002,Married,51,Female,['Melayu'],16.0,4928400.0,54356000.0
31070003,Married,56,Male,['Minang'],16.0,4000000.0,43200000.0
31080004,Married,33,Male,['Minang'],13.0,1250000.0,1250000.0
31083102,Married,40,Female,['Minang'],12.0,100000.0,100000.0
31120005,Married,45,Male,['Minang'],6.0,3000000.0,36000000.0
31123202,Married,40,Female,['Minang'],9.0,400000.0,4800000.0
31130001,Married,47,Male,['Melayu'],6.0,4500000.0,58150000.0
31160004,Married,33,Female,['Minang'],18.0,3500000.0,48900000.0
31190003,Divorced,50,Female,['Minang'],12.0,4500000.0,56500000.0
31210002,Married,37,Male,['Minang'],15.0,2500000.0,225000000.0
31220002,Widowed,58,Female,['Other'],18.0,10000000.0,120000000.0
31220003,Married,29,Female,['Minang'],18.0,3000000.0,30000000.0
31220004,Married,27,Female,['Minang'],18.0,1500000.0,18000000.0
31220012,Married,29,Male,['Minang'],16.0,500000.0,9200000.0
31230006,Married,39,Female,['Minang'],13.0,400000.0,400000.0
31250005,Married,39,Female,['Minang'],16.0,3500000.0,440000000.0
31270001,Married,50,Male,['Minang'],9.0,1000000.0,12000000.0
31280003,Married,50,Male,['Minang'],16.0,800000.0,12300000.0
31281102,Married,43,Female,['Minang'],12.0,600000.0,4300000.0
31290003,Married,39,Female,['Minang'],16.0,2800000.0,33600000.0
31290004,Married,37,Male,['Minang'],16.0,3500000.0,43000000.0
31290008,Married,47,Male,['Minang'],16.0,4000000.0,63100000.0
31295102,Married,33,Female,['Minang'],15.0,2300000.0,33600000.0
32010003,Married,37,Female,['Minang'],16.0,1000000.0,15000000.0
32010006,Married,47,Male,['Minang'],16.0,0.0,0.0
32020002,Widowed,61,Female,['Minang'],6.0,300000.0,3600000.0
32024101,Married,41,Male,['Minang'],9.0,800000.0,18000000.0
32034102,Married,37,Female,['Minang'],15.0,1000000.0,16000000.0
32050016,Married,35,Male,['Minang'],13.0,2000000.0,26000000.0
32080005,Married,30,Female,['Minang'],16.0,5500000.0,673200000.0
32090005,Married,35,Male,['Minang'],12.0,4500000.0,59200000.0
32093201,Married,45,Male,['Minang'],6.0,2400000.0,20000000.0
32110003,Married,33,Male,['Minang'],6.0,2700000.0,31500000.0
32110005,Married,29,Female,['Minang'],9.0,600000.0,7200000.0
32114202,Married,32,Female,['Minang'],6.0,800000.0,9650000.0
32120006,Married,33,Female,['Minang'],6.0,200000.0,9200000.0
32173103,Married,49,Female,['Minang'],18.0,5600000.0,141000000.0
32190002,Married,54,Female,['Minang'],16.0,4500000.0,115400000.0
32195102,Married,30,Female,['Minang'],16.0,3200000.0,40000000.0
32200008,Married,24,Male,['Minang'],13.0,2250000.0,2250000.0
32205102,Married,30,Female,['Minang'],16.0,240000.0,6000000.0
32240001,Divorced,59,Female,['Minang'],6.0,400000.0,400000.0
32250003,Married,28,Female,['Minang'],16.0,2000000.0,32450000.0
32270003,Married,33,Male,['Minang'],13.0,2500000.0,35000000.0
32274202,Married,29,Female,['Minang'],12.0,2200000.0,29700000.0
32290008,Married,28,Male,['Minang'],13.0,3000000.0,38500000.0
32294101,Married,44,Male,['Minang'],13.0,4000000.0,47000000.0
32300005,Married,29,Male,['Minang'],13.0,1700000.0,22100000.0
32300007,Married,29,Male,['Minang'],13.0,3500000.0,40000000.0
32304202,Married,31,Female,['Minang'],15.0,3010000.0,36120000.0
33010005,Married,24,Male,['Minang'],9.0,550000.0,9350000.0
33014103,Married,29,Female,['Minang'],12.0,700000.0,9120000.0
33030001,Widowed,75,Male,['Minang'],6.0,450000.0,450000.0
33030005,Married,54,Male,['Minang'],6.0,2000000.0,26500000.0
33031102,Married,44,Female,['Minang'],9.0,860000.0,6380000.0
33040003,Married,38,Female,['Melayu'],12.0,600000.0,1200000.0
33040008,Married,42,Male,['Tionghoa'],6.0,1200000.0,10600000.0
33060001,Married,50,Male,['Minang'],9.0,1500000.0,18000000.0
33060003,Married,27,Male,['Minang'],13.0,1815000.0,25995000.0
33060009,Married,32,Male,['Minang'],9.0,1750000.0,25500000.0
33060014,Divorced,52,Female,['Minang'],6.0,1040000.0,11440000.0
33080003,Married,40,Female,['Minang'],12.0,300000.0,3900000.0
33080004,Married,36,Male,['Minang'],6.0,1200000.0,14400000.0
33080005,Married,34,Male,['Minang'],9.0,1440000.0,24480000.0
33080011,Married,30,Female,['Minang'],16.0,280000.0,1800000.0
33090004,Married,24,Male,['Minang'],13.0,4000000.0,48000000.0
33094102,Married,35,Female,['Minang'],9.0,1500000.0,1500000.0
33111101,Married,44,Male,['Minang'],9.0,3000000.0,36000000.0
33120002,Widowed,59,Female,['Nias'],9.0,800000.0,1100000.0
33120003,Married,34,Male,['Minang'],13.0,1560000.0,15600000.0
33140001,Married,60,Male,['Minang'],9.0,1500000.0,1500000.0
33150002,Married,52,Male,['Minang'],6.0,2400000.0,28800000.0
33150003,Married,52,Female,['Minang'],9.0,100000.0,250000.0
33160003,Married,44,Male,['Minang'],13.0,1150000.0,13950000.0
33160004,Married,43,Male,['Minang'],13.0,3000000.0,3000000.0
33170002,Married,50,Female,['Minang'],6.0,800000.0,10800000.0
33170003,Divorced,24,Female,['Minang'],12.0,1500000.0,18300000.0
33170008,Married,33,Male,['Minang'],12.0,550000.0,550000.0
33180006,Married,47,Female,['Minang'],9.0,1000000.0,13000000.0
33190005,Married,42,Male,['Minang'],9.0,3000000.0,36750000.0
33200001,Married,53,Male,['Minang'],16.0,5500000.0,74500000.0
33210002,Divorced,56,Female,['Minang'],6.0,100000.0,1750000.0
33210003,Married,36,Male,['Minang'],9.0,2100000.0,26200000.0
33210007,Married,32,Male,['Minang'],9.0,4000000.0,24000000.0
33220003,Married,33,Male,['Minang'],13.0,4900000.0,58800000.0
33220004,Married,31,Female,['Minang'],13.0,1500000.0,18000000.0
33220011,Married,27,Female,['Minang'],12.0,1250000.0,15000000.0
33230005,Married,36,Male,['Minang'],13.0,1600000.0,43200000.0
33230007,Married,30,Male,['Minang'],13.0,1600000.0,36000000.0
33234102,Married,34,Female,['Minang'],15.0,0.0,200000.0
33235202,Married,33,Female,['Minang'],16.0,2500000.0,34100000.0
33240007,Married,35,Male,['Minang'],9.0,3000000.0,39000000.0
33250003,Married,46,Male,['Minang'],6.0,3000000.0,18000000.0
33250004,Married,44,Female,['Minang'],9.0,1000000.0,1000000.0
33250005,Married,42,Male,['Minang'],9.0,2000000.0,25450000.0
33250009,Married,46,Male,['Minang'],12.0,1200000.0,14400000.0
33250011,Married,34,Male,['Minang'],12.0,1400000.0,24000000.0
33250015,Married,42,Male,['Minang'],12.0,1200000.0,1200000.0
33254102,Married,44,Female,['Minang'],6.0,300000.0,1150000.0
33260004,Married,37,Male,['Minang'],13.0,1650000.0,19800000.0
33260006,Married,38,Male,['Batak'],9.0,3000000.0,3000000.0
33263102,Married,34,Female,['Minang'],9.0,800000.0,10500000.0
33270006,Married,50,Male,['Minang'],9.0,4500000.0,48000000.0
33280003,Married,29,Male,['Minang'],6.0,1400000.0,1700000.0
33294201,Married,32,Male,['Minang'],12.0,2500000.0,24000000.0
33300007,Married,53,Male,['Minang'],6.0,1460000.0,17520000.0
33300008,Married,45,Male,['Tionghoa'],9.0,1350000.0,17550000.0
33300009,Married,33,Female,['Minang'],13.0,1000000.0,12250000.0
33301202,Married,44,Female,['Nias'],6.0,400000.0,5200000.0
33304304,Married,37,Male,['Minang'],9.0,1000000.0,13000000.0
34030015,Married,32,Male,['Minang'],12.0,1490000.0,24050000.0
34040015,Married,30,Male,['Minang'],13.0,1470000.0,2670000.0
34044101,Married,34,Male,['Minang'],13.0,2500000.0,63500000.0
34050001,Married,59,Male,['Tionghoa'],6.0,2000000.0,24000000.0
34060001,Married,59,Male,['Tionghoa'],9.0,1500000.0,18000000.0
34060004,Married,31,Female,['Tionghoa'],12.0,1900000.0,24700000.0
34080005,Divorced,32,Male,['Minang'],15.0,3500000.0,36000000.0
34080006,Married,42,Female,['Minang'],12.0,300000.0,4800000.0
34085101,Married,30,Male,['Minang'],12.0,2200000.0,28600000.0
34090003,Married,34,Female,['Tionghoa'],12.0,2000000.0,26000000.0
34090005,Married,28,Male,['Tionghoa'],9.0,2000000.0,6000000.0
34090006,Married,27,Male,['Nias'],12.0,2500000.0,30000000.0
34100004,Divorced,44,Male,['Minang'],6.0,1600000.0,1600000.0
34100008,Married,47,Male,['Nias'],16.0,1968000.0,25616000.0
34110003,Married,50,Female,['Minang'],16.0,1500000.0,28000000.0
34110005,Married,42,Female,['Minang'],18.0,3600000.0,48200000.0
34110007,Married,53,Male,['Minang'],15.0,5300000.0,63600000.0
34110008,Married,47,Male,['Minang'],16.0,2600000.0,3800000.0
34114201,Married,48,Male,['Minang'],18.0,5600000.0,108100000.0
34120004,Widowed,53,Female,['Melayu'],6.0,1500000.0,3500000.0
34130001,Married,51,Male,['Minang'],6.0,2400000.0,27600000.0
34130002,Married,50,Female,['Minang'],6.0,750000.0,9500000.0
34130006,Married,47,Male,['Minang'],6.0,1440000.0,17430000.0
34130012,Married,44,Male,['Minang'],9.0,2100000.0,26520000.0
34150002,Widowed,68,Female,['Minang'],6.0,1000000.0,1000000.0
34150003,Married,46,Female,['Minang'],16.0,4300000.0,91900000.0
34150004,Married,45,Female,['Minang'],13.0,300000.0,3600000.0
34150007,Married,40,Male,['Minang'],12.0,2110000.0,26520000.0
34150009,Married,48,Male,['Minang'],6.0,500000.0,6000000.0
34150012,Married,47,Male,['Minang'],12.0,0.0,3200000.0
34160006,Married,38,Male,['Tionghoa'],9.0,750000.0,9000000.0
34160009,Married,32,Male,['Tionghoa'],6.0,1500000.0,19300000.0
34160014,Widowed,47,Male,['Minang'],13.0,1400000.0,1400000.0
34180001,Married,57,Male,['Nias'],13.0,100000.0,500000.0
34190008,Married,43,Male,['Minang'],9.0,1600000.0,20000000.0
34190009,Married,37,Male,['Minang'],9.0,900000.0,1800000.0
34204201,Married,40,Male,['Aceh'],12.0,4000000.0,132000000.0
35040002,Married,64,Female,['Minang'],6.0,300000.0,3600000.0
35050003,Married,26,Female,['Minang'],12.0,2000000.0,26000000.0
35050009,Married,25,Male,['Minang'],13.0,500000.0,10100000.0
35060002,Widowed,50,Female,['Minang'],6.0,1400000.0,18200000.0
35070001,Widowed,55,Male,['Minang'],6.0,2400000.0,14400000.0
35070009,Married,36,Male,['Minang'],12.0,2400000.0,28800000.0
35083102,Married,43,Female,['Minang'],13.0,1100000.0,14300000.0
35084102,Married,31,Female,['Minang'],12.0,40000.0,2650000.0
35090005,Married,26,Male,['Minang'],9.0,2800000.0,33600000.0
35090009,Widowed,38,Male,['Minang'],12.0,2500000.0,30000000.0
35090015,Married,30,Male,['Minang'],12.0,1800000.0,16500000.0
35095102,Married,30,Female,['Minang'],9.0,1000000.0,12500000.0
35120001,Married,49,Male,['Minang'],15.0,3800000.0,45600000.0
35120002,Married,48,Female,['Minang'],13.0,3500000.0,45750000.0
35130003,Married,34,Female,['Minang'],16.0,3129000.0,46465000.0
35130004,Married,33,Male,['Minang'],18.0,2300000.0,27600000.0
35130005,Married,30,Female,['Minang'],15.0,1800000.0,24100000.0
35130011,Married,41,Male,['Minang'],12.0,3000000.0,39000000.0
35135202,Married,33,Female,['Minang'],22.0,4600000.0,55200000.0
35150002,Married,53,Female,['Minang'],15.0,4500000.0,83000000.0
35155101,Married,32,Male,['Other'],16.0,2850000.0,43050000.0
35160011,Married,28,Male,['Sunda'],16.0,3000000.0,30000000.0
35190009,Married,31,Male,['Minang'],12.0,1600000.0,9600000.0
35200005,Married,30,Female,['Minang'],15.0,1500000.0,36000000.0
35200008,Married,34,Female,['Minang'],16.0,0.0,0.0
35204105,Married,34,Male,['Minang'],13.0,1000000.0,12000000.0
35410003,Married,32,Male,['Minang'],16.0,3128000.0,53176000.0
35410008,Married,41,Male,['Minang'],12.0,2000000.0,36000000.0
35415202,Married,29,Female,['Minang'],13.0,1008000.0,3024000.0
35430006,Married,44,Male,['Minang'],12.0,1500000.0,1500000.0
35430008,Married,40,Male,['Minang'],9.0,880000.0,880000.0
35430010,Married,33,Male,['Minang'],13.0,800000.0,14800000.0
35430013,Married,44,Male,['Minang'],13.0,800000.0,18000000.0
35435102,Married,28,Female,['Minang'],12.0,800000.0,10600000.0
35440003,Married,38,Male,['Minang'],16.0,600000.0,7200000.0
35440004,Married,36,Female,['Minang'],15.0,200000.0,1150000.0
35440005,Married,33,Male,['Minang'],12.0,1500000.0,18000000.0
35440006,Married,31,Female,['Minang'],12.0,500000.0,5000000.0
35444201,Married,41,Male,['Minang'],13.0,2500000.0,32500000.0
35444301,Married,40,Male,['Minang'],12.0,6000000.0,92400000.0
35450009,Married,38,Male,['Minang'],13.0,2000000.0,24000000.0
36020001,Married,54,Male,['Minang'],9.0,1500000.0,18000000.0
36020006,Married,47,Male,['Minang'],12.0,500000.0,8500000.0
36030005,Married,33,Female,['Minang'],16.0,5000000.0,44000000.0
36034101,Married,38,Male,['Minang'],16.0,4500000.0,63000000.0
36040002,Married,34,Male,['Minang'],16.0,3600000.0,38000000.0
36050002,Married,53,Female,['Minang'],16.0,4500000.0,94000000.0
36080001,Married,52,Male,['Minang'],13.0,1000000.0,12000000.0
36080002,Married,52,Female,['Minang'],16.0,600000.0,8000000.0
36085101,Married,29,Male,['Minang'],13.0,2000000.0,26000000.0
36090003,Married,45,Female,['Minang'],13.0,500000.0,1150000.0
36090004,Married,46,Male,['Minang'],6.0,2000000.0,18500000.0
36100008,Married,33,Female,['Minang'],12.0,1300000.0,16200000.0
36101104,Married,44,Male,['Minang'],18.0,3500000.0,52000000.0
36110004,Married,40,Female,['Minang'],9.0,400000.0,4800000.0
36110006,Divorced,51,Female,['Minang'],13.0,4000000.0,48000000.0
36120003,Married,31,Male,['Tionghoa'],16.0,2500000.0,25000000.0
36125102,Married,29,Female,['Minang'],13.0,3000000.0,25000000.0
36140001,Married,57,Male,['Minang'],16.0,5000000.0,65000000.0
36140002,Married,51,Female,['Minang'],13.0,3500000.0,72000000.0
36140003,Married,27,Male,['Minang'],16.0,0.0,0.0
36144102,Married,26,Female,['Minang'],18.0,7000000.0,14000000.0
36170001,Married,73,Male,['Minang'],15.0,2500000.0,32500000.0
36190002,Married,54,Female,['Minang'],6.0,400000.0,4000000.0
36190005,Married,21,Female,['Minang'],6.0,600000.0,3000000.0
36195101,Married,32,Male,['Minang'],9.0,3500000.0,42000000.0
36200005,Married,31,Female,['Minang'],9.0,1500000.0,19500000.0
37020005,Married,27,Female,['Minang'],16.0,2700000.0,74900000.0
37020009,Married,36,Male,['Minang'],12.0,1500000.0,18000000.0
37060003,Divorced,31,Female,['Minang'],13.0,3000000.0,60000000.0
37070004,Married,39,Male,['Minang'],13.0,900000.0,18000000.0
37080004,Married,32,Female,['Minang'],16.0,2700000.0,41000000.0
37100009,Married,45,Female,['Minang'],18.0,2900000.0,34800000.0
37170001,Married,59,Male,['Minang'],12.0,1300000.0,7300000.0
37180001,Married,54,Male,['Minang'],9.0,250000.0,3000000.0
37180002,Married,53,Female,['Minang'],15.0,900000.0,5400000.0
37180003,Married,29,Male,['Minang'],13.0,2200000.0,26400000.0
37185102,Married,28,Female,['Minang'],16.0,1700000.0,20400000.0
37200001,Widowed,67,Male,['Minang'],9.0,840000.0,12000000.0
38010003,Married,45,Male,['Minang'],13.0,275000.0,6000000.0
38010006,Married,35,Female,['Minang'],9.0,850000.0,10200000.0
38010007,Married,20,Female,['Tionghoa'],12.0,200000.0,200000.0
38010008,Married,40,Male,['Minang'],13.0,2000000.0,24000000.0
38014104,Married,22,Male,['Minang'],9.0,2500000.0,3200000.0
38030003,Married,35,Male,['Minang'],16.0,3400000.0,55000000.0
38030005,Married,28,Female,['Minang'],16.0,2800000.0,36400000.0
38034102,Married,33,Female,['Minang'],16.0,4600000.0,59800000.0
38040003,Married,45,Male,['Jawa'],13.0,2000000.0,24000000.0
38060008,Married,30,Male,['Minang'],15.0,1900000.0,28000000.0
38100005,Married,35,Female,['Minang'],16.0,3000000.0,37500000.0
38100006,Married,28,Male,['Minang'],16.0,3900000.0,46800000.0
38104102,Married,28,Female,['Minang'],16.0,3200000.0,54800000.0
38105101,Married,36,Male,['Minang'],16.0,6000000.0,145200000.0
38110002,Married,55,Female,['Minang'],16.0,8780000.0,114940000.0
38110003,Married,27,Female,['Minang'],16.0,4000000.0,64000000.0
38110004,Married,26,Male,['Minang'],16.0,5000000.0,65000000.0
38114102,Married,30,Male,['Minang'],18.0,5000000.0,64500000.0
38114202,Married,27,Female,['Jawa'],16.0,5000000.0,60000000.0
38120008,Married,42,Male,['Jawa'],13.0,1600000.0,20800000.0
38120018,Married,38,Male,['Minang'],6.0,2000000.0,24000000.0
38125102,Married,37,Female,['Minang'],15.0,1500000.0,18000000.0
38130003,Married,39,Male,['Minang'],16.0,30000000.0,360000000.0
38130005,Married,33,Female,['Minang'],18.0,5000000.0,83000000.0
38134102,Married,43,Female,['Tionghoa'],12.0,45000000.0,150000000.0
38140005,Married,34,Female,['Jawa'],16.0,4500000.0,55500000.0
38140006,Divorced,32,Female,['Jawa'],16.0,3300000.0,7700000.0
38140007,Married,27,Male,['Jawa'],16.0,3500000.0,45500000.0
38140014,Married,24,Female,['Minang'],16.0,1000000.0,1000000.0
38150002,Married,59,Female,['Minang'],16.0,2000000.0,24000000.0
38150004,Married,41,Male,['Minang'],13.0,4000000.0,49000000.0
38160001,Married,57,Male,['Minang'],13.0,500000.0,6100000.0
38160003,Married,30,Male,['Minang'],16.0,2500000.0,48000000.0
38164102,Married,28,Female,['Minang'],16.0,5000000.0,60000000.0
38164301,Married,46,Male,['Minang'],18.0,4000000.0,52000000.0
38170001,Married,51,Male,['Jawa'],9.0,4975000.0,74460000.0
38170002,Married,50,Female,['Minang'],13.0,1500000.0,39300000.0
38170005,Widowed,42,Female,['Jawa'],12.0,2000000.0,27000000.0
38180003,Married,45,Male,['Jawa'],12.0,2300000.0,40000000.0
38180006,Married,36,Male,['Jawa'],15.0,4000000.0,50700000.0
38190002,Married,29,Male,['Minang'],12.0,1100000.0,15500000.0
38190004,Married,26,Male,['Jawa'],13.0,1500000.0,18000000.0
38200003,Married,41,Male,['Jawa'],12.0,1650000.0,19800000.0
38200005,Married,36,Male,['Jawa'],12.0,7600000.0,60800000.0
38200006,Married,36,Male,['Jawa'],12.0,2500000.0,32500000.0
38200012,Married,37,Male,['Jawa'],12.0,2800000.0,33600000.0
39010001,Married,61,Male,['Minang'],6.0,1152000.0,9116000.0
39010004,Married,36,Female,['Minang'],13.0,600000.0,7500000.0
39010006,Married,27,Male,['Minang'],13.0,1250000.0,6000000.0
39014101,Married,42,Male,['Minang'],9.0,2400000.0,15000000.0
39020002,Married,42,Male,['Minang'],9.0,0.0,14000000.0
39055102,Married,29,Female,['Minang'],13.0,1200000.0,14400000.0
39060004,Married,33,Male,['Minang'],16.0,9000000.0,117000000.0
39063104,Married,31,Female,['Minang'],22.0,3000000.0,39000000.0
39070002,Married,55,Female,['Minang'],13.0,4000000.0,60000000.0
39070003,Married,30,Female,['Minang'],18.0,4500000.0,58000000.0
39080004,Married,39,Female,['Minang'],12.0,500000.0,3000000.0
39090002,Married,35,Female,['Minang'],16.0,300000.0,1800000.0
39100004,Married,38,Female,['Minang'],16.0,4000000.0,54000000.0
39100005,Married,36,Female,['Minang'],15.0,3000000.0,36000000.0
39100006,Married,31,Female,['Minang'],15.0,900000.0,13800000.0
39100011,Married,37,Male,['Minang'],16.0,3500000.0,49800000.0
39103105,Married,38,Male,['Minang'],16.0,2700000.0,56400000.0
39104203,Married,38,Male,['Jawa'],16.0,3000000.0,71100000.0
39113203,Married,48,Male,['Minang'],12.0,2000000.0,24000000.0
39140001,Married,55,Male,['Minang'],12.0,2400000.0,28800000.0
39140003,Married,28,Male,['Minang'],15.0,1600000.0,17600000.0
39150004,Married,39,Female,['Minang'],9.0,200000.0,2400000.0
39153102,Married,41,Male,['Minang'],6.0,1200000.0,7000000.0
39170001,Married,52,Male,['Minang'],6.0,800000.0,10100000.0
39180002,Married,57,Female,['Minang'],6.0,300000.0,3600000.0
39180004,Married,34,Female,['Minang'],12.0,1000000.0,6160000.0
39204101,Married,42,Male,['Jawa'],6.0,750000.0,9300000.0
40010008,Married,25,Female,['Minang'],13.0,1000000.0,13000000.0
40020003,Married,37,Female,['Minang'],16.0,4000000.0,53700000.0
40020005,Married,33,Female,['Minang'],12.0,600000.0,4300000.0
40020006,Married,45,Male,['Minang'],12.0,400000.0,5250000.0
40020007,Married,38,Male,['Minang'],9.0,1600000.0,22600000.0
40023102,Married,39,Male,['Minang'],16.0,300000.0,3800000.0
40023202,Married,44,Female,['Minang'],15.0,400000.0,6600000.0
40034101,Married,41,Male,['Minang'],9.0,1000000.0,12200000.0
40035102,Married,39,Male,['Minang'],6.0,1250000.0,15000000.0
40050001,Married,57,Male,['Minang'],6.0,1160000.0,13970000.0
40050006,Married,33,Male,['Minang'],12.0,0.0,3000000.0
40060001,Married,45,Male,['Minang'],9.0,1000000.0,13000000.0
40060006,Married,23,Male,['Minang'],13.0,1600000.0,12800000.0
40070001,Married,47,Female,['Minang'],9.0,600000.0,3400000.0
40090003,Married,35,Male,['Minang'],16.0,2071000.0,24852000.0
40100003,Married,29,Female,['Minang'],15.0,2014000.0,26182000.0
40100008,Married,29,Male,['Minang'],9.0,900000.0,11600000.0
40110002,Widowed,49,Female,['Minang'],6.0,45000.0,45000.0
40140001,Married,40,Male,['Minang'],12.0,1000000.0,25920000.0
40170002,Married,52,Female,['Minang'],6.0,0.0,360000.0
40170003,Married,68,Male,['Minang'],6.0,185000.0,6000000.0
40180002,Married,47,Male,['Minang'],6.0,1000000.0,12800000.0
40180004,Married,50,Male,['Minang'],6.0,4000000.0,55000000.0
40183102,Married,42,Female,['Minang'],6.0,25000.0,500000.0
40230001,Married,56,Male,['Minang'],16.0,736000.0,8832000.0
40250004,Married,42,Male,['Minang'],9.0,800000.0,1600000.0
40250005,Married,18,Male,['Minang'],12.0,0.0,0.0
40250009,Married,41,Male,"['Jawa', 'Melayu']",6.0,2800000.0,3500000.0
40260006,Married,30,Female,['Minang'],13.0,1000000.0,3000000.0
40263102,Married,38,Male,['Minang'],12.0,500000.0,5000000.0
40270001,Married,54,Male,['Minang'],16.0,5500000.0,112350000.0
40270002,Married,48,Female,['Minang'],12.0,4500000.0,76000000.0
40280003,Married,51,Female,['Minang'],16.0,5000000.0,60500000.0
40280005,Married,51,Male,['Minang'],18.0,5000000.0,65000000.0
40410002,Married,43,Female,['Minang'],15.0,300000.0,3500000.0
40410003,Married,43,Male,['Minang'],12.0,2500000.0,30000000.0
41010004,Married,33,Male,['Jawa'],9.0,1800000.0,20600000.0
41010006,Married,29,Female,['Jawa'],6.0,1400000.0,4500000.0
41013102,Married,33,Female,['Jawa'],6.0,1400000.0,2800000.0
41014201,Married,34,Male,['Jawa'],6.0,3500000.0,26800000.0
41015201,Married,28,Male,['Jawa'],12.0,1000000.0,12000000.0
41060003,Married,31,Male,['Jawa'],9.0,450000.0,1800000.0
41064201,Married,33,Male,['Jawa'],6.0,2000000.0,5000000.0
41070005,Married,24,Male,['Jawa'],9.0,2300000.0,24000000.0
41090001,Married,44,Male,['Jawa'],6.0,1500000.0,40000000.0
41090004,Married,21,Male,['Jawa'],9.0,1300000.0,12600000.0
41115102,Married,23,Female,['Jawa'],16.0,400000.0,4800000.0
41125101,Married,24,Male,['Jawa'],13.0,500000.0,4000000.0
41130009,Married,23,Female,['Jawa'],6.0,300000.0,1700000.0
41180005,Married,18,Female,['Jawa'],9.0,500000.0,6000000.0
41185101,Married,24,Male,['Jawa'],9.0,500000.0,6100000.0
41190003,Married,29,Male,['Jawa'],9.0,500000.0,6000000.0
41210003,Married,34,Male,['Jawa'],9.0,2100000.0,21055000.0
41214301,Married,34,Male,['Jawa'],9.0,1500000.0,25050000.0
41220003,Married,26,Male,['Jawa'],12.0,1300000.0,15600000.0
41245102,Married,25,Female,['Jawa'],12.0,200000.0,1250000.0
41270005,Married,27,Male,['Jawa'],9.0,1250000.0,15000000.0
41410001,Married,52,Male,['Jawa'],6.0,700000.0,8400000.0
41410003,Married,28,Female,['Jawa'],6.0,200000.0,1000000.0
41415201,Married,29,Male,['Jawa'],9.0,750000.0,7000000.0
41425301,Married,38,Male,['Jawa'],6.0,500000.0,500000.0
41430004,Married,32,Male,['Jawa'],6.0,0.0,2000000.0
41435102,Married,25,Female,['Jawa'],9.0,1000000.0,10000000.0
41435201,Married,42,Male,['Jawa'],6.0,1000000.0,1000000.0
41440013,Married,29,Female,['Jawa'],9.0,1500000.0,18000000.0
41450002,Married,38,Female,['Jawa'],6.0,300000.0,1000000.0
41450008,Married,54,Male,['Madura'],6.0,500000.0,6000000.0
42010002,Married,49,Female,['Jawa'],6.0,500000.0,8000000.0
42010005,Married,33,Male,['Jawa'],9.0,1500000.0,20500000.0
42020006,Married,35,Female,['Jawa'],9.0,0.0,2700000.0
42020007,Married,34,Female,['Jawa'],9.0,400000.0,9600000.0
42020013,Married,39,Male,['Jawa'],9.0,2400000.0,28800000.0
42024203,Married,36,Male,['Jawa'],9.0,150000.0,500000.0
42025101,Married,31,Male,['Jawa'],9.0,140000.0,1000000.0
42030004,Married,29,Male,['Jawa'],12.0,1000000.0,2000000.0
42030006,Married,41,Male,['Jawa'],9.0,2000000.0,21400000.0
42040003,Married,36,Male,['Komering'],6.0,200000.0,6000000.0
42040006,Married,29,Male,['Jawa'],12.0,500000.0,6000000.0
42040011,Married,23,Female,['Jawa'],6.0,500000.0,6000000.0
42064203,Married,32,Male,['Jawa'],12.0,0.0,0.0
42070006,Married,50,Male,['Jawa'],12.0,750000.0,9050000.0
42074102,Married,30,Male,['Jawa'],9.0,500000.0,6000000.0
42100003,Married,34,Male,['Jawa'],16.0,5000000.0,30000000.0
42120003,Married,30,Female,['Jawa'],6.0,650000.0,7800000.0
42124101,Married,36,Male,['Jawa'],6.0,1200000.0,14400000.0
42130001,Married,54,Male,['Jawa'],6.0,400000.0,4800000.0
42130004,Married,29,Male,['Jawa'],9.0,1500000.0,10000000.0
42130005,Married,26,Male,['Komering'],12.0,900000.0,1400000.0
42140002,Married,42,Female,['Jawa'],6.0,0.0,1500000.0
42140004,Married,25,Male,['Jawa'],9.0,1250000.0,2000000.0
42144201,Married,32,Male,['Komering'],6.0,400000.0,4000000.0
42173201,Married,40,Male,['Komering'],6.0,2000000.0,10000000.0
42195101,Married,33,Male,['Other South Sumatera'],6.0,500000.0,6000000.0
42204104,Married,35,Female,['Jawa'],16.0,70000.0,940000.0
42220002,Married,43,Male,['Komering'],9.0,550000.0,8000000.0
42220003,Married,37,Male,['Komering'],6.0,1200000.0,14480000.0
42220004,Married,34,Male,['Melayu'],9.0,1500000.0,20000000.0
42225102,Married,35,Female,['Sunda'],9.0,1700000.0,22100000.0
42230006,Married,24,Male,['Komering'],12.0,1500000.0,12000000.0
42230007,Married,22,Male,['Komering'],6.0,200000.0,2000000.0
42235101,Married,29,Male,['Komering'],12.0,500000.0,6000000.0
42250001,Married,49,Male,['Jawa'],6.0,500000.0,6000000.0
42263103,Married,46,Male,['Jawa'],9.0,300000.0,8400000.0
42264202,Married,33,Male,['Jawa'],9.0,1500000.0,19500000.0
42290003,Married,45,Male,['Jawa'],6.0,1000000.0,12000000.0
42290004,Married,41,Female,['Jawa'],6.0,1000000.0,12500000.0
42300007,Married,32,Male,['Jawa'],9.0,0.0,15680000.0
43020006,Married,22,Male,['Komering'],6.0,500000.0,500000.0
43030001,Married,67,Male,['Other South Sumatera'],6.0,0.0,30000000.0
43040001,Married,56,Male,['Other South Sumatera'],6.0,1000000.0,1000000.0
43060001,Married,67,Male,['Palembang'],6.0,3000000.0,27000000.0
43060008,Married,34,Male,['Other South Sumatera'],6.0,1000000.0,15600000.0
43113103,Married,43,Male,['Other South Sumatera'],6.0,400000.0,4000000.0
43150013,Married,52,Male,['Palembang'],6.0,7500000.0,90000000.0
43161104,Widowed,54,Female,['Other South Sumatera'],6.0,600000.0,7400000.0
43165103,Married,30,Male,['Melayu'],6.0,2400000.0,2400000.0
43170005,Married,23,Female,['Other South Sumatera'],6.0,2000000.0,10000000.0
43170012,Married,25,Male,['Sunda'],6.0,1500000.0,18000000.0
43174101,Married,32,Male,['Other South Sumatera'],6.0,1500000.0,10000000.0
43175101,Married,20,Male,['Jawa'],6.0,1800000.0,21600000.0
43180001,Married,52,Male,['Other South Sumatera'],6.0,2000000.0,25000000.0
43190001,Married,71,Male,['Other South Sumatera'],6.0,0.0,0.0
43200016,Married,32,Female,['Other South Sumatera'],15.0,2500000.0,24000000.0
43200017,Married,30,Female,['Other South Sumatera'],16.0,900000.0,9000000.0
43200028,Married,33,Male,['Palembang'],6.0,15000000.0,180000000.0
43200029,Married,33,Female,['Komering'],9.0,1200000.0,12000000.0
43210001,Married,54,Male,['Other South Sumatera'],6.0,1000000.0,12000000.0
43210002,Married,51,Female,['Other South Sumatera'],6.0,1200000.0,14440000.0
43210006,Married,27,Male,['Other South Sumatera'],12.0,1900000.0,20000000.0
43220002,Widowed,79,Female,['Other South Sumatera'],6.0,150000.0,150000.0
43220003,Married,45,Male,['Other South Sumatera'],6.0,2000000.0,12000000.0
43220008,Married,37,Female,['Other South Sumatera'],6.0,600000.0,600000.0
43230003,Married,42,Male,['Other South Sumatera'],6.0,1500000.0,12000000.0
43230004,Married,40,Female,['Other South Sumatera'],13.0,500000.0,6000000.0
43240013,Married,37,Male,['Other South Sumatera'],6.0,1500000.0,5000000.0
43250004,Married,41,Male,['Palembang'],6.0,2500000.0,24000000.0
43250009,Married,44,Male,['Other South Sumatera'],6.0,5000000.0,40000000.0
43250011,Married,50,Female,['Other South Sumatera'],13.0,120000.0,480000.0
43253104,Married,39,Female,['Palembang'],12.0,300000.0,1000000.0
43254203,Married,27,Female,['Other South Sumatera'],6.0,56000.0,112000.0
43255202,Married,36,Male,['Other South Sumatera'],9.0,1800000.0,20400000.0
43260003,Married,44,Male,['Palembang'],9.0,900000.0,10000000.0
43260012,Divorced,32,Female,['Other South Sumatera'],16.0,2500000.0,34500000.0
43263101,Married,44,Male,['Minang'],9.0,2500000.0,24000000.0
43270003,Married,49,Female,['Komering'],13.0,900000.0,3650000.0
43270004,Married,54,Male,['Komering'],16.0,4380000.0,52560000.0
43290001,Married,48,Male,['Other South Sumatera'],9.0,1050000.0,4000000.0
43300004,Married,37,Female,['Other South Sumatera'],16.0,2800000.0,36400000.0
43300007,Married,42,Male,['Other South Sumatera'],12.0,1500000.0,20000000.0
43305102,Married,34,Female,['Other South Sumatera'],16.0,500000.0,6000000.0
44010002,Married,42,Male,['Other South Sumatera'],12.0,3000000.0,39500000.0
44025102,Married,25,Female,['Other South Sumatera'],15.0,1450000.0,20000000.0
44030004,Married,54,Male,['Palembang'],12.0,2600000.0,31200000.0
44030007,Married,32,Male,['Palembang'],13.0,1800000.0,21600000.0
44030009,Married,28,Male,['Palembang'],9.0,5000000.0,5000000.0
44034101,Married,33,Male,['Palembang'],15.0,6000000.0,76000000.0
44050004,Married,28,Male,['Other South Sumatera'],12.0,2000000.0,18000000.0
44050007,Married,23,Female,['Palembang'],15.0,600000.0,6000000.0
44050011,Married,26,Male,['Sunda'],12.0,3000000.0,36000000.0
44060002,Married,43,Female,['Other South Sumatera'],6.0,1000000.0,13000000.0
44065103,Married,24,Male,['Other South Sumatera'],9.0,2800000.0,16800000.0
44080001,Married,51,Male,['Jawa'],12.0,6500000.0,75000000.0
44085101,Married,29,Male,['Other South Sumatera'],12.0,3000000.0,38000000.0
44090001,Married,52,Male,['Other'],12.0,4500000.0,27000000.0
44090003,Married,28,Male,['Ambon'],15.0,1800000.0,20000000.0
44100003,Married,35,Female,['Other South Sumatera'],16.0,3000000.0,36000000.0
44104105,Married,38,Male,['Aceh'],6.0,8000000.0,80000000.0
44120003,Married,33,Male,['Minang'],13.0,3500000.0,42000000.0
44120007,Married,24,Male,['Other South Sumatera'],12.0,2750000.0,30000000.0
44121105,Married,31,Female,['Minang'],16.0,2000000.0,40000000.0
44130005,Married,46,Male,['Jawa'],9.0,2700000.0,55000000.0
44140001,Married,47,Male,['Jawa'],12.0,5000000.0,60000000.0
44140002,Married,45,Male,['Jawa'],13.0,32000000.0,247000000.0
44150006,Married,30,Male,['Other South Sumatera'],12.0,1850000.0,24050000.0
44154204,Married,29,Male,['Other South Sumatera'],9.0,1000000.0,13000000.0
44160003,Married,32,Male,['Other South Sumatera'],12.0,2700000.0,32400000.0
44160005,Married,27,Female,['Jawa'],16.0,3000000.0,36000000.0
44180002,Married,34,Male,['Other South Sumatera'],9.0,2000000.0,28000000.0
44180006,Married,50,Female,['Other South Sumatera'],6.0,1000000.0,10000000.0
44192101,Married,44,Male,['Jawa'],12.0,5000000.0,60000000.0
44210003,Married,38,Female,['Jawa'],16.0,2900000.0,79135000.0
44230004,Married,36,Male,['Other South Sumatera'],12.0,5000000.0,80000000.0
44230010,Married,58,Male,['Other South Sumatera'],13.0,12000000.0,144000000.0
44234101,Married,37,Male,['Other South Sumatera'],12.0,2000000.0,24000000.0
44234202,Married,33,Female,['Jawa'],12.0,600000.0,2300000.0
44240003,Married,33,Male,['Other South Sumatera'],12.0,2500000.0,30000000.0
44244201,Married,30,Male,['Jawa'],6.0,1500000.0,19000000.0
44250004,Married,30,Male,['Other South Sumatera'],12.0,20000000.0,44000000.0
44260003,Married,26,Male,['Jawa'],12.0,3000000.0,24000000.0
44263105,Married,25,Male,['Other South Sumatera'],15.0,1000000.0,6000000.0
44290005,Married,28,Male,['Palembang'],12.0,3000000.0,51400000.0
44294101,Married,37,Male,['Sunda'],16.0,2400000.0,38400000.0
44300004,Married,49,Male,['Jawa'],12.0,4000000.0,50500000.0
45020002,Married,44,Male,['Other South Sumatera'],12.0,2500000.0,26500000.0
45020003,Married,39,Female,['Palembang'],12.0,1100000.0,13200000.0
45030002,Married,49,Male,['Other South Sumatera'],12.0,1500000.0,18000000.0
45050001,Married,57,Male,['Other South Sumatera'],6.0,600000.0,3050000.0
45070010,Married,25,Male,['Jawa'],12.0,500000.0,6000000.0
45120001,Married,44,Male,['Other South Sumatera'],6.0,600000.0,7200000.0
45150006,Married,38,Male,['Other South Sumatera'],12.0,3000000.0,42000000.0
45150015,Married,31,Male,['Other South Sumatera'],9.0,800000.0,12000000.0
45153207,Married,43,Male,['Other South Sumatera'],6.0,1500000.0,18150000.0
45155101,Married,24,Male,['Other South Sumatera'],9.0,1800000.0,21700000.0
45170003,Widowed,36,Female,['Palembang'],12.0,600000.0,4000000.0
45170004,Married,32,Male,['Palembang'],12.0,2800000.0,20000000.0
45170008,Married,25,Female,['Other South Sumatera'],6.0,0.0,0.0
45180004,Married,32,Male,['Other South Sumatera'],12.0,8700000.0,104400000.0
45184101,Married,36,Male,['Other South Sumatera'],6.0,640000.0,7680000.0
45210006,Married,29,Male,['Other South Sumatera'],16.0,0.0,15000000.0
45220005,Married,28,Male,['Other South Sumatera'],9.0,3000000.0,8100000.0
45230001,Married,47,Male,['Other South Sumatera'],6.0,1000000.0,6000000.0
45230005,Married,24,Male,['Other South Sumatera'],9.0,800000.0,9600000.0
45244107,Married,46,Male,['Jawa'],9.0,1500000.0,18000000.0
45244301,Married,38,Male,['Other South Sumatera'],12.0,0.0,0.0
45250002,Married,38,Male,['Other South Sumatera'],9.0,0.0,2000000.0
45250006,Married,27,Male,['Other South Sumatera'],6.0,0.0,0.0
45252106,Married,38,Female,['Other South Sumatera'],6.0,100000.0,1000000.0
45260005,Married,32,Male,['Other South Sumatera'],9.0,600000.0,7200000.0
45260006,Married,30,Male,['Palembang'],9.0,800000.0,9600000.0
45263202,Married,34,Female,['Other South Sumatera'],9.0,800000.0,6600000.0
45273101,Married,41,Male,['Other South Sumatera'],16.0,4800000.0,57600000.0
45283104,Married,40,Male,['Other South Sumatera'],13.0,3000000.0,36000000.0
45290005,Married,35,Male,['Other South Sumatera'],6.0,1400000.0,17000000.0
45290010,Divorced,22,Male,['Other South Sumatera'],9.0,2000000.0,6000000.0
45290011,Married,47,Female,['Other South Sumatera'],6.0,160000.0,1920000.0
45294301,Married,41,Male,['Other South Sumatera'],9.0,1000000.0,2500000.0
45300003,Married,50,Male,['Other South Sumatera'],16.0,225000.0,2725000.0
46030001,Married,45,Male,['Other South Sumatera'],6.0,3500000.0,47000000.0
46040001,Married,51,Male,['Other South Sumatera'],9.0,5000000.0,111000000.0
46050003,Married,44,Male,['Jawa'],9.0,900000.0,12000000.0
46050005,Married,37,Male,['Jawa'],9.0,3000000.0,36000000.0
46050006,Widowed,35,Male,['Other South Sumatera'],9.0,2100000.0,6300000.0
46052102,Married,43,Female,['Jawa'],6.0,600000.0,3410000.0
46060003,Married,43,Male,['Sunda'],13.0,2000000.0,26000000.0
46060008,Married,40,Male,['Sunda'],6.0,2000000.0,12000000.0
46070002,Married,41,Male,['Jawa'],12.0,800000.0,3500000.0
46070003,Married,40,Male,['Jawa'],13.0,3000000.0,37900000.0
46070004,Married,36,Female,['Jawa'],12.0,2000000.0,13000000.0
46074201,Married,34,Male,['Jawa'],13.0,8000000.0,16000000.0
46080001,Married,49,Male,['Palembang'],13.0,10000000.0,120000000.0
46085101,Married,29,Male,['Other South Sumatera'],16.0,4500000.0,54000000.0
46100006,Married,50,Female,['Other South Sumatera'],16.0,13000000.0,84000000.0
46100010,Married,57,Female,['Other South Sumatera'],16.0,4000000.0,52000000.0
46101108,Married,46,Male,['Jawa'],16.0,2600000.0,31200000.0
46130001,Married,55,Male,['Other South Sumatera'],9.0,6000000.0,136000000.0
46130002,Married,50,Female,['Other South Sumatera'],15.0,4500000.0,25000000.0
46140003,Married,32,Male,['Palembang'],13.0,7000000.0,65000000.0
46150004,Married,25,Male,['Other South Sumatera'],13.0,3500000.0,40000000.0
46150007,Married,25,Male,['Komering'],16.0,1000000.0,15000000.0
46160001,Married,53,Male,['Other South Sumatera'],6.0,800000.0,9600000.0
46160002,Married,57,Female,['Jawa'],6.0,200000.0,2400000.0
46160004,Married,40,Male,['Jawa'],6.0,1900000.0,22800000.0
46170003,Married,55,Male,['Other South Sumatera'],6.0,5000000.0,100000000.0
46180004,Married,49,Female,['Jawa'],16.0,1000000.0,12000000.0
46182103,Married,50,Male,['Jawa'],13.0,7000000.0,110000000.0
46182106,Married,42,Male,['Jawa'],16.0,2010000.0,24000000.0
46190001,Married,49,Male,['Jawa'],16.0,13000000.0,280000000.0
46190004,Married,42,Male,['Jawa'],13.0,3000000.0,38600000.0
46200003,Married,52,Female,['Other South Sumatera'],6.0,950000.0,12350000.0
46200005,Married,32,Male,['Palembang'],13.0,3000000.0,36000000.0
47010005,Married,34,Male,['Other South Sumatera'],12.0,500000.0,5000000.0
47010009,Married,29,Male,['Other South Sumatera'],6.0,1150000.0,1150000.0
47015202,Married,30,Female,['Other South Sumatera'],16.0,0.0,316000.0
47030003,Married,49,Female,['Other South Sumatera'],9.0,600000.0,7200000.0
47030004,Married,34,Male,['Other South Sumatera'],6.0,150000.0,3000000.0
47030008,Married,51,Male,['Other South Sumatera'],6.0,350000.0,5500000.0
47120005,Married,31,Male,['Other South Sumatera'],9.0,1600000.0,1600000.0
47130006,Married,32,Male,['Other South Sumatera'],9.0,2100000.0,26000000.0
47140004,Married,38,Male,['Other South Sumatera'],6.0,1400000.0,8000000.0
47140007,Married,28,Male,['Other South Sumatera'],6.0,2500000.0,30000000.0
47143102,Married,37,Female,['Other South Sumatera'],6.0,300000.0,600000.0
47155201,Married,29,Male,['Melayu'],9.0,1100000.0,13200000.0
47174101,Married,37,Male,['Other South Sumatera'],6.0,600000.0,2500000.0
47185101,Married,43,Male,['Other South Sumatera'],6.0,600000.0,7200000.0
47190012,Married,22,Female,['Other South Sumatera'],9.0,250000.0,1500000.0
47190016,Married,51,Male,['Other South Sumatera'],6.0,420000.0,420000.0
47190017,Married,25,Male,['Other South Sumatera'],6.0,300000.0,300000.0
47193108,Married,40,Male,['Other South Sumatera'],9.0,1700000.0,18000000.0
47200003,Married,31,Male,['Other South Sumatera'],15.0,2000000.0,18000000.0
47200004,Married,29,Female,['Other South Sumatera'],12.0,0.0,1700000.0
47205201,Married,29,Male,['Other South Sumatera'],13.0,450000.0,8500000.0
47210001,Married,58,Male,['Other South Sumatera'],15.0,5000000.0,60000000.0
47210003,Divorced,29,Female,['Other South Sumatera'],16.0,400000.0,7800000.0
47220001,Widowed,51,Male,['Other South Sumatera'],6.0,1500000.0,16500000.0
47220005,Married,22,Female,['Other South Sumatera'],6.0,350000.0,2100000.0
47220009,Married,26,Male,['Palembang'],9.0,800000.0,6000000.0
47225101,Married,28,Male,['Other South Sumatera'],9.0,840000.0,840000.0
47230003,Married,39,Male,['Palembang'],12.0,2000000.0,6000000.0
47230004,Married,36,Male,['Melayu'],12.0,7000000.0,126000000.0
47274102,Married,39,Male,['Jawa'],12.0,1680000.0,5000000.0
47300006,Married,29,Male,['Other South Sumatera'],6.0,200000.0,2400000.0
48010005,Married,25,Male,['Other South Sumatera'],12.0,700000.0,5000000.0
48011105,Married,29,Male,['Komering'],6.0,0.0,1000000.0
48090004,Married,39,Female,['Jawa'],6.0,400000.0,18000000.0
48090006,Married,43,Male,['Jawa'],12.0,1500000.0,15000000.0
48124105,Married,30,Male,['Jawa'],12.0,0.0,18000000.0
48170002,Divorced,56,Female,['Melayu'],6.0,420000.0,700000.0
48180001,Married,60,Male,['Jawa'],6.0,0.0,800000.0
48180003,Married,35,Male,['Other South Sumatera'],13.0,300000.0,320000.0
48180005,Married,31,Female,['Jawa'],12.0,500000.0,6050000.0
48190005,Married,32,Male,['Other South Sumatera'],15.0,4500000.0,39000000.0
48235101,Married,38,Male,['Jawa'],12.0,1000000.0,6000000.0
48290005,Married,30,Female,['Other South Sumatera'],6.0,700000.0,7000000.0
48294101,Married,46,Male,['Other South Sumatera'],6.0,0.0,8000000.0
48294201,Married,50,Male,['Other South Sumatera'],9.0,0.0,10000000.0
49020004,Married,36,Male,['Minang'],12.0,2000000.0,26300000.0
49020007,Married,28,Female,['Jawa'],16.0,1100000.0,1350000.0
49030004,Married,38,Male,['Other South Sumatera'],12.0,1400000.0,16800000.0
49034101,Married,35,Male,['Betawi'],16.0,3000000.0,39400000.0
49080002,Widowed,51,Female,['Other South Sumatera'],16.0,4200000.0,120000000.0
49080003,Married,27,Male,['Other South Sumatera'],16.0,3500000.0,56300000.0
49085102,Married,28,Female,['Other South Sumatera'],16.0,2200000.0,13900000.0
49120001,Married,55,Male,['Jawa'],16.0,9000000.0,108000000.0
49120005,Married,28,Male,['Other South Sumatera'],16.0,5000000.0,60000000.0
49130001,Married,46,Male,['Jawa'],18.0,7000000.0,87600000.0
49130003,Married,48,Female,['Jawa'],18.0,1800000.0,21600000.0
49140001,Married,63,Male,['Jawa'],13.0,500000.0,6000000.0
49140003,Married,33,Female,['Jawa'],12.0,1500000.0,19000000.0
49140004,Married,29,Female,"['Jawa', 'Minang']",12.0,350000.0,350000.0
49140009,Married,26,Male,['Other South Sumatera'],13.0,1000000.0,5000000.0
49145201,Married,24,Male,['Jawa'],6.0,1500000.0,10000000.0
49184101,Married,49,Male,['Other South Sumatera'],16.0,4500000.0,64000000.0
49190009,Married,44,Female,['Minang'],18.0,3500000.0,74405000.0
49190016,Married,43,Male,['Palembang'],18.0,7000000.0,84000000.0
49200002,Married,57,Female,['Minang'],16.0,9000000.0,89000000.0
50010001,Married,51,Male,['Jawa'],16.0,30000000.0,888000000.0
50020001,Married,69,Male,['Minang'],6.0,2160000.0,13060000.0
50020004,Married,44,Female,['Minang'],12.0,1860000.0,23400000.0
50020006,Married,40,Female,['Jawa'],12.0,800000.0,9600000.0
50020012,Married,39,Male,['Jawa'],12.0,2000000.0,2000000.0
50040004,Married,36,Male,['Komering'],15.0,1900000.0,10000000.0
50040007,Married,40,Male,['Komering'],12.0,2800000.0,33600000.0
50060004,Married,38,Female,['Palembang'],12.0,0.0,6000000.0
50060006,Married,34,Female,['Palembang'],16.0,800000.0,3600000.0
50060007,Married,25,Female,['Other South Sumatera'],16.0,1000000.0,12000000.0
50060008,Married,48,Female,['Other South Sumatera'],18.0,4000000.0,45000000.0
50060009,Married,34,Male,['Other South Sumatera'],16.0,3000000.0,30000000.0
50060016,Married,29,Male,['Aceh'],12.0,2300000.0,30000000.0
50062101,Married,46,Male,['Other South Sumatera'],16.0,2900000.0,36000000.0
50080004,Married,40,Female,['Other South Sumatera'],9.0,20000.0,100000.0
50080009,Married,29,Male,['Komering'],6.0,2500000.0,17500000.0
50080013,Married,44,Male,['Komering'],12.0,5000000.0,60000000.0
50100004,Married,34,Female,['Sunda'],15.0,1800000.0,21600000.0
50100009,Married,33,Male,"['Jawa', 'Batak']",13.0,1500000.0,21000000.0
50110004,Married,37,Female,['Melayu'],16.0,2000000.0,24000000.0
50114201,Married,39,Male,['Melayu'],12.0,4300000.0,25800000.0
50130004,Married,35,Male,['Komering'],15.0,3000000.0,5150000.0
50130008,Married,37,Male,['Komering'],12.0,2000000.0,24000000.0
50130009,Married,44,Male,['Palembang'],12.0,3000000.0,36000000.0
50140004,Married,37,Female,['Komering'],16.0,1200000.0,14600000.0
50140005,Married,35,Male,['Komering'],12.0,1450000.0,1450000.0
50140014,Married,41,Female,['Komering'],12.0,2500000.0,8600000.0
50140016,Married,40,Male,['Jawa'],9.0,960000.0,11520000.0
50144208,Married,24,Male,['Sunda'],13.0,2500000.0,30000000.0
50160004,Married,44,Male,['Other South Sumatera'],16.0,1500000.0,4667000.0
50160006,Married,37,Male,['Palembang'],16.0,7100000.0,88800000.0
50160012,Married,35,Male,['Komering'],16.0,8000000.0,108000000.0
50165102,Married,32,Female,['Melayu'],16.0,5000000.0,65000000.0
50420006,Married,33,Male,['Komering'],16.0,4200000.0,63600000.0
51040001,Married,55,Male,['Melayu'],13.0,4500000.0,60000000.0
51070006,Married,26,Female,['Tionghoa'],13.0,2000000.0,24000000.0
51100001,Married,56,Male,['Melayu'],16.0,5000000.0,60000000.0
51100003,Married,26,Male,['Melayu'],16.0,3200000.0,38400000.0
51100005,Married,26,Male,['Melayu'],12.0,4000000.0,48000000.0
51104102,Married,26,Female,['Jawa'],16.0,3200000.0,40000000.0
51140003,Married,35,Male,['Melayu'],12.0,1700000.0,18000000.0
51140008,Married,26,Male,['Melayu'],13.0,1500000.0,20000000.0
51160002,Widowed,50,Female,['Other South Sumatera'],6.0,1000000.0,12000000.0
51170001,Married,57,Male,['Melayu'],6.0,900000.0,8000000.0
52010005,Married,30,Female,['Palembang'],15.0,3000000.0,36000000.0
52050001,Married,51,Male,['Jawa'],9.0,2200000.0,72000000.0
52050010,Married,32,Male,['Jawa'],13.0,2500000.0,24000000.0
52054102,Married,42,Female,['Jawa'],9.0,1638000.0,4238000.0
52054201,Divorced,36,Male,['Jawa'],9.0,300000.0,7000000.0
52060002,Married,41,Female,['Manado'],12.0,300000.0,1000000.0
52080001,Married,60,Male,['Palembang'],16.0,7000000.0,91000000.0
52090004,Married,35,Male,['Palembang'],12.0,4000000.0,48000000.0
52100006,Married,46,Male,['Palembang'],12.0,1200000.0,8000000.0
52130001,Married,47,Male,['Palembang'],6.0,800000.0,8000000.0
52170002,Married,51,Male,['Palembang'],12.0,1000000.0,8000000.0
52190004,Married,36,Female,['Palembang'],16.0,900000.0,3600000.0
52194104,Married,45,Male,['Palembang'],16.0,3500000.0,71500000.0
53050003,Married,36,Male,['Palembang'],16.0,4200000.0,63000000.0
53050004,Married,34,Male,['Palembang'],12.0,1820000.0,21840000.0
53054102,Married,37,Female,['Other South Sumatera'],16.0,7000000.0,143000000.0
53055201,Married,32,Male,['Other South Sumatera'],12.0,1600000.0,20000000.0
53123101,Married,47,Male,['Jawa'],12.0,2150000.0,26800000.0
53154101,Married,33,Male,['Jawa'],6.0,1950000.0,27300000.0
53160001,Married,68,Male,['Sunda'],6.0,1200000.0,9700000.0
53160003,Married,37,Male,['Sunda'],12.0,2000000.0,26000000.0
53180003,Married,35,Male,['Palembang'],16.0,3000000.0,40800000.0
53180005,Divorced,31,Female,['Komering'],16.0,2600000.0,60000000.0
53183103,Married,35,Female,['Komering'],16.0,3200000.0,79800000.0
53190001,Married,63,Male,['Sunda'],6.0,0.0,6000.0
54030003,Married,30,Male,['Batak'],18.0,1000000.0,12000000.0
54030004,Married,29,Female,['Batak'],16.0,2300000.0,29900000.0
54035102,Married,29,Female,['Batak'],15.0,2200000.0,42000000.0
54035201,Married,32,Male,['Batak'],16.0,2000000.0,24000000.0
54040003,Married,36,Male,['Other South Sumatera'],12.0,4000000.0,50000000.0
54050002,Married,52,Female,['Jawa'],9.0,1000000.0,12000000.0
54050003,Separated,28,Female,['Other South Sumatera'],12.0,2200000.0,30000000.0
54100001,Married,56,Male,['Other South Sumatera'],12.0,2700000.0,37800000.0
54100002,Married,50,Female,['Other South Sumatera'],16.0,4000000.0,100000000.0
54100003,Married,26,Female,['Other South Sumatera'],16.0,850000.0,15000000.0
54100007,Married,33,Male,['Jawa'],12.0,950000.0,12000000.0
54120003,Married,39,Male,['Madura'],13.0,2000000.0,26000000.0
54120004,Married,30,Female,['Other South Sumatera'],16.0,3500000.0,55490000.0
54120005,Married,33,Male,['Madura'],6.0,4000000.0,48000000.0
54120011,Married,33,Male,['Other South Sumatera'],12.0,3000000.0,36000000.0
54123104,Married,32,Female,['Other'],9.0,700000.0,10100000.0
54130005,Married,30,Male,['Madura'],6.0,3000000.0,36000000.0
54130006,Married,24,Female,['Madura'],12.0,2000000.0,25300000.0
54130009,Married,24,Male,['Jawa'],12.0,3400000.0,50400000.0
54134101,Married,42,Male,['Palembang'],12.0,2800000.0,34100000.0
54150003,Married,36,Male,"['Jawa', 'Other South Sumatera']",22.0,5500000.0,69000000.0
54155102,Married,52,Female,['Other'],22.0,5000000.0,61000000.0
54155204,Married,36,Female,['Jawa'],18.0,2000000.0,37000000.0
54160003,Married,50,Male,['Sunda'],12.0,800000.0,2800000.0
54180001,Married,54,Male,['Other South Sumatera'],13.0,3500000.0,46000000.0
54180007,Married,18,Male,['Other South Sumatera'],6.0,2500000.0,31500000.0
54184101,Married,36,Male,['Other South Sumatera'],12.0,4400000.0,61600000.0
54190001,Married,54,Male,['Other'],16.0,4500000.0,54000000.0
54190004,Married,31,Male,['Melayu'],16.0,3300000.0,35000000.0
54190006,Married,27,Male,['Other'],16.0,5000000.0,60000000.0
54190007,Married,24,Female,['Melayu'],16.0,3800000.0,56600000.0
54190008,Married,28,Male,['Melayu'],16.0,3700000.0,44400000.0
54193103,Married,38,Male,['Other'],16.0,5500000.0,77000000.0
54195105,Married,26,Female,['Palembang'],16.0,4000000.0,56800000.0
54200001,Married,51,Male,['Madura'],9.0,1000000.0,12000000.0
55070013,Married,49,Male,['Other South Sumatera'],6.0,800000.0,4000000.0
55075101,Married,44,Male,['Other'],9.0,1700000.0,20400000.0
55080003,Married,38,Male,['Melayu'],12.0,2100000.0,10500000.0
55080004,Married,33,Male,['Other South Sumatera'],12.0,0.0,0.0
55085102,Married,40,Female,['Other'],16.0,3400000.0,44200000.0
55120003,Married,41,Female,['Other'],9.0,400000.0,6220000.0
55130005,Married,36,Male,['Other South Sumatera'],13.0,3640000.0,7000000.0
55140005,Married,35,Male,['Other'],16.0,5400000.0,65800000.0
55145102,Married,33,Female,['Other South Sumatera'],16.0,700000.0,6400000.0
55150001,Married,74,Male,['Madura'],6.0,175000.0,2100000.0
55150003,Married,47,Female,['Other South Sumatera'],16.0,1700000.0,20400000.0
55150004,Married,44,Male,['Other South Sumatera'],12.0,1650000.0,18300000.0
55150005,Married,42,Female,['Other'],12.0,1000000.0,12000000.0
55150010,Married,45,Male,['Other South Sumatera'],12.0,1700000.0,20400000.0
55151201,Married,47,Male,['Other'],16.0,1700000.0,22100000.0
55154107,Married,19,Female,['Other South Sumatera'],13.0,1000000.0,1050000.0
55160010,Divorced,40,Female,['Other South Sumatera'],15.0,1950000.0,18000000.0
55190008,Married,36,Male,['Melayu'],9.0,1200000.0,15600000.0
56030004,Married,38,Male,['Sunda'],12.0,2400000.0,29800000.0
56040004,Married,34,Female,['Sunda'],12.0,3500000.0,34800000.0
56040005,Married,31,Female,['Sunda'],12.0,2700000.0,35100000.0
56040007,Married,27,Male,['Sunda'],12.0,3000000.0,32400000.0
56044201,Married,32,Male,['Jawa'],12.0,300000.0,300000.0
56050003,Married,23,Female,['Sunda'],16.0,0.0,0.0
56060007,Married,28,Male,['Sunda'],12.0,1300000.0,16600000.0
56070003,Married,42,Female,['Banten'],9.0,300000.0,3850000.0
56070005,Widowed,51,Male,['Jawa'],6.0,420000.0,17050000.0
56074101,Married,48,Male,['Banten'],6.0,150000.0,2000000.0
56074202,Married,32,Female,['Banten'],15.0,200000.0,6600000.0
56080001,Married,52,Male,['Other'],9.0,840000.0,10080000.0
56080003,Married,35,Male,['Banten'],12.0,2360000.0,9468000.0
56080008,Married,31,Male,['Banten'],9.0,1200000.0,14400000.0
56084102,Married,34,Female,['Sunda'],6.0,900000.0,10300000.0
56090009,Married,50,Male,['Jawa'],6.0,1125000.0,13500000.0
56090013,Married,44,Male,['Sunda'],6.0,900000.0,10800000.0
56094101,Married,39,Male,['Sunda'],6.0,800000.0,10600000.0
56100003,Married,43,Male,['Banten'],9.0,0.0,6500000.0
56110003,Married,31,Male,['Banten'],9.0,1300000.0,15600000.0
56120003,Married,39,Male,['Sunda'],9.0,3500000.0,44700000.0
56120007,Married,28,Female,['Sunda'],13.0,3000000.0,37500000.0
56120009,Married,25,Male,['Sunda'],12.0,5000000.0,62710000.0
56124103,Married,39,Female,['Jawa'],15.0,350000.0,5400000.0
56124302,Married,39,Female,['Sunda'],12.0,4500000.0,56710000.0
56130001,Married,54,Male,['Other South Sumatera'],16.0,4000000.0,52000000.0
56130003,Married,25,Female,['Other South Sumatera'],16.0,200000.0,2400000.0
56135101,Married,25,Male,['Other South Sumatera'],16.0,2000000.0,18000000.0
56140001,Married,63,Male,['Sunda'],9.0,750000.0,1500000.0
56140003,Married,30,Male,['Sunda'],15.0,420000.0,2520000.0
56140006,Married,34,Male,['Jawa'],12.0,60000.0,4000000.0
56140011,Married,35,Male,['Banten'],12.0,1000000.0,2500000.0
56140016,Married,28,Female,['Jawa'],9.0,435000.0,704700.0
56150004,Married,39,Male,['Other South Sumatera'],16.0,7000000.0,91000000.0
56155102,Married,37,Female,['Melayu'],15.0,6000000.0,73000000.0
56180004,Married,33,Female,['Other South Sumatera'],12.0,2700000.0,35100000.0
57020001,Married,43,Male,['Sunda'],6.0,920000.0,6000000.0
57020007,Married,23,Female,['Sunda'],13.0,2500000.0,32400000.0
57023115,Married,27,Male,['Sunda'],9.0,2000000.0,10000000.0
57025103,Married,26,Male,['Sunda'],13.0,2740000.0,32880000.0
57040001,Married,57,Male,['Jawa'],12.0,1300000.0,17100000.0
57040003,Married,32,Male,['Sunda'],6.0,800000.0,10200000.0
57044102,Married,28,Female,['Banten'],16.0,800000.0,10100000.0
57050001,Married,59,Male,['Sunda'],6.0,520000.0,4650000.0
57050004,Separated,23,Female,['Betawi'],12.0,2700000.0,30200000.0
57050005,Married,24,Female,['Sunda'],13.0,180000.0,180000.0
57055201,Married,25,Male,['Sunda'],13.0,1800000.0,22600000.0
57060006,Married,24,Male,['Sunda'],13.0,3000000.0,36000000.0
57070009,Married,40,Male,['Sunda'],6.0,1500000.0,18000000.0
57100004,Married,24,Female,['Sunda'],13.0,3000000.0,34600000.0
57110003,Married,38,Male,['Sunda'],9.0,1000000.0,8000000.0
57120001,Married,56,Male,['Sunda'],9.0,400000.0,4800000.0
57120003,Married,29,Male,['Sunda'],12.0,1900000.0,22800000.0
57120005,Married,23,Male,['Sunda'],12.0,1200000.0,19900000.0
57120006,Married,22,Male,['Sunda'],12.0,2700000.0,17300000.0
57125202,Married,23,Female,['Sunda'],13.0,2300000.0,29100000.0
57150004,Married,23,Male,['Sunda'],9.0,2400000.0,21600000.0
57160004,Married,31,Female,['Sunda'],6.0,30000.0,360000.0
57160006,Married,36,Female,['Sunda'],12.0,100000.0,100000.0
57165101,Married,31,Male,['Sunda'],6.0,700000.0,8000000.0
57170002,Married,37,Male,['Sunda'],9.0,1800000.0,9000000.0
57170003,Married,34,Female,['Sunda'],13.0,800000.0,800000.0
57170004,Married,31,Male,['Sunda'],13.0,700000.0,4400000.0
57174104,Married,33,Male,['Sunda'],13.0,0.0,0.0
57174202,Married,29,Male,['Sunda'],6.0,500000.0,10000000.0
57190004,Divorced,36,Male,['Sunda'],9.0,1250000.0,15500000.0
57191202,Married,32,Female,['Sunda'],9.0,3000000.0,32760000.0
57200004,Married,34,Male,['Sunda'],16.0,20000000.0,80000000.0
57210003,Married,35,Male,['Sunda'],13.0,1000000.0,12000000.0
57210004,Married,34,Male,['Sunda'],9.0,1500000.0,20000000.0
57220003,Married,35,Male,['Sunda'],13.0,500000.0,6000000.0
57240006,Married,51,Male,['Jawa'],9.0,2870000.0,37750000.0
57240010,Married,32,Female,['Sunda'],16.0,300000.0,1250000.0
57244101,Married,37,Male,['Sunda'],6.0,3000000.0,31800000.0
57250003,Married,35,Male,['Sunda'],13.0,2400000.0,4800000.0
57250004,Married,30,Male,['Other South Sumatera'],9.0,2500000.0,30500000.0
57280004,Married,35,Female,['Palembang'],12.0,500000.0,1000000.0
57290001,Married,54,Male,['Jawa'],6.0,2100000.0,5000000.0
58010003,Married,28,Female,['Jawa'],9.0,0.0,500000.0
58010006,Married,23,Female,['Jawa'],6.0,140000.0,1000000.0
58040004,Married,27,Male,['Jawa'],9.0,2000000.0,2450000.0
58045102,Married,24,Female,['Jawa'],6.0,1000000.0,20000000.0
58070002,Married,40,Female,['Jawa'],6.0,150000.0,1800000.0
58080005,Married,23,Female,['Jawa'],9.0,500000.0,6000000.0
58084106,Married,27,Male,['Jawa'],13.0,1200000.0,19250000.0
58085301,Married,27,Male,['Jawa'],13.0,450000.0,5400000.0
58090005,Married,31,Male,['Jawa'],13.0,0.0,0.0
58090007,Married,32,Female,['Jawa'],15.0,300000.0,5800000.0
58093102,Married,38,Female,['Jawa'],6.0,500000.0,6000000.0
58100001,Married,48,Male,['Jawa'],6.0,600000.0,7200000.0
58100002,Married,40,Female,['Jawa'],6.0,1000000.0,15950000.0
58120001,Married,47,Male,['Jawa'],6.0,1226000.0,15978000.0
58120007,Married,72,Male,['Jawa'],6.0,1200000.0,15600000.0
58120010,Married,19,Male,['Jawa'],9.0,1200000.0,15840000.0
58130003,Married,32,Female,['Jawa'],6.0,140000.0,350000.0
58130005,Married,43,Male,['Jawa'],6.0,1500000.0,6000000.0
58140003,Divorced,38,Male,['Jawa'],13.0,500000.0,6000000.0
58150004,Married,33,Female,['Jawa'],6.0,300000.0,2400000.0
58160005,Married,39,Male,['Jawa'],6.0,3000000.0,6400000.0
58160008,Married,34,Female,['Jawa'],9.0,200000.0,300000.0
58171101,Married,43,Male,['Jawa'],9.0,500000.0,6000000.0
58180006,Married,24,Male,['Jawa'],9.0,800000.0,6000000.0
58194101,Married,34,Male,['Jawa'],13.0,700000.0,12000000.0
58200003,Married,31,Female,['Jawa'],6.0,100000.0,300000.0
58203101,Married,35,Male,['Jawa'],6.0,900000.0,8050000.0
58210001,Married,63,Male,['Sunda'],6.0,300000.0,2700000.0
58210004,Married,23,Female,['Jawa'],9.0,100000.0,500000.0
58215101,Married,27,Male,['Jawa'],6.0,400000.0,4800000.0
58240003,Married,34,Female,['Jawa'],9.0,160000.0,2400000.0
58244101,Married,40,Male,['Jawa'],6.0,1500000.0,9000000.0
58245103,Married,26,Male,['Jawa'],6.0,600000.0,7200000.0
58260004,Married,26,Female,['Jawa'],9.0,100000.0,1100000.0
58280005,Married,33,Female,['Jawa'],9.0,100000.0,3600000.0
58290002,Married,42,Female,['Jawa'],6.0,500000.0,5500000.0
58290003,Married,26,Female,['Jawa'],6.0,525000.0,5775000.0
58290008,Married,22,Male,['Jawa'],12.0,400000.0,1600000.0
58294101,Married,31,Male,['Jawa'],9.0,525000.0,2500000.0
58300001,Married,48,Male,['Jawa'],9.0,245000.0,2940000.0
58300002,Married,47,Female,['Jawa'],6.0,80000.0,80000.0
58300003,Married,23,Female,['Jawa'],9.0,500000.0,5000000.0
58300004,Married,19,Female,['Jawa'],9.0,30000.0,300000.0
58305101,Married,37,Male,['Jawa'],9.0,500000.0,4000000.0
59010003,Married,37,Male,['Jawa'],13.0,4700000.0,59100000.0
59014102,Married,30,Female,['Jawa'],13.0,3800000.0,51600000.0
59020004,Divorced,31,Female,['Jawa'],9.0,400000.0,1200000.0
59040003,Married,28,Female,['Jawa'],13.0,800000.0,3000000.0
59040005,Married,33,Male,['Jawa'],9.0,1200000.0,14400000.0
59061101,Married,57,Male,['Jawa'],6.0,0.0,3600000.0
59080006,Married,39,Male,['Jawa'],9.0,750000.0,7144000.0
59080007,Married,38,Male,['Jawa'],6.0,600000.0,2000000.0
59080008,Married,33,Male,['Jawa'],9.0,1500000.0,14700000.0
59080009,Married,41,Female,['Jawa'],6.0,0.0,500000.0
59130002,Married,64,Female,['Jawa'],6.0,400000.0,700000.0
59130003,Married,39,Male,['Jawa'],9.0,120000.0,5000000.0
59130004,Married,41,Female,['Jawa'],6.0,400000.0,5000000.0
59130005,Married,33,Male,['Jawa'],13.0,2000000.0,4000000.0
59130006,Married,27,Male,['Jawa'],12.0,0.0,500000.0
59130009,Married,28,Female,['Jawa'],13.0,100000.0,100000.0
59133202,Married,48,Male,['Jawa'],12.0,2000000.0,18000000.0
59133205,Married,20,Male,['Jawa'],9.0,250000.0,350000.0
59150005,Married,42,Female,['Jawa'],6.0,250000.0,2000000.0
59190004,Married,39,Male,['Jawa'],6.0,1000000.0,10000000.0
59250003,Married,39,Male,['Jawa'],9.0,600000.0,600000.0
59273102,Married,40,Female,['Jawa'],9.0,0.0,560000.0
59280002,Married,48,Female,['Jawa'],6.0,50000.0,300000.0
59300003,Married,38,Male,['Jawa'],6.0,0.0,0.0
59300007,Married,36,Male,['Jawa'],16.0,3000000.0,36000000.0
60010004,Married,28,Male,['Jawa'],13.0,150000.0,750000.0
60010005,Married,44,Male,['Jawa'],9.0,1300000.0,16600000.0
60035102,Married,30,Male,['Jawa'],12.0,500000.0,6000000.0
60070005,Married,30,Female,['Jawa'],9.0,390000.0,1560000.0
60070006,Married,30,Male,['Jawa'],9.0,450000.0,3150000.0
60074201,Married,36,Male,['Jawa'],9.0,1000000.0,12100000.0
60080003,Married,30,Male,['Jawa'],16.0,600000.0,1200000.0
60085203,Married,16,Male,['Jawa'],9.0,300000.0,1000000.0
60120001,Married,49,Male,['Jawa'],6.0,900000.0,14820000.0
60120003,Married,27,Male,['Jawa'],9.0,800000.0,9600000.0
60140005,Married,35,Male,['Jawa'],9.0,1900000.0,16200000.0
60143102,Married,36,Female,['Jawa'],9.0,280000.0,1200000.0
60144102,Married,26,Female,['Sunda'],6.0,100000.0,1680000.0
60150006,Married,35,Male,['Jawa'],6.0,0.0,600000.0
60170001,Married,57,Male,['Jawa'],16.0,4500000.0,58500000.0
60170003,Married,27,Male,['Jawa'],16.0,1020000.0,7000000.0
60170004,Married,23,Female,['Jawa'],16.0,1000000.0,8000000.0
60174102,Married,27,Female,['Other'],16.0,200000.0,4000000.0
60180007,Married,43,Female,['Jawa'],6.0,70000.0,150000.0
60190004,Married,44,Female,['Jawa'],6.0,300000.0,3800000.0
60190005,Married,39,Male,['Jawa'],6.0,1000000.0,9000000.0
60190008,Married,56,Female,['Jawa'],6.0,0.0,1025000.0
60190010,Married,29,Male,['Jawa'],16.0,2500000.0,33000000.0
60214102,Married,32,Female,['Jawa'],12.0,400000.0,4800000.0
60220002,Widowed,50,Female,['Jawa'],6.0,350000.0,2000000.0
60220004,Married,32,Male,['Jawa'],9.0,1000000.0,12000000.0
60230003,Married,35,Male,['Jawa'],16.0,459000.0,11508000.0
60230004,Married,31,Female,['Jawa'],9.0,1000000.0,13000000.0
60235102,Married,27,Female,['Jawa'],13.0,400000.0,4000000.0
60235201,Married,33,Male,['Jawa'],9.0,1000000.0,10100000.0
60250005,Married,31,Male,['Jawa'],9.0,500000.0,3000000.0
60250007,Married,25,Female,['Jawa'],13.0,200000.0,1200000.0
60255102,Married,29,Female,['Jawa'],13.0,200000.0,400000.0
60280002,Married,37,Male,['Jawa'],12.0,650000.0,8040000.0
60290001,Married,49,Male,['Jawa'],6.0,500000.0,5000000.0
61010004,Married,34,Male,['Other South Sumatera'],9.0,900000.0,12000000.0
61020001,Married,40,Male,['Other South Sumatera'],6.0,600000.0,1800000.0
61020005,Married,30,Male,['Other South Sumatera'],6.0,200000.0,1500000.0
61024001,Married,39,Male,['Other South Sumatera'],12.0,4300000.0,51600000.0
61030005,Married,36,Male,['Other South Sumatera'],6.0,1500000.0,5000000.0
61030006,Married,35,Male,['Other South Sumatera'],6.0,750000.0,3600000.0
61033102,Married,32,Female,['Other South Sumatera'],6.0,900000.0,12000000.0
61040003,Married,41,Male,['Other South Sumatera'],6.0,1500000.0,12000000.0
61070006,Married,27,Male,['Other South Sumatera'],6.0,1500000.0,18000000.0
61070007,Married,25,Male,['Other South Sumatera'],9.0,500000.0,6000000.0
61073101,Married,35,Male,['Other South Sumatera'],6.0,1050000.0,12600000.0
61090003,Married,47,Male,['Other South Sumatera'],6.0,700000.0,3500000.0
61090010,Married,25,Male,['Other South Sumatera'],9.0,0.0,600000.0
61093108,Married,27,Male,['Other South Sumatera'],9.0,1300000.0,15600000.0
61100003,Married,44,Male,['Other South Sumatera'],12.0,4000000.0,48000000.0
61100004,Married,37,Male,['Other South Sumatera'],6.0,700000.0,6000000.0
61110001,Married,54,Male,['Other South Sumatera'],6.0,0.0,3000000.0
61110007,Married,22,Male,['Other South Sumatera'],6.0,700000.0,4900000.0
61120001,Married,52,Male,['Other South Sumatera'],12.0,1500000.0,18000000.0
61130001,Married,49,Male,['Other South Sumatera'],9.0,880000.0,1920000.0
61130004,Married,27,Male,['Other South Sumatera'],12.0,1700000.0,20400000.0
61130005,Married,26,Male,['Other South Sumatera'],12.0,3000000.0,36000000.0
61135001,Married,31,Male,['Palembang'],6.0,2000000.0,6000000.0
61140004,Married,24,Male,['Other South Sumatera'],12.0,1800000.0,20800000.0
61140006,Married,31,Male,['Other South Sumatera'],9.0,1800000.0,22000000.0
61150004,Married,56,Male,['Other South Sumatera'],6.0,100000.0,10000000.0
61160004,Married,35,Male,['Other South Sumatera'],6.0,200000.0,2400000.0
61160005,Married,31,Male,['Other South Sumatera'],12.0,1600000.0,19200000.0
61170001,Married,51,Male,['Other South Sumatera'],6.0,250000.0,8000000.0
61174101,Married,29,Male,['Palembang'],9.0,2400000.0,31200000.0
61175101,Married,22,Male,['Other'],6.0,1500000.0,18000000.0
61190002,Married,36,Female,['Other South Sumatera'],6.0,300000.0,3700000.0
61190009,Married,27,Male,['Other South Sumatera'],12.0,2200000.0,26400000.0
61193101,Married,39,Male,['Komering'],6.0,1200000.0,14400000.0
61220001,Married,53,Male,['Other South Sumatera'],12.0,1850000.0,24050000.0
61220012,Married,40,Female,['Other South Sumatera'],12.0,1500000.0,18000000.0
61224101,Married,28,Male,['Komering'],9.0,935000.0,11000000.0
61250003,Married,36,Male,['Other South Sumatera'],6.0,210000.0,4000000.0
61250005,Married,32,Male,['Other South Sumatera'],6.0,1600000.0,18000000.0
61250007,Married,28,Male,['Other South Sumatera'],6.0,1300000.0,14400000.0
61253101,Married,48,Male,['Other South Sumatera'],6.0,400000.0,10000000.0
61294102,Married,35,Male,['Other South Sumatera'],9.0,1500000.0,3000000.0
61300001,Married,56,Male,['Other South Sumatera'],6.0,1500000.0,18000000.0
62010004,Married,27,Male,['Jawa'],12.0,1700000.0,21800000.0
62010005,Married,22,Female,['Jawa'],12.0,1000000.0,13500000.0
62014203,Married,26,Female,['Jawa'],12.0,1500000.0,19500000.0
62015101,Married,28,Male,['Jawa'],13.0,1800000.0,23400000.0
62020003,Married,36,Male,['Sunda'],9.0,700000.0,7700000.0
62024202,Married,38,Female,['Jawa'],15.0,1750000.0,22750000.0
62030005,Married,28,Male,['Sunda'],9.0,900000.0,10000000.0
62033101,Married,40,Male,['Sunda'],6.0,1500000.0,16500000.0
62050002,Married,41,Female,['Sunda'],9.0,1000000.0,8000000.0
62090002,Married,47,Male,['Jawa'],6.0,1200000.0,13200000.0
62090009,Married,34,Female,['Sunda'],9.0,150000.0,450000.0
62120003,Married,41,Male,['Jawa'],6.0,720000.0,5000000.0
62123201,Married,40,Male,['Sunda'],12.0,900000.0,10800000.0
62130003,Married,41,Female,['Jawa'],9.0,210000.0,1100000.0
62130004,Married,44,Female,['Jawa'],6.0,300000.0,1200000.0
62131101,Married,46,Male,['Jawa'],9.0,0.0,1500000.0
62144102,Married,38,Female,['Jawa'],6.0,1500000.0,13200000.0
62150007,Married,30,Female,['Jawa'],16.0,2500000.0,32500000.0
62160007,Married,36,Male,['Jawa'],6.0,700000.0,8480000.0
62184102,Married,40,Male,['Sunda'],6.0,600000.0,2000000.0
62190004,Married,36,Male,['Jawa'],13.0,250000.0,2000000.0
62193101,Married,37,Male,['Jawa'],6.0,400000.0,3675000.0
62194102,Married,39,Female,['Jawa'],6.0,400000.0,600000.0
62194203,Married,28,Male,['Jawa'],12.0,1800000.0,5000000.0
62195101,Married,40,Male,['Other South Sumatera'],12.0,900000.0,10500000.0
62200005,Married,30,Male,['Other'],12.0,0.0,16500000.0
62210004,Married,26,Male,['Sunda'],13.0,2200000.0,18300000.0
62224101,Married,36,Male,['Sunda'],9.0,400000.0,4800000.0
62240003,Married,25,Female,['Jawa'],9.0,600000.0,5400000.0
62245101,Married,32,Male,['Jawa'],6.0,650000.0,12000000.0
62270003,Married,42,Male,['Jawa'],6.0,2000000.0,24000000.0
62280003,Married,30,Male,['Jawa'],6.0,2000000.0,12000000.0
63010003,Married,27,Male,['Jawa'],12.0,1500000.0,20000000.0
63040003,Married,39,Male,['Jawa'],6.0,2000000.0,8000000.0
63045205,Married,28,Male,['Jawa'],6.0,1500000.0,10500000.0
63090005,Married,25,Male,['Jawa'],6.0,300000.0,3600000.0
63120001,Married,68,Male,['Jawa'],9.0,150000.0,1800000.0
63130008,Married,29,Male,['Jawa'],6.0,750000.0,9000000.0
63154101,Married,33,Male,['Madura'],13.0,2000000.0,20000000.0
63160004,Married,37,Male,['Jawa'],9.0,500000.0,6000000.0
63163102,Married,44,Female,['Jawa'],9.0,300000.0,3700000.0
63164201,Married,38,Male,['Palembang'],12.0,1500000.0,3000000.0
63190002,Widowed,47,Female,['Jawa'],6.0,250000.0,1250000.0
63195101,Married,31,Male,['Jawa'],6.0,1500000.0,3000000.0
63210001,Married,56,Male,['Jawa'],6.0,0.0,0.0
63210003,Married,32,Male,['Jawa'],9.0,400000.0,5300000.0
63235102,Married,32,Female,['Palembang'],13.0,1000000.0,13000000.0
63235301,Married,33,Male,['Jawa'],6.0,900000.0,10800000.0
63240003,Married,44,Female,['Jawa'],6.0,1000000.0,8000000.0
63243101,Married,45,Male,['Jawa'],9.0,800000.0,8000000.0
63260004,Married,27,Male,['Jawa'],9.0,600000.0,7100000.0
63280003,Married,40,Male,['Jawa'],12.0,400000.0,6100000.0
63280005,Married,28,Female,['Jawa'],9.0,200000.0,200000.0
63290003,Married,33,Male,['Jawa'],13.0,500000.0,16200000.0
64010004,Married,30,Male,['Jawa'],6.0,900000.0,7000000.0
64014102,Married,26,Female,"['Jawa', 'Sunda']",6.0,2000000.0,25500000.0
64030007,Married,46,Male,['Other South Sumatera'],12.0,5000000.0,62500000.0
64060005,Married,22,Male,['Jawa'],13.0,1800000.0,15000000.0
64060011,Married,31,Male,['Sunda'],12.0,1050000.0,1050000.0
64065101,Married,31,Male,['Jawa'],13.0,1500000.0,19500000.0
64065102,Married,30,Female,['Sunda'],9.0,500000.0,3000000.0
64070003,Married,40,Male,['Sunda'],6.0,1500000.0,18000000.0
64070005,Married,35,Male,['Sunda'],9.0,1000000.0,1000000.0
64070006,Married,31,Female,['Sunda'],9.0,300000.0,2400000.0
64070011,Married,19,Female,['Other South Sumatera'],9.0,200000.0,200000.0
64073202,Married,34,Female,['Palembang'],6.0,500000.0,6350000.0
64074101,Married,37,Male,['Banten'],6.0,300000.0,4800000.0
64080006,Married,35,Female,['Jawa'],9.0,800000.0,9800000.0
64080007,Married,31,Female,['Jawa'],9.0,1000000.0,13000000.0
64080011,Married,37,Male,['Jawa'],13.0,1800000.0,19800000.0
64120001,Married,50,Male,['Jawa'],6.0,1200000.0,14400000.0
64120002,Married,42,Female,['Jawa'],6.0,1200000.0,15000000.0
64140001,Married,72,Male,['Betawi'],6.0,1500000.0,13000000.0
64140004,Married,34,Male,['Betawi'],6.0,1700000.0,20800000.0
64140005,Married,22,Male,['Betawi'],9.0,1500000.0,1500000.0
64140007,Married,36,Female,['Jawa'],6.0,700000.0,8400000.0
64143102,Married,34,Female,['Sunda'],6.0,300000.0,3800000.0
64170008,Married,42,Male,['Madura'],9.0,750000.0,6750000.0
64190001,Married,63,Male,['Other South Sumatera'],6.0,1000000.0,12000000.0
64190002,Married,56,Female,['Other South Sumatera'],6.0,80000.0,960000.0
64190003,Married,37,Male,['Other South Sumatera'],9.0,900000.0,10800000.0
64190004,Married,35,Male,['Other South Sumatera'],6.0,1820000.0,21840000.0
64190006,Married,26,Female,['Other South Sumatera'],9.0,500000.0,2000000.0
64193106,Married,32,Female,['Jawa'],9.0,1500000.0,18200000.0
64194102,Married,32,Female,['Other South Sumatera'],9.0,300000.0,300000.0
64194201,Married,39,Male,['Minang'],12.0,1450000.0,17400000.0
64194301,Married,28,Male,['Jawa'],9.0,1560000.0,9360000.0
64200011,Married,41,Male,['Other South Sumatera'],15.0,1500000.0,4500000.0
64220003,Married,28,Male,['Jawa'],6.0,1200000.0,14400000.0
64220006,Married,23,Male,['Jawa'],13.0,700000.0,8400000.0
64250010,Married,34,Male,['Jawa'],6.0,1560000.0,15600000.0
64260003,Married,40,Male,['Madura'],6.0,1200000.0,14400000.0
64260008,Married,25,Male,['Jawa'],6.0,3000000.0,3200000.0
64264101,Married,46,Male,['Banten'],9.0,1000000.0,10080000.0
64265201,Married,39,Male,['Jawa'],6.0,2000000.0,24000000.0
64265302,Married,25,Female,['Sunda'],6.0,900000.0,13800000.0
64300002,Married,49,Female,['Jawa'],12.0,70000.0,170000.0
65010003,Married,59,Male,['Sunda'],6.0,550000.0,6600000.0
65010009,Married,56,Female,['Jawa'],9.0,600000.0,1800000.0
65030008,Married,34,Male,['Jawa'],15.0,1880000.0,10600000.0
65040005,Married,36,Male,['Palembang'],9.0,700000.0,14400000.0
65050004,Married,32,Female,['Sunda'],15.0,1422000.0,18786000.0
65050007,Widowed,46,Female,['Sunda'],9.0,900000.0,9900000.0
65050010,Married,35,Male,['Jawa'],13.0,1500000.0,10500000.0
65053102,Married,32,Female,['Jawa'],9.0,400000.0,1250000.0
65070003,Married,37,Male,['Sunda'],6.0,2000000.0,30000000.0
65070005,Married,32,Female,['Sunda'],15.0,1500000.0,19500000.0
65073102,Married,31,Female,['Jawa'],9.0,280000.0,3360000.0
65080002,Married,56,Female,['Sunda'],6.0,220000.0,1500000.0
65080005,Married,25,Male,['Jawa'],9.0,0.0,26400000.0
65080007,Widowed,44,Female,['Sunda'],12.0,200000.0,2400000.0
65080015,Married,33,Male,['Dayak'],15.0,0.0,8000000.0
65081102,Married,36,Female,['Jawa'],9.0,1300000.0,18980000.0
65090007,Married,35,Female,['Sunda'],9.0,2100000.0,3150000.0
65090009,Married,39,Male,['Jawa'],16.0,13000000.0,170000000.0
65091106,Married,41,Male,['Jawa'],12.0,1500000.0,18000000.0
65110001,Married,46,Male,['Other South Sumatera'],12.0,1400000.0,18200000.0
65150005,Married,52,Male,['Jawa'],15.0,4000000.0,48000000.0
65200004,Married,51,Female,['Sunda'],15.0,3700000.0,78105000.0
65200005,Married,52,Male,['Jawa'],12.0,1500000.0,18000000.0
65200007,Married,24,Male,['Jawa'],15.0,4000000.0,47000000.0
65200009,Married,45,Female,['Jawa'],16.0,4000000.0,39500000.0
66030004,Married,43,Male,['Other South Sumatera'],12.0,500000.0,6000000.0
66030006,Married,43,Female,['Other South Sumatera'],16.0,3800000.0,49400000.0
66040005,Married,31,Female,['Jawa'],9.0,600000.0,7800000.0
66050001,Married,55,Male,['Sunda'],12.0,1600000.0,31000000.0
66050002,Married,53,Female,['Other South Sumatera'],16.0,4700000.0,63100000.0
66050004,Married,28,Male,['Other South Sumatera'],12.0,2200000.0,26400000.0
66080004,Married,43,Female,['Other South Sumatera'],6.0,71000.0,7000000.0
66124105,Married,34,Male,['Other South Sumatera'],13.0,1800000.0,21600000.0
66124201,Married,33,Male,['Jawa'],13.0,2500000.0,4300000.0
66130001,Married,52,Male,['Jawa'],6.0,1100000.0,13400000.0
66130004,Married,28,Male,['Jawa'],6.0,700000.0,8400000.0
66140001,Married,58,Male,['Jawa'],6.0,600000.0,7200000.0
66140004,Married,24,Male,['Jawa'],13.0,500000.0,6000000.0
66170003,Married,43,Female,['Other South Sumatera'],18.0,3500000.0,49000000.0
67020003,Divorced,50,Female,['Jawa'],15.0,740000.0,9700000.0
67020013,Married,41,Male,['Betawi'],16.0,3000000.0,45000000.0
67040005,Married,41,Male,['Sunda'],15.0,7000000.0,91000000.0
67040006,Married,39,Female,['Jawa'],16.0,2000000.0,24000000.0
67040007,Married,36,Male,['Jawa'],18.0,15000000.0,180000000.0
67040009,Married,45,Male,['Jawa'],15.0,7000000.0,95000000.0
67040018,Married,24,Female,['Jawa'],12.0,1500000.0,3000000.0
67045102,Married,36,Female,['Sunda'],16.0,585000.0,21896000.0
67074102,Married,49,Female,['Jawa'],12.0,500000.0,6000000.0
67090003,Married,48,Female,['Betawi'],16.0,4000000.0,56000000.0
67150001,Married,58,Male,['Betawi'],6.0,1500000.0,4200000.0
67150002,Married,53,Female,['Betawi'],9.0,1000000.0,13000000.0
67200004,Married,33,Male,['Bugis'],16.0,7000000.0,84000000.0
68030002,Widowed,52,Female,['Jawa'],6.0,2000000.0,25800000.0
68030003,Married,34,Male,['Jawa'],13.0,2700000.0,35100000.0
68050006,Married,41,Male,['Betawi'],16.0,4500000.0,67500000.0
68050007,Married,39,Female,['Betawi'],16.0,15000000.0,267300000.0
68050010,Married,39,Male,['Jawa'],16.0,10000000.0,98500000.0
68060004,Married,26,Female,['Jawa'],13.0,700000.0,8900000.0
68074101,Married,35,Male,['Betawi'],15.0,2000000.0,26000000.0
68120003,Married,26,Female,['Betawi'],13.0,2800000.0,36400000.0
68130002,Widowed,56,Female,['Betawi'],6.0,1500000.0,1500000.0
68130003,Married,40,Male,['Betawi'],12.0,4000000.0,50900000.0
68133201,Married,42,Male,['Betawi'],16.0,3200000.0,128400000.0
68134202,Married,34,Female,['Betawi'],13.0,2600000.0,30600000.0
68134301,Married,34,Male,['Betawi'],13.0,2905000.0,37630000.0
68134401,Divorced,35,Male,['Betawi'],12.0,2700000.0,25300000.0
68190003,Married,50,Female,['Jawa'],16.0,6000000.0,79000000.0
68190004,Divorced,43,Female,['Jawa'],16.0,3500000.0,45500000.0
68190014,Married,30,Male,['Jawa'],9.0,2000000.0,26000000.0
68193101,Married,53,Male,['Jawa'],18.0,23000000.0,396000000.0
68410001,Married,52,Male,['Betawi'],15.0,3500000.0,49000000.0
70010001,Married,47,Male,['Other'],15.0,4500000.0,60000000.0
70030003,Married,41,Male,['Betawi'],12.0,3500000.0,33500000.0
70030004,Married,39,Female,['Betawi'],15.0,600000.0,3600000.0
70030006,Married,31,Female,['Betawi'],15.0,6000000.0,78000000.0
70034202,Married,36,Female,['Sunda'],16.0,7000000.0,91000000.0
70040001,Married,60,Male,['Betawi'],12.0,250000.0,3000000.0
70040004,Married,26,Male,['Betawi'],16.0,7000000.0,14000000.0
70050004,Married,43,Male,['Betawi'],9.0,2400000.0,30800000.0
70050006,Married,41,Male,['Betawi'],15.0,3000000.0,39000000.0
70050013,Married,37,Male,['Jawa'],9.0,800000.0,4800000.0
70070002,Married,53,Female,['Jawa'],6.0,1500000.0,18000000.0
70070003,Married,32,Male,['Jawa'],13.0,2400000.0,32400000.0
70070005,Married,44,Male,['Jawa'],12.0,4900000.0,56450000.0
70100005,Married,32,Male,['Betawi'],13.0,4500000.0,62100000.0
70103101,Married,49,Male,['Jawa'],12.0,2700000.0,35400000.0
70110002,Widowed,54,Female,['Betawi'],6.0,400000.0,4800000.0
70133103,Married,44,Male,['Betawi'],13.0,2000000.0,26300000.0
70160005,Married,34,Male,['Betawi'],12.0,3000000.0,38700000.0
70160011,Married,47,Male,['Betawi'],12.0,2700000.0,35100000.0
70170001,Married,47,Male,['Betawi'],12.0,2700000.0,32400000.0
70180001,Married,59,Male,['Sunda'],6.0,3000000.0,9000000.0
70180002,Married,47,Female,['Sunda'],6.0,1000000.0,13300000.0
70185102,Married,28,Male,['Jawa'],13.0,3000000.0,39000000.0
70200001,Married,50,Male,['Betawi'],9.0,500000.0,23000000.0
70410003,Married,36,Male,['Betawi'],15.0,2450000.0,29400000.0
70410004,Married,33,Female,['Betawi'],16.0,800000.0,12600000.0
70414201,Married,35,Male,['Betawi'],13.0,2500000.0,32000000.0
70430003,Married,25,Male,['Sunda'],13.0,2500000.0,122500000.0
71010001,Married,56,Male,['Betawi'],12.0,1820000.0,25340000.0
71040001,Married,51,Male,['Sunda'],13.0,3800000.0,45600000.0
71060005,Married,48,Male,['Jawa'],16.0,3000000.0,42000000.0
71060006,Married,45,Male,['Jawa'],16.0,3000000.0,36000000.0
71060008,Married,47,Female,['Jawa'],13.0,1500000.0,19500000.0
71080002,Married,37,Female,['Jawa'],12.0,3100000.0,37200000.0
71090005,Married,44,Female,['Sunda'],18.0,5000000.0,65000000.0
71120003,Married,49,Female,['Jawa'],13.0,0.0,2400000.0
71120005,Married,47,Female,['Jawa'],12.0,0.0,0.0
71120006,Married,49,Male,['Betawi'],12.0,1500000.0,18500000.0
71130002,Married,48,Male,['Jawa'],12.0,6500000.0,78000000.0
71140009,Married,49,Male,['Sunda'],12.0,3000000.0,67200000.0
71140011,Married,48,Male,['Sunda'],9.0,1500000.0,18000000.0
71140016,Married,20,Female,['Sunda'],12.0,2500000.0,43800000.0
71145003,Married,33,Female,['Sunda'],6.0,300000.0,2000000.0
71170012,Married,49,Male,['Jawa'],12.0,2000000.0,26000000.0
71410001,Married,51,Male,['Jawa'],18.0,10000000.0,118000000.0
71420005,Married,43,Female,['Betawi'],15.0,500000.0,6000000.0
71420006,Married,39,Male,['Jawa'],12.0,2900000.0,39200000.0
71423302,Married,41,Female,['Betawi'],12.0,550000.0,6750000.0
71430001,Married,49,Male,['Jawa'],12.0,3500000.0,46800000.0
72070006,Married,44,Female,['Melayu'],16.0,6500000.0,130000000.0
73020003,Married,36,Male,['Betawi'],13.0,2200000.0,6600000.0
73030004,Married,33,Female,['Betawi'],9.0,1600000.0,19200000.0
73034101,Married,39,Male,['Betawi'],13.0,2000000.0,5000000.0
73040003,Married,36,Male,['Betawi'],13.0,3000000.0,36700000.0
73043204,Divorced,34,Male,['Betawi'],12.0,2400000.0,14400000.0
73060004,Married,54,Male,['Jawa'],6.0,1920000.0,23040000.0
73070002,Widowed,64,Female,['Jawa'],6.0,300000.0,2400000.0
73070005,Married,36,Male,['Betawi'],9.0,2200000.0,30000000.0
73070009,Married,23,Male,['Betawi'],9.0,1200000.0,14400000.0
73075302,Married,25,Female,['Betawi'],13.0,0.0,0.0
73080001,Married,63,Male,['Jawa'],13.0,1500000.0,23000000.0
73085102,Married,31,Male,"['Jawa', 'Sunda']",15.0,9700000.0,126100000.0
73090010,Married,41,Male,['Betawi'],9.0,3360000.0,41120000.0
73094102,Married,40,Female,['Sunda'],9.0,350000.0,4700000.0
73100001,Married,51,Male,['Madura'],6.0,2400000.0,10400000.0
73100003,Married,25,Male,['Madura'],6.0,2500000.0,2900000.0
73110007,Married,20,Female,['Sunda'],9.0,900000.0,11100000.0
73130001,Married,52,Male,['Jawa'],12.0,7500000.0,120000000.0
73140003,Married,30,Male,['Sunda'],16.0,10000000.0,140000000.0
73140009,Married,32,Female,['Sunda'],15.0,7000000.0,28000000.0
73145202,Married,25,Female,['Jawa'],15.0,3400000.0,49000000.0
73160003,Married,42,Male,['Betawi'],9.0,1200000.0,15600000.0
73160008,Married,29,Male,['Sunda'],9.0,1600000.0,21700000.0
73170001,Married,45,Male,['Betawi'],6.0,830000.0,10000000.0
73170006,Married,27,Male,['Betawi'],15.0,0.0,0.0
73180004,Married,31,Male,['Betawi'],12.0,4400000.0,55800000.0
73190003,Married,40,Female,['Betawi'],15.0,300000.0,2400000.0
74030004,Married,41,Male,['Betawi'],18.0,3300000.0,39600000.0
74030011,Married,22,Male,['Betawi'],13.0,1500000.0,13100000.0
74035101,Married,33,Male,['Jawa'],12.0,3000000.0,32500000.0
74040002,Married,42,Female,['Sunda'],16.0,200000.0,3000000.0
74060003,Married,39,Male,['Jawa'],16.0,3500000.0,46800000.0
74060004,Married,37,Male,['Jawa'],16.0,8000000.0,104000000.0
74060006,Married,37,Male,['Jawa'],13.0,1800000.0,16500000.0
74100001,Married,47,Male,['Sunda'],9.0,6000000.0,72000000.0
74110002,Widowed,62,Female,['Jawa'],6.0,780000.0,9360000.0
74110004,Married,35,Male,"['Jawa', 'Betawi']",9.0,1600000.0,19200000.0
74120001,Married,49,Male,['Jawa'],6.0,2400000.0,2400000.0
74120002,Married,56,Female,['Jawa'],6.0,400000.0,800000.0
74120003,Divorced,34,Male,['Betawi'],9.0,1500000.0,1500000.0
74122102,Married,43,Female,['Jawa'],6.0,400000.0,4800000.0
74130002,Widowed,60,Female,['Jawa'],13.0,800000.0,1300000.0
74130004,Married,37,Male,['Betawi'],6.0,500000.0,1400000.0
74130007,Divorced,31,Male,['Betawi'],9.0,1000000.0,1200000.0
74140005,Married,32,Female,['Betawi'],13.0,1000000.0,13000000.0
74170001,Widowed,50,Female,['Betawi'],6.0,600000.0,7200000.0
74170002,Married,26,Female,['Betawi'],13.0,600000.0,7200000.0
74175101,Married,25,Male,['Betawi'],13.0,4000000.0,37000000.0
74200005,Married,36,Male,['Betawi'],13.0,2000000.0,26400000.0
74200006,Married,30,Male,['Betawi'],12.0,2200000.0,28600000.0
74200012,Married,31,Female,['Betawi'],13.0,1700000.0,32500000.0
74205102,Married,34,Female,['Betawi'],13.0,2400000.0,30700000.0
75010002,Widowed,63,Female,['Jawa'],12.0,0.0,800000.0
75030001,Married,60,Male,['Palembang'],15.0,1000000.0,12000000.0
75050003,Married,38,Male,['Jawa'],16.0,6000000.0,90000000.0
75054202,Married,35,Female,['Jawa'],13.0,5000000.0,85000000.0
75060005,Married,27,Male,['Jawa'],6.0,2000000.0,2000000.0
75080006,Divorced,33,Female,['Sunda'],16.0,2400000.0,7200000.0
75143101,Married,50,Male,['Jawa'],12.0,10000000.0,180000000.0
75160005,Divorced,50,Male,['Betawi'],12.0,1900000.0,22800000.0
75170002,Married,73,Female,['Jawa'],6.0,100000.0,100000.0
75170006,Divorced,44,Male,['Jawa'],13.0,6000.0,6000.0
75190005,Married,36,Male,['Sunda'],16.0,3800000.0,45600000.0
75195103,Married,32,Female,['Sunda'],15.0,3500000.0,45500000.0
75410007,Married,38,Male,['Aceh'],16.0,5000000.0,70000000.0
76014201,Married,36,Male,['Jawa'],16.0,7000000.0,84000000.0
76015102,Married,39,Female,['Jawa'],18.0,7000000.0,94000000.0
76030004,Married,38,Male,['Jawa'],12.0,2700000.0,35100000.0
76035104,Married,33,Female,['Betawi'],13.0,2700000.0,31200000.0
76040005,Married,44,Female,['Jawa'],13.0,1200000.0,2850000.0
76040009,Married,44,Male,['Betawi'],13.0,3000000.0,3000000.0
76080001,Married,72,Male,['Sunda'],16.0,1000000.0,13000000.0
76120005,Married,55,Male,['Jawa'],16.0,6000000.0,72000000.0
76160002,Widowed,71,Female,['Sunda'],16.0,150000.0,150000.0
76160005,Married,38,Female,['Sunda'],16.0,3700000.0,40500000.0
76164101,Married,43,Male,['Betawi'],15.0,6000000.0,72000000.0
76180003,Married,41,Female,['Sunda'],15.0,4500000.0,66900000.0
76183101,Married,44,Male,['Jawa'],12.0,3800000.0,49400000.0
76410001,Married,56,Male,['Ambon'],16.0,7500000.0,93000000.0
77014101,Married,31,Male,['Betawi'],12.0,2250000.0,25950000.0
77023101,Married,50,Male,['Jawa'],16.0,3700000.0,51800000.0
77120003,Married,48,Female,['Jawa'],15.0,7200000.0,93600000.0
77180004,Married,46,Male,['Jawa'],13.0,2210000.0,26520000.0
77183102,Married,41,Female,['Sunda'],13.0,300000.0,1200000.0
77460001,Married,60,Male,['Betawi'],6.0,100000.0,2150000.0
77460010,Married,39,Male,['Jawa'],15.0,900000.0,900000.0
77465102,Married,48,Female,['Sunda'],16.0,1650000.0,41450000.0
77470004,Married,33,Male,['Betawi'],9.0,3000000.0,38000000.0
77475201,Married,33,Male,['Jawa'],16.0,3500000.0,42000000.0
77483210,Married,42,Male,['Betawi'],12.0,4000000.0,48000000.0
78040003,Married,44,Male,['Betawi'],12.0,4000000.0,51000000.0
78040004,Married,47,Male,['Jawa'],12.0,2500000.0,35000000.0
78050004,Married,43,Male,['Jawa'],12.0,2500000.0,33700000.0
78060003,Married,39,Male,['Betawi'],13.0,2800000.0,36800000.0
78060004,Married,37,Female,['Betawi'],13.0,3500000.0,48500000.0
78070009,Married,47,Female,['Jawa'],13.0,0.0,0.0
78074201,Married,42,Male,['Betawi'],16.0,2000000.0,24000000.0
78080001,Married,56,Male,['Sunda'],9.0,2400000.0,28800000.0
78100002,Married,45,Female,['Jawa'],9.0,300000.0,7100000.0
78110005,Married,37,Male,['Sunda'],9.0,1500000.0,20000000.0
78110008,Married,31,Female,['Sunda'],9.0,240000.0,2880000.0
78114501,Married,33,Male,['Betawi'],13.0,2000000.0,24000000.0
78120001,Married,59,Male,['Betawi'],9.0,2600000.0,32840000.0
78120004,Married,36,Male,['Betawi'],13.0,3500000.0,39435000.0
78120005,Married,34,Male,['Betawi'],13.0,2920000.0,37960000.0
78120007,Married,44,Male,['Sunda'],9.0,3400000.0,40700000.0
78130002,Married,44,Female,['Betawi'],6.0,300000.0,3800000.0
78130003,Married,48,Male,['Bima-Dompu'],12.0,2200000.0,27650000.0
78200002,Married,44,Female,['Jawa'],13.0,2500000.0,30000000.0
78205101,Married,27,Male,['Jawa'],16.0,5000000.0,60000000.0
78433101,Married,36,Male,['Jawa'],12.0,2700000.0,24000000.0
78434102,Married,31,Male,['Jawa'],13.0,5800000.0,75400000.0
79040003,Married,37,Female,['Sunda'],13.0,2900000.0,34800000.0
79040004,Married,34,Male,['Jawa'],13.0,3200000.0,41600000.0
79050001,Married,48,Male,['Jawa'],13.0,5000000.0,78600000.0
79070001,Married,52,Male,['Jawa'],9.0,3000000.0,39000000.0
79090001,Married,55,Male,['Jawa'],9.0,2850000.0,37050000.0
79090008,Married,28,Male,['Jawa'],16.0,400000.0,1600000.0
79110003,Married,29,Female,['Sunda'],12.0,3000000.0,48400000.0
79110007,Married,42,Male,['Sunda'],12.0,9000000.0,100000000.0
79110008,Married,34,Male,['Jawa'],13.0,3100000.0,34100000.0
79114101,Married,33,Male,['Betawi'],13.0,12500000.0,406800000.0
79140001,Married,52,Male,['Jawa'],12.0,6000000.0,90000000.0
79140003,Married,25,Male,['Jawa'],12.0,6200000.0,90400000.0
79410002,Widowed,56,Female,['Betawi'],6.0,500000.0,600000.0
79410006,Married,26,Male,['Sunda'],13.0,2900000.0,40300000.0
79414101,Married,36,Male,['Betawi'],13.0,2400000.0,28800000.0
79430005,Married,32,Female,['Jawa'],15.0,800000.0,10100000.0
79433307,Married,41,Male,['Betawi'],12.0,4000000.0,56000000.0
80110003,Married,55,Male,['Tionghoa'],15.0,3000000.0,36000000.0
80112102,Married,59,Female,['Tionghoa'],15.0,5000000.0,65000000.0
80120004,Married,41,Female,['Jawa'],6.0,100000.0,500000.0
80180004,Married,38,Male,['Jawa'],16.0,21000000.0,294000000.0
80180005,Married,35,Male,['Unknown'],16.0,16000000.0,212000000.0
80184202,Married,34,Female,['Minang'],16.0,12000000.0,96000000.0
81011103,Married,34,Male,['Minang'],12.0,5000000.0,40800000.0
81020002,Widowed,52,Female,['Sunda'],12.0,0.0,0.0
81030006,Married,27,Male,['Sunda'],9.0,200000.0,200000.0
81040005,Divorced,32,Female,['Sunda'],16.0,2500000.0,29900000.0
81060013,Married,28,Male,['Betawi'],13.0,480000.0,5760000.0
81150001,Married,60,Male,['Sunda'],6.0,100000.0,19600000.0
81150003,Widowed,40,Female,['Betawi'],13.0,1600000.0,20700000.0
81150006,Married,25,Female,['Sunda'],13.0,2000000.0,45500000.0
81150010,Married,32,Male,['Betawi'],12.0,3700000.0,44400000.0
81155102,Married,27,Male,['Sunda'],9.0,300000.0,6000000.0
81180013,Married,21,Female,['Sunda'],9.0,1300000.0,15600000.0
81200002,Married,41,Male,['Sunda'],12.0,2000000.0,34880000.0
82020004,Married,39,Male,['Betawi'],13.0,2300000.0,11500000.0
82020005,Married,30,Female,['Betawi'],13.0,1400000.0,18200000.0
82030002,Married,37,Male,['Sunda'],13.0,2000000.0,24000000.0
82040002,Married,49,Female,['Betawi'],9.0,600000.0,9600000.0
82040004,Married,52,Male,['Melayu'],9.0,800000.0,9600000.0
82050001,Married,66,Male,['Betawi'],6.0,100000.0,1200000.0
82050003,Married,43,Male,['Betawi'],9.0,1500000.0,21000000.0
82050004,Married,36,Female,['Betawi'],6.0,400000.0,4800000.0
82055101,Married,38,Male,['Betawi'],9.0,4000000.0,42400000.0
82060008,Divorced,45,Female,['Jawa'],13.0,3000000.0,39000000.0
82070001,Married,50,Male,['Jawa'],12.0,2500000.0,30000000.0
82070002,Married,55,Female,['Jawa'],13.0,4000000.0,58600000.0
82070005,Married,24,Male,['Jawa'],13.0,3500000.0,42000000.0
82100003,Divorced,57,Female,['Sunda'],6.0,1000000.0,12500000.0
82110004,Married,38,Male,['Betawi'],13.0,3300000.0,34200000.0
82110005,Married,35,Male,['Betawi'],13.0,4000000.0,48000000.0
82110006,Married,32,Female,['Betawi'],13.0,1900000.0,24000000.0
82114202,Married,35,Female,['Jawa'],12.0,2600000.0,33600000.0
82114304,Married,38,Male,['Jawa'],13.0,2400000.0,28400000.0
82120006,Married,41,Female,['Sunda'],9.0,600000.0,6900000.0
82150003,Married,36,Male,['Betawi'],13.0,2900000.0,34800000.0
82150011,Married,34,Male,['Betawi'],16.0,2300000.0,41600000.0
82160003,Divorced,37,Male,['Sunda'],12.0,8000000.0,84000000.0
82160004,Married,34,Male,['Betawi'],13.0,3500000.0,24000000.0
83050004,Married,29,Male,['Betawi'],13.0,2700000.0,2700000.0
83050005,Married,45,Male,['Sunda'],16.0,3500000.0,42000000.0
83064101,Married,43,Male,['Betawi'],12.0,1800000.0,22600000.0
83080003,Widowed,40,Female,['Jawa'],16.0,2300000.0,29900000.0
83080005,Married,20,Female,['Sunda'],9.0,0.0,20000.0
83090001,Married,55,Male,['Jawa'],12.0,2500000.0,10000000.0
83095101,Married,36,Male,['Jawa'],12.0,300000.0,300000.0
83104203,Married,40,Male,['Jawa'],12.0,3100000.0,37200000.0
83110003,Married,47,Female,['Betawi'],16.0,5000000.0,70500000.0
83110009,Married,32,Female,['Betawi'],12.0,2500000.0,7500000.0
83110011,Married,32,Male,['Betawi'],13.0,2000000.0,26500000.0
83113101,Married,45,Male,['Jawa'],15.0,4000000.0,52000000.0
83113201,Married,44,Male,['Betawi'],9.0,3500000.0,46500000.0
83120005,Married,31,Male,['Betawi'],13.0,3000000.0,70000000.0
83125102,Married,28,Female,['Sunda'],13.0,2000000.0,26000000.0
83130002,Married,67,Female,['Sunda'],6.0,400000.0,4900000.0
83140001,Married,52,Male,['Betawi'],6.0,500000.0,6000000.0
83140003,Married,32,Male,['Betawi'],13.0,2400000.0,32600000.0
83150001,Married,67,Male,['Gorontalo'],15.0,7000000.0,84000000.0
83160002,Married,64,Female,['Jawa'],13.0,200000.0,2400000.0
83170004,Married,36,Male,['Jawa'],12.0,2000000.0,26000000.0
83173101,Married,47,Male,['Sunda'],12.0,4000000.0,20000000.0
83183101,Married,48,Male,['Aceh'],16.0,4000000.0,52000000.0
83190001,Divorced,61,Male,['Sunda'],6.0,1000000.0,10000000.0
83420006,Married,31,Male,['Betawi'],13.0,2420000.0,2420000.0
84024101,Married,45,Male,['Makassar'],12.0,4700000.0,21960000.0
84050007,Married,55,Male,['Jawa'],6.0,1500000.0,18000000.0
84060010,Married,50,Male,['Betawi'],6.0,1500000.0,18000000.0
84073103,Married,38,Male,['Betawi'],12.0,1440000.0,7200000.0
84073106,Married,32,Male,['Jawa'],9.0,300000.0,4100000.0
84160001,Married,51,Male,['Minang'],9.0,2000000.0,2100000.0
84160008,Widowed,40,Female,['Betawi'],12.0,1100000.0,13500000.0
85010005,Married,31,Female,['Batak'],16.0,2400000.0,4800000.0
85020005,Married,51,Female,['Sunda'],16.0,4600000.0,12000000.0
85020007,Married,30,Male,['Betawi'],16.0,3000000.0,39000000.0
85020008,Married,27,Male,['Betawi'],13.0,3100000.0,49200000.0
85023101,Married,42,Male,['Betawi'],12.0,3200000.0,60000000.0
85050002,Married,53,Female,['Betawi'],12.0,5000000.0,60000000.0
85050008,Married,37,Female,['Betawi'],18.0,5000000.0,63000000.0
85053101,Married,50,Male,['Betawi'],9.0,6000000.0,65500000.0
85110003,Married,46,Male,['Jawa'],16.0,3000000.0,39900000.0
85110013,Married,44,Male,['Jawa'],16.0,4000000.0,52000000.0
85120003,Married,35,Female,['Sunda'],16.0,1700000.0,27800000.0
85124101,Married,35,Male,['Sunda'],16.0,4000000.0,52000000.0
85200005,Married,45,Male,['Betawi'],12.0,700000.0,8400000.0
86040009,Married,28,Male,['Betawi'],15.0,4000000.0,10000000.0
86050003,Married,40,Female,['Sunda'],13.0,3000000.0,8000000.0
86050013,Married,46,Male,['Betawi'],12.0,1650000.0,19800000.0
86053101,Married,41,Male,['Betawi'],15.0,6800000.0,128400000.0
86055101,Married,38,Male,['Jawa'],16.0,3000000.0,48000000.0
86060005,Married,44,Female,['Betawi'],15.0,5000000.0,75000000.0
86070007,Married,44,Female,['Minang'],15.0,2700000.0,9600000.0
86100005,Married,36,Male,['Betawi'],12.0,1500000.0,18000000.0
86120003,Married,35,Male,['Jawa'],16.0,6000000.0,84000000.0
86140003,Married,35,Male,['Betawi'],12.0,2300000.0,29900000.0
86144103,Married,32,Female,['Jawa'],16.0,2700000.0,32400000.0
86180006,Married,39,Male,['Betawi'],13.0,2500000.0,31500000.0
86180012,Married,30,Male,['Sunda'],15.0,4500000.0,54000000.0
86190001,Married,47,Male,['Sunda'],12.0,2000000.0,38400000.0
86190002,Married,45,Female,['Sunda'],13.0,1000000.0,12650000.0
86190009,Married,36,Female,['Sunda'],9.0,250000.0,3300000.0
86200004,Married,26,Male,['Sunda'],12.0,2500000.0,32500000.0
86200006,Married,25,Female,['Jawa'],13.0,2500000.0,27500000.0
87020001,Married,56,Male,['Jawa'],9.0,1800000.0,2300000.0
87020011,Married,45,Male,['Sunda'],18.0,35000000.0,455000000.0
87020012,Married,52,Male,['Sunda'],16.0,5500000.0,8500000.0
87030004,Married,56,Male,['Jawa'],12.0,500000.0,6500000.0
87030007,Married,49,Male,['Jawa'],9.0,1700000.0,22600000.0
87065101,Married,27,Male,['Sunda'],12.0,2500000.0,30700000.0
87080008,Married,42,Male,['Sunda'],12.0,1700000.0,1700000.0
87100002,Married,45,Male,['Jawa'],9.0,1600000.0,20400000.0
87100005,Married,41,Female,['Jawa'],6.0,1325000.0,7200000.0
87140001,Married,45,Male,['Sunda'],15.0,5300000.0,63600000.0
87160004,Married,47,Male,['Jawa'],12.0,1200000.0,4900000.0
87160011,Widowed,52,Female,['Jawa'],9.0,300000.0,300000.0
87161101,Widowed,50,Male,['Jawa'],12.0,5000000.0,62000000.0
87163102,Married,34,Female,['Jawa'],9.0,2000000.0,33800000.0
87190003,Married,40,Male,['Jawa'],12.0,2000000.0,27000000.0
87194102,Married,34,Female,['Jawa'],13.0,400000.0,400000.0
87200002,Married,50,Female,['Jawa'],12.0,3000000.0,46000000.0
87200003,Married,40,Female,['Jawa'],12.0,2000000.0,26000000.0
87202101,Married,56,Male,['Jawa'],16.0,3000000.0,37000000.0
88040002,Married,51,Female,['Tionghoa'],15.0,4500000.0,55500000.0
88050002,Married,56,Female,['Sunda'],6.0,500000.0,6200000.0
88050006,Married,27,Female,['Betawi'],9.0,350000.0,350000.0
88060001,Married,52,Male,['Sunda'],9.0,1000000.0,14000000.0
88100003,Married,37,Female,['Betawi'],15.0,5000000.0,36000000.0
88100005,Married,31,Female,['Betawi'],13.0,1500000.0,17450000.0
88100007,Married,35,Male,['Sunda'],9.0,1800000.0,24500000.0
88104101,Married,42,Male,['Jawa'],15.0,3000000.0,41200000.0
88130003,Married,42,Male,['Betawi'],12.0,450000.0,34200000.0
88140003,Married,48,Male,['Betawi'],9.0,450000.0,4950000.0
88140007,Married,31,Female,"['Jawa', 'Batak']",13.0,2200000.0,2200000.0
88170003,Married,43,Male,['Betawi'],6.0,1000000.0,12800000.0
88170006,Married,25,Female,['Sunda'],9.0,2000000.0,24300000.0
88170008,Married,20,Female,['Betawi'],6.0,600000.0,7300000.0
88170009,Married,53,Male,['Jawa'],9.0,1300000.0,32000000.0
88173102,Married,37,Female,['Betawi'],6.0,1000000.0,12100000.0
88175101,Married,26,Male,['Sunda'],13.0,720000.0,10940000.0
88190002,Married,36,Male,['Betawi'],16.0,3200000.0,43800000.0
88190004,Married,30,Female,['Jawa'],15.0,3500000.0,39300000.0
88195102,Married,36,Female,['Betawi'],12.0,700000.0,8400000.0
88200001,Married,61,Male,['Sunda'],6.0,1900000.0,22800000.0
89040004,Married,30,Female,['Sunda'],6.0,500000.0,6500000.0
89040005,Married,27,Female,['Betawi'],13.0,1800000.0,21900000.0
89040006,Married,22,Female,['Sunda'],9.0,720000.0,9240000.0
89040007,Married,34,Female,['Betawi'],13.0,300000.0,1000000.0
89044101,Married,35,Male,['Betawi'],6.0,2200000.0,4400000.0
89044301,Married,40,Male,['Betawi'],13.0,2500000.0,27500000.0
89045101,Married,25,Male,['Betawi'],12.0,1800000.0,18500000.0
89090006,Married,36,Male,['Betawi'],12.0,6000000.0,48000000.0
89100001,Married,64,Male,['Betawi'],6.0,2400000.0,29200000.0
89100003,Married,37,Male,['Betawi'],12.0,2300000.0,27600000.0
89100004,Married,31,Male,['Betawi'],13.0,1800000.0,12600000.0
89110002,Married,44,Male,['Betawi'],13.0,1500000.0,20000000.0
89110003,Married,41,Female,['Sunda'],13.0,1500000.0,16500000.0
89110005,Married,46,Female,['Betawi'],6.0,700000.0,4200000.0
89110006,Married,50,Male,"['Sunda', 'Betawi']",9.0,2650000.0,26950000.0
89110007,Married,29,Female,['Betawi'],13.0,400000.0,4800000.0
89183101,Married,43,Male,['Palembang'],18.0,29000000.0,360000000.0
89200003,Married,42,Male,['Sunda'],16.0,7000000.0,87500000.0
89200004,Married,39,Female,['Sunda'],18.0,13500000.0,162000000.0
90014201,Married,40,Male,['Bugis'],15.0,2300000.0,20450000.0
90031102,Widowed,39,Female,['Betawi'],9.0,350000.0,1350000.0
90031103,Married,20,Female,['Betawi'],13.0,900000.0,900000.0
90040003,Married,33,Female,['Sunda'],16.0,250000.0,250000.0
90040004,Married,30,Female,['Sunda'],13.0,3600000.0,45700000.0
90040007,Married,30,Male,['Jawa'],12.0,3000000.0,45000000.0
90044103,Married,31,Male,['Jawa'],13.0,3500000.0,42000000.0
90060001,Married,61,Male,['Betawi'],9.0,1000000.0,12900000.0
90060003,Married,36,Female,['Betawi'],12.0,500000.0,6200000.0
90073103,Married,38,Male,['Sunda'],6.0,0.0,3000000.0
90100007,Widowed,43,Female,['Betawi'],6.0,1500000.0,19000000.0
90104301,Married,38,Male,['Betawi'],6.0,560000.0,20160000.0
90410006,Married,34,Female,['Jawa'],15.0,2780000.0,96540000.0
90413102,Married,41,Female,['Betawi'],16.0,6500000.0,92800000.0
91020012,Divorced,54,Male,['Jawa'],9.0,3000000.0,36000000.0
91040005,Married,34,Female,['Jawa'],13.0,1000000.0,14000000.0
91040006,Married,39,Male,['Jawa'],13.0,2500000.0,30000000.0
91060005,Married,40,Female,['Batak'],12.0,500000.0,1300000.0
91060010,Married,39,Male,['Jawa'],12.0,3000000.0,9000000.0
91080005,Married,28,Female,['Sunda'],9.0,1500000.0,4500000.0
91084203,Married,31,Male,['Betawi'],9.0,3520000.0,44040000.0
91085103,Married,26,Male,['Betawi'],12.0,2700000.0,32400000.0
91095102,Married,45,Female,['Sunda'],9.0,500000.0,6000000.0
91095201,Married,38,Male,['Jawa'],9.0,1440000.0,17280000.0
91100003,Married,34,Male,['Jawa'],13.0,3800000.0,50400000.0
91110005,Married,39,Female,['Sunda'],6.0,1600000.0,1600000.0
91114201,Married,41,Male,['Sunda'],6.0,1800000.0,22000000.0
91114301,Married,38,Male,['Sunda'],9.0,3000000.0,36000000.0
91130010,Married,31,Female,['Jawa'],6.0,1400000.0,14590000.0
91140002,Married,46,Female,['Jawa'],6.0,500000.0,6500000.0
91170001,Married,64,Male,['Jawa'],6.0,1200000.0,1200000.0
91180004,Married,36,Male,['Betawi'],12.0,2200000.0,32000000.0
91184101,Married,44,Male,['Betawi'],13.0,3000000.0,39000000.0
91185201,Married,28,Male,['Betawi'],12.0,2600000.0,36400000.0
91190005,Separated,42,Female,['Sunda'],9.0,3700000.0,45500000.0
92010001,Married,55,Male,['Sunda'],9.0,2500000.0,32000000.0
92020009,Married,37,Female,['Jawa'],18.0,1000000.0,12000000.0
92030008,Married,20,Female,['Jawa'],9.0,500000.0,2500000.0
92030011,Married,29,Male,['Sunda'],13.0,3000000.0,40500000.0
92040006,Married,57,Female,['Jawa'],6.0,450000.0,5400000.0
92070001,Married,57,Male,['Jawa'],9.0,1144000.0,3728000.0
92070002,Married,53,Female,['Sunda'],9.0,800000.0,10400000.0
92084202,Married,29,Female,['Jawa'],9.0,200000.0,2400000.0
92130004,Divorced,36,Female,['Jawa'],6.0,1000000.0,5200000.0
92135101,Married,29,Male,['Jawa'],13.0,2400000.0,31200000.0
92140001,Married,44,Male,['Jawa'],13.0,4800000.0,63600000.0
92150001,Married,44,Male,['Betawi'],9.0,2600000.0,33800000.0
93010005,Married,45,Female,['Betawi'],9.0,400000.0,5200000.0
93010007,Married,40,Female,['Jawa'],12.0,2100000.0,27300000.0
93010008,Married,51,Male,['Betawi'],12.0,3000000.0,39000000.0
93010011,Married,23,Male,['Betawi'],13.0,1000000.0,7200000.0
93010012,Married,45,Female,['Jawa'],6.0,200000.0,1000000.0
93010013,Married,34,Male,['Jawa'],9.0,800000.0,800000.0
93013102,Married,46,Male,['Jawa'],6.0,200000.0,12000000.0
93014101,Married,33,Male,['Jawa'],13.0,3200000.0,42400000.0
93015202,Married,19,Female,['Jawa'],13.0,550000.0,6750000.0
93030003,Married,47,Male,['Manado'],12.0,700000.0,8400000.0
93030005,Widowed,46,Male,['Manado'],12.0,1200000.0,21100000.0
93040003,Divorced,52,Female,['Betawi'],13.0,800000.0,9600000.0
93050001,Married,47,Male,['Jawa'],15.0,2000000.0,8000000.0
93060001,Married,51,Male,['Sunda'],13.0,600000.0,7400000.0
93060004,Married,22,Female,['Jawa'],9.0,840000.0,1040000.0
93065101,Married,31,Male,['Jawa'],9.0,720000.0,720000.0
93065201,Married,27,Male,['Betawi'],9.0,2200000.0,2700000.0
93080004,Married,43,Male,['Sunda'],16.0,3800000.0,51000000.0
93100004,Married,27,Male,['Minang'],15.0,20000000.0,320000000.0
93100007,Widowed,47,Female,['Jawa'],9.0,800000.0,9600000.0
93124302,Married,35,Male,['Jawa'],15.0,9500000.0,123500000.0
93140003,Married,44,Male,['Jawa'],15.0,10000000.0,140000000.0
93164202,Married,30,Male,['Batak'],12.0,3000000.0,36000000.0
93170003,Married,31,Female,['Jawa'],16.0,1500000.0,18000000.0
93180007,Married,43,Male,['Sunda'],13.0,20000000.0,310000000.0
93184103,Married,40,Female,['Jawa'],18.0,7000000.0,91000000.0
93200005,Married,25,Female,['Tionghoa'],15.0,2500000.0,45000000.0
93200008,Married,26,Male,['Tionghoa'],13.0,3000000.0,3240000.0
94010001,Married,48,Male,['Betawi'],6.0,2000000.0,26000000.0
94020001,Married,57,Male,['Sunda'],6.0,900000.0,10800000.0
94020006,Married,28,Male,['Banten'],13.0,2440000.0,32680000.0
94020007,Married,34,Male,['Betawi'],9.0,2000000.0,24000000.0
94025102,Married,25,Female,['Betawi'],13.0,0.0,0.0
94030001,Married,52,Male,['Jawa'],12.0,400000.0,4800000.0
94030003,Married,26,Male,['Sunda'],6.0,2000000.0,21500000.0
94033102,Married,20,Female,['Sunda'],9.0,2200000.0,28800000.0
94040001,Widowed,61,Male,['Betawi'],9.0,1560000.0,5200000.0
94060003,Married,78,Male,['Sunda'],15.0,0.0,0.0
94070001,Married,47,Male,['Sunda'],6.0,1200000.0,21400000.0
94090002,Married,52,Female,['Sunda'],6.0,1600000.0,19400000.0
94100001,Married,50,Male,['Betawi'],9.0,7000000.0,88000000.0
94100002,Married,46,Female,['Sunda'],9.0,600000.0,7370000.0
94100003,Married,23,Male,['Sunda'],9.0,2500000.0,22500000.0
94110001,Married,45,Male,['Jawa'],9.0,2000000.0,28150000.0
94120002,Married,52,Female,['Sunda'],9.0,600000.0,1200000.0
94120003,Married,35,Male,['Betawi'],18.0,4000000.0,52000000.0
94120004,Married,31,Female,['Betawi'],13.0,2000000.0,28600000.0
94120009,Married,40,Male,['Other'],12.0,4000000.0,72000000.0
94130001,Married,44,Male,['Betawi'],6.0,3000000.0,50000000.0
94130002,Married,38,Female,['Sunda'],6.0,1000000.0,6000000.0
94140001,Married,44,Male,['Sunda'],16.0,2500000.0,33000000.0
94190002,Widowed,46,Female,['Sunda'],6.0,850000.0,1100000.0
95140001,Married,65,Male,['Betawi'],9.0,900000.0,10800000.0
95140003,Divorced,40,Female,['Betawi'],13.0,10000000.0,175000000.0
95140006,Married,27,Male,['Betawi'],12.0,1700000.0,22100000.0
95160002,Married,46,Male,['Betawi'],12.0,1600000.0,19200000.0
95160004,Married,54,Male,['Betawi'],9.0,2800000.0,43600000.0
95160010,Married,46,Female,['Sunda'],13.0,3000000.0,39000000.0
95161102,Married,46,Female,['Jawa'],6.0,2800000.0,33600000.0
95170002,Widowed,65,Female,['Betawi'],6.0,1200000.0,13200000.0
95170003,Married,49,Male,"['Batak', 'Betawi']",16.0,1000000.0,12200000.0
95190005,Married,32,Male,['Bali'],18.0,5000000.0,5000000.0
95194201,Married,40,Male,['Bali'],22.0,3000000.0,40000000.0
95450001,Married,55,Male,['Jawa'],9.0,3000000.0,37500000.0
95450004,Married,39,Female,['Jawa'],13.0,1000000.0,12400000.0
95453201,Married,41,Male,['Sunda'],13.0,3000000.0,36000000.0
95470004,Married,32,Female,['Jawa'],12.0,0.0,0.0
96010010,Married,40,Female,['Jawa'],9.0,1500000.0,21900000.0
96010012,Married,34,Male,['Sunda'],9.0,2400000.0,33600000.0
96014303,Widowed,32,Female,['Sunda'],16.0,500000.0,4000000.0
96020001,Widowed,60,Female,['Sunda'],13.0,5000000.0,60000000.0
96024102,Married,44,Female,['Batak'],12.0,3800000.0,53200000.0
96030004,Married,19,Female,['Sunda'],6.0,200000.0,200000.0
96030006,Married,20,Male,['Sunda'],9.0,1200000.0,1200000.0
96040003,Married,42,Female,['Sunda'],12.0,40000.0,40000.0
96040004,Married,54,Male,['Sunda'],16.0,500000.0,12500000.0
96050014,Widowed,35,Female,['Sunda'],9.0,500000.0,1500000.0
96150001,Married,50,Male,['Jawa'],9.0,2500000.0,33300000.0
96150002,Married,55,Male,['Jawa'],9.0,2500000.0,34000000.0
96170005,Widowed,52,Female,['Sunda'],6.0,700000.0,9000000.0
96173101,Married,44,Male,['Sunda'],6.0,210000.0,12600000.0
96180007,Married,37,Female,['Jawa'],16.0,2200000.0,26400000.0
96190002,Married,43,Female,['Jawa'],9.0,25000.0,350000.0
96195101,Married,47,Male,['Jawa'],16.0,700000.0,11400000.0
96200002,Married,55,Female,['Sunda'],16.0,3600000.0,43200000.0
97030001,Divorced,66,Male,['Jawa'],6.0,180000.0,960000.0
97040005,Married,25,Male,['Betawi'],12.0,850000.0,11000000.0
97080002,Widowed,68,Female,['Sunda'],6.0,1000000.0,18000000.0
97080005,Married,34,Female,['Sunda'],13.0,1000000.0,17000000.0
97080012,Married,37,Male,['Sunda'],13.0,2000000.0,30000000.0
97170012,Married,17,Female,['Sunda'],9.0,1800000.0,5700000.0
97173101,Married,40,Male,['Sunda'],6.0,2600000.0,30000000.0
97173210,Married,29,Male,['Sunda'],9.0,1100000.0,13200000.0
97175101,Married,27,Male,['Betawi'],12.0,2300000.0,29100000.0
97180005,Married,44,Female,['Sunda'],9.0,400000.0,5200000.0
97180011,Married,24,Male,['Jawa'],15.0,1900000.0,24700000.0
97200003,Married,31,Female,['Betawi'],13.0,0.0,8900000.0
97205201,Married,29,Male,['Betawi'],9.0,2400000.0,7200000.0
98020001,Married,61,Male,['Betawi'],9.0,2200000.0,26400000.0
98020005,Married,35,Male,['Betawi'],12.0,2440000.0,2440000.0
98070009,Widowed,51,Male,['Betawi'],13.0,2500000.0,31000000.0
98070010,Married,28,Male,['Betawi'],12.0,2700000.0,35300000.0
98075102,Married,29,Female,['Betawi'],12.0,2500000.0,10000000.0
98090011,Married,40,Male,['Sunda'],9.0,1500000.0,18000000.0
98110005,Married,20,Male,['Sunda'],9.0,1600000.0,19800000.0
98170003,Married,37,Male,['Betawi'],12.0,2400000.0,35000000.0
98180005,Married,44,Male,['Jawa'],12.0,1300000.0,37500000.0
98180013,Married,27,Male,['Sunda'],12.0,2500000.0,145000000.0
99020005,Married,30,Male,['Sunda'],13.0,2700000.0,33400000.0
99030005,Married,20,Female,['Jawa'],13.0,1600000.0,20100000.0
99035102,Married,18,Female,['Sunda'],9.0,2500000.0,46500000.0
99060002,Married,57,Female,['Sunda'],13.0,200000.0,4900000.0
99060004,Married,29,Male,['Betawi'],9.0,1000000.0,12000000.0
99070001,Married,51,Male,['Jawa'],9.0,4000000.0,49000000.0
99070003,Married,26,Female,['Jawa'],12.0,3000000.0,16200000.0
99075105,Married,30,Male,['Jawa'],12.0,0.0,12000000.0
99080003,Married,47,Male,['Jawa'],9.0,2500000.0,30000000.0
99080008,Married,36,Male,['Betawi'],6.0,2800000.0,33750000.0
99080012,Married,46,Male,['Sunda'],9.0,2500000.0,32500000.0
99084202,Married,30,Female,['Sunda'],9.0,1800000.0,23700000.0
99110003,Married,39,Male,['Betawi'],9.0,1000000.0,12000000.0
99110004,Married,36,Male,['Betawi'],6.0,1200000.0,15600000.0
99110005,Married,33,Male,['Betawi'],12.0,300000.0,3300000.0
99110013,Married,26,Male,['Betawi'],9.0,1500000.0,2300000.0
99110015,Married,21,Female,['Jawa'],13.0,1800000.0,23600000.0
99140001,Married,42,Male,['Jawa'],6.0,2300000.0,29600000.0
99140005,Married,32,Female,['Jawa'],6.0,0.0,150000.0
99140006,Married,38,Male,['Jawa'],6.0,3000000.0,38500000.0
99150004,Married,34,Male,['Sunda'],9.0,1800000.0,21600000.0
99150006,Married,40,Male,['Sunda'],6.0,2000000.0,4000000.0
99160004,Married,34,Female,['Sunda'],6.0,3600000.0,51600000.0
99163101,Married,39,Male,['Sunda'],6.0,400000.0,5000000.0
99164201,Married,33,Male,['Sunda'],6.0,2000000.0,25000000.0
99170002,Widowed,55,Female,['Sunda'],6.0,1200000.0,15700000.0
99175102,Married,44,Female,['Sunda'],12.0,250000.0,24000000.0
99190004,Married,27,Male,['Sunda'],9.0,1400000.0,35800000.0
100010004,Divorced,24,Female,['Bugis'],9.0,600000.0,600000.0
100015101,Married,28,Male,['Bugis'],13.0,1200000.0,9600000.0
100020001,Married,47,Male,['Bugis'],6.0,2400000.0,34160000.0
100020002,Married,40,Female,['Bugis'],9.0,515000.0,5475000.0
100030003,Married,26,Female,['Bugis'],13.0,2400000.0,32100000.0
100030004,Married,24,Female,['Betawi'],13.0,2710000.0,35230000.0
100035101,Married,31,Male,['Betawi'],12.0,1500000.0,22400000.0
100040004,Married,31,Female,['Bugis'],6.0,2016000.0,24192000.0
100044104,Married,36,Male,['Sunda'],12.0,2700000.0,33400000.0
100050001,Married,59,Male,['Sunda'],9.0,3000000.0,20000000.0
100060002,Married,47,Male,['Sunda'],9.0,0.0,6720000.0
100060004,Married,44,Male,['Betawi'],6.0,1400000.0,20800000.0
100070001,Married,55,Male,['Bugis'],6.0,2000000.0,10000000.0
100070002,Married,49,Female,['Sunda'],6.0,60000.0,100000.0
100070010,Married,36,Male,['Betawi'],13.0,2300000.0,27600000.0
100084102,Married,34,Female,['Betawi'],9.0,14500.0,250000.0
100093104,Married,30,Female,['Sunda'],6.0,300000.0,2700000.0
100130005,Divorced,17,Female,['Betawi'],9.0,400000.0,400000.0
100150001,Married,56,Male,['Bugis'],6.0,1500000.0,18000000.0
100170003,Married,36,Male,['Other'],13.0,2000000.0,2000000.0
100174105,Married,40,Female,['Jawa'],9.0,3500000.0,51000000.0
100200003,Married,37,Female,['Bugis'],6.0,40000.0,40000.0
100410003,Married,28,Female,['Bugis'],12.0,2050000.0,26650000.0
100410005,Married,27,Male,['Betawi'],13.0,2500000.0,22500000.0
100430006,Married,32,Male,['Betawi'],13.0,600000.0,900000.0
100430007,Married,30,Male,['Betawi'],13.0,1700000.0,22100000.0
100430009,Married,24,Female,['Betawi'],6.0,350000.0,4200000.0
100435301,Married,27,Male,['Betawi'],6.0,1600000.0,20640000.0
100440002,Married,70,Female,['Sunda'],6.0,50000.0,50000.0
100440003,Married,37,Male,['Sunda'],6.0,1500000.0,15000000.0
101040001,Married,65,Male,['Tionghoa'],6.0,3000000.0,36000000.0
101050001,Married,51,Male,['Sunda'],6.0,3000000.0,36000000.0
101050003,Married,30,Male,['Jawa'],13.0,1200000.0,6400000.0
101050004,Married,27,Female,['Jawa'],13.0,2500000.0,31400000.0
101055201,Married,30,Male,['Sunda'],12.0,3800000.0,7600000.0
101070005,Married,33,Male,['Sunda'],13.0,2300000.0,27600000.0
101120001,Married,51,Male,['Jawa'],13.0,5600000.0,70700000.0
101125101,Married,49,Male,['Jawa'],12.0,1500000.0,19500000.0
101130001,Married,63,Male,['Sunda'],6.0,700000.0,10260000.0
101130004,Married,40,Female,['Sunda'],6.0,500000.0,17800000.0
101130006,Widowed,38,Male,['Sunda'],9.0,3200000.0,41600000.0
101130008,Married,30,Male,['Sunda'],9.0,2000000.0,30000000.0
101134104,Married,39,Male,['Sunda'],12.0,1700000.0,20400000.0
101160002,Widowed,42,Female,['Jawa'],6.0,50000.0,200000.0
102020001,Married,59,Male,['Sunda'],6.0,1000000.0,12000000.0
102020002,Married,56,Female,['Sunda'],9.0,400000.0,4800000.0
102020005,Married,33,Female,['Betawi'],13.0,1500000.0,15000000.0
102025202,Married,47,Male,['Sunda'],13.0,3000000.0,36000000.0
102030003,Married,39,Male,['Sunda'],12.0,2700000.0,31300000.0
102030004,Married,31,Male,['Sunda'],9.0,2400000.0,29700000.0
102034202,Married,30,Female,['Sunda'],9.0,50000.0,50000.0
102035201,Married,37,Male,['Jawa'],12.0,1800000.0,22600000.0
102060002,Widowed,51,Female,['Betawi'],13.0,1500000.0,18300000.0
102060003,Married,31,Male,"['Jawa', 'Betawi']",13.0,3000000.0,38400000.0
102065102,Married,22,Female,['Jawa'],12.0,2400000.0,24800000.0
102070001,Married,45,Male,['Sunda'],6.0,700000.0,2400000.0
102070002,Married,41,Female,['Jawa'],6.0,200000.0,2400000.0
102080010,Married,20,Female,['Jawa'],9.0,2200000.0,28600000.0
102080012,Married,32,Male,['Other'],9.0,2200000.0,28800000.0
102084105,Married,24,Male,['Jawa'],12.0,1800000.0,23400000.0
102090004,Married,48,Male,['Jawa'],12.0,5000000.0,60000000.0
102110005,Divorced,48,Male,['Jawa'],6.0,950000.0,28900000.0
102110008,Married,30,Female,['Jawa'],13.0,2500000.0,32400000.0
102110010,Married,54,Male,['Jawa'],6.0,525000.0,6200000.0
102110013,Married,31,Female,['Jawa'],9.0,2400000.0,31200000.0
102110018,Married,34,Male,['Sunda'],9.0,2000000.0,25800000.0
102114201,Married,32,Male,['Sunda'],6.0,1664000.0,19968000.0
102114301,Married,32,Male,['Jawa'],12.0,2400000.0,31200000.0
102115101,Married,43,Male,['Minang'],9.0,2700000.0,32400000.0
102115501,Married,35,Male,['Sunda'],9.0,2000000.0,24000000.0
102120008,Married,34,Male,['Sunda'],13.0,2700000.0,33000000.0
102120009,Married,28,Male,['Jawa'],13.0,4000000.0,64000000.0
102133109,Married,27,Male,['Jawa'],13.0,1850000.0,24900000.0
102150003,Married,22,Female,['Jawa'],13.0,2100000.0,25700000.0
102160005,Married,30,Male,['Jawa'],12.0,2700000.0,35400000.0
102170004,Married,31,Female,['Betawi'],9.0,2200000.0,4400000.0
102170005,Married,29,Male,['Betawi'],13.0,2700000.0,35100000.0
102170009,Married,25,Female,['Jawa'],12.0,2200000.0,28600000.0
102174105,Married,23,Male,['Jawa'],9.0,2000000.0,24500000.0
102175101,Married,32,Male,"['Jawa', 'Betawi']",12.0,1800000.0,22500000.0
102180007,Widowed,49,Female,['Sunda'],6.0,100000.0,1500000.0
102190009,Married,35,Male,['Sunda'],6.0,900000.0,9900000.0
102200003,Married,33,Female,['Jawa'],13.0,500000.0,3000000.0
102200004,Married,31,Male,['Betawi'],9.0,1700000.0,11900000.0
102200005,Married,25,Female,['Jawa'],13.0,1995000.0,3000000.0
104010001,Married,56,Male,['Batak'],12.0,5000000.0,5000000.0
104010002,Married,52,Female,['Batak'],13.0,6000000.0,78000000.0
104014102,Married,27,Female,['Batak'],16.0,3500000.0,45500000.0
104030002,Divorced,48,Female,['Melayu'],9.0,400000.0,5300000.0
104030003,Married,30,Female,['Melayu'],16.0,3300000.0,33750000.0
104030004,Married,29,Male,['Palembang'],13.0,10000000.0,60000000.0
104030007,Married,33,Male,['Betawi'],13.0,1200000.0,18600000.0
104070001,Married,48,Male,['Jawa'],13.0,5000000.0,100000000.0
104080003,Separated,52,Male,['Jawa'],13.0,750000.0,9000000.0
104080008,Married,47,Male,['Jawa'],12.0,1000000.0,90000000.0
104094201,Married,35,Male,['Jawa'],13.0,3000000.0,36000000.0
104095102,Married,30,Female,['Sasak'],12.0,2700000.0,37500000.0
104100003,Married,36,Male,['Jawa'],13.0,3700000.0,47400000.0
104120005,Married,36,Male,['Jawa'],15.0,12000000.0,108000000.0
104123202,Married,37,Female,['Sunda'],16.0,800000.0,800000.0
104140004,Married,45,Male,['Jawa'],12.0,2500000.0,32000000.0
104140006,Divorced,40,Male,['Jawa'],12.0,2000000.0,24000000.0
104140007,Married,37,Female,['Jawa'],12.0,1500000.0,1500000.0
104140008,Married,42,Female,['Jawa'],9.0,1600000.0,20800000.0
104154201,Married,40,Male,['Jawa'],13.0,1650000.0,23100000.0
104180002,Married,42,Male,['Jawa'],12.0,2897000.0,37464000.0
104180003,Married,39,Female,['Jawa'],13.0,400000.0,5500000.0
104180004,Married,38,Female,['Jawa'],12.0,2700000.0,42100000.0
104180005,Married,36,Female,['Jawa'],12.0,300000.0,3600000.0
104180010,Married,46,Male,['Sunda'],9.0,1800000.0,9000000.0
104180012,Married,38,Male,['Jawa'],13.0,1640000.0,22080000.0
104184201,Married,41,Male,['Jawa'],12.0,1500000.0,20500000.0
104185101,Married,38,Male,['Sunda'],13.0,1750000.0,36420000.0
104190002,Married,41,Female,['Jawa'],6.0,800000.0,9600000.0
105020008,Separated,22,Female,['Minang'],13.0,800000.0,10200000.0
105080003,Married,38,Male,['Sunda'],16.0,7000000.0,49000000.0
105110001,Married,62,Male,['Betawi'],9.0,3000000.0,23000000.0
105110003,Married,26,Male,['Betawi'],16.0,4500000.0,89000000.0
105110004,Married,29,Female,['Betawi'],15.0,2500000.0,32500000.0
105124101,Married,42,Male,['Jawa'],13.0,2441000.0,31733000.0
105140013,Married,25,Male,['Sunda'],13.0,2950000.0,35400000.0
105150004,Married,36,Male,['Betawi'],9.0,1000000.0,13000000.0
105150005,Married,34,Male,['Betawi'],12.0,3000000.0,12000000.0
105150007,Married,62,Male,['Sunda'],13.0,750000.0,18600000.0
105150008,Married,41,Female,['Betawi'],9.0,1500000.0,19000000.0
105164101,Married,34,Male,['Jawa'],13.0,800000.0,12600000.0
105180003,Married,32,Female,['Jawa'],12.0,3500000.0,49000000.0
105180010,Married,24,Male,['Jawa'],13.0,2900000.0,40600000.0
105410001,Married,56,Male,['Betawi'],12.0,6000000.0,92000000.0
105410003,Married,25,Male,['Betawi'],12.0,1800000.0,1800000.0
106070006,Married,26,Male,['Betawi'],12.0,3200000.0,63400000.0
106070011,Married,24,Female,['Jawa'],9.0,2500000.0,31600000.0
106074301,Married,31,Male,['Betawi'],13.0,2700000.0,32400000.0
106080001,Married,54,Male,['Betawi'],6.0,4500000.0,13500000.0
106080004,Married,25,Male,['Betawi'],16.0,3300000.0,49800000.0
106100003,Married,43,Female,['Betawi'],16.0,2500000.0,40400000.0
106100005,Married,40,Male,['Betawi'],9.0,3100000.0,38400000.0
106100006,Married,35,Male,['Betawi'],13.0,2000000.0,26400000.0
106100007,Married,32,Female,['Betawi'],9.0,2400000.0,31200000.0
106103106,Married,49,Male,['Betawi'],6.0,980000.0,18000000.0
106104401,Married,34,Male,['Melayu'],12.0,2200000.0,29800000.0
106120002,Married,40,Female,['Betawi'],6.0,400000.0,3800000.0
106120003,Married,47,Male,['Betawi'],6.0,2700000.0,30000000.0
106120006,Widowed,39,Female,['Betawi'],12.0,500000.0,500000.0
106130004,Married,37,Male,['Betawi'],13.0,6000000.0,120000000.0
106150003,Married,44,Male,['Betawi'],12.0,1500000.0,10500000.0
106150007,Married,32,Male,['Betawi'],13.0,1000000.0,9000000.0
106150010,Married,26,Male,['Betawi'],12.0,2500000.0,35000000.0
106150015,Married,42,Male,['Jawa'],12.0,3000000.0,39000000.0
106154402,Married,27,Male,['Betawi'],9.0,6000000.0,33000000.0
106155202,Married,26,Female,['Betawi'],12.0,2400000.0,33400000.0
106160001,Married,59,Male,['Jawa'],12.0,750000.0,7500000.0
107055107,Married,44,Male,['Sunda'],9.0,3000000.0,36500000.0
107060003,Married,32,Female,['Sunda'],9.0,1400000.0,16800000.0
107063105,Married,36,Male,['Betawi'],9.0,2000000.0,24000000.0
107070003,Married,41,Male,['Sunda'],6.0,1200000.0,14900000.0
107070004,Married,32,Male,['Sunda'],9.0,40000.0,40000.0
107075102,Married,28,Male,['Sunda'],13.0,1025000.0,12000000.0
107080002,Married,46,Female,['Sunda'],6.0,40000.0,100000.0
107140003,Married,35,Male,['Sunda'],6.0,800000.0,11600000.0
107144201,Married,35,Male,['Jawa'],13.0,1500000.0,18700000.0
107150002,Married,43,Male,['Sunda'],6.0,200000.0,700000.0
107170002,Married,47,Female,['Sunda'],6.0,900000.0,2160000.0
107170003,Married,30,Male,['Sunda'],6.0,560000.0,7520000.0
107174102,Married,28,Female,['Jawa'],9.0,1850000.0,24300000.0
107180001,Married,56,Male,['Sunda'],6.0,0.0,2000000.0
107180005,Married,25,Male,['Sunda'],6.0,1500000.0,20700000.0
107190006,Married,26,Female,['Sunda'],6.0,300000.0,4200000.0
107190008,Married,47,Male,['Sunda'],6.0,420000.0,420000.0
107194102,Widowed,61,Female,['Sunda'],6.0,200000.0,200000.0
107194303,Married,31,Male,['Jawa'],9.0,1500000.0,1500000.0
107194601,Married,27,Female,['Sunda'],6.0,240000.0,2160000.0
107220001,Married,47,Male,['Sunda'],6.0,0.0,3850000.0
107230006,Married,43,Male,['Sunda'],9.0,500000.0,6500000.0
107232209,Married,37,Male,['Jawa'],13.0,10000000.0,180000000.0
107240004,Married,35,Female,['Sunda'],6.0,500000.0,5000000.0
107245102,Married,30,Male,['Sunda'],13.0,1700000.0,22100000.0
107250003,Married,28,Female,['Sunda'],9.0,40000.0,40000.0
107260004,Married,48,Male,['Sunda'],12.0,5000000.0,10000000.0
107280002,Married,52,Female,['Sunda'],6.0,150000.0,150000.0
107280005,Married,30,Male,['Sunda'],6.0,2000000.0,24000000.0
107280006,Married,37,Male,['Sunda'],6.0,2000000.0,20000000.0
107290004,Married,25,Male,['Sunda'],9.0,2000000.0,18000000.0
107295101,Married,32,Male,['Betawi'],13.0,3200000.0,40700000.0
108020002,Married,33,Male,['Sunda'],6.0,2650000.0,34450000.0
108030003,Married,30,Male,['Sunda'],9.0,1000000.0,13000000.0
108030004,Married,28,Male,['Jawa'],9.0,0.0,12000000.0
108040004,Married,30,Male,['Batak'],13.0,2700000.0,34200000.0
108055101,Married,30,Male,['Sunda'],9.0,2250000.0,27300000.0
108060002,Married,44,Female,['Jawa'],12.0,2000000.0,20000000.0
108060005,Married,43,Female,['Jawa'],9.0,1500000.0,19500000.0
108060006,Married,45,Male,['Jawa'],12.0,2000000.0,26000000.0
108064101,Married,44,Male,['Jawa'],13.0,1700000.0,12000000.0
108070003,Married,38,Female,['Sunda'],6.0,2000000.0,16000000.0
108070004,Married,41,Male,['Sunda'],6.0,2000000.0,16000000.0
108080001,Divorced,59,Female,['Sunda'],6.0,200000.0,800000.0
108094101,Married,37,Male,['Sunda'],9.0,2250000.0,28200000.0
108130001,Married,72,Male,['Sunda'],6.0,0.0,3500000.0
108130003,Married,45,Male,['Sunda'],13.0,2000000.0,31000000.0
108130004,Married,42,Female,['Sunda'],6.0,200000.0,2700000.0
108130006,Married,40,Male,['Sunda'],15.0,4500000.0,59300000.0
108130010,Married,33,Female,['Jawa'],13.0,250000.0,750000.0
108135101,Married,25,Male,['Sunda'],16.0,1800000.0,22500000.0
108135201,Married,31,Male,['Sunda'],16.0,4100000.0,53800000.0
108140002,Married,56,Female,['Batak'],9.0,1200000.0,14400000.0
108170005,Married,39,Female,['Sunda'],12.0,2900000.0,37700000.0
108200004,Married,36,Female,['Sunda'],13.0,2350000.0,27240000.0
109020003,Married,34,Male,['Sunda'],9.0,1050000.0,2580000.0
109030001,Married,60,Male,['Sunda'],9.0,1500000.0,16500000.0
109030005,Married,25,Male,['Sunda'],6.0,1000000.0,8200000.0
109030007,Married,38,Male,['Sunda'],6.0,350000.0,350000.0
109040005,Married,47,Male,['Sunda'],6.0,300000.0,300000.0
109070003,Married,34,Male,['Sunda'],6.0,1200000.0,17400000.0
109100001,Married,51,Male,['Sunda'],6.0,300000.0,3600000.0
109130004,Married,35,Female,['Sunda'],15.0,1100000.0,13200000.0
109150004,Widowed,31,Male,['Sunda'],6.0,300000.0,3300000.0
109154107,Married,25,Male,['Sunda'],12.0,1300000.0,7800000.0
109170006,Married,42,Male,['Sunda'],6.0,500000.0,6000000.0
109220003,Married,28,Male,['Sunda'],6.0,1500000.0,19200000.0
109230001,Married,58,Male,['Sunda'],6.0,2200000.0,28600000.0
109240009,Married,62,Male,['Sunda'],6.0,0.0,5850000.0
109250009,Married,29,Male,['Sunda'],12.0,1800000.0,23000000.0
109254102,Married,26,Male,['Sunda'],12.0,1800000.0,22500000.0
109270001,Married,48,Male,['Sunda'],6.0,0.0,5000000.0
109280007,Married,51,Male,['Sunda'],6.0,1600000.0,19200000.0
109290003,Married,51,Female,['Sunda'],6.0,200000.0,2400000.0
109294201,Married,30,Male,['Sunda'],6.0,1800000.0,21800000.0
109300001,Married,46,Male,['Sunda'],6.0,1500000.0,3000000.0
110015101,Married,28,Male,['Sunda'],12.0,1800000.0,20400000.0
110030007,Married,42,Male,['Sunda'],6.0,1500000.0,18000000.0
110030009,Married,34,Male,['Sunda'],13.0,1565000.0,18780000.0
110050004,Married,47,Male,['Sunda'],12.0,1200000.0,12600000.0
110050005,Married,31,Female,['Sunda'],16.0,5350000.0,23700000.0
110055102,Married,32,Male,['Sunda'],16.0,3500000.0,42000000.0
110060004,Married,32,Male,['Sunda'],12.0,250000.0,18500000.0
110060006,Married,22,Male,['Sunda'],9.0,0.0,0.0
110060009,Divorced,46,Female,['Sunda'],6.0,750000.0,4780000.0
110065102,Married,29,Female,['Sunda'],12.0,3400000.0,43800000.0
110065202,Married,19,Female,['Sunda'],9.0,2000000.0,16700000.0
110070006,Married,37,Male,['Sunda'],6.0,1500000.0,19000000.0
110104101,Married,31,Male,['Sunda'],13.0,3700000.0,49950000.0
110110001,Married,56,Male,['Sunda'],6.0,200000.0,300000.0
110120001,Married,56,Male,['Sunda'],6.0,805000.0,3000000.0
110120003,Married,30,Male,['Sunda'],12.0,1900000.0,24200000.0
110120004,Married,25,Female,['Sunda'],9.0,2000000.0,21460000.0
110130004,Married,30,Male,['Sunda'],6.0,1450000.0,17600000.0
110134204,Married,32,Female,['Sunda'],13.0,2400000.0,2900000.0
110140003,Married,38,Male,['Sunda'],6.0,1150000.0,14100000.0
110150004,Married,33,Female,['Sunda'],16.0,2000000.0,24000000.0
110153202,Married,34,Male,['Sunda'],18.0,5000000.0,63400000.0
110160001,Married,78,Male,['Sunda'],6.0,180000.0,700000.0
110160002,Married,73,Female,['Sunda'],6.0,0.0,700000.0
110160007,Divorced,30,Male,['Sunda'],16.0,700000.0,11400000.0
110170004,Married,46,Male,['Sunda'],6.0,1360000.0,18080000.0
110170005,Divorced,39,Male,['Sunda'],12.0,1000000.0,1000000.0
110180004,Married,46,Male,['Sunda'],16.0,3250000.0,44200000.0
110185101,Married,30,Male,['Sunda'],12.0,5000000.0,65000000.0
110190003,Married,34,Male,['Sunda'],12.0,1200000.0,14400000.0
110200007,Married,33,Female,['Sunda'],13.0,2000000.0,31000000.0
110200010,Divorced,24,Female,['Sunda'],12.0,2100000.0,10620000.0
110210003,Married,37,Female,['Sunda'],6.0,1000000.0,1000000.0
110213101,Married,46,Male,['Sunda'],6.0,2900000.0,73900000.0
110240004,Married,50,Male,['Sunda'],12.0,1000000.0,12000000.0
110300004,Divorced,54,Female,['Sunda'],6.0,90000.0,2000000.0
110300005,Divorced,39,Male,['Sunda'],6.0,0.0,0.0
110300006,Divorced,35,Female,['Sunda'],6.0,50000.0,604000.0
111020001,Married,49,Male,['Sunda'],9.0,2800000.0,48800000.0
111040006,Married,35,Male,"['Sunda', 'Banjar']",15.0,2400000.0,31200000.0
111043201,Married,37,Male,['Sunda'],15.0,4500000.0,70000000.0
111044102,Married,42,Female,['Sunda'],16.0,8000000.0,100500000.0
111045102,Married,37,Female,['Sunda'],16.0,200000.0,1000000.0
111050003,Married,31,Male,['Sunda'],9.0,2000000.0,24250000.0
111070002,Married,45,Male,['Sunda'],12.0,360000.0,400000.0
111070003,Married,40,Female,['Sunda'],9.0,600000.0,7200000.0
111070004,Married,46,Male,['Sunda'],6.0,3000000.0,37000000.0
111090004,Married,29,Male,['Jawa'],16.0,6700000.0,92000000.0
111120001,Married,66,Male,['Jawa'],6.0,1500000.0,12000000.0
111120003,Married,33,Female,['Jawa'],16.0,1500000.0,180000000.0
111120006,Married,37,Male,['Jawa'],16.0,2500000.0,7500000.0
111124101,Married,33,Female,['Jawa'],16.0,2000000.0,24000000.0
111124102,Married,34,Male,['Sunda'],16.0,3800000.0,42000000.0
111130003,Married,39,Male,['Jawa'],13.0,3500000.0,42000000.0
111130006,Married,28,Male,['Jawa'],16.0,45000000.0,162000000.0
111131103,Married,34,Female,['Sunda'],15.0,3000000.0,36000000.0
111135102,Married,27,Female,['Sunda'],16.0,4000000.0,53000000.0
112020002,Widowed,57,Female,['Jawa'],16.0,3000000.0,36000000.0
112020003,Married,49,Male,['Jawa'],15.0,2000000.0,3250000.0
112103101,Married,48,Male,['Sunda'],18.0,10000000.0,120000000.0
112180001,Married,48,Male,['Melayu'],15.0,200000.0,8000000.0
113010005,Married,20,Female,['Sunda'],13.0,1700000.0,24000000.0
113010008,Married,23,Male,['Sunda'],12.0,1200000.0,14400000.0
113020003,Married,46,Male,['Sunda'],12.0,2800000.0,8400000.0
113020008,Married,33,Female,['Sunda'],12.0,1800000.0,23400000.0
113023102,Married,33,Female,['Sunda'],6.0,210000.0,210000.0
113024301,Married,34,Male,['Sunda'],13.0,2100000.0,8400000.0
113024401,Married,36,Male,['Jawa'],15.0,0.0,0.0
113030002,Divorced,48,Female,['Sunda'],6.0,800000.0,10100000.0
113030003,Married,29,Male,['Sunda'],12.0,1250000.0,22850000.0
113035102,Married,24,Female,['Sunda'],9.0,1760000.0,11410000.0
113050001,Married,54,Male,['Sunda'],9.0,1000000.0,12200000.0
113050002,Married,45,Female,['Sunda'],6.0,100000.0,250000.0
113060004,Married,37,Male,['Sunda'],6.0,2000000.0,6000000.0
113060005,Married,37,Male,['Sunda'],12.0,300000.0,3700000.0
113063104,Married,33,Female,['Sunda'],6.0,0.0,750000.0
113063205,Married,22,Female,['Sunda'],9.0,300000.0,6000000.0
113064205,Married,36,Male,['Sunda'],6.0,6000000.0,60000000.0
113065102,Married,26,Female,['Sunda'],9.0,2040000.0,24480000.0
113070002,Married,56,Female,['Sunda'],6.0,157500.0,2400000.0
113070004,Married,30,Male,['Sunda'],9.0,1500000.0,18000000.0
113074102,Married,37,Female,['Sunda'],9.0,3000000.0,36000000.0
113080003,Married,36,Female,['Sunda'],6.0,1200000.0,14400000.0
113080004,Married,36,Male,['Sunda'],13.0,2500000.0,41200000.0
113083101,Married,39,Male,['Sunda'],9.0,1000000.0,10000000.0
113084101,Married,40,Male,['Sunda'],12.0,500000.0,7100000.0
113084202,Married,32,Female,['Sunda'],12.0,2000000.0,24200000.0
113090001,Divorced,63,Female,['Sunda'],6.0,360000.0,4800000.0
113090002,Married,36,Male,['Sunda'],9.0,1630000.0,17930000.0
113090003,Married,46,Male,['Sunda'],6.0,100000.0,100000.0
113090004,Married,42,Female,['Sunda'],9.0,280000.0,1400000.0
113100003,Divorced,25,Male,['Sunda'],12.0,2400000.0,31200000.0
113110003,Married,43,Male,['Sunda'],6.0,1800000.0,23600000.0
113110004,Married,39,Male,['Sunda'],9.0,2000000.0,38100000.0
113110006,Married,52,Female,['Sunda'],9.0,600000.0,7200000.0
113110008,Married,37,Female,['Sunda'],9.0,1500000.0,18750000.0
113114102,Married,34,Female,['Sunda'],15.0,1800000.0,20000000.0
113120001,Widowed,64,Female,['Sunda'],6.0,120000.0,6300000.0
113120002,Married,44,Male,['Sunda'],6.0,1450000.0,16774000.0
113120003,Married,40,Male,['Sunda'],6.0,1800000.0,21600000.0
113120004,Married,35,Female,['Sunda'],6.0,1300000.0,16000000.0
113130001,Married,56,Male,['Sunda'],6.0,0.0,1500000.0
113130002,Married,44,Female,['Sunda'],6.0,480000.0,4320000.0
113130003,Married,28,Male,['Sunda'],6.0,200000.0,1000000.0
113130004,Married,24,Male,['Sunda'],6.0,960000.0,12120000.0
113140002,Married,40,Female,['Sunda'],6.0,1500000.0,19500000.0
113150003,Married,33,Female,['Sunda'],6.0,1000000.0,12700000.0
113154201,Married,32,Male,['Sunda'],9.0,1500000.0,18400000.0
113160003,Married,30,Female,['Sunda'],9.0,300000.0,1200000.0
113165102,Married,22,Female,['Sunda'],9.0,0.0,3000000.0
113165202,Married,35,Male,['Sunda'],6.0,400000.0,2500000.0
113170005,Married,49,Male,['Sunda'],6.0,50000.0,4000000.0
113170006,Married,45,Male,['Sunda'],6.0,300000.0,2100000.0
113170008,Married,27,Male,['Sunda'],6.0,500000.0,6000000.0
113171105,Married,20,Female,['Sunda'],12.0,700000.0,9100000.0
113171109,Married,20,Male,['Sunda'],9.0,780000.0,2500000.0
113174106,Married,32,Female,['Sunda'],9.0,1800000.0,21600000.0
113180005,Married,43,Male,['Sunda'],9.0,420000.0,420000.0
113180006,Married,37,Male,['Sunda'],9.0,3000000.0,5000000.0
113180007,Married,43,Female,['Sunda'],6.0,800000.0,10400000.0
113184202,Married,35,Female,['Sunda'],9.0,300000.0,4950000.0
113190001,Married,66,Male,['Sunda'],6.0,0.0,10000000.0
113190003,Married,39,Male,['Sunda'],9.0,1500000.0,3000000.0
113190007,Married,20,Female,['Sunda'],9.0,2000000.0,16000000.0
113194202,Married,29,Female,['Sunda'],9.0,200000.0,1050000.0
114020002,Married,40,Male,['Sunda'],16.0,2000000.0,35000000.0
114020003,Married,39,Female,['Sunda'],16.0,800000.0,9600000.0
114020004,Married,37,Male,['Sunda'],15.0,500000.0,12000000.0
114020005,Married,30,Female,['Sunda'],12.0,100000.0,100000.0
114024102,Married,36,Female,['Sunda'],9.0,2410000.0,32920000.0
114030003,Widowed,43,Female,['Sunda'],12.0,1200000.0,3600000.0
114050003,Divorced,33,Female,['Sunda'],12.0,2365000.0,13170000.0
114050004,Married,29,Male,['Sunda'],13.0,1700000.0,22100000.0
114055102,Married,30,Female,['Sunda'],12.0,2000000.0,26000000.0
114060001,Married,53,Male,['Sunda'],6.0,3000000.0,37500000.0
114060002,Married,52,Female,['Sunda'],6.0,200000.0,500000.0
114080007,Married,31,Male,['Sunda'],12.0,2200000.0,28450000.0
114100001,Married,79,Male,['Sunda'],6.0,100000.0,1200000.0
114110001,Married,56,Male,['Sunda'],6.0,700000.0,9400000.0
114110003,Divorced,30,Male,['Sunda'],9.0,1000000.0,6000000.0
114140007,Married,39,Male,['Sunda'],13.0,3500000.0,52000000.0
114150002,Divorced,54,Female,['Sunda'],6.0,800000.0,4800000.0
114150004,Married,42,Female,['Sunda'],12.0,500000.0,2800000.0
114150005,Married,40,Male,['Sunda'],13.0,3500000.0,45000000.0
114153102,Married,39,Female,['Sunda'],13.0,2100000.0,23000000.0
114160005,Married,34,Female,['Sunda'],16.0,600000.0,7800000.0
114161105,Married,36,Male,['Sunda'],16.0,2500000.0,33000000.0
114170001,Married,48,Male,['Sunda'],16.0,3000000.0,40500000.0
114170002,Married,42,Female,['Sunda'],16.0,3000000.0,36000000.0
114170004,Married,22,Female,['Sunda'],16.0,300000.0,1750000.0
114175102,Married,24,Female,['Sunda'],13.0,2400000.0,32200000.0
114175201,Married,32,Male,['Sunda'],13.0,3000000.0,40000000.0
114180003,Married,43,Male,['Sunda'],16.0,2300000.0,21000000.0
114180005,Married,38,Male,['Sunda'],15.0,560000.0,12720000.0
114180010,Married,52,Female,['Sunda'],16.0,4000000.0,84000000.0
114190003,Married,53,Female,['Sunda'],16.0,1785000.0,26777000.0
114190004,Married,45,Male,['Sunda'],16.0,600000.0,7200000.0
114190009,Married,29,Male,['Sunda'],16.0,8000000.0,96000000.0
115010001,Married,54,Female,['Sunda'],6.0,200000.0,1020000.0
115010002,Married,29,Female,['Sunda'],16.0,50000.0,4200000.0
115014101,Married,33,Male,['Sunda'],9.0,1000000.0,10300000.0
115020004,Married,29,Female,['Sunda'],12.0,600000.0,1800000.0
115020009,Married,27,Male,['Sunda'],12.0,900000.0,15000000.0
115030002,Married,34,Male,['Sunda'],9.0,1500000.0,16500000.0
115030004,Married,35,Male,['Sunda'],13.0,2400000.0,29000000.0
115050001,Married,52,Male,['Sunda'],9.0,400000.0,4850000.0
115060003,Widowed,64,Female,['Sunda'],6.0,750000.0,1500000.0
115070004,Married,27,Male,['Sunda'],12.0,700000.0,8700000.0
115080001,Married,58,Male,['Sunda'],13.0,2000000.0,20050000.0
115085202,Married,25,Female,['Sunda'],16.0,100000.0,600000.0
115090006,Married,27,Female,['Sunda'],12.0,500000.0,1000000.0
115110002,Married,51,Female,['Sunda'],6.0,200000.0,5000000.0
115120002,Married,44,Male,['Sunda'],6.0,800000.0,9600000.0
115120003,Married,42,Female,['Sunda'],9.0,280000.0,2850000.0
115140003,Married,45,Male,['Sunda'],12.0,2500000.0,80000000.0
115140004,Married,41,Male,['Sunda'],16.0,500000.0,6000000.0
115140005,Married,38,Female,['Sunda'],12.0,300000.0,3760000.0
115140010,Married,44,Male,['Sunda'],6.0,900000.0,10800000.0
115145102,Married,27,Female,['Sunda'],16.0,750000.0,8000000.0
115180007,Married,32,Male,['Sunda'],6.0,1000000.0,1000000.0
115190019,Married,34,Male,['Sunda'],9.0,665000.0,7200000.0
115194101,Married,29,Male,['Sunda'],9.0,1500000.0,18000000.0
115200004,Married,35,Male,['Sunda'],16.0,1265000.0,16445000.0
115200006,Married,25,Female,['Sunda'],12.0,1200000.0,14400000.0
115200009,Married,26,Male,['Sunda'],9.0,1500000.0,25200000.0
115220001,Married,50,Male,['Sunda'],6.0,1200000.0,14400000.0
115220002,Married,53,Female,['Sunda'],6.0,32000.0,352000.0
115224102,Married,32,Female,['Sunda'],9.0,100000.0,570000.0
115230001,Married,53,Male,['Sunda'],6.0,960000.0,11520000.0
115240004,Married,35,Female,['Sunda'],9.0,520000.0,6240000.0
115240005,Married,39,Male,['Sunda'],6.0,1200000.0,4800000.0
115250002,Married,59,Female,['Sunda'],6.0,20000.0,240000.0
115255101,Married,32,Male,['Sunda'],9.0,1000000.0,7000000.0
115280002,Married,46,Female,['Sunda'],6.0,1800000.0,21950000.0
115280007,Married,39,Female,['Sunda'],9.0,150000.0,1350000.0
115290002,Married,52,Male,['Sunda'],9.0,1680000.0,22800000.0
115290006,Married,49,Male,['Sunda'],6.0,1080000.0,10000000.0
115300001,Married,47,Male,['Sunda'],12.0,1000000.0,12500000.0
115300002,Married,48,Female,['Sunda'],16.0,5000000.0,63000000.0
116010001,Married,64,Male,['Sunda'],6.0,400000.0,4800000.0
116050001,Married,59,Male,['Sunda'],6.0,50000.0,500000.0
116050002,Married,51,Female,['Sunda'],6.0,0.0,1000000.0
116060003,Married,44,Male,['Sunda'],6.0,0.0,0.0
116060005,Married,39,Male,['Sunda'],6.0,1500000.0,10000000.0
116070003,Married,38,Male,['Sunda'],15.0,3100000.0,58200000.0
116070004,Married,33,Male,['Sunda'],18.0,1500000.0,24000000.0
116070005,Married,29,Female,['Sunda'],16.0,3000000.0,38500000.0
116072102,Married,34,Female,['Sunda'],15.0,1000000.0,12000000.0
116074102,Married,27,Female,['Sunda'],16.0,3000000.0,9500000.0
116090002,Widowed,51,Female,['Sunda'],9.0,80000.0,500000.0
116120002,Married,29,Female,['Sunda'],9.0,120000.0,1050000.0
116130002,Married,47,Female,['Sunda'],6.0,700000.0,8400000.0
116135101,Married,33,Male,['Sunda'],6.0,700000.0,9400000.0
116150007,Married,20,Female,['Sunda'],6.0,500000.0,2000000.0
116180003,Married,39,Male,['Sunda'],6.0,500000.0,2900000.0
116190003,Married,38,Male,['Sunda'],6.0,1500000.0,18600000.0
116200003,Married,39,Male,['Sunda'],9.0,1500000.0,18000000.0
116230003,Married,39,Female,['Sunda'],13.0,1000000.0,13000000.0
116240002,Widowed,66,Female,['Sunda'],6.0,120000.0,500000.0
116250001,Married,49,Male,['Sunda'],6.0,2000000.0,24300000.0
116254101,Married,33,Male,['Sunda'],12.0,2000000.0,25500000.0
116280001,Married,50,Male,['Sunda'],6.0,0.0,7000000.0
116280002,Married,47,Female,['Sunda'],6.0,700000.0,2700000.0
116300003,Married,42,Female,['Sunda'],6.0,300000.0,3600000.0
117010003,Married,56,Male,['Sunda'],9.0,1500000.0,18850000.0
117020005,Married,35,Male,['Sunda'],12.0,0.0,5000000.0
117024202,Married,28,Female,['Sunda'],12.0,1500000.0,18000000.0
117040007,Widowed,66,Female,['Sunda'],6.0,200000.0,2400000.0
117040008,Married,29,Male,['Sunda'],6.0,600000.0,8200000.0
117100001,Married,62,Male,['Sunda'],13.0,6000000.0,70000000.0
117100002,Married,60,Female,['Sunda'],6.0,100000.0,300000.0
117104101,Married,39,Male,['Sunda'],16.0,3000000.0,36000000.0
117110004,Married,58,Male,['Sunda'],6.0,1300000.0,15600000.0
117113101,Married,45,Male,['Sunda'],12.0,0.0,500000.0
117120003,Married,30,Male,['Sunda'],12.0,2000000.0,26500000.0
117120004,Married,26,Female,['Sunda'],13.0,900000.0,10800000.0
117120008,Married,63,Male,['Sunda'],6.0,1300000.0,1300000.0
117120010,Married,29,Male,['Sunda'],13.0,800000.0,14000000.0
117140001,Married,52,Male,['Sunda'],16.0,1000000.0,12500000.0
117150001,Married,66,Male,['Sunda'],12.0,500000.0,12000000.0
117160001,Married,51,Male,['Sunda'],16.0,2000000.0,24000000.0
117160002,Married,49,Female,['Sunda'],16.0,3000000.0,60000000.0
117180008,Married,30,Female,['Sunda'],12.0,4500000.0,36000000.0
117180009,Divorced,42,Female,['Sunda'],12.0,0.0,0.0
117180012,Married,28,Female,['Sunda'],12.0,800000.0,4600000.0
117180014,Married,21,Female,['Sunda'],13.0,500000.0,3000000.0
118010001,Married,48,Male,['Sunda'],6.0,1540000.0,13860000.0
118060002,Married,51,Female,['Sunda'],6.0,120000.0,1320000.0
118064101,Married,32,Male,['Jawa'],6.0,3660000.0,43920000.0
118090004,Married,25,Male,['Sunda'],6.0,1500000.0,1500000.0
118120002,Married,54,Female,['Sunda'],6.0,150000.0,400000.0
118120003,Married,30,Female,['Sunda'],6.0,150000.0,500000.0
118140002,Married,61,Female,['Sunda'],6.0,0.0,0.0
118150003,Married,30,Male,['Sunda'],9.0,1000000.0,2800000.0
118150004,Married,20,Male,['Sunda'],13.0,4100000.0,52500000.0
118150005,Married,30,Female,['Sunda'],16.0,500000.0,7000000.0
118160001,Married,65,Male,['Sunda'],6.0,245000.0,245000.0
118160003,Married,33,Female,['Sunda'],9.0,600000.0,6000000.0
118170004,Married,44,Male,['Sunda'],16.0,4100000.0,89300000.0
118204101,Married,31,Male,['Sunda'],6.0,5000000.0,10000000.0
118250003,Married,57,Female,['Jawa'],6.0,350000.0,1050000.0
118284101,Married,38,Male,['Sunda'],6.0,1600000.0,19200000.0
119010003,Married,30,Male,['Jawa'],6.0,1500000.0,15000000.0
119020001,Married,44,Male,['Jawa'],9.0,200000.0,3250000.0
119090001,Married,66,Male,['Jawa'],6.0,500000.0,3000000.0
119090002,Married,61,Female,['Jawa'],6.0,100000.0,1025000.0
119090005,Married,30,Male,['Jawa'],9.0,300000.0,3000000.0
119090006,Married,23,Male,['Jawa'],6.0,500000.0,5000000.0
119094102,Married,26,Female,['Jawa'],9.0,40000.0,100000.0
119150004,Married,25,Male,['Jawa'],6.0,2000000.0,24150000.0
119150005,Divorced,22,Female,['Jawa'],6.0,2500000.0,10800000.0
119160003,Married,29,Female,['Sunda'],6.0,1200000.0,2400000.0
119200004,Married,64,Male,['Jawa'],6.0,150000.0,650000.0
119280006,Married,34,Male,['Jawa'],6.0,1400000.0,1400000.0
119300001,Married,64,Male,['Jawa'],6.0,0.0,2010000.0
119300003,Married,40,Male,['Jawa'],13.0,2900000.0,35100000.0
120010001,Married,45,Male,['Sunda'],6.0,840000.0,9000000.0
120030006,Married,46,Female,['Sunda'],6.0,100000.0,1100000.0
120040001,Married,62,Male,['Sunda'],6.0,2000000.0,16040000.0
120050001,Married,50,Male,['Sunda'],16.0,7000000.0,87000000.0
120090003,Married,41,Male,['Sunda'],6.0,800000.0,9750000.0
120160001,Married,47,Male,['Sunda'],6.0,1200000.0,14700000.0
120160002,Married,39,Female,['Sunda'],6.0,600000.0,7200000.0
120170001,Married,42,Male,['Sunda'],6.0,1500000.0,8000000.0
120210002,Married,46,Female,['Sunda'],6.0,100000.0,100000.0
120220011,Married,36,Male,['Sunda'],9.0,1920000.0,23040000.0
120240001,Married,55,Male,['Sunda'],6.0,500000.0,500000.0
120260003,Divorced,33,Male,['Sunda'],6.0,700000.0,3150000.0
120260005,Married,24,Male,['Sunda'],6.0,750000.0,3850000.0
120270003,Married,34,Female,['Sunda'],6.0,0.0,24000.0
120271101,Married,43,Male,['Sunda'],6.0,120000.0,6290000.0
120290004,Married,29,Male,['Sunda'],9.0,2400000.0,28800000.0
121010004,Married,46,Female,['Jawa'],12.0,3500000.0,45500000.0
121010009,Married,31,Female,['Jawa'],12.0,1200000.0,15600000.0
121011107,Married,38,Male,['Jawa'],9.0,600000.0,12400000.0
121013102,Married,48,Male,['Cirebon'],16.0,4000000.0,55000000.0
121015202,Married,33,Male,['Jawa'],16.0,1500000.0,15000000.0
121020003,Married,28,Female,['Jawa'],13.0,250000.0,375000.0
121020006,Married,34,Male,['Jawa'],13.0,1600000.0,20400000.0
121020008,Married,44,Female,['Jawa'],6.0,500000.0,5000000.0
121040004,Divorced,35,Male,['Jawa'],13.0,620000.0,620000.0
121050003,Married,40,Female,['Jawa'],9.0,800000.0,10000000.0
121080001,Married,59,Male,['Jawa'],9.0,880000.0,12220000.0
121080003,Married,35,Female,['Jawa'],6.0,480000.0,5980000.0
121080006,Married,25,Female,['Jawa'],6.0,500000.0,3500000.0
121090003,Married,42,Male,['Jawa'],6.0,1800000.0,21600000.0
121093102,Married,47,Female,['Jawa'],16.0,300000.0,3400000.0
121110001,Married,50,Male,['Jawa'],9.0,400000.0,400000.0
121110007,Married,39,Male,['Jawa'],6.0,250000.0,2500000.0
121110010,Married,34,Male,['Jawa'],9.0,3200000.0,38700000.0
121110011,Married,48,Female,['Jawa'],6.0,400000.0,3000000.0
121113401,Married,54,Male,['Jawa'],6.0,1800000.0,8000000.0
121125102,Married,51,Male,['Jawa'],6.0,0.0,0.0
121130001,Married,73,Male,['Jawa'],6.0,300000.0,1000000.0
121130004,Married,38,Male,['Jawa'],6.0,1500000.0,16500000.0
121135102,Married,37,Female,['Jawa'],12.0,240000.0,2640000.0
121140001,Married,62,Male,['Jawa'],6.0,900000.0,12000000.0
121140002,Married,56,Female,['Jawa'],6.0,360000.0,1900000.0
121140003,Married,38,Male,['Jawa'],9.0,1300000.0,17100000.0
121140004,Married,35,Male,['Jawa'],9.0,900000.0,9900000.0
121143102,Married,34,Female,['Jawa'],6.0,150000.0,1560000.0
121144102,Married,34,Female,['Jawa'],6.0,100000.0,1100000.0
121150002,Married,45,Female,['Jawa'],6.0,200000.0,2480000.0
121150006,Married,42,Female,['Jawa'],6.0,528000.0,5450000.0
121155202,Married,27,Male,['Jawa'],9.0,600000.0,3750000.0
121160004,Married,44,Male,['Jawa'],6.0,1600000.0,9000000.0
121190006,Married,40,Male,['Jawa'],9.0,2200000.0,26400000.0
121190009,Married,34,Female,['Jawa'],9.0,400000.0,1500000.0
121190010,Married,33,Male,['Jawa'],12.0,600000.0,6600000.0
121190011,Married,31,Female,['Jawa'],16.0,195000.0,2100000.0
121190014,Married,46,Male,['Jawa'],12.0,1000000.0,15400000.0
121193402,Married,38,Female,['Jawa'],16.0,1000000.0,10000000.0
121193502,Married,37,Female,['Jawa'],6.0,150000.0,1500000.0
121193601,Married,41,Male,['Jawa'],9.0,1000000.0,12100000.0
121193704,Married,37,Male,['Jawa'],12.0,1000000.0,13200000.0
121195202,Married,34,Male,['Jawa'],13.0,200000.0,2700000.0
121195301,Married,36,Male,['Sunda'],12.0,1500000.0,1900000.0
121200001,Married,60,Male,['Jawa'],6.0,700000.0,700000.0
121200002,Married,57,Female,['Jawa'],6.0,250000.0,750000.0
121200004,Married,37,Male,['Jawa'],6.0,2500000.0,30500000.0
121200005,Married,34,Male,['Jawa'],6.0,1200000.0,3600000.0
121200006,Married,32,Female,['Jawa'],16.0,350000.0,7500000.0
121200007,Married,29,Female,['Jawa'],16.0,300000.0,3650000.0
121200008,Married,35,Female,['Sunda'],16.0,400000.0,4200000.0
121204102,Married,31,Female,['Jawa'],12.0,480000.0,5910000.0
121204201,Married,33,Male,['Jawa'],6.0,1050000.0,12700000.0
121210001,Married,49,Female,['Jawa'],16.0,3600000.0,43200000.0
121210004,Married,46,Male,['Jawa'],13.0,2400000.0,31200000.0
121210006,Married,51,Male,['Jawa'],12.0,2200000.0,26000000.0
121213102,Married,43,Female,['Jawa'],16.0,2700000.0,81800000.0
121220002,Married,33,Male,['Jawa'],6.0,2000000.0,10100000.0
121220003,Married,30,Male,['Jawa'],9.0,700000.0,700000.0
121220004,Married,26,Female,['Jawa'],9.0,300000.0,3750000.0
121224102,Married,27,Female,['Jawa'],9.0,600000.0,7350000.0
121230001,Married,51,Male,['Jawa'],6.0,750000.0,1150000.0
121230004,Divorced,24,Female,['Jawa'],13.0,1800000.0,12600000.0
121240001,Married,52,Male,['Jawa'],16.0,4000000.0,53944000.0
121240002,Married,52,Female,['Jawa'],12.0,3000000.0,62800000.0
121260003,Married,38,Male,['Jawa'],6.0,1000000.0,12000000.0
121263102,Married,34,Female,['Jawa'],9.0,200000.0,3150000.0
121270003,Married,53,Male,['Jawa'],6.0,1500000.0,18000000.0
121270006,Divorced,23,Male,['Jawa'],13.0,3380000.0,46800000.0
121284106,Married,38,Female,['Jawa'],13.0,1226500.0,17144500.0
121284205,Married,31,Female,['Jawa'],6.0,240000.0,2210000.0
121290003,Married,35,Male,['Jawa'],6.0,1200000.0,2400000.0
121294102,Married,29,Female,['Jawa'],6.0,400000.0,5000000.0
122010004,Married,36,Male,['Sunda'],13.0,1600000.0,19350000.0
122010005,Married,35,Female,['Sunda'],9.0,670000.0,930000.0
122010006,Married,30,Male,['Jawa'],13.0,1900000.0,22500000.0
122010012,Married,44,Male,['Sunda'],12.0,600000.0,10000000.0
122020001,Married,54,Male,['Sunda'],6.0,1600000.0,16000000.0
122020003,Married,27,Male,['Sunda'],6.0,1400000.0,12600000.0
122025203,Married,25,Male,['Sunda'],9.0,480000.0,2880000.0
122030003,Married,39,Female,['Jawa'],12.0,900000.0,9000000.0
122050003,Married,45,Female,['Jawa'],6.0,9000000.0,10800000.0
122050005,Married,38,Female,['Jawa'],6.0,1200000.0,4800000.0
122050006,Married,48,Male,['Jawa'],6.0,1500000.0,18100000.0
122051105,Married,39,Male,['Jawa'],6.0,980000.0,9800000.0
122053102,Widowed,39,Female,['Jawa'],9.0,720000.0,8450000.0
122060001,Married,55,Male,['Sunda'],6.0,1400000.0,168000000.0
122060003,Married,29,Male,['Jawa'],6.0,2400000.0,31200000.0
122063103,Married,24,Female,['Jawa'],12.0,2600000.0,33800000.0
122080004,Married,31,Male,['Jawa'],9.0,1300000.0,28000000.0
122090001,Married,50,Male,['Jawa'],6.0,1100000.0,13200000.0
122090003,Married,29,Male,['Jawa'],15.0,800000.0,1000000.0
122095102,Married,26,Female,['Sunda'],13.0,500000.0,6000000.0
122095201,Married,29,Male,['Sunda'],16.0,800000.0,1100000.0
122100005,Married,33,Female,['Jawa'],9.0,300000.0,4200000.0
122110004,Divorced,30,Male,['Jawa'],13.0,450000.0,5400000.0
122120003,Married,44,Male,['Sunda'],12.0,1700000.0,20400000.0
122120004,Married,22,Male,['Sunda'],13.0,1200000.0,14400000.0
122130005,Married,38,Male,"['Jawa', 'Sunda']",16.0,3000000.0,54000000.0
122131101,Married,47,Male,['Sunda'],9.0,1500000.0,15000000.0
122150001,Married,56,Male,['Jawa'],6.0,700000.0,8400000.0
122150002,Married,53,Female,['Jawa'],6.0,630000.0,10800000.0
122170002,Married,52,Female,['Sunda'],12.0,3400000.0,41000000.0
122180006,Married,34,Male,['Cirebon'],16.0,9000000.0,114600000.0
122180009,Married,28,Female,['Jawa'],6.0,900000.0,10870000.0
122184301,Married,34,Male,['Jawa'],9.0,2300000.0,9200000.0
122190004,Married,38,Female,['Jawa'],6.0,1000000.0,10000000.0
122190008,Married,28,Male,['Jawa'],6.0,900000.0,1800000.0
122190009,Married,46,Male,['Sunda'],6.0,2000000.0,20030000.0
122193301,Married,41,Male,['Sunda'],9.0,1500000.0,18100000.0
122193403,Married,46,Male,['Sunda'],9.0,2000000.0,25000000.0
122200001,Married,49,Male,['Jawa'],9.0,1500000.0,16600000.0
122200006,Married,30,Male,['Jawa'],9.0,0.0,17000000.0
123010002,Widowed,53,Female,['Jawa'],9.0,350000.0,6638000.0
123010003,Married,32,Male,['Jawa'],6.0,2100000.0,25200000.0
123010005,Married,24,Male,['Jawa'],13.0,1500000.0,20100000.0
123020005,Married,39,Female,['Jawa'],6.0,200000.0,350000.0
123020007,Married,35,Male,['Jawa'],6.0,1500000.0,18000000.0
123020011,Married,22,Female,['Jawa'],6.0,1000000.0,11600000.0
123020012,Married,47,Male,['Sunda'],6.0,1500000.0,15400000.0
123020013,Married,23,Male,['Sunda'],9.0,1000000.0,3000000.0
123020014,Married,41,Male,['Jawa'],6.0,1200000.0,12500000.0
123021106,Married,22,Female,['Jawa'],9.0,500000.0,650000.0
123030003,Married,31,Male,['Jawa'],15.0,1000000.0,12000000.0
123030004,Married,30,Male,['Jawa'],12.0,1430000.0,18590000.0
123030005,Married,24,Male,['Jawa'],13.0,1300000.0,16100000.0
123040003,Married,34,Male,['Jawa'],6.0,1800000.0,21600000.0
123040004,Married,32,Female,['Jawa'],12.0,3300000.0,30000000.0
123050001,Married,59,Male,['Jawa'],6.0,1200000.0,14500000.0
123060001,Widowed,50,Male,['Jawa'],9.0,0.0,500000.0
123060003,Married,29,Male,['Jawa'],12.0,1560000.0,18720000.0
123065102,Married,31,Female,['Cirebon'],9.0,40000.0,280000.0
123070006,Married,23,Female,['Jawa'],13.0,1000000.0,6000000.0
123090003,Married,41,Male,['Jawa'],6.0,1200000.0,12050000.0
123090005,Married,34,Male,['Jawa'],6.0,1200000.0,9600000.0
123090006,Married,29,Male,['Jawa'],6.0,400000.0,4450000.0
123093204,Married,33,Female,['Jawa'],6.0,500000.0,6500000.0
123100003,Married,42,Female,['Jawa'],6.0,800000.0,7200000.0
123100005,Married,39,Male,['Sunda'],6.0,2000000.0,24000000.0
123120002,Married,49,Male,['Jawa'],12.0,3300000.0,42900000.0
123140003,Married,35,Male,['Jawa'],9.0,1000000.0,11050000.0
123150001,Married,50,Male,['Jawa'],6.0,840000.0,2100000.0
123150002,Married,46,Female,['Jawa'],6.0,250000.0,250000.0
123150004,Married,25,Male,['Jawa'],9.0,1200000.0,14500000.0
123170008,Married,34,Male,['Jawa'],6.0,1200000.0,1200000.0
123190003,Married,43,Male,['Jawa'],9.0,1500000.0,18000000.0
123190004,Married,33,Male,['Jawa'],13.0,2200000.0,36000000.0
123193102,Married,46,Female,['Sunda'],6.0,80000.0,400000.0
123200002,Married,48,Male,['Jawa'],6.0,500000.0,4500000.0
123200005,Married,25,Male,['Jawa'],6.0,700000.0,7000000.0
123200007,Married,26,Female,['Jawa'],9.0,600000.0,5100000.0
124020004,Married,30,Male,['Sunda'],16.0,400000.0,6100000.0
124023107,Married,25,Female,['Jawa'],16.0,100000.0,1400000.0
124040008,Married,23,Female,['Jawa'],13.0,1100000.0,13900000.0
124040009,Married,45,Male,['Sunda'],6.0,560000.0,6300000.0
124045102,Married,37,Male,['Sunda'],6.0,500000.0,1500000.0
124050002,Married,57,Female,['Jawa'],16.0,4200000.0,98600000.0
124050003,Married,33,Male,['Sunda'],16.0,3000000.0,39200000.0
124050004,Married,32,Female,['Jawa'],16.0,410000.0,4920000.0
124050005,Married,33,Male,['Jawa'],18.0,5000000.0,63800000.0
124060005,Married,27,Male,['Jawa'],15.0,1300000.0,16800000.0
124060006,Married,25,Male,['Jawa'],9.0,2720000.0,32840000.0
124060012,Married,21,Female,['Sunda'],13.0,300000.0,1200000.0
124064202,Married,27,Female,['Sunda'],16.0,600000.0,9000000.0
124070004,Married,43,Male,['Jawa'],12.0,36000000.0,57500000.0
124070006,Married,35,Male,['Jawa'],12.0,6500000.0,84500000.0
124080002,Widowed,54,Female,['Jawa'],6.0,350000.0,1000000.0
124080004,Married,37,Male,['Jawa'],12.0,1500000.0,12000000.0
124090002,Married,42,Female,['Jawa'],6.0,50000.0,50000.0
124090003,Married,46,Male,['Jawa'],12.0,1500000.0,1500000.0
124103201,Married,37,Male,['Sunda'],12.0,500000.0,3200000.0
124114101,Married,50,Male,['Sunda'],16.0,2500000.0,25000000.0
124160002,Married,52,Female,['Sunda'],16.0,4800000.0,61100000.0
124170002,Married,38,Male,['Jawa'],13.0,1155000.0,11950000.0
124170004,Married,30,Male,['Jawa'],13.0,2400000.0,28800000.0
124174102,Married,33,Female,['Jawa'],9.0,20000.0,60000.0
124180004,Married,38,Male,['Jawa'],12.0,0.0,15700000.0
124182103,Married,38,Female,['Sunda'],6.0,400000.0,5200000.0
124182104,Married,43,Male,['Sunda'],6.0,450000.0,450000.0
124190003,Married,47,Male,['Jawa'],6.0,920000.0,12480000.0
124190004,Married,44,Female,['Jawa'],6.0,120000.0,990000.0
124190006,Married,44,Male,['Jawa'],9.0,2280000.0,25080000.0
124190009,Married,35,Male,['Jawa'],6.0,400000.0,7600000.0
124190010,Separated,33,Female,['Jawa'],6.0,200000.0,2430000.0
124191102,Married,45,Female,['Jawa'],6.0,90000.0,1510000.0
124194102,Married,25,Female,['Jawa'],6.0,175000.0,350000.0
124200005,Married,35,Female,['Jawa'],15.0,2200000.0,29800000.0
124200006,Married,41,Female,['Jawa'],16.0,3600000.0,81000000.0
125020005,Married,27,Male,['Jawa'],6.0,350000.0,350000.0
125080001,Married,53,Male,['Sunda'],16.0,8000000.0,100000000.0
125090001,Widowed,71,Male,['Sunda'],6.0,1000000.0,3000000.0
125100001,Widowed,54,Male,['Sunda'],6.0,300000.0,300000.0
125210004,Married,39,Female,['Sunda'],6.0,900000.0,1800000.0
125210007,Married,25,Male,['Jawa'],13.0,1500000.0,15000000.0
125220001,Married,48,Male,['Sunda'],6.0,2100000.0,2100000.0
125230004,Married,35,Male,['Sunda'],6.0,1200000.0,2550000.0
125240001,Married,51,Male,['Sunda'],15.0,4800000.0,8168000.0
125240003,Married,27,Female,['Sunda'],13.0,2100000.0,27100000.0
125260003,Married,25,Male,['Sunda'],6.0,1200000.0,9600000.0
125270004,Married,23,Male,['Sunda'],12.0,3000000.0,18000000.0
125271103,Married,36,Male,['Sunda'],6.0,200000.0,5850000.0
125275102,Married,26,Female,['Jawa'],13.0,3000000.0,36000000.0
125290003,Married,36,Female,['Sunda'],6.0,640000.0,1280000.0
125291101,Married,45,Male,['Sunda'],9.0,1500000.0,24000000.0
126010003,Divorced,41,Female,['Sunda'],6.0,1000000.0,12500000.0
126010005,Married,42,Male,['Sunda'],6.0,300000.0,3700000.0
126010006,Married,24,Male,['Sunda'],13.0,1000000.0,9050000.0
126010007,Married,41,Male,['Sunda'],12.0,3000000.0,33000000.0
126015202,Married,23,Female,['Sunda'],9.0,84000.0,3084000.0
126030002,Married,63,Male,['Sunda'],6.0,1260000.0,3085000.0
126030003,Married,57,Female,['Sunda'],6.0,690000.0,8500000.0
126030004,Married,38,Female,['Sunda'],9.0,30000.0,30000.0
126030006,Married,32,Male,['Sunda'],9.0,900000.0,5850000.0
126030007,Separated,21,Male,['Sunda'],9.0,850000.0,10150000.0
126034106,Married,53,Male,['Sunda'],6.0,1800000.0,1950000.0
126040005,Married,30,Male,['Sunda'],13.0,1500000.0,19200000.0
126040007,Widowed,50,Female,['Sunda'],6.0,300000.0,3850000.0
126050002,Married,65,Female,['Sunda'],6.0,360000.0,1490000.0
126050003,Widowed,41,Male,['Sunda'],6.0,1000000.0,10000000.0
126080003,Married,39,Female,['Sunda'],6.0,810000.0,7425000.0
126080004,Married,42,Male,['Sunda'],6.0,1300000.0,16750000.0
126080006,Married,32,Male,['Sunda'],9.0,1000000.0,12884000.0
126080009,Divorced,20,Male,['Sunda'],9.0,696000.0,2088000.0
126080011,Married,27,Female,['Jawa'],13.0,1080000.0,161680000.0
126090002,Married,44,Female,['Sunda'],6.0,200000.0,600000.0
126090003,Married,28,Male,['Sunda'],6.0,1200000.0,14500000.0
126090010,Divorced,21,Female,['Sunda'],9.0,2100000.0,21800000.0
126090011,Married,45,Male,['Sunda'],6.0,1000000.0,10300000.0
126090012,Married,42,Female,['Sunda'],6.0,300000.0,3670000.0
126090015,Married,25,Male,['Sunda'],9.0,1620000.0,23820000.0
126094105,Married,50,Male,['Sunda'],6.0,900000.0,10800000.0
126095102,Married,25,Female,['Sunda'],6.0,1400000.0,17800000.0
126110003,Married,40,Male,['Sunda'],6.0,200000.0,18100000.0
126120004,Widowed,47,Female,['Sunda'],6.0,600000.0,6070000.0
126120005,Married,41,Male,['Sunda'],6.0,400000.0,6000000.0
126120006,Married,37,Male,['Sunda'],9.0,2090000.0,24010000.0
126120011,Married,49,Male,['Sunda'],13.0,6000000.0,36100000.0
126120012,Married,51,Female,['Sunda'],6.0,500000.0,6070000.0
126121107,Married,35,Male,['Sunda'],6.0,2000000.0,20500000.0
126123204,Married,38,Female,['Sunda'],6.0,500000.0,6150000.0
126124205,Married,28,Female,['Sunda'],9.0,800000.0,3200000.0
126130004,Married,58,Male,['Sunda'],6.0,800000.0,9600000.0
126150002,Married,37,Male,['Sunda'],12.0,1500000.0,10500000.0
126150005,Married,39,Female,['Sunda'],9.0,0.0,0.0
126150008,Married,31,Male,['Sunda'],12.0,3000000.0,38000000.0
126155101,Married,30,Male,['Sunda'],6.0,600000.0,7200000.0
126160001,Divorced,46,Male,['Sunda'],6.0,1200000.0,12100000.0
126160002,Married,43,Female,['Sunda'],6.0,400000.0,4070000.0
126160005,Married,52,Male,['Sunda'],6.0,800000.0,6300000.0
126161106,Married,24,Female,['Sunda'],6.0,60000.0,360000.0
126170001,Married,53,Male,['Sunda'],16.0,4500000.0,106500000.0
126170003,Married,31,Male,['Sunda'],13.0,8000000.0,24000000.0
126170004,Married,30,Male,['Sunda'],13.0,4000000.0,118000000.0
126180004,Married,39,Female,['Sunda'],6.0,720000.0,8392000.0
126200006,Married,32,Male,['Sunda'],6.0,1200000.0,9600000.0
127010002,Divorced,43,Male,['Sunda'],6.0,500000.0,6000000.0
127020001,Married,63,Male,['Sunda'],6.0,1800000.0,21600000.0
127020005,Married,25,Male,['Sunda'],6.0,3600000.0,27700000.0
127030002,Married,42,Female,['Sunda'],6.0,630000.0,1000000.0
127040005,Married,34,Male,['Sunda'],16.0,4000000.0,48000000.0
127043102,Married,40,Female,['Sunda'],6.0,0.0,2030000.0
127060007,Married,35,Male,['Sunda'],9.0,3000000.0,35640000.0
127094101,Married,31,Male,['Sunda'],13.0,1500000.0,18000000.0
127100002,Married,50,Female,['Sunda'],6.0,0.0,400000.0
127100007,Married,20,Male,['Sunda'],13.0,1000000.0,2200000.0
127130001,Married,50,Male,['Sunda'],6.0,600000.0,4800000.0
127170004,Married,39,Male,['Sunda'],6.0,400000.0,2000000.0
127180002,Widowed,56,Female,['Sunda'],6.0,600000.0,1500000.0
127180004,Divorced,41,Male,['Sunda'],6.0,1300000.0,7800000.0
127181104,Married,33,Male,['Sunda'],12.0,280000.0,8100000.0
127190003,Married,33,Female,['Sunda'],12.0,200000.0,2400000.0
127191102,Married,37,Male,['Sunda'],12.0,1000000.0,14000000.0
127195101,Married,22,Male,['Sunda'],13.0,500000.0,6480000.0
127200001,Married,49,Male,['Sunda'],6.0,2400000.0,22600000.0
127200005,Married,21,Male,['Jawa'],9.0,1200000.0,9600000.0
127220005,Married,55,Male,['Sunda'],6.0,1200000.0,4000000.0
127220007,Married,45,Female,['Sunda'],6.0,400000.0,7500000.0
127230004,Married,38,Female,['Sunda'],6.0,140000.0,560000.0
127240003,Married,32,Male,['Sunda'],9.0,500000.0,3000000.0
127250003,Married,44,Male,['Sunda'],6.0,1300000.0,13000000.0
127270005,Married,32,Male,['Sunda'],6.0,0.0,0.0
127290002,Widowed,59,Female,['Sunda'],6.0,300000.0,3600000.0
127300003,Widowed,69,Male,['Sunda'],6.0,500000.0,3825000.0
127304105,Married,34,Male,['Sunda'],9.0,1000000.0,6300000.0
128010012,Married,41,Male,['Sunda'],15.0,1000000.0,3000000.0
128020003,Married,55,Male,['Sunda'],6.0,500000.0,6200000.0
128030006,Married,30,Male,['Sunda'],6.0,830000.0,11960000.0
128030007,Widowed,27,Female,['Sunda'],9.0,300000.0,300000.0
128030011,Married,30,Male,['Sunda'],6.0,900000.0,11800000.0
128034101,Married,38,Male,['Jawa'],13.0,7000000.0,124000000.0
128040003,Married,43,Male,['Sunda'],6.0,980000.0,980000.0
128050001,Married,46,Male,['Sunda'],9.0,1000000.0,11000000.0
128050002,Married,48,Female,['Sunda'],12.0,70000.0,210000.0
128050003,Married,25,Female,['Sunda'],9.0,60000.0,300000.0
128055101,Married,27,Male,['Sunda'],6.0,0.0,7000000.0
128060004,Divorced,38,Male,['Sunda'],13.0,4000000.0,47000000.0
128060007,Married,33,Male,['Sunda'],13.0,800000.0,8800000.0
128070001,Married,64,Male,['Sunda'],6.0,1000000.0,12000000.0
128070009,Married,31,Female,['Sunda'],12.0,2000000.0,26000000.0
128090002,Married,49,Male,['Sunda'],12.0,3324100.0,41889200.0
128090003,Married,47,Female,['Sunda'],16.0,4500000.0,88000000.0
128090007,Married,47,Male,['Sunda'],16.0,3000000.0,36300000.0
128100003,Married,48,Male,"['Jawa', 'Sunda']",12.0,1500000.0,18300000.0
128100004,Married,47,Female,['Sunda'],12.0,300000.0,2000000.0
128100006,Married,45,Female,['Sunda'],16.0,4300000.0,12920000.0
128105101,Married,28,Male,['Sunda'],9.0,1400000.0,16800000.0
128120003,Married,42,Male,['Sunda'],9.0,720000.0,15190000.0
128130003,Divorced,43,Male,['Sunda'],12.0,300000.0,1050000.0
128130005,Married,45,Male,['Sunda'],16.0,1500000.0,30000000.0
128140003,Married,36,Male,['Sunda'],6.0,700000.0,700000.0
128160003,Married,29,Male,['Sunda'],13.0,1500000.0,13500000.0
128160004,Married,29,Male,['Sunda'],12.0,1200000.0,15600000.0
128164102,Married,28,Female,['Sunda'],12.0,1300000.0,16600000.0
128174101,Married,46,Male,['Sunda'],12.0,5000000.0,65000000.0
128201104,Married,49,Female,['Sunda'],12.0,150000.0,183000.0
129010002,Married,58,Female,['Sunda'],18.0,5000000.0,100000000.0
129010003,Married,33,Male,['Sunda'],16.0,15000000.0,180000000.0
129013104,Married,32,Female,['Sunda'],16.0,2000000.0,30000000.0
129050004,Married,45,Female,['Sunda'],12.0,900000.0,11300000.0
129050007,Married,48,Male,['Sunda'],9.0,2000000.0,29000000.0
129060003,Married,39,Female,['Sunda'],9.0,600000.0,8400000.0
129060004,Married,42,Male,['Sunda'],13.0,1950000.0,23400000.0
129070002,Married,36,Male,['Sunda'],12.0,1000000.0,8000000.0
129070003,Married,47,Female,['Sunda'],18.0,300000.0,84000000.0
129074105,Married,48,Male,['Sunda'],16.0,4000000.0,75000000.0
129100004,Married,42,Female,['Sunda'],16.0,1750000.0,21000000.0
129120003,Married,40,Male,['Sunda'],12.0,2000000.0,26000000.0
129120006,Married,29,Male,['Sunda'],13.0,1200000.0,32100000.0
129140003,Married,42,Male,['Sunda'],12.0,2250000.0,27000000.0
129140006,Married,42,Female,['Other South Sumatera'],12.0,2100000.0,27670000.0
129160003,Married,49,Female,['Jawa'],6.0,400000.0,5800000.0
129190002,Married,63,Female,['Sunda'],6.0,300000.0,3800000.0
130010003,Married,43,Male,['Jawa'],6.0,3000000.0,33000000.0
130010007,Married,28,Male,['Jawa'],6.0,700000.0,8600000.0
130030007,Married,25,Male,['Jawa'],6.0,1200000.0,108000000.0
130053102,Married,36,Male,['Jawa'],12.0,1000000.0,12000000.0
130060001,Married,46,Male,['Jawa'],9.0,3000000.0,15000000.0
130070003,Married,33,Male,['Jawa'],12.0,500000.0,5000000.0
130074102,Married,28,Female,['Jawa'],9.0,1250000.0,7500000.0
130080003,Married,28,Male,['Jawa'],12.0,800000.0,880000.0
130090001,Married,49,Male,['Jawa'],6.0,1050000.0,5000000.0
130100006,Married,32,Female,['Jawa'],9.0,150000.0,1000000.0
130110003,Married,34,Male,['Jawa'],6.0,350000.0,400000.0
130114102,Married,24,Female,['Sunda'],6.0,0.0,100000.0
130114201,Divorced,41,Male,['Sunda'],6.0,800000.0,800000.0
130130003,Married,37,Male,['Jawa'],6.0,700000.0,12000000.0
130140003,Married,23,Male,['Jawa'],16.0,250000.0,1000000.0
130150002,Married,41,Female,['Jawa'],6.0,1200000.0,7000000.0
130163201,Married,36,Male,['Jawa'],6.0,1000000.0,3000000.0
130211101,Married,40,Male,['Jawa'],6.0,3000000.0,10000000.0
130220001,Married,52,Male,['Jawa'],6.0,1700000.0,5950000.0
130230006,Married,30,Male,['Jawa'],6.0,100000.0,1300000.0
130300003,Married,35,Male,['Jawa'],15.0,2500000.0,32500000.0
130300005,Married,28,Male,['Jawa'],9.0,1200000.0,1333000.0
131010004,Married,39,Male,['Sunda'],12.0,1200000.0,2400000.0
131010005,Married,34,Female,['Sunda'],13.0,2100000.0,28350000.0
131010007,Married,43,Male,['Sunda'],13.0,500000.0,9000000.0
131040002,Married,57,Female,['Sunda'],16.0,4900000.0,107800000.0
131064102,Married,24,Female,['Sunda'],9.0,1900000.0,15200000.0
131080002,Married,62,Female,['Betawi'],6.0,500000.0,3600000.0
131080004,Married,33,Male,['Sunda'],12.0,1000000.0,13000000.0
131100003,Married,44,Male,['Sunda'],9.0,1680000.0,15000000.0
131104202,Married,31,Female,['Sunda'],13.0,300000.0,4800000.0
131110005,Married,26,Female,['Sunda'],16.0,1500000.0,13500000.0
131120001,Married,46,Male,['Sunda'],9.0,2160000.0,16200000.0
131120002,Married,45,Female,['Sunda'],6.0,1500000.0,20400000.0
131125101,Married,27,Male,['Sunda'],6.0,300000.0,3600000.0
131140002,Married,43,Male,['Sunda'],9.0,1800000.0,23200000.0
131140003,Married,38,Female,['Sunda'],9.0,1800000.0,15000000.0
131140005,Married,32,Female,['Sunda'],13.0,1800000.0,21600000.0
131140016,Married,55,Male,['Sunda'],6.0,500000.0,7000000.0
131142104,Married,39,Male,['Sunda'],13.0,1920000.0,23540000.0
131144102,Married,43,Female,['Jawa'],13.0,1440000.0,29280000.0
131145102,Married,32,Male,['Sunda'],9.0,1200000.0,204000000.0
131145202,Married,27,Female,['Sunda'],13.0,2000000.0,24800000.0
131160005,Married,33,Male,['Sunda'],16.0,2000000.0,25500000.0
131170004,Divorced,34,Male,['Sunda'],12.0,1400000.0,1400000.0
131170008,Married,50,Male,['Sunda'],9.0,880000.0,10560000.0
131170009,Married,45,Female,['Sunda'],9.0,350000.0,4200000.0
131171104,Married,41,Female,['Sunda'],9.0,200000.0,2600000.0
131171105,Married,45,Male,['Sunda'],6.0,2000000.0,18000000.0
131171106,Married,22,Female,['Sunda'],13.0,0.0,0.0
131185102,Married,24,Female,['Sunda'],12.0,2200000.0,26328000.0
132020006,Married,31,Male,['Sunda'],13.0,2100000.0,27760000.0
132024201,Married,34,Male,['Sunda'],9.0,1500000.0,18500000.0
132060003,Married,38,Male,['Sunda'],12.0,3000000.0,6000000.0
132060005,Married,32,Female,['Sunda'],9.0,2600000.0,31000000.0
132064301,Married,33,Male,['Sunda'],9.0,1500000.0,15000000.0
132080001,Married,48,Male,['Sunda'],13.0,2300000.0,27600000.0
132090003,Married,43,Male,['Sunda'],12.0,4000000.0,52800000.0
132090004,Married,40,Female,['Sunda'],12.0,3200000.0,47500000.0
132090005,Married,36,Female,['Sunda'],15.0,5000000.0,59400000.0
132090006,Married,34,Male,['Sunda'],15.0,3300000.0,59640000.0
132090009,Married,48,Male,['Sunda'],13.0,2700000.0,33000000.0
132093102,Married,34,Female,['Sunda'],15.0,5500000.0,71400000.0
132110001,Married,55,Male,['Sunda'],15.0,3500000.0,68500000.0
132130003,Married,48,Male,['Sunda'],12.0,1200000.0,10800000.0
132130005,Married,40,Male,['Sunda'],13.0,2500000.0,36000000.0
132134202,Married,36,Female,['Jawa'],15.0,2400000.0,39000000.0
132134301,Married,36,Male,['Palembang'],12.0,4000000.0,66000000.0
132140007,Married,37,Male,['Jawa'],13.0,3500000.0,42000000.0
132144101,Divorced,36,Male,['Sunda'],6.0,1500000.0,1500000.0
132144201,Married,36,Male,['Sunda'],12.0,3000000.0,36000000.0
132144302,Married,33,Female,['Sunda'],13.0,3500000.0,17500000.0
132160002,Married,31,Male,['Sunda'],12.0,5000000.0,75000000.0
132160004,Married,36,Female,['Sunda'],16.0,400000.0,4800000.0
132180002,Married,43,Female,['Sunda'],9.0,1800000.0,26160000.0
132190003,Married,35,Male,['Sunda'],16.0,3500000.0,52500000.0
132190005,Married,30,Male,['Sunda'],16.0,3000000.0,60000000.0
132200004,Married,26,Female,['Jawa'],16.0,8000000.0,96000000.0
133010002,Married,54,Female,['Sunda'],16.0,4000000.0,52575000.0
133010003,Divorced,30,Male,['Sunda'],13.0,1000000.0,12100000.0
133010004,Married,24,Female,['Sunda'],12.0,2200000.0,22800000.0
133020003,Married,44,Female,['Sunda'],9.0,300000.0,1300000.0
133020004,Married,40,Male,['Sunda'],13.0,3000000.0,39000000.0
133020005,Married,33,Male,['Sunda'],13.0,2400000.0,48000000.0
133040003,Married,41,Male,['Sunda'],13.0,2400000.0,31800000.0
133040004,Married,38,Male,['Sunda'],15.0,3500000.0,43500000.0
133040005,Married,35,Male,['Sunda'],13.0,5700000.0,68400000.0
133040006,Married,32,Male,['Sunda'],13.0,2400000.0,31200000.0
133044102,Married,23,Female,['Sunda'],9.0,120000.0,2190000.0
133044202,Married,30,Female,['Sunda'],9.0,3800000.0,45600000.0
133050005,Married,41,Male,['Sunda'],6.0,2548000.0,2548000.0
133050006,Married,34,Female,['Sunda'],6.0,1800000.0,1800000.0
133051203,Married,38,Male,['Sunda'],6.0,2600000.0,2600000.0
133054305,Married,28,Male,['Sunda'],6.0,500000.0,6000000.0
133074102,Married,25,Female,['Sunda'],9.0,1800000.0,18000000.0
133080001,Married,63,Male,['Sunda'],6.0,600000.0,1800000.0
133120007,Married,27,Female,['Sunda'],9.0,1900000.0,24700000.0
133124101,Married,32,Male,['Sunda'],9.0,1600000.0,21000000.0
133145101,Married,24,Male,['Sunda'],13.0,3400000.0,47800000.0
133150005,Married,19,Female,['Sunda'],9.0,1200000.0,15000000.0
133165101,Married,42,Male,['Sunda'],9.0,1000000.0,1000000.0
133165201,Married,31,Male,['Sunda'],9.0,1680000.0,20560000.0
133170003,Married,43,Male,['Sunda'],6.0,500000.0,6000000.0
133174107,Married,40,Female,['Sunda'],6.0,2600000.0,33800000.0
133180001,Married,48,Male,['Sunda'],6.0,315000.0,315000.0
133180004,Married,22,Male,['Sunda'],9.0,210000.0,210000.0
133180007,Married,22,Female,['Sunda'],9.0,2600000.0,28200000.0
133210003,Married,47,Male,['Sunda'],6.0,0.0,1400000.0
133230003,Married,25,Female,['Sunda'],12.0,1869000.0,20700000.0
133230007,Married,26,Male,['Sunda'],9.0,2000000.0,9850000.0
133240005,Married,31,Female,['Sunda'],12.0,1800000.0,21600000.0
133250004,Married,24,Female,['Sunda'],9.0,2500000.0,31800000.0
133270001,Married,53,Male,['Sunda'],6.0,800000.0,10000000.0
133270003,Married,28,Female,['Sunda'],9.0,2100000.0,15720000.0
133270004,Married,26,Male,['Sunda'],6.0,600000.0,600000.0
133290004,Married,34,Male,['Sunda'],13.0,2400000.0,5600000.0
133290005,Married,29,Male,['Sunda'],16.0,2400000.0,31200000.0
133294202,Married,26,Female,['Sunda'],9.0,1800000.0,23400000.0
133300004,Married,28,Male,['Sunda'],13.0,2000000.0,25000000.0
133305305,Married,24,Female,['Sunda'],9.0,2000000.0,26640000.0
134040006,Married,47,Male,['Sunda'],9.0,200000.0,2400000.0
134060003,Married,35,Male,['Sunda'],6.0,1000000.0,12000000.0
134092101,Married,42,Male,['Sunda'],13.0,4000000.0,51900000.0
134221101,Married,39,Male,['Sunda'],6.0,2400000.0,29100000.0
134230003,Married,41,Male,['Sunda'],9.0,2600000.0,33800000.0
134243103,Married,19,Male,['Sunda'],9.0,200000.0,2400000.0
134244103,Married,47,Male,['Sunda'],12.0,1000000.0,12000000.0
134250005,Married,43,Male,['Sunda'],6.0,600000.0,7200000.0
135010004,Married,46,Male,['Bali'],12.0,2650000.0,37100000.0
135013104,Married,32,Female,['Sunda'],9.0,100000.0,100000.0
135030004,Married,40,Male,['Sunda'],13.0,4200000.0,54600000.0
135044101,Married,36,Male,"['Sunda', 'Betawi']",13.0,4000000.0,52000000.0
135050002,Married,49,Female,['Sunda'],9.0,200000.0,2400000.0
135050003,Married,28,Male,['Sunda'],13.0,900000.0,11300000.0
135060004,Married,31,Male,['Sunda'],12.0,2100000.0,30000000.0
135065102,Married,32,Female,['Sunda'],16.0,400000.0,5400000.0
135070001,Married,47,Male,['Sunda'],18.0,3500000.0,43500000.0
135080003,Married,27,Male,['Sunda'],9.0,400000.0,5000000.0
135120004,Married,45,Female,['Sunda'],12.0,2400000.0,31200000.0
135124102,Married,44,Male,['Sunda'],12.0,350000.0,5200000.0
135134201,Married,37,Male,['Sunda'],12.0,2700000.0,27570000.0
135140003,Married,47,Male,['Sunda'],13.0,3000000.0,39000000.0
135140008,Married,43,Male,['Sunda'],15.0,3000000.0,200000000.0
135140011,Married,39,Male,['Sunda'],12.0,1600000.0,20800000.0
135144401,Married,37,Male,['Sunda'],12.0,7000000.0,84000000.0
135190003,Married,46,Male,['Sunda'],13.0,3500000.0,42000000.0
135190004,Married,44,Male,['Sunda'],12.0,4000000.0,51000000.0
135200003,Married,47,Male,['Sunda'],13.0,2300000.0,28600000.0
135200004,Married,44,Female,['Sunda'],13.0,150000.0,700000.0
135200005,Married,37,Male,['Sunda'],12.0,4500000.0,67500000.0
135201101,Married,54,Male,['Sunda'],6.0,400000.0,3600000.0
136020004,Married,52,Male,['Betawi'],6.0,360000.0,3625000.0
136020008,Divorced,24,Male,['Sunda'],6.0,0.0,0.0
136050004,Married,33,Male,['Sunda'],9.0,200000.0,6000000.0
136054202,Married,29,Female,['Sunda'],6.0,0.0,1200000.0
136070003,Married,22,Male,['Sunda'],13.0,2700000.0,32500000.0
136084101,Married,49,Male,['Sunda'],6.0,1000000.0,13000000.0
136100003,Married,31,Male,['Sunda'],6.0,300000.0,1200000.0
136100006,Married,42,Male,['Sunda'],12.0,3500000.0,47250000.0
136100008,Married,33,Female,['Sunda'],6.0,0.0,180000.0
136110001,Married,56,Male,['Sunda'],6.0,1400000.0,16800000.0
136110007,Married,40,Male,['Sunda'],6.0,1400000.0,16800000.0
136130003,Married,25,Male,['Sunda'],13.0,2600000.0,33800000.0
136140003,Married,29,Male,['Sunda'],6.0,1500000.0,18400000.0
136140004,Married,24,Male,['Sunda'],9.0,2400000.0,32100000.0
136145202,Married,27,Female,['Sunda'],6.0,1400000.0,17800000.0
136150004,Married,22,Male,['Sunda'],9.0,2500000.0,30000000.0
136153109,Married,22,Female,['Sunda'],12.0,2400000.0,31200000.0
136170002,Widowed,51,Female,['Sunda'],6.0,300000.0,3600000.0
136170005,Married,31,Male,['Sunda'],9.0,600000.0,7200000.0
136170006,Married,25,Female,['Sunda'],9.0,2600000.0,33800000.0
136175101,Married,32,Male,['Sunda'],6.0,2600000.0,33800000.0
136180003,Married,22,Male,['Sunda'],13.0,2400000.0,32584000.0
136180004,Married,19,Female,['Sunda'],13.0,2100000.0,27300000.0
136190003,Married,31,Male,['Sunda'],9.0,2200000.0,30100000.0
136194102,Married,30,Female,['Jawa'],9.0,4100000.0,41460000.0
136210003,Married,42,Female,['Sunda'],6.0,2800000.0,36200000.0
136210005,Separated,39,Female,['Sunda'],12.0,2500000.0,32500000.0
136210011,Married,28,Female,['Sunda'],16.0,900000.0,14400000.0
136213205,Divorced,40,Female,['Sunda'],9.0,3200000.0,38400000.0
136220003,Married,28,Male,['Sunda'],13.0,2000000.0,31000000.0
136225102,Married,23,Female,['Jawa'],9.0,500000.0,6030000.0
136230004,Married,26,Female,['Sunda'],6.0,500000.0,3000000.0
136230005,Married,34,Male,['Sunda'],13.0,120000.0,4000000.0
136234101,Married,34,Male,['Sunda'],9.0,1200000.0,14600000.0
136240003,Married,46,Male,['Sunda'],6.0,2100000.0,24000000.0
136241201,Married,42,Male,['Sunda'],6.0,600000.0,7200000.0
136244104,Married,39,Male,['Sunda'],6.0,1000000.0,12000000.0
136250003,Married,43,Male,['Sunda'],6.0,2600000.0,36400000.0
136250004,Married,39,Female,['Sunda'],6.0,2900000.0,37500000.0
136253104,Married,37,Female,['Sunda'],6.0,2500000.0,6000000.0
136260003,Divorced,29,Female,['Sunda'],13.0,3000000.0,38700000.0
136270003,Married,30,Female,['Sunda'],6.0,1000000.0,12000000.0
136270005,Married,54,Male,['Sunda'],6.0,2340000.0,9360000.0
136275202,Married,37,Male,['Sunda'],6.0,200000.0,2400000.0
136284102,Married,31,Female,['Sunda'],16.0,500000.0,4200000.0
136290001,Married,46,Male,['Sunda'],6.0,1000000.0,12000000.0
136290002,Married,44,Female,['Jawa'],6.0,400000.0,2550000.0
136294101,Divorced,28,Male,['Sunda'],13.0,120000.0,120000.0
136300005,Married,25,Male,['Sunda'],6.0,2200000.0,26400000.0
136303204,Married,39,Male,['Sunda'],12.0,1950000.0,19500000.0
137020005,Married,29,Male,"['Jawa', 'Sunda']",16.0,2000000.0,24700000.0
137024101,Married,44,Male,['Jawa'],16.0,1000000.0,12400000.0
137030001,Widowed,73,Male,['Jawa'],6.0,0.0,10000000.0
137083102,Married,57,Male,['Jawa'],6.0,0.0,5000000.0
137090004,Married,33,Male,['Jawa'],6.0,2000000.0,24000000.0
137090005,Married,29,Male,['Jawa'],9.0,0.0,0.0
137120003,Married,44,Male,['Jawa'],6.0,850000.0,10020000.0
137130005,Married,39,Male,['Jawa'],6.0,2700000.0,10800000.0
137140005,Married,23,Male,['Sunda'],13.0,2400000.0,31200000.0
137150007,Married,24,Male,['Jawa'],13.0,3000000.0,39500000.0
137170009,Married,23,Male,['Jawa'],6.0,1000000.0,2150000.0
137174102,Married,29,Female,['Jawa'],9.0,3200000.0,42200000.0
137200003,Married,27,Female,['Sunda'],13.0,5400000.0,66450000.0
137205101,Married,28,Male,['Sunda'],13.0,2700000.0,33650000.0
137284101,Married,37,Male,['Sunda'],9.0,1600000.0,3200000.0
137290007,Married,26,Female,['Jawa'],6.0,140000.0,140000.0
138010001,Married,54,Male,['Betawi'],6.0,1000000.0,12000000.0
138030003,Married,43,Male,['Betawi'],9.0,260000.0,3700000.0
138054201,Married,32,Male,['Sunda'],13.0,2880000.0,44600000.0
138070003,Married,34,Female,['Betawi'],6.0,3900000.0,30000000.0
138071103,Married,42,Male,['Betawi'],6.0,1500000.0,1500000.0
138073101,Married,37,Male,['Betawi'],6.0,1000000.0,12000000.0
138080003,Married,39,Male,['Betawi'],6.0,600000.0,5000000.0
138090003,Married,26,Male,['Betawi'],6.0,1300000.0,22800000.0
138130005,Married,33,Male,['Betawi'],6.0,400000.0,1500000.0
138140004,Married,48,Male,['Betawi'],6.0,500000.0,9000000.0
138140005,Married,41,Male,['Betawi'],6.0,900000.0,900000.0
138144301,Married,29,Male,['Betawi'],6.0,2400000.0,2600000.0
138210002,Married,39,Male,['Sunda'],6.0,600000.0,7200000.0
138220001,Widowed,59,Male,['Betawi'],6.0,300000.0,4900000.0
138220008,Married,28,Female,['Betawi'],6.0,2100000.0,25200000.0
138224102,Married,31,Female,['Betawi'],6.0,320000.0,3940000.0
138224201,Married,39,Male,['Jawa'],6.0,3000000.0,24000000.0
138230001,Married,62,Male,['Sunda'],15.0,1000000.0,12000000.0
138230005,Married,31,Female,['Sunda'],16.0,1000000.0,12000000.0
138230006,Married,39,Female,['Sunda'],12.0,1800000.0,21600000.0
138240002,Widowed,49,Female,['Sunda'],16.0,3500000.0,45500000.0
138240003,Married,24,Female,['Sunda'],12.0,1100000.0,16000000.0
138250003,Married,41,Male,['Sunda'],9.0,0.0,4200000.0
138250004,Married,32,Male,['Sunda'],16.0,800000.0,27600000.0
138253104,Married,30,Female,['Sunda'],16.0,400000.0,8000000.0
138270003,Married,44,Female,['Betawi'],6.0,0.0,400000.0
138305201,Married,24,Male,['Sunda'],6.0,3000000.0,36000000.0
139013201,Married,42,Male,['Jawa'],12.0,6000000.0,72000000.0
139030001,Married,55,Male,['Jawa'],16.0,5000000.0,84000000.0
139030003,Divorced,28,Female,['Jawa'],16.0,2900000.0,98000000.0
139030007,Married,27,Male,['Jawa'],16.0,12000000.0,106000000.0
139090003,Married,34,Male,['Sunda'],12.0,9000000.0,208000000.0
139090004,Married,31,Male,['Jawa'],12.0,4000000.0,52000000.0
139090005,Married,28,Male,['Betawi'],12.0,3000000.0,39000000.0
139100004,Married,44,Male,['Betawi'],13.0,2850000.0,10000000.0
139140001,Married,60,Male,['Jawa'],15.0,4500000.0,54000000.0
139170003,Married,32,Male,['Sunda'],12.0,2750000.0,8250000.0
139170007,Married,27,Male,['Jawa'],16.0,4000000.0,53600000.0
140040001,Widowed,55,Male,['Sunda'],12.0,3200000.0,74600000.0
140070003,Married,31,Male,['Jawa'],15.0,3500000.0,42000000.0
140080002,Married,51,Female,['Sunda'],18.0,4700000.0,75150000.0
140110007,Married,21,Male,['Sunda'],13.0,3000000.0,46000000.0
140130001,Married,55,Male,['Sunda'],15.0,14000000.0,182000000.0
140130002,Married,53,Female,['Jawa'],12.0,600000.0,8200000.0
140135101,Married,31,Male,['Jawa'],16.0,6000000.0,60000000.0
140140004,Married,30,Male,['Jawa'],16.0,3600000.0,53000000.0
140183102,Widowed,39,Female,['Minang'],12.0,1000000.0,6000000.0
140200001,Married,56,Male,['Jawa'],13.0,3000000.0,39000000.0
140200003,Married,28,Male,['Jawa'],12.0,3000000.0,40000000.0
140200004,Married,25,Male,['Jawa'],13.0,4000000.0,48000000.0
141020004,Divorced,33,Female,['Betawi'],9.0,800000.0,6680500.0
141023107,Married,25,Male,['Jawa'],6.0,1200000.0,14550000.0
141030005,Married,34,Male,['Sunda'],16.0,5000000.0,65500000.0
141035101,Married,29,Male,['Sunda'],12.0,2800000.0,36400000.0
141050004,Married,33,Female,['Betawi'],6.0,4000000.0,34800000.0
141050005,Married,33,Female,['Melayu'],6.0,4000000.0,35100000.0
141060002,Widowed,44,Female,['Sunda'],6.0,450000.0,3150000.0
141060004,Married,24,Male,['Sunda'],6.0,800000.0,12300000.0
141070002,Married,46,Female,['Sunda'],6.0,2800000.0,6800000.0
141070004,Married,30,Male,['Betawi'],12.0,2400000.0,29800000.0
141070006,Married,25,Male,['Sunda'],12.0,1800000.0,12600000.0
141070010,Married,27,Female,['Sunda'],13.0,2700000.0,34800000.0
141074104,Married,39,Female,['Sunda'],16.0,3000000.0,36000000.0
141080003,Married,38,Female,['Betawi'],9.0,500000.0,2000000.0
141080005,Married,48,Male,['Sunda'],12.0,750000.0,12000000.0
141083101,Married,39,Male,['Betawi'],12.0,5000000.0,30000000.0
141090001,Married,58,Male,['Betawi'],6.0,2800000.0,33800000.0
141090005,Married,29,Male,['Melayu'],12.0,3000000.0,27000000.0
141090007,Married,38,Male,['Sunda'],6.0,3500000.0,44400000.0
141094102,Married,35,Female,['Betawi'],6.0,2000000.0,4000000.0
141100005,Married,38,Male,['Betawi'],6.0,0.0,0.0
141100007,Married,49,Male,['Sunda'],6.0,2500000.0,3000000.0
141100008,Widowed,49,Male,['Betawi'],6.0,900000.0,10000000.0
141100014,Married,34,Male,['Betawi'],6.0,1900000.0,22000000.0
141105301,Married,27,Male,['Jawa'],9.0,1200000.0,14400000.0
141105401,Married,21,Male,['Sunda'],9.0,500000.0,6000000.0
141110005,Married,36,Female,['Betawi'],9.0,2800000.0,34100000.0
141110008,Married,27,Male,['Sunda'],9.0,2400000.0,29300000.0
141110009,Married,25,Male,['Sunda'],9.0,3000000.0,36000000.0
141115202,Married,31,Female,['Sunda'],9.0,800000.0,4000000.0
141120007,Married,30,Female,['Sunda'],9.0,2500000.0,32500000.0
141140007,Married,36,Male,['Betawi'],12.0,2000000.0,24700000.0
141144102,Married,34,Female,['Betawi'],6.0,800000.0,8600000.0
141150006,Married,28,Male,['Betawi'],9.0,1600000.0,16800000.0
141170004,Divorced,53,Male,['Betawi'],6.0,50000.0,600000.0
141170005,Married,40,Male,"['Sunda', 'Melayu']",6.0,2900000.0,39800000.0
141174106,Married,35,Female,['Sunda'],6.0,0.0,0.0
141180003,Married,41,Male,['Betawi'],9.0,2800000.0,36000000.0
141180004,Married,37,Female,['Betawi'],6.0,2400000.0,21600000.0
141184102,Married,31,Female,['Jawa'],9.0,2200000.0,2700000.0
141190003,Married,34,Male,['Sunda'],16.0,1300000.0,15600000.0
141190004,Married,28,Male,['Sunda'],16.0,3000000.0,37000000.0
141200003,Married,30,Female,['Melayu'],9.0,2000000.0,6000000.0
141200006,Married,43,Male,['Betawi'],16.0,2300000.0,29100000.0
141205101,Married,28,Male,['Jawa'],13.0,2000000.0,26000000.0
141210005,Married,35,Female,['Betawi'],6.0,2700000.0,34900000.0
141210006,Married,32,Female,['Sunda'],6.0,120000.0,1320000.0
141210007,Married,27,Female,['Sunda'],9.0,100000.0,1200000.0
141210011,Married,24,Male,['Sunda'],6.0,1500000.0,18000000.0
141214101,Married,36,Male,['Sunda'],13.0,2700000.0,34900000.0
141215302,Married,23,Female,['Betawi'],12.0,5000000.0,10000000.0
141233106,Married,54,Male,['Sunda'],6.0,2340000.0,28080000.0
141240003,Married,39,Male,['Betawi'],9.0,2400000.0,29800000.0
141240004,Married,36,Male,['Betawi'],6.0,15000.0,15000.0
141240005,Married,31,Male,['Betawi'],6.0,600000.0,7200000.0
141240007,Married,27,Female,['Sunda'],9.0,2300000.0,4600000.0
141245301,Married,27,Male,['Sunda'],9.0,2700000.0,35100000.0
141250010,Married,31,Male,['Betawi'],9.0,1300000.0,10150000.0
141260003,Married,32,Female,['Melayu'],9.0,3000000.0,38000000.0
141260007,Married,39,Male,['Sunda'],12.0,1040000.0,12730000.0
141280007,Married,30,Male,['Betawi'],6.0,1500000.0,18000000.0
141284203,Married,36,Male,['Sunda'],12.0,2200000.0,27500000.0
141285202,Married,26,Female,['Betawi'],6.0,1500000.0,19000000.0
141290010,Married,33,Male,['Melayu'],6.0,1978000.0,6334000.0
142014102,Married,35,Female,['Sunda'],12.0,2200000.0,25300000.0
142020003,Married,44,Male,"['Sunda', 'Betawi']",12.0,2400000.0,31200000.0
142020007,Married,33,Male,['Betawi'],12.0,1800000.0,3400000.0
142030004,Married,41,Female,['Betawi'],16.0,400000.0,8500000.0
142030007,Married,32,Male,['Betawi'],12.0,2500000.0,4550000.0
142030008,Married,42,Male,['Jawa'],12.0,3000000.0,7000000.0
142033102,Widowed,39,Female,['Sunda'],9.0,625000.0,7812500.0
142040002,Widowed,55,Female,['Jawa'],13.0,900000.0,11050000.0
142040005,Married,29,Male,['Betawi'],16.0,2400000.0,29300000.0
142050002,Married,24,Female,['Betawi'],9.0,240000.0,2930000.0
142050004,Married,38,Male,['Betawi'],13.0,2300000.0,31600000.0
142054103,Married,23,Male,['Sunda'],6.0,3000000.0,38500000.0
142060003,Married,35,Female,['Betawi'],6.0,0.0,0.0
142060011,Married,39,Male,['Melayu'],9.0,1600000.0,32160000.0
142080003,Married,33,Female,['Betawi'],6.0,800000.0,10900000.0
142090004,Married,30,Female,['Betawi'],6.0,1600000.0,20200000.0
142094104,Married,36,Male,['Sunda'],9.0,1500000.0,18000000.0
142095201,Married,40,Male,['Betawi'],6.0,2000000.0,25500000.0
142100003,Married,31,Male,['Betawi'],9.0,2730000.0,35490000.0
142110003,Divorced,34,Male,['Betawi'],6.0,2400000.0,28800000.0
142124101,Married,30,Male,['Betawi'],6.0,1200000.0,17800000.0
142130001,Married,37,Male,['Betawi'],6.0,2000000.0,24000000.0
142140004,Married,38,Male,['Betawi'],9.0,1200000.0,14400000.0
142140008,Married,31,Male,['Sunda'],9.0,1200000.0,17760000.0
142150007,Married,28,Female,['Betawi'],12.0,2100000.0,33540000.0
142153103,Married,31,Female,['Betawi'],6.0,1200000.0,14700000.0
142155201,Married,30,Male,['Betawi'],12.0,2600000.0,31200000.0
142160002,Married,42,Female,['Betawi'],6.0,450000.0,6400000.0
142160003,Married,25,Male,['Betawi'],6.0,1200000.0,16400000.0
142160004,Married,22,Male,['Betawi'],6.0,1200000.0,14900000.0
142160007,Married,26,Male,['Betawi'],9.0,3000000.0,46867000.0
142165102,Married,20,Female,['Betawi'],6.0,400000.0,1600000.0
142165202,Married,31,Female,['Sunda'],6.0,1200000.0,9750000.0
142180001,Married,61,Male,['Betawi'],6.0,3000000.0,3000000.0
142180005,Married,29,Female,['Betawi'],6.0,550000.0,7150000.0
142180008,Married,23,Female,['Betawi'],6.0,1400000.0,1500000.0
142180018,Married,32,Male,['Betawi'],6.0,1500000.0,18600000.0
142200003,Married,39,Female,['Betawi'],6.0,1680000.0,22660000.0
142200005,Married,35,Male,['Sunda'],12.0,2800000.0,40700000.0
142200007,Married,40,Male,['Sunda'],9.0,1600000.0,5000000.0
142204101,Married,36,Male,['Betawi'],6.0,1000000.0,1000000.0
142210005,Divorced,35,Female,['Melayu'],6.0,1200000.0,15800000.0
142210006,Married,36,Male,['Melayu'],6.0,120000.0,120000.0
142210008,Married,29,Female,['Betawi'],6.0,1400000.0,20800000.0
142210009,Married,25,Female,['Betawi'],9.0,2000000.0,26000000.0
142210016,Married,30,Male,['Betawi'],12.0,1100000.0,18000000.0
142220006,Married,33,Male,['Betawi'],6.0,1182500.0,14890000.0
142224102,Married,30,Female,['Sunda'],9.0,3030000.0,40890000.0
142224302,Married,29,Female,['Betawi'],6.0,800000.0,4800000.0
142240003,Married,26,Female,['Betawi'],6.0,600000.0,7350000.0
142250003,Married,33,Female,['Betawi'],6.0,1500000.0,18500000.0
142260003,Married,31,Male,['Betawi'],9.0,800000.0,22400000.0
142260004,Married,27,Female,['Betawi'],6.0,100000.0,400000.0
142260007,Married,27,Male,['Betawi'],12.0,1000000.0,12200000.0
142270001,Married,46,Male,['Betawi'],9.0,720000.0,720000.0
142275101,Married,27,Male,['Betawi'],9.0,1500000.0,18000000.0
142280003,Divorced,37,Female,['Betawi'],6.0,1000000.0,160800000.0
142280008,Married,31,Female,['Betawi'],6.0,400000.0,5200000.0
142290004,Married,30,Male,['Betawi'],6.0,2400000.0,29900000.0
142290007,Married,22,Female,['Betawi'],6.0,1200000.0,6000000.0
142290011,Married,30,Male,['Jawa'],13.0,2400000.0,31200000.0
142295101,Married,38,Male,['Betawi'],6.0,1300000.0,15600000.0
142300003,Married,28,Male,['Betawi'],12.0,1800000.0,4600000.0
143020007,Married,24,Male,['Jawa'],12.0,2000000.0,24000000.0
143040001,Married,56,Male,['Jawa'],6.0,0.0,900000.0
143050005,Married,30,Male,['Jawa'],9.0,2700000.0,36050000.0
143053104,Married,33,Male,['Jawa'],13.0,2700000.0,33036000.0
143060004,Married,24,Male,['Banten'],9.0,2100000.0,6300000.0
143080003,Divorced,51,Female,['Jawa'],6.0,0.0,275000.0
143080010,Married,34,Male,['Jawa'],9.0,0.0,4000000.0
143100001,Married,42,Male,['Banten'],6.0,100000.0,2900000.0
143110001,Married,61,Male,['Banten'],6.0,0.0,5400000.0
143110002,Married,56,Female,['Banten'],6.0,0.0,2800000.0
143130004,Married,28,Female,"['Jawa', 'Banten']",16.0,300000.0,4900000.0
143140003,Widowed,27,Male,['Jawa'],6.0,0.0,700000.0
143150007,Married,40,Male,['Jawa'],6.0,80000.0,960000.0
143160008,Married,33,Male,['Jawa'],9.0,1250000.0,19000000.0
143170003,Married,25,Male,['Jawa'],12.0,1700000.0,7200000.0
143180003,Married,39,Male,['Jawa'],6.0,100000.0,2000000.0
143180004,Married,31,Male,['Jawa'],6.0,200000.0,500000.0
143195301,Married,25,Male,['Jawa'],15.0,3200000.0,3200000.0
143210003,Married,37,Male,['Jawa'],9.0,1040000.0,14000000.0
143210005,Married,32,Female,['Jawa'],9.0,720000.0,5240000.0
143213102,Married,39,Male,['Jawa'],16.0,450000.0,9000000.0
143230004,Married,37,Male,['Jawa'],12.0,500000.0,500000.0
143230007,Married,27,Male,['Other'],12.0,3000000.0,39600000.0
143234101,Married,36,Male,['Sunda'],6.0,1720000.0,22140000.0
143240002,Married,27,Male,['Jawa'],12.0,1900000.0,14400000.0
143250005,Married,31,Male,['Jawa'],12.0,1950000.0,23400000.0
143260003,Married,25,Male,['Jawa'],6.0,210000.0,210000.0
143260006,Married,36,Male,['Jawa'],6.0,600000.0,600000.0
143270003,Married,31,Female,['Jawa'],9.0,0.0,600000.0
143270004,Divorced,30,Female,['Jawa'],9.0,2700000.0,39600000.0
143270005,Married,24,Male,['Jawa'],12.0,3300000.0,44570000.0
143275202,Married,24,Female,['Jawa'],12.0,2700000.0,37200000.0
143290004,Married,37,Male,['Jawa'],12.0,1440000.0,1440000.0
143300003,Married,25,Female,['Jawa'],12.0,2700000.0,32400000.0
143305102,Married,27,Male,['Jawa'],12.0,2900000.0,34800000.0
144010001,Married,72,Male,['Jawa'],16.0,2500000.0,30000000.0
144020001,Married,52,Male,['Sunda'],13.0,1300000.0,16200000.0
144020002,Married,51,Female,['Banten'],6.0,250000.0,1000000.0
144100002,Married,40,Female,['Jawa'],6.0,500000.0,5500000.0
144110001,Married,56,Male,['Sunda'],6.0,600000.0,600000.0
144110003,Married,31,Male,['Sunda'],6.0,2000000.0,20000000.0
144115101,Married,27,Male,['Sunda'],9.0,0.0,6600000.0
144130001,Married,49,Male,['Sunda'],9.0,3012000.0,37144000.0
144130003,Married,30,Male,['Jawa'],13.0,600000.0,7000000.0
144135103,Married,24,Female,['Other South Sumatera'],12.0,750000.0,750000.0
144140003,Married,32,Male,['Sunda'],13.0,4000000.0,48000000.0
144140004,Married,27,Male,['Sunda'],16.0,3200000.0,49400000.0
144144102,Married,30,Female,['Sunda'],16.0,2500000.0,31800000.0
144144202,Married,28,Female,['Sunda'],16.0,1400000.0,18800000.0
144160004,Married,49,Male,['Sunda'],16.0,2000000.0,25000000.0
145010003,Divorced,27,Female,['Jawa'],9.0,4000000.0,48000000.0
145020004,Married,31,Female,['Jawa'],9.0,3800000.0,51600000.0
145020005,Married,29,Male,['Jawa'],13.0,3400000.0,46200000.0
145020006,Married,25,Female,['Jawa'],13.0,3000000.0,8440000.0
145030003,Married,31,Male,['Jawa'],12.0,2640000.0,31930000.0
145030004,Married,27,Male,['Jawa'],9.0,1600000.0,18000000.0
145030005,Married,34,Female,['Jawa'],9.0,4000000.0,32300000.0
145040002,Married,47,Female,['Jawa'],6.0,600000.0,5400000.0
145040003,Married,32,Male,['Jawa'],9.0,600000.0,8000000.0
145050005,Married,29,Female,['Jawa'],9.0,3000000.0,38500000.0
145050006,Married,25,Male,['Jawa'],6.0,1000000.0,12000000.0
145050007,Married,24,Male,['Jawa'],6.0,1500000.0,4000000.0
145050009,Married,42,Male,['Jawa'],6.0,0.0,4000000.0
145060002,Married,38,Female,['Jawa'],6.0,2080000.0,27960000.0
145060005,Married,44,Male,['Jawa'],9.0,900000.0,10800000.0
145064101,Married,32,Male,['Jawa'],9.0,3000000.0,38360000.0
145080003,Married,37,Male,['Banten'],9.0,1000000.0,12000000.0
145080006,Married,28,Female,['Jawa'],12.0,2200000.0,31200000.0
145085102,Married,41,Female,['Jawa'],16.0,500000.0,6000000.0
145090002,Separated,39,Female,['Jawa'],9.0,2340000.0,30880000.0
145090004,Married,21,Male,['Jawa'],13.0,600000.0,7600000.0
145100002,Married,56,Female,['Banten'],6.0,0.0,5600000.0
145100003,Married,37,Male,['Jawa'],9.0,1900000.0,22350000.0
145100004,Married,37,Male,['Banten'],9.0,500000.0,1000000.0
145100006,Married,34,Male,['Banten'],9.0,1500000.0,18000000.0
145100010,Married,41,Male,['Other South Sumatera'],9.0,2340000.0,30420000.0
145105102,Married,32,Female,['Jawa'],9.0,2600000.0,31200000.0
145110006,Married,30,Female,['Jawa'],6.0,2500000.0,34500000.0
145110007,Married,25,Male,['Jawa'],12.0,4200000.0,40000000.0
145114102,Married,35,Female,['Jawa'],9.0,2100000.0,27300000.0
145115102,Married,27,Female,['Jawa'],6.0,100000.0,1200000.0
145115302,Married,23,Female,['Jawa'],9.0,2165000.0,25980000.0
145120003,Married,36,Female,['Banten'],9.0,2700000.0,33600000.0
145120004,Married,34,Male,['Jawa'],9.0,2700000.0,36200000.0
145120006,Married,28,Female,['Banten'],9.0,2200000.0,34400000.0
145124202,Married,32,Female,['Jawa'],9.0,4200000.0,42700000.0
145130001,Married,55,Male,['Jawa'],9.0,200000.0,2400000.0
145134102,Married,33,Female,['Jawa'],6.0,2340000.0,31080000.0
145140002,Married,46,Female,['Jawa'],6.0,2382000.0,28956000.0
145140003,Married,30,Female,['Jawa'],9.0,2700000.0,42900000.0
145140004,Married,23,Male,['Jawa'],13.0,2340000.0,30680000.0
145140007,Married,31,Male,['Jawa'],12.0,2700000.0,32400000.0
145150006,Married,27,Female,['Jawa'],9.0,2700000.0,32400000.0
145160003,Married,49,Male,['Jawa'],13.0,2400000.0,25200000.0
145160007,Married,36,Male,['Sunda'],12.0,2700000.0,32400000.0
145160010,Married,24,Male,['Jawa'],12.0,2300000.0,27840000.0
145160012,Married,30,Female,['Jawa'],12.0,2450000.0,33900000.0
145164101,Married,34,Male,['Jawa'],12.0,2200000.0,30400000.0
145165102,Married,33,Female,['Jawa'],12.0,2700000.0,32400000.0
145173103,Married,50,Female,['Betawi'],9.0,800000.0,10400000.0
145173105,Married,26,Female,['Betawi'],13.0,2700000.0,35100000.0
145180003,Married,44,Male,['Jawa'],9.0,2500000.0,32500000.0
145180005,Separated,23,Male,['Jawa'],12.0,2700000.0,37600000.0
145190001,Married,54,Male,"['Jawa', 'Sunda']",12.0,3750000.0,48750000.0
145200002,Married,42,Female,['Jawa'],6.0,2200000.0,30400000.0
145210005,Married,23,Female,['Jawa'],9.0,2900000.0,38500000.0
145220003,Divorced,39,Male,['Jawa'],9.0,35000.0,420000.0
145220004,Married,38,Female,['Jawa'],6.0,3500000.0,42000000.0
145220005,Married,39,Male,['Jawa'],9.0,2700000.0,32400000.0
145230003,Married,37,Female,['Jawa'],9.0,2600000.0,31200000.0
145230004,Married,28,Male,['Banten'],12.0,3000000.0,39500000.0
145234105,Married,38,Male,['Jawa'],6.0,1700000.0,22800000.0
145235102,Married,26,Female,['Sunda'],9.0,2000000.0,24000000.0
145240004,Married,34,Female,['Jawa'],9.0,2700000.0,32400000.0
145240007,Married,31,Male,['Banten'],9.0,2300000.0,29600000.0
145240010,Married,31,Female,['Jawa'],9.0,3000000.0,41000000.0
145250005,Married,34,Male,['Sunda'],15.0,6000000.0,57000000.0
145250007,Married,33,Male,['Jawa'],12.0,2500000.0,32500000.0
145254101,Married,47,Male,['Jawa'],12.0,4000000.0,48000000.0
145270005,Married,36,Male,['Jawa'],9.0,1900000.0,24990000.0
145270008,Married,35,Female,['Jawa'],6.0,2100000.0,27300000.0
145280004,Married,49,Male,['Jawa'],12.0,4000000.0,52000000.0
145280005,Married,24,Female,['Banten'],12.0,2700000.0,32400000.0
145284106,Married,30,Male,['Jawa'],15.0,2400000.0,30000000.0
145295102,Married,25,Female,['Jawa'],9.0,2700000.0,32400000.0
145300003,Widowed,46,Male,['Jawa'],9.0,1000000.0,1000000.0
145300004,Separated,25,Male,['Jawa'],12.0,1000000.0,12000000.0
146020001,Divorced,52,Female,['Sunda'],15.0,3000000.0,38600000.0
146020002,Married,44,Female,['Sunda'],15.0,6000000.0,75000000.0
146023101,Married,44,Male,['Sunda'],15.0,6150000.0,79800000.0
146030003,Married,33,Female,['Sunda'],15.0,2700000.0,35100000.0
146034101,Married,48,Male,['Sunda'],13.0,3000000.0,39000000.0
146040002,Widowed,60,Female,['Sunda'],6.0,300000.0,3800000.0
146040004,Married,37,Male,['Sunda'],13.0,1700000.0,20400000.0
146044102,Married,31,Female,['Sunda'],6.0,60000.0,60000.0
146050004,Married,37,Male,['Sunda'],16.0,3000000.0,39000000.0
146052202,Married,39,Female,['Sunda'],13.0,500000.0,5700000.0
146054201,Married,34,Male,['Manado'],12.0,2500000.0,32500000.0
146070001,Married,52,Male,['Sunda'],9.0,1690000.0,20530000.0
146070002,Married,45,Female,['Sunda'],9.0,1000000.0,13000000.0
146075101,Married,29,Male,['Sunda'],6.0,3000000.0,55000000.0
146080005,Married,29,Male,['Sunda'],13.0,2000000.0,12000000.0
146130004,Married,60,Male,['Sunda'],9.0,800000.0,14770000.0
146130015,Divorced,37,Male,['Sunda'],12.0,1500000.0,1500000.0
146160003,Married,42,Male,['Sunda'],13.0,1900000.0,24420000.0
146174101,Married,35,Male,['Sunda'],12.0,2000000.0,26000000.0
147020003,Married,36,Male,['Sunda'],15.0,3000000.0,36000000.0
147020004,Married,33,Female,['Sunda'],15.0,2300000.0,29400000.0
147020007,Married,60,Male,['Sunda'],13.0,1000000.0,12000000.0
147021107,Married,35,Male,['Sunda'],12.0,1000000.0,3700000.0
147024102,Married,30,Female,['Jawa'],15.0,2500000.0,32500000.0
147030006,Married,31,Female,['Sunda'],16.0,1285000.0,15820000.0
147030007,Married,27,Female,['Sunda'],15.0,1000000.0,12000000.0
147035101,Married,34,Male,['Sunda'],12.0,2700000.0,37100000.0
147040002,Married,44,Female,['Sunda'],6.0,700000.0,8700000.0
147060004,Married,46,Female,['Betawi'],12.0,3100000.0,37200000.0
147070003,Married,30,Male,['Sunda'],13.0,4000000.0,51700000.0
147090002,Married,31,Male,['Sunda'],9.0,400000.0,5000000.0
147090003,Married,36,Female,['Sunda'],13.0,700000.0,9100000.0
147090004,Married,39,Male,['Sunda'],13.0,800000.0,11900000.0
147100003,Married,48,Male,['Sunda'],9.0,2400000.0,31200000.0
147100004,Married,40,Male,['Sunda'],9.0,500000.0,6000000.0
147100005,Married,35,Female,['Sunda'],9.0,1700000.0,19200000.0
147110001,Married,52,Male,['Sunda'],6.0,800000.0,4800000.0
147110002,Married,50,Female,['Sunda'],6.0,600000.0,7200000.0
147120004,Married,34,Female,['Sunda'],13.0,3000000.0,22000000.0
147124201,Married,38,Male,['Sunda'],12.0,2800000.0,32900000.0
147140002,Widowed,52,Female,['Sunda'],9.0,500000.0,6500000.0
147150001,Married,49,Male,['Sunda'],13.0,4000000.0,56000000.0
147150002,Married,48,Female,['Sunda'],16.0,3000000.0,36000000.0
147160005,Married,42,Male,['Sunda'],12.0,5000000.0,67500000.0
147163101,Married,42,Male,['Sunda'],15.0,20000000.0,280000000.0
147174101,Married,39,Male,['Sunda'],6.0,800000.0,17120000.0
147180001,Married,47,Male,['Sunda'],18.0,7000000.0,910000000.0
147190001,Married,56,Male,['Melayu'],12.0,3672000.0,54136000.0
148060007,Married,32,Male,['Sunda'],6.0,2200000.0,4400000.0
148120004,Married,41,Female,['Sunda'],12.0,2650000.0,32300000.0
148120005,Divorced,38,Male,['Sunda'],13.0,2850000.0,24050000.0
148123101,Married,48,Male,['Sunda'],9.0,2500000.0,32500000.0
148124101,Married,37,Male,['Sunda'],12.0,2400000.0,29600000.0
148124301,Married,39,Male,['Sunda'],12.0,3200000.0,39400000.0
148130001,Divorced,56,Female,['Sunda'],6.0,2000000.0,28000000.0
148130002,Married,44,Female,['Sunda'],6.0,820000.0,10660000.0
148140003,Married,33,Male,['Sunda'],13.0,2000000.0,18000000.0
148150001,Widowed,76,Female,['Sunda'],6.0,30000.0,330000.0
148150005,Divorced,42,Male,['Sunda'],6.0,2200000.0,30800000.0
148150006,Married,30,Male,['Sunda'],6.0,1290000.0,11420000.0
148154402,Married,27,Female,['Sunda'],13.0,1250000.0,3750000.0
148174201,Married,37,Male,['Sunda'],13.0,0.0,0.0
149020005,Married,38,Male,['Sunda'],12.0,2100000.0,25450000.0
149030005,Married,48,Male,['Jawa'],18.0,7000000.0,98000000.0
149100001,Married,44,Male,['Sunda'],6.0,300000.0,3300000.0
149100002,Married,44,Female,['Sunda'],6.0,350000.0,4700000.0
149140002,Married,39,Female,['Sunda'],6.0,700000.0,700000.0
149150003,Married,39,Male,['Sunda'],13.0,2200000.0,28600000.0
149150004,Widowed,49,Male,['Sunda'],6.0,600000.0,7200000.0
149160002,Married,52,Female,['Sunda'],18.0,3500000.0,84000000.0
149180001,Married,58,Male,['Betawi'],9.0,0.0,3000000.0
149190004,Married,25,Female,['Sunda'],12.0,1300000.0,16900000.0
149195102,Married,32,Male,['Sunda'],13.0,2000000.0,26000000.0
150020003,Married,32,Female,['Sunda'],6.0,250000.0,3250000.0
150020004,Married,30,Female,['Sunda'],9.0,300000.0,1050000.0
150024101,Married,30,Male,['Sunda'],13.0,1500000.0,4500000.0
150030006,Married,45,Male,['Jawa'],6.0,1500000.0,18000000.0
150030014,Married,33,Male,['Sunda'],13.0,1500000.0,15600000.0
150054101,Married,42,Male,['Sunda'],9.0,0.0,0.0
150070006,Married,36,Male,['Sunda'],15.0,0.0,0.0
150100001,Married,52,Male,['Sunda'],9.0,3945000.0,51285000.0
150110001,Widowed,57,Male,['Sunda'],6.0,1200000.0,19200000.0
150160001,Married,52,Male,['Sunda'],16.0,17000000.0,102000000.0
150164101,Married,31,Male,['Sunda'],12.0,0.0,80000000.0
150200005,Married,39,Male,['Sunda'],13.0,4500000.0,56700000.0
151020001,Married,60,Male,['Sunda'],16.0,4000000.0,8000000.0
151110001,Married,48,Male,['Jawa'],18.0,12500000.0,182500000.0
151123102,Married,42,Female,['Sunda'],15.0,2000000.0,40380000.0
152024101,Married,38,Male,['Jawa'],13.0,3700000.0,50000000.0
152030002,Married,54,Male,['Jawa'],18.0,540000.0,6780000.0
152030003,Married,48,Female,['Jawa'],18.0,5000000.0,65000000.0
152040002,Married,41,Male,['Jawa'],16.0,1900000.0,33750000.0
152041102,Married,43,Female,['Bali'],13.0,1200000.0,32892000.0
152070006,Married,22,Male,['Sunda'],9.0,800000.0,1600000.0
152090005,Married,42,Male,['Sunda'],13.0,13500000.0,32400000.0
152100004,Married,30,Male,['Sunda'],18.0,5000000.0,60000000.0
152100007,Divorced,43,Female,['Sunda'],13.0,700000.0,700000.0
152111101,Married,54,Male,['Sunda'],18.0,5000000.0,73000000.0
152130004,Married,40,Male,['Jawa'],16.0,3500000.0,44200000.0
152130009,Separated,41,Female,['Jawa'],12.0,1900000.0,19300000.0
152150005,Married,45,Male,['Sunda'],12.0,4800000.0,13000000.0
152154102,Married,37,Female,['Sunda'],13.0,200000.0,2200000.0
152160001,Married,61,Male,['Sunda'],12.0,5000000.0,62000000.0
152160002,Married,54,Female,['Sunda'],18.0,4000000.0,53550000.0
152160003,Married,32,Male,['Sunda'],16.0,2200000.0,29400000.0
152164202,Married,25,Female,['Sunda'],15.0,4000000.0,36000000.0
152174201,Married,36,Male,['Other'],13.0,4300000.0,40600000.0
152180004,Married,47,Male,['Sunda'],13.0,500000.0,9900000.0
152180006,Married,34,Female,['Sunda'],6.0,200000.0,2500000.0
152190001,Married,57,Male,['Sunda'],9.0,1300000.0,7800000.0
152190005,Married,28,Male,['Sunda'],13.0,3000000.0,60000000.0
152195102,Married,26,Female,['Sunda'],12.0,3000000.0,10000000.0
152200003,Married,38,Male,['Sunda'],13.0,4500000.0,63700000.0
152200004,Married,32,Male,['Sunda'],13.0,2100000.0,20100000.0
153010003,Married,46,Male,['Sunda'],18.0,3628000.0,73164000.0
153010007,Married,35,Male,['Sunda'],16.0,6000000.0,72000000.0
153030004,Married,34,Male,['Sunda'],13.0,600000.0,7750000.0
153030005,Married,31,Female,['Sunda'],13.0,850000.0,12000000.0
153040001,Married,55,Male,['Jawa'],18.0,5000000.0,105000000.0
153040002,Married,53,Female,['Sunda'],16.0,4500000.0,96100000.0
153060002,Married,58,Female,['Sunda'],16.0,4666000.0,5166000.0
153060005,Married,32,Female,['Sunda'],16.0,3000000.0,39000000.0
153070003,Married,43,Male,['Sunda'],9.0,2450000.0,34400000.0
153070004,Married,34,Male,['Sunda'],9.0,1000000.0,3000000.0
153080005,Married,31,Female,['Sunda'],13.0,2500000.0,35000000.0
153100003,Married,38,Female,['Sunda'],15.0,2200000.0,24300000.0
153100009,Married,44,Male,['Sunda'],12.0,1200000.0,15600000.0
153130001,Married,55,Male,['Sunda'],12.0,1800000.0,23400000.0
153150004,Divorced,45,Female,['Sunda'],18.0,1500000.0,59800000.0
153150006,Married,28,Male,['Betawi'],13.0,2000000.0,24000000.0
153160003,Married,49,Male,['Sunda'],18.0,4000000.0,10050000.0
153170002,Married,50,Male,['Sunda'],6.0,1600000.0,19200000.0
153170004,Married,46,Male,['Sunda'],9.0,420000.0,5000000.0
153170005,Married,38,Male,['Sunda'],13.0,1300000.0,16450000.0
153175102,Married,34,Male,['Jawa'],12.0,3000000.0,36000000.0
153175202,Married,45,Female,['Sunda'],16.0,3000000.0,39000000.0
153190001,Married,49,Male,['Sunda'],12.0,2000000.0,28700000.0
153190009,Married,31,Male,['Sunda'],16.0,2800000.0,35200000.0
154010005,Married,35,Male,['Sunda'],6.0,510000.0,510000.0
154013103,Married,39,Male,['Sunda'],9.0,1600000.0,22400000.0
154014101,Married,41,Male,['Sunda'],12.0,2000000.0,30000000.0
154014402,Married,29,Female,['Sunda'],9.0,80000.0,80000.0
154020003,Married,30,Male,['Sunda'],16.0,4000000.0,58000000.0
154083202,Married,42,Female,['Sunda'],9.0,0.0,0.0
154090003,Married,46,Female,['Jawa'],18.0,14000000.0,210000000.0
154090004,Married,44,Male,['Jawa'],16.0,8000000.0,156000000.0
154090005,Married,35,Male,['Jawa'],16.0,3500000.0,48000000.0
154120006,Married,39,Female,['Sunda'],16.0,5000000.0,55000000.0
154120008,Married,35,Male,['Sunda'],16.0,5500000.0,97500000.0
154124101,Married,45,Male,['Jawa'],16.0,10000000.0,120000000.0
154124201,Married,41,Male,['Jawa'],13.0,2400000.0,35000000.0
154130004,Married,40,Male,['Sunda'],16.0,3000000.0,40000000.0
154190006,Married,41,Female,['Sunda'],13.0,1200000.0,14400000.0
154193101,Married,44,Male,['Sunda'],13.0,1500000.0,18000000.0
154200003,Married,40,Male,['Sunda'],6.0,2000000.0,20000000.0
154200007,Married,40,Male,['Sunda'],6.0,1040000.0,13520000.0
155120001,Married,49,Male,['Banten'],16.0,4000000.0,51000000.0
155130004,Married,43,Female,['Sunda'],6.0,800000.0,9800000.0
155134101,Married,46,Male,['Madura'],9.0,1700000.0,16900000.0
155180004,Married,47,Male,['Sunda'],18.0,6000000.0,80000000.0
155181102,Married,45,Female,['Sunda'],15.0,4500000.0,54000000.0
155190004,Married,47,Male,['Sunda'],13.0,3700000.0,50400000.0
155190008,Widowed,52,Female,['Sunda'],16.0,3000000.0,76000000.0
155193101,Married,46,Male,['Sunda'],16.0,3500000.0,45500000.0
155200003,Married,24,Male,['Sunda'],13.0,1200000.0,42000000.0
157010001,Married,50,Male,['Jawa'],12.0,1200000.0,13800000.0
157010007,Married,38,Female,['Jawa'],13.0,500000.0,6000000.0
157010008,Married,33,Male,['Jawa'],15.0,1500000.0,19000000.0
157030004,Married,40,Male,['Sunda'],12.0,3500000.0,45500000.0
157030005,Married,37,Male,['Sunda'],12.0,11000000.0,125000000.0
157033102,Married,37,Female,['Jawa'],9.0,1800000.0,23400000.0
157060003,Married,53,Female,['Jawa'],13.0,3800000.0,46090000.0
157070001,Married,55,Male,['Jawa'],13.0,1200000.0,2100000.0
157070003,Married,33,Female,['Jawa'],13.0,400000.0,4500000.0
157070004,Married,32,Female,['Jawa'],12.0,230000.0,230000.0
157070006,Married,25,Male,['Jawa'],9.0,700000.0,1400000.0
157070009,Divorced,44,Male,['Jawa'],13.0,700000.0,6000000.0
157070010,Married,41,Male,['Jawa'],12.0,2500000.0,32000000.0
157070013,Married,17,Female,['Jawa'],6.0,400000.0,5000000.0
157070017,Married,22,Male,['Sunda'],9.0,900000.0,5550000.0
157074101,Married,44,Male,['Jawa'],16.0,1700000.0,20800000.0
157104202,Widowed,28,Female,['Jawa'],6.0,160000.0,1120000.0
157110005,Widowed,44,Female,['Jawa'],6.0,600000.0,6700000.0
157110008,Widowed,50,Female,['Jawa'],6.0,200000.0,4040000.0
157110009,Married,39,Male,['Jawa'],6.0,1200000.0,14400000.0
157110011,Divorced,31,Female,['Jawa'],9.0,780000.0,11740000.0
157113104,Married,36,Female,['Jawa'],13.0,700000.0,9100000.0
157120007,Married,42,Female,['Sunda'],6.0,600000.0,7500000.0
157130003,Married,49,Male,['Jawa'],6.0,600000.0,7200000.0
157170005,Married,42,Male,['Sunda'],12.0,1600000.0,20600000.0
157175202,Married,48,Male,['Sunda'],16.0,3500000.0,42000000.0
158010003,Married,30,Female,['Jawa'],12.0,2000000.0,24000000.0
158010005,Married,33,Male,['Jawa'],13.0,1400000.0,18000000.0
158030001,Married,61,Male,['Jawa'],6.0,1680000.0,13440000.0
158030004,Married,34,Male,['Jawa'],12.0,800000.0,10400000.0
158030006,Married,25,Female,['Jawa'],12.0,600000.0,2400000.0
158030010,Married,28,Male,['Jawa'],13.0,600000.0,6000000.0
158034101,Married,47,Male,['Sunda'],6.0,2800000.0,28200000.0
158050008,Married,32,Male,['Jawa'],13.0,210000.0,210000.0
158054101,Married,39,Male,['Jawa'],13.0,600000.0,600000.0
158060012,Married,36,Male,['Jawa'],6.0,2900000.0,29000000.0
158080002,Widowed,49,Male,['Sunda'],16.0,2500000.0,33250000.0
158100002,Married,45,Female,['Sunda'],16.0,4750000.0,103750000.0
158170004,Married,41,Female,['Jawa'],16.0,3000000.0,48000000.0
159010001,Married,58,Male,['Jawa'],13.0,0.0,8400000.0
159010006,Widowed,46,Female,['Jawa'],16.0,3000000.0,36000000.0
159050003,Married,39,Male,['Jawa'],13.0,0.0,3850000.0
159050004,Married,36,Female,['Jawa'],15.0,1425000.0,20750000.0
159070001,Married,52,Male,['Jawa'],6.0,200000.0,200000.0
159100003,Divorced,59,Male,['Jawa'],6.0,50000.0,550000.0
159100010,Married,51,Male,['Jawa'],6.0,504000.0,504000.0
159104201,Married,41,Male,['Jawa'],6.0,1250000.0,1250000.0
159104301,Married,49,Male,['Jawa'],6.0,800000.0,9000000.0
159120006,Divorced,26,Female,['Jawa'],9.0,2000000.0,7000000.0
159130001,Widowed,51,Male,['Jawa'],6.0,960000.0,7000000.0
159170006,Married,23,Male,['Jawa'],6.0,1700000.0,17000000.0
159173101,Married,52,Male,['Jawa'],6.0,1000000.0,10000000.0
159180003,Married,36,Male,['Jawa'],6.0,700000.0,700000.0
159200003,Married,47,Female,['Jawa'],16.0,3000000.0,38700000.0
159200006,Married,52,Male,['Jawa'],16.0,3900000.0,89100000.0
159210004,Married,35,Male,['Jawa'],9.0,1000000.0,8400000.0
159210007,Married,22,Male,['Jawa'],13.0,1400000.0,7000000.0
159220004,Married,57,Male,['Jawa'],6.0,2000000.0,10000000.0
159220006,Married,33,Female,['Jawa'],13.0,2000000.0,22125000.0
159230001,Married,52,Male,['Jawa'],6.0,500000.0,1000000.0
159230005,Married,33,Male,['Jawa'],13.0,100000.0,5000000.0
159235102,Married,25,Female,['Jawa'],9.0,0.0,500000.0
159245304,Married,23,Female,['Jawa'],16.0,0.0,0.0
159270003,Married,32,Male,['Jawa'],9.0,600000.0,7200000.0
159274101,Married,53,Male,['Jawa'],6.0,280000.0,280000.0
159275102,Married,28,Female,['Jawa'],16.0,0.0,300000.0
159280010,Married,55,Male,['Jawa'],6.0,500000.0,1000000.0
159290004,Divorced,37,Male,['Jawa'],12.0,100000.0,100000.0
159295102,Married,33,Female,['Jawa'],16.0,5000000.0,66000000.0
159300002,Married,61,Female,['Jawa'],6.0,300000.0,500000.0
160020005,Married,36,Male,['Jawa'],13.0,900000.0,3600000.0
160020012,Married,29,Female,['Jawa'],9.0,500000.0,6300000.0
160030001,Married,56,Male,['Jawa'],16.0,4150000.0,65950000.0
160030003,Married,32,Female,['Jawa'],18.0,6800000.0,167000000.0
160030005,Married,24,Male,['Jawa'],16.0,2900000.0,2900000.0
160034102,Married,32,Male,['Jawa'],16.0,5000000.0,41000000.0
160040002,Married,41,Female,['Jawa'],12.0,150000.0,1900000.0
160050001,Married,65,Male,['Jawa'],6.0,1000000.0,10650000.0
160050005,Married,33,Female,['Jawa'],13.0,700000.0,8400000.0
160050006,Married,32,Male,['Jawa'],13.0,3600000.0,43200000.0
160053108,Married,41,Male,['Jawa'],13.0,2700000.0,40100000.0
160065102,Married,36,Male,['Jawa'],13.0,2500000.0,30000000.0
160070003,Married,39,Male,['Jawa'],12.0,1500000.0,19000000.0
160070005,Married,31,Male,['Jawa'],13.0,2700000.0,32400000.0
160070012,Divorced,41,Male,['Jawa'],16.0,3000000.0,36000000.0
160070013,Married,26,Female,['Jawa'],13.0,900000.0,1200000.0
160075202,Married,26,Female,['Jawa'],13.0,2500000.0,75000000.0
160080003,Married,34,Male,['Jawa'],15.0,9000000.0,126000000.0
160080005,Married,30,Female,['Jawa'],16.0,5000000.0,82500000.0
160083102,Married,35,Female,['Jawa'],16.0,8000000.0,96000000.0
160100006,Married,33,Male,['Jawa'],13.0,3000000.0,49000000.0
160105101,Married,35,Male,['Jawa'],13.0,1200000.0,14800000.0
160110003,Married,35,Female,['Jawa'],13.0,600000.0,13200000.0
160110004,Married,33,Female,['Jawa'],13.0,700000.0,2100000.0
160110007,Married,23,Female,['Jawa'],13.0,1200000.0,9600000.0
160110010,Married,30,Male,['Jawa'],13.0,1600000.0,2400000.0
160114201,Married,37,Male,['Jawa'],6.0,1500000.0,18000000.0
160114301,Married,28,Male,['Jawa'],16.0,700000.0,15400000.0
160124302,Married,35,Female,['Jawa'],15.0,2000000.0,24000000.0
160130003,Married,53,Female,['Jawa'],18.0,4100000.0,83700000.0
160130004,Married,54,Male,['Jawa'],16.0,4900000.0,98400000.0
160140003,Divorced,37,Male,['Jawa'],16.0,2500000.0,32500000.0
160140004,Married,36,Female,['Jawa'],16.0,2500000.0,32500000.0
160140005,Married,33,Female,['Jawa'],16.0,2000000.0,22000000.0
160140008,Married,31,Male,['Jawa'],16.0,2500000.0,36500000.0
160144101,Married,41,Male,['Jawa'],18.0,3500000.0,89000000.0
160150003,Married,36,Male,['Jawa'],16.0,9000000.0,220000000.0
160155102,Married,28,Female,['Sunda'],15.0,2500000.0,40000000.0
160163102,Married,45,Female,['Jawa'],16.0,4000000.0,89000000.0
160190005,Married,30,Male,['Jawa'],15.0,2500000.0,7500000.0
160194102,Married,31,Female,['Jawa'],16.0,1800000.0,24600000.0
160200002,Married,45,Female,['Jawa'],9.0,800000.0,11100000.0
160200003,Married,26,Male,['Jawa'],16.0,6500000.0,116500000.0
161010006,Married,31,Male,['Jawa'],15.0,0.0,0.0
161015102,Married,45,Female,['Other South Sumatera'],13.0,2500000.0,36000000.0
161020006,Married,34,Male,['Jawa'],6.0,750000.0,9950000.0
161030003,Married,37,Female,['Jawa'],16.0,2000000.0,24000000.0
161030009,Married,32,Female,['Jawa'],12.0,1300000.0,15600000.0
161035101,Married,37,Male,['Jawa'],16.0,1500000.0,18000000.0
161040003,Married,40,Male,['Jawa'],9.0,1000000.0,12000000.0
161040004,Married,37,Male,['Jawa'],9.0,1300000.0,15600000.0
161050003,Married,27,Male,['Jawa'],12.0,600000.0,12330000.0
161060009,Married,26,Female,['Jawa'],13.0,1000000.0,12000000.0
161070004,Married,34,Male,['Jawa'],9.0,450000.0,6200000.0
161070008,Married,40,Male,['Jawa'],6.0,700000.0,8400000.0
161075202,Married,30,Female,['Jawa'],9.0,450000.0,1350000.0
161075301,Married,25,Male,['Jawa'],13.0,1200000.0,12500000.0
161080003,Married,35,Female,['Jawa'],12.0,900000.0,11400000.0
161085201,Married,25,Male,['Jawa'],9.0,1200000.0,14700000.0
161100004,Married,32,Male,['Jawa'],13.0,1300000.0,14400000.0
161100012,Married,23,Female,['Jawa'],6.0,400000.0,4860000.0
161120003,Divorced,44,Female,['Jawa'],12.0,100000.0,440000.0
161120011,Married,31,Male,['Jawa'],9.0,1200000.0,16100000.0
161134103,Married,31,Male,['Jawa'],6.0,1500000.0,19000000.0
161140001,Married,56,Male,['Jawa'],6.0,1040000.0,12480000.0
161140003,Married,37,Male,['Jawa'],12.0,500000.0,13819200.0
161140004,Married,32,Male,['Jawa'],12.0,1100000.0,13500000.0
161140005,Married,29,Female,['Jawa'],9.0,800000.0,1800000.0
161150002,Married,36,Female,['Jawa'],6.0,1000000.0,12000000.0
161160004,Married,28,Male,['Jawa'],9.0,1023000.0,12276000.0
161165103,Married,25,Female,['Jawa'],9.0,1023000.0,13299000.0
161170001,Married,64,Male,['Jawa'],6.0,780000.0,7800000.0
161170003,Married,25,Male,['Jawa'],6.0,800000.0,8000000.0
161180001,Married,45,Male,['Jawa'],6.0,800000.0,9600000.0
162010003,Married,37,Female,['Sunda'],9.0,400000.0,4800000.0
162020004,Married,25,Male,['Jawa'],9.0,1500000.0,18000000.0
162030003,Married,35,Female,['Jawa'],9.0,2700000.0,35100000.0
162030004,Married,32,Male,['Jawa'],9.0,3000000.0,33000000.0
162033102,Married,46,Female,['Jawa'],6.0,3000000.0,38700000.0
162060003,Married,33,Male,['Jawa'],9.0,800000.0,7200000.0
162090003,Separated,33,Female,['Jawa'],12.0,700000.0,8580000.0
162110001,Married,64,Male,['Jawa'],6.0,250000.0,3250000.0
162110003,Married,34,Female,['Jawa'],12.0,1500000.0,19000000.0
162110004,Married,30,Male,['Jawa'],12.0,1500000.0,4600000.0
162140002,Married,46,Female,['Jawa'],16.0,1650000.0,19800000.0
162140012,Married,40,Male,['Jawa'],6.0,1500000.0,18000000.0
162150003,Married,36,Male,['Jawa'],12.0,6000000.0,84000000.0
162150004,Married,34,Female,['Jawa'],12.0,1800000.0,23400000.0
162153103,Married,49,Male,['Jawa'],9.0,2000000.0,6500000.0
162154101,Married,33,Male,['Jawa'],13.0,2800000.0,36200000.0
162160003,Married,30,Male,['Jawa'],12.0,900000.0,10800000.0
162180002,Married,43,Male,['Jawa'],6.0,500000.0,6300000.0
162190005,Married,33,Male,['Jawa'],6.0,1000000.0,8000000.0
162200002,Married,24,Female,['Jawa'],9.0,0.0,0.0
163010002,Married,41,Male,['Jawa'],6.0,600000.0,1800000.0
163030001,Married,59,Male,['Jawa'],6.0,375000.0,2250000.0
163030003,Married,40,Male,['Jawa'],6.0,1000000.0,3000000.0
163030004,Married,38,Male,['Jawa'],6.0,1050000.0,13600000.0
163030005,Married,36,Female,['Jawa'],6.0,300000.0,3600000.0
163030008,Married,27,Female,['Jawa'],13.0,800000.0,9270000.0
163040002,Married,45,Female,['Jawa'],6.0,80000.0,300000.0
163050003,Married,30,Male,['Jawa'],16.0,90000000.0,396000000.0
163060006,Married,43,Male,['Jawa'],6.0,750000.0,9560000.0
163064201,Married,41,Male,['Jawa'],6.0,800000.0,4800000.0
163070001,Widowed,76,Male,['Jawa'],6.0,0.0,5300000.0
163080004,Divorced,34,Male,['Jawa'],9.0,750000.0,9400000.0
163100003,Married,36,Female,['Jawa'],9.0,1300000.0,11000000.0
163100004,Married,33,Male,['Jawa'],12.0,400000.0,400000.0
163100005,Married,30,Female,['Jawa'],9.0,400000.0,1600000.0
163110001,Widowed,54,Female,['Jawa'],6.0,1000000.0,11000000.0
163113101,Married,40,Male,['Jawa'],12.0,1170000.0,11040000.0
163120002,Married,50,Female,['Jawa'],6.0,80000.0,985000.0
163120004,Married,30,Female,['Jawa'],13.0,300000.0,4800000.0
163140003,Married,27,Female,['Jawa'],13.0,1800000.0,22623000.0
163145201,Married,29,Male,['Jawa'],9.0,1000000.0,12000000.0
163150005,Married,27,Female,['Jawa'],13.0,1200000.0,10023000.0
163150007,Married,24,Male,['Jawa'],13.0,1000000.0,12600000.0
163170002,Married,55,Female,['Jawa'],6.0,1300000.0,15600000.0
163180005,Divorced,30,Female,['Jawa'],9.0,350000.0,4200000.0
163180008,Married,20,Female,['Jawa'],13.0,0.0,0.0
163184108,Married,21,Male,['Jawa'],12.0,3500000.0,52500000.0
163184109,Married,25,Male,['Jawa'],9.0,800000.0,1400000.0
163190003,Married,41,Female,['Jawa'],6.0,250000.0,2800000.0
163190005,Married,43,Male,['Jawa'],6.0,240000.0,720000.0
163200001,Married,54,Male,['Jawa'],6.0,1300000.0,1300000.0
163200004,Married,22,Female,['Jawa'],12.0,0.0,0.0
163200006,Married,26,Male,['Jawa'],13.0,600000.0,6000000.0
163230003,Married,32,Female,['Jawa'],13.0,2700000.0,30700000.0
163230007,Married,62,Male,['Jawa'],6.0,0.0,700000.0
163235101,Married,33,Male,['Jawa'],12.0,2700000.0,36200000.0
163244103,Married,32,Male,['Jawa'],13.0,3800000.0,42000000.0
163250007,Married,47,Female,['Jawa'],13.0,200000.0,2400000.0
163260004,Married,34,Male,['Jawa'],13.0,520000.0,520000.0
163270001,Married,63,Male,['Jawa'],6.0,1200000.0,14400000.0
163270003,Married,37,Male,['Jawa'],13.0,6000000.0,78000000.0
163270005,Married,30,Male,['Jawa'],13.0,850000.0,40200000.0
163270006,Married,28,Female,['Jawa'],13.0,450000.0,5400000.0
163275101,Married,36,Male,['Jawa'],9.0,140000.0,140000.0
163280001,Widowed,47,Male,['Jawa'],6.0,600000.0,1200000.0
163290003,Married,38,Male,['Jawa'],6.0,200000.0,400000.0
163290004,Married,35,Female,['Jawa'],6.0,300000.0,3650000.0
163290006,Married,41,Male,['Jawa'],6.0,840000.0,2520000.0
163300001,Married,71,Male,['Jawa'],6.0,0.0,1500000.0
163300004,Divorced,29,Male,['Jawa'],6.0,1050000.0,12600000.0
163300006,Married,45,Female,['Jawa'],6.0,560000.0,5000000.0
164010004,Married,42,Female,['Jawa'],6.0,600000.0,600000.0
164010005,Married,22,Male,['Jawa'],9.0,1140000.0,2280000.0
164011112,Married,46,Male,['Jawa'],6.0,1200000.0,7200000.0
164020004,Married,33,Female,['Jawa'],9.0,4000000.0,26000000.0
164030003,Married,45,Male,['Jawa'],6.0,480000.0,5760000.0
164040004,Married,33,Female,['Jawa'],16.0,605000.0,8410000.0
164040005,Married,43,Female,['Jawa'],16.0,4200000.0,49500000.0
164040009,Married,34,Male,['Jawa'],16.0,520000.0,24240000.0
164050003,Married,34,Male,['Jawa'],13.0,500000.0,4900000.0
164050007,Married,44,Male,['Jawa'],6.0,300000.0,600000.0
164050009,Married,36,Male,['Jawa'],16.0,1257500.0,2757500.0
164060001,Married,54,Male,['Jawa'],6.0,0.0,3600000.0
164060003,Married,30,Male,['Jawa'],6.0,400000.0,2800000.0
164070005,Married,25,Male,['Jawa'],9.0,350000.0,750000.0
164070006,Divorced,23,Female,['Jawa'],9.0,800000.0,4800000.0
164074103,Married,41,Male,['Jawa'],6.0,150000.0,1500000.0
164074203,Married,38,Male,['Jawa'],9.0,800000.0,800000.0
164105103,Married,20,Male,['Jawa'],9.0,2000000.0,20300000.0
164110002,Married,32,Male,['Jawa'],9.0,1300000.0,15600000.0
164115002,Married,27,Female,['Jawa'],6.0,800000.0,2400000.0
164120001,Married,62,Male,['Jawa'],12.0,1200000.0,16400000.0
164120002,Married,56,Female,['Jawa'],16.0,4800000.0,99200000.0
164120003,Married,36,Female,['Jawa'],16.0,200000.0,3000000.0
164120004,Married,33,Female,['Jawa'],16.0,1000000.0,17000000.0
164120005,Married,51,Female,['Jawa'],6.0,55000.0,55000.0
164120008,Married,37,Male,['Jawa'],16.0,2800000.0,33600000.0
164124101,Married,58,Male,['Jawa'],6.0,350000.0,900000.0
164124104,Married,27,Female,['Jawa'],12.0,300000.0,900000.0
164124106,Married,23,Male,['Jawa'],9.0,2800000.0,24000000.0
164140005,Married,33,Female,['Jawa'],16.0,500000.0,6000000.0
164140006,Married,30,Male,['Jawa'],16.0,1970000.0,3940000.0
164160002,Married,55,Female,['Jawa'],16.0,4500000.0,76700000.0
164170003,Married,36,Female,['Jawa'],15.0,3000000.0,38000000.0
164174102,Married,26,Male,['Jawa'],13.0,600000.0,700000.0
164180005,Married,34,Male,['Jawa'],9.0,500000.0,500000.0
164195102,Married,32,Female,['Jawa'],9.0,300000.0,3600000.0
164200004,Married,36,Male,['Jawa'],9.0,3000000.0,30300000.0
164200006,Divorced,27,Female,['Jawa'],9.0,1800000.0,24400000.0
164220003,Married,32,Male,['Jawa'],9.0,15000000.0,15000000.0
164220004,Married,29,Male,['Jawa'],13.0,3000000.0,38000000.0
164220006,Married,22,Male,['Jawa'],9.0,900000.0,11500000.0
164234101,Married,43,Male,['Jawa'],9.0,500000.0,6200000.0
164234301,Married,33,Male,['Jawa'],9.0,1500000.0,15000000.0
164240003,Married,28,Male,['Jawa'],12.0,3000000.0,5200000.0
164240004,Married,25,Male,['Jawa'],9.0,2800000.0,36400000.0
164244202,Married,23,Female,['Jawa'],12.0,2050000.0,25465000.0
164260003,Married,45,Male,['Jawa'],6.0,800000.0,1200000.0
164260007,Divorced,17,Female,['Jawa'],9.0,900000.0,11250000.0
164280005,Married,28,Male,['Jawa'],6.0,1500000.0,15000000.0
164284201,Married,33,Male,['Jawa'],6.0,2000000.0,6000000.0
164290001,Married,47,Female,['Jawa'],6.0,100000.0,500000.0
164300004,Married,29,Male,['Jawa'],6.0,1600000.0,12000000.0
164300010,Married,33,Female,['Jawa'],6.0,80000.0,505000.0
165010004,Married,41,Female,['Jawa'],16.0,3300000.0,44150000.0
165010005,Married,38,Male,['Jawa'],16.0,400000.0,7800000.0
165010006,Married,34,Female,['Jawa'],16.0,250000.0,7800000.0
165010008,Married,36,Female,['Jawa'],16.0,500000.0,6000000.0
165010010,Married,32,Female,['Jawa'],16.0,150000.0,2100000.0
165020002,Widowed,58,Female,['Jawa'],6.0,400000.0,5200000.0
165030003,Married,33,Female,['Jawa'],16.0,300000.0,3700000.0
165035102,Married,40,Male,['Jawa'],15.0,200000.0,2400000.0
165050001,Married,65,Male,['Jawa'],6.0,210000.0,800000.0
165050004,Married,38,Male,['Jawa'],6.0,2000000.0,24000000.0
165054101,Married,43,Male,['Jawa'],6.0,210000.0,210000.0
165055201,Married,36,Male,['Sunda'],6.0,1000000.0,12000000.0
165064102,Married,35,Male,['Jawa'],13.0,2000000.0,24000000.0
165070003,Married,41,Male,['Jawa'],15.0,4500000.0,58500000.0
165080004,Married,36,Female,['Jawa'],16.0,500000.0,24000000.0
165080006,Married,32,Male,['Jawa'],16.0,750000.0,6000000.0
165085101,Married,34,Male,['Jawa'],13.0,4000000.0,50000000.0
165090001,Married,61,Male,['Jawa'],6.0,300000.0,300000.0
165090002,Married,51,Female,['Jawa'],6.0,300000.0,750000.0
165100003,Married,44,Female,['Jawa'],6.0,1500000.0,18009000.0
165110003,Divorced,48,Female,['Jawa'],15.0,3000000.0,36300000.0
165140002,Married,52,Female,['Jawa'],9.0,600000.0,2220000.0
165150003,Married,34,Female,['Jawa'],6.0,800000.0,17280000.0
165155303,Married,22,Male,['Betawi'],13.0,2900000.0,36400000.0
165160003,Married,46,Male,['Jawa'],12.0,1500000.0,20720000.0
165160004,Married,38,Male,['Jawa'],12.0,3000000.0,38000000.0
165164102,Married,29,Female,['Betawi'],12.0,1300000.0,13000000.0
165190002,Married,58,Female,['Jawa'],15.0,4000000.0,71790000.0
165190005,Married,31,Male,['Jawa'],15.0,3100000.0,37800000.0
165194102,Married,30,Female,['Jawa'],12.0,360000.0,360000.0
165200003,Married,33,Male,['Jawa'],9.0,6200000.0,51000000.0
165205201,Married,32,Male,['Other'],12.0,3000000.0,36000000.0
165210003,Married,33,Female,['Jawa'],16.0,300000.0,4300000.0
165210004,Married,31,Female,['Jawa'],13.0,2000000.0,26000000.0
165213102,Married,38,Male,['Jawa'],16.0,600000.0,9400000.0
165214101,Married,29,Male,['Jawa'],12.0,2800000.0,36400000.0
165220005,Married,36,Female,['Jawa'],9.0,300000.0,3600000.0
165260004,Married,33,Female,['Jawa'],12.0,400000.0,2800000.0
165264101,Married,39,Male,['Jawa'],9.0,1000000.0,3000000.0
165280003,Married,51,Male,['Jawa'],15.0,2100000.0,9198700.0
165300003,Married,33,Female,['Jawa'],12.0,600000.0,9650000.0
165300006,Married,25,Female,['Jawa'],12.0,3000000.0,36000000.0
165303102,Married,37,Male,['Jawa'],6.0,500000.0,6000000.0
165304102,Married,28,Male,['Jawa'],12.0,600000.0,4800000.0
165410005,Married,17,Female,['Jawa'],9.0,920000.0,12020000.0
166010004,Married,43,Female,['Jawa'],16.0,3400000.0,85300000.0
166030006,Married,22,Female,['Jawa'],9.0,850000.0,10400000.0
166034102,Married,30,Male,['Jawa'],9.0,3200000.0,37050000.0
166070004,Married,25,Male,['Sunda'],12.0,3600000.0,45900000.0
166070005,Widowed,52,Female,['Jawa'],6.0,0.0,0.0
166093101,Married,44,Male,['Jawa'],6.0,1120000.0,10080000.0
166120003,Married,54,Male,['Jawa'],6.0,1500000.0,18000000.0
166125201,Married,30,Male,['Jawa'],9.0,2000000.0,12000000.0
166130001,Married,51,Male,['Jawa'],6.0,900000.0,31200000.0
166130003,Separated,27,Male,['Jawa'],9.0,2400000.0,28800000.0
166140003,Married,50,Male,['Jawa'],16.0,7100000.0,85200000.0
166140004,Divorced,46,Female,['Jawa'],13.0,200000.0,2400000.0
166141102,Married,46,Female,['Jawa'],16.0,3700000.0,48100000.0
166150002,Married,42,Male,['Jawa'],12.0,700000.0,6500000.0
166190005,Married,40,Female,['Jawa'],9.0,700000.0,1400000.0
166194101,Married,35,Male,['Jawa'],12.0,1750000.0,1750000.0
166200003,Married,43,Male,['Jawa'],6.0,2000000.0,6000000.0
166200006,Married,36,Male,['Jawa'],9.0,2000000.0,12750000.0
166203102,Married,40,Female,['Jawa'],9.0,25000.0,650000.0
166204202,Married,35,Male,['Jawa'],13.0,2500000.0,32900000.0
166210005,Married,24,Male,['Jawa'],9.0,1000000.0,1000000.0
166220002,Widowed,62,Female,['Jawa'],6.0,390000.0,390000.0
166260003,Married,28,Male,['Jawa'],13.0,900000.0,5000000.0
166260004,Married,26,Female,['Jawa'],13.0,300000.0,3300000.0
166270004,Married,23,Male,['Jawa'],6.0,600000.0,7400000.0
166273102,Married,34,Female,['Jawa'],15.0,3000000.0,39000000.0
166280003,Married,40,Male,['Jawa'],13.0,600000.0,5070000.0
166290004,Married,31,Male,['Jawa'],15.0,4500000.0,84000000.0
166294102,Married,28,Female,['Jawa'],16.0,3600000.0,3600000.0
167010003,Married,25,Male,['Jawa'],9.0,1500000.0,6000000.0
167020001,Married,51,Male,['Jawa'],6.0,500000.0,9300000.0
167020003,Married,27,Male,['Jawa'],9.0,500000.0,1800000.0
167024102,Married,29,Male,['Jawa'],12.0,1400000.0,10000000.0
167030001,Married,65,Male,['Jawa'],6.0,180000.0,216000.0
167050003,Married,34,Male,['Jawa'],6.0,2000000.0,24000000.0
167050005,Married,49,Male,['Jawa'],6.0,300000.0,700000.0
167054102,Married,25,Female,['Sunda'],6.0,800000.0,4800000.0
167070003,Married,36,Male,['Jawa'],6.0,3000000.0,37935000.0
167070004,Married,32,Female,['Jawa'],9.0,1900000.0,24800000.0
167100004,Married,33,Male,['Jawa'],9.0,2000000.0,28300000.0
167104103,Married,31,Female,['Jawa'],12.0,2000000.0,22000000.0
167120004,Married,23,Male,['Jawa'],12.0,1500000.0,19500000.0
167140005,Married,34,Female,['Jawa'],6.0,2000000.0,27643000.0
167144103,Married,37,Male,['Jawa'],6.0,3000000.0,39558000.0
167150003,Married,37,Female,['Jawa'],9.0,1053000.0,12675000.0
167150006,Married,43,Male,['Jawa'],6.0,900000.0,10900000.0
167160003,Married,32,Male,['Jawa'],9.0,1300000.0,15600000.0
167164102,Married,24,Female,['Jawa'],6.0,320000.0,1755000.0
167200003,Married,37,Female,['Jawa'],9.0,800000.0,7700000.0
167200006,Married,25,Female,['Jawa'],16.0,1200000.0,14400000.0
167223105,Married,32,Male,['Jawa'],12.0,1000000.0,1000000.0
167250006,Married,24,Female,['Jawa'],6.0,1000000.0,2000000.0
167260007,Divorced,37,Male,['Jawa'],6.0,1500000.0,18000000.0
167300003,Married,35,Female,['Jawa'],6.0,80000.0,1360000.0
168010004,Divorced,34,Female,['Jawa'],6.0,900000.0,10800000.0
168010006,Married,23,Female,['Jawa'],6.0,100000.0,850000.0
168010007,Married,35,Male,['Jawa'],6.0,1300000.0,15300000.0
168030004,Married,42,Male,['Jawa'],12.0,0.0,18000000.0
168040003,Married,42,Female,['Jawa'],6.0,360000.0,4470000.0
168040005,Married,39,Male,['Jawa'],9.0,1200000.0,3600000.0
168050005,Married,22,Female,['Jawa'],6.0,600000.0,1800000.0
168060001,Married,68,Male,['Jawa'],6.0,150000.0,1800000.0
168060006,Married,33,Male,['Jawa'],6.0,600000.0,7400000.0
168094101,Married,44,Male,['Jawa'],6.0,1230000.0,16600000.0
168100001,Married,70,Male,['Jawa'],6.0,250000.0,2250000.0
168100004,Married,39,Female,['Jawa'],6.0,390000.0,4290000.0
168100006,Married,41,Male,['Jawa'],6.0,800000.0,10750000.0
168103110,Married,33,Male,['Jawa'],9.0,640000.0,8000000.0
168105101,Married,39,Male,['Jawa'],6.0,750000.0,7500000.0
168110001,Married,42,Male,['Jawa'],6.0,1000000.0,1200000.0
168120004,Married,31,Male,['Jawa'],6.0,1520000.0,15200000.0
168120005,Married,39,Female,['Jawa'],6.0,260000.0,3170000.0
168120006,Married,53,Male,['Jawa'],6.0,750000.0,6000000.0
168134102,Married,32,Male,['Sunda'],12.0,0.0,25600000.0
168140002,Married,47,Female,['Jawa'],6.0,900000.0,11000000.0
168150002,Married,67,Male,['Jawa'],6.0,750000.0,6750000.0
168150003,Married,57,Female,['Jawa'],6.0,170000.0,850000.0
168160001,Married,53,Male,['Jawa'],6.0,500000.0,6000000.0
168160004,Married,37,Female,['Jawa'],9.0,160000.0,2020000.0
168165101,Married,28,Male,['Jawa'],6.0,560000.0,560000.0
168180003,Married,43,Male,['Jawa'],6.0,1200000.0,1200000.0
168180004,Married,39,Female,['Jawa'],6.0,1320000.0,15965000.0
168180007,Married,45,Male,['Jawa'],6.0,0.0,8250000.0
168180008,Married,39,Male,['Jawa'],9.0,1600000.0,9600000.0
168184102,Married,32,Female,['Jawa'],9.0,1200000.0,9320000.0
168190003,Divorced,39,Male,['Jawa'],6.0,2000000.0,12250000.0
168190004,Divorced,36,Male,['Jawa'],6.0,1500000.0,1500000.0
168190006,Married,29,Male,['Jawa'],6.0,300000.0,300000.0
168190007,Married,28,Male,['Jawa'],6.0,300000.0,17400000.0
168190009,Married,42,Female,['Jawa'],6.0,912000.0,2761000.0
168190012,Married,22,Female,['Jawa'],9.0,150000.0,3950000.0
168195102,Married,22,Female,['Jawa'],9.0,572000.0,1716000.0
168210002,Married,47,Female,['Jawa'],6.0,300000.0,4300000.0
168210005,Married,47,Male,['Jawa'],6.0,600000.0,7200000.0
168220005,Married,24,Male,['Jawa'],9.0,2000000.0,25000000.0
168225204,Married,20,Male,['Jawa'],9.0,1000000.0,12500000.0
168230003,Married,34,Male,['Jawa'],6.0,900000.0,1100000.0
168240004,Married,47,Male,['Jawa'],6.0,1600000.0,19200000.0
168245101,Married,38,Male,['Jawa'],6.0,1000000.0,12200000.0
168260001,Married,55,Male,['Jawa'],6.0,690000.0,9000000.0
168260003,Married,28,Male,['Jawa'],9.0,2200000.0,26400000.0
168270001,Married,50,Male,['Jawa'],6.0,375000.0,3375000.0
168270002,Married,44,Female,['Jawa'],6.0,800000.0,10600000.0
168280002,Married,33,Female,['Jawa'],12.0,100000.0,500000.0
168280004,Married,25,Male,['Jawa'],9.0,1400000.0,16800000.0
168280008,Married,65,Male,['Jawa'],6.0,950000.0,12000000.0
168283106,Married,29,Male,['Jawa'],6.0,1050000.0,11935000.0
168300001,Married,48,Male,['Jawa'],6.0,550000.0,6600000.0
168300002,Married,46,Female,['Jawa'],6.0,60000.0,500000.0
168305101,Married,30,Male,['Jawa'],12.0,2000000.0,27200000.0
169010003,Married,38,Male,['Jawa'],6.0,350000.0,3600000.0
169010007,Married,32,Female,['Jawa'],6.0,350000.0,4800000.0
169030003,Married,42,Male,['Jawa'],6.0,3980000.0,25980000.0
169030004,Married,38,Male,['Jawa'],6.0,300000.0,3600000.0
169034103,Married,20,Male,['Jawa'],6.0,1000000.0,12000000.0
169035102,Married,41,Female,['Jawa'],6.0,3980000.0,17980000.0
169040003,Married,32,Male,['Jawa'],9.0,1100000.0,14200000.0
169050003,Married,28,Female,['Jawa'],6.0,2500000.0,26500000.0
169070003,Married,33,Female,['Jawa'],6.0,500000.0,6000000.0
169073101,Married,35,Male,['Jawa'],6.0,1000000.0,12000000.0
169090004,Married,29,Male,['Jawa'],6.0,50000.0,50000.0
169090006,Married,23,Female,['Jawa'],6.0,1300000.0,17200000.0
169090007,Married,20,Male,['Jawa'],6.0,1200000.0,14400000.0
169095101,Married,28,Male,['Jawa'],6.0,2000000.0,26000000.0
169100001,Married,46,Male,['Jawa'],6.0,750000.0,9275000.0
169100002,Married,41,Female,['Jawa'],6.0,0.0,4620000.0
169120003,Married,36,Male,['Jawa'],6.0,1650000.0,18345000.0
169120006,Married,33,Female,['Jawa'],6.0,300000.0,600000.0
169123101,Married,51,Male,['Jawa'],6.0,400000.0,4800000.0
169130002,Married,51,Female,['Jawa'],6.0,500000.0,6200000.0
169130003,Married,32,Male,['Jawa'],6.0,2000000.0,6000000.0
169130004,Married,29,Male,['Jawa'],6.0,500000.0,6000000.0
169130011,Married,35,Male,['Jawa'],6.0,2000000.0,25000000.0
169135102,Married,28,Female,['Jawa'],6.0,0.0,30000.0
169140003,Married,34,Male,['Jawa'],6.0,400000.0,4800000.0
169140008,Married,31,Female,['Jawa'],6.0,150000.0,1850000.0
169150001,Married,53,Male,['Jawa'],13.0,3400000.0,74300000.0
169160001,Married,53,Male,['Jawa'],6.0,400000.0,3600000.0
169160002,Married,44,Female,['Jawa'],6.0,200000.0,2400000.0
169174201,Married,35,Male,['Jawa'],6.0,800000.0,2400000.0
169180006,Married,23,Male,['Jawa'],6.0,1200000.0,16800000.0
169183101,Married,36,Male,['Jawa'],6.0,1200000.0,4800000.0
169190003,Married,32,Male,['Jawa'],6.0,1000000.0,144000000.0
169190005,Married,21,Female,['Jawa'],6.0,600000.0,1800000.0
169195101,Married,30,Male,['Jawa'],6.0,200000.0,800000.0
169200003,Married,31,Male,['Jawa'],6.0,0.0,2340000.0
169210005,Married,21,Female,['Jawa'],9.0,0.0,13200000.0
169214101,Married,41,Male,['Jawa'],12.0,2700000.0,35100000.0
169220004,Married,34,Male,['Jawa'],6.0,1050000.0,1050000.0
169230001,Married,41,Male,['Jawa'],6.0,1000000.0,8000000.0
169240003,Married,50,Male,['Jawa'],6.0,2000000.0,12000000.0
169250001,Married,54,Male,['Jawa'],6.0,4500000.0,45000000.0
169253101,Married,35,Male,['Jawa'],9.0,800000.0,8200000.0
169254101,Married,38,Male,['Jawa'],9.0,3000000.0,10000000.0
169254203,Married,32,Male,['Jawa'],9.0,3000000.0,45850000.0
169290004,Married,24,Female,['Jawa'],6.0,0.0,0.0
169290008,Married,31,Male,['Jawa'],9.0,1000000.0,12000000.0
169294202,Married,31,Male,['Jawa'],6.0,450000.0,4500000.0
169300005,Married,31,Male,['Jawa'],6.0,500000.0,1000000.0
170010002,Married,55,Female,['Jawa'],13.0,500000.0,7500000.0
170010003,Separated,35,Male,['Jawa'],12.0,3900000.0,46800000.0
170010004,Married,33,Female,['Jawa'],13.0,880000.0,11060000.0
170010005,Married,32,Female,['Jawa'],13.0,1200000.0,15600000.0
170013101,Married,40,Male,['Jawa'],12.0,1000000.0,12000000.0
170014201,Married,45,Male,['Jawa'],13.0,500000.0,7700000.0
170040003,Married,28,Female,['Jawa'],13.0,500000.0,6000000.0
170040004,Married,25,Female,['Jawa'],13.0,400000.0,5400000.0
170040006,Married,28,Male,['Jawa'],12.0,700000.0,2100000.0
170044101,Married,34,Male,['Jawa'],6.0,700000.0,9400000.0
170070003,Divorced,47,Female,['Jawa'],9.0,1000000.0,12300000.0
170070004,Married,46,Male,['Jawa'],13.0,1178900.0,14146800.0
170070005,Married,39,Female,['Jawa'],13.0,1300000.0,14675000.0
170070011,Married,32,Female,['Jawa'],12.0,1400000.0,18200000.0
170072104,Married,42,Male,['Jawa'],13.0,1050000.0,14400000.0
170080005,Married,41,Male,['Jawa'],13.0,2000000.0,26000000.0
170080006,Married,28,Male,['Jawa'],16.0,900000.0,10800000.0
170124201,Married,43,Male,['Jawa'],15.0,14000000.0,74500000.0
170140004,Married,33,Female,['Jawa'],16.0,450000.0,23600000.0
170140006,Married,42,Male,['Jawa'],16.0,2200000.0,51400000.0
170150004,Married,37,Male,['Jawa'],13.0,1200000.0,12000000.0
170153106,Married,39,Female,['Jawa'],6.0,1500000.0,18200000.0
170160003,Married,36,Male,['Jawa'],15.0,2800000.0,37600000.0
170160006,Married,33,Female,['Jawa'],15.0,3000000.0,33000000.0
170180003,Married,44,Male,['Jawa'],16.0,3800000.0,49400000.0
170180005,Married,33,Male,['Jawa'],13.0,850000.0,10950000.0
170190003,Widowed,54,Female,['Jawa'],6.0,600000.0,7700000.0
170410003,Married,39,Male,['Jawa'],13.0,1200000.0,14400000.0
170410004,Married,29,Female,['Jawa'],13.0,1000000.0,11000000.0
171010008,Married,35,Male,['Jawa'],9.0,1800000.0,7200000.0
171020005,Married,26,Female,['Jawa'],16.0,250000.0,3000000.0
171030003,Married,36,Female,['Jawa'],16.0,3500000.0,42300000.0
171040003,Married,38,Female,['Jawa'],6.0,800000.0,10380000.0
171040004,Divorced,56,Male,['Jawa'],6.0,500000.0,6000000.0
171045101,Married,42,Male,['Jawa'],9.0,1440000.0,18720000.0
171080003,Married,34,Female,['Jawa'],9.0,1000000.0,2000000.0
171080004,Married,31,Male,['Jawa'],9.0,1060000.0,11660000.0
171080007,Married,28,Female,['Jawa'],13.0,1060000.0,12820000.0
171085101,Married,38,Male,['Jawa'],12.0,1500000.0,3000000.0
171100002,Married,52,Female,['Jawa'],6.0,800000.0,8000000.0
171160003,Married,43,Female,['Jawa'],6.0,420000.0,7000000.0
171160004,Married,48,Male,['Jawa'],6.0,900000.0,10800000.0
171165001,Married,26,Male,['Jawa'],9.0,960000.0,11520000.0
171170002,Married,35,Female,['Jawa'],6.0,1226000.0,15938000.0
171174101,Married,42,Male,['Jawa'],6.0,1000000.0,12500000.0
171180003,Married,51,Male,['Jawa'],6.0,1000000.0,12000000.0
171190009,Married,33,Male,['Jawa'],9.0,0.0,10800000.0
171200004,Married,37,Female,['Jawa'],6.0,1060000.0,12720000.0
171200007,Married,31,Male,['Jawa'],9.0,250000.0,6000000.0
171200009,Married,46,Male,['Jawa'],9.0,1050000.0,14250000.0
171205104,Married,32,Female,['Jawa'],6.0,1260000.0,15120000.0
171210004,Married,31,Female,['Jawa'],9.0,1170000.0,14040000.0
171210006,Married,26,Male,['Jawa'],9.0,3000000.0,36000000.0
171210013,Married,34,Male,['Jawa'],6.0,1300000.0,14300000.0
171215401,Married,27,Male,['Jawa'],9.0,500000.0,2700000.0
171220003,Married,47,Female,['Jawa'],6.0,1000000.0,3000000.0
171220005,Married,33,Female,['Jawa'],6.0,60000.0,1200000.0
171221103,Married,48,Male,['Jawa'],6.0,1000000.0,12050000.0
171223108,Married,37,Male,['Jawa'],6.0,1440000.0,17280000.0
171230002,Married,49,Female,['Jawa'],6.0,400000.0,4950000.0
171235101,Married,32,Male,['Jawa'],9.0,1500000.0,4500000.0
171240004,Widowed,45,Female,['Jawa'],16.0,3230000.0,72491400.0
171250002,Married,45,Female,['Jawa'],16.0,2250000.0,30000000.0
171260002,Married,40,Female,['Jawa'],6.0,1000000.0,13000000.0
171260008,Married,48,Male,['Jawa'],6.0,0.0,7200000.0
171270001,Married,48,Male,['Jawa'],9.0,1300000.0,3900000.0
171270003,Married,26,Female,['Jawa'],9.0,1100000.0,13200000.0
171270007,Married,30,Male,['Jawa'],6.0,1000000.0,4000000.0
171280002,Married,50,Female,['Jawa'],6.0,0.0,2250000.0
171290004,Married,47,Male,['Jawa'],12.0,1500000.0,19500000.0
172020002,Married,64,Male,['Jawa'],12.0,1640000.0,19680000.0
172025102,Married,26,Male,['Jawa'],16.0,4000000.0,48000000.0
172030002,Married,45,Male,['Jawa'],16.0,2000000.0,24000000.0
172053103,Married,44,Male,['Jawa'],12.0,1800000.0,23900000.0
172070004,Married,29,Female,['Jawa'],12.0,1025000.0,12480000.0
172070006,Married,23,Female,['Jawa'],12.0,600000.0,7800000.0
172070011,Married,28,Male,['Jawa'],16.0,150000.0,1150000.0
172100002,Separated,49,Female,['Jawa'],16.0,8500000.0,130092000.0
172150001,Widowed,52,Male,['Jawa'],9.0,2500000.0,31200000.0
172150003,Married,36,Male,['Jawa'],15.0,5000000.0,85000000.0
172150004,Married,32,Female,['Jawa'],12.0,1500000.0,15000000.0
172150010,Married,37,Female,['Jawa'],15.0,3500000.0,45600000.0
172170001,Married,54,Male,['Jawa'],16.0,4200000.0,64200000.0
172170002,Married,52,Female,['Jawa'],16.0,4800000.0,108000000.0
172170004,Married,27,Male,['Jawa'],16.0,5000000.0,47600000.0
172180003,Married,37,Male,['Jawa'],13.0,1000000.0,12000000.0
172190007,Married,48,Male,['Jawa'],13.0,1500000.0,18000000.0
172190012,Married,18,Male,['Jawa'],9.0,2000000.0,28000000.0
172200003,Married,32,Male,['Jawa'],16.0,4200000.0,56000000.0
173030003,Married,45,Male,['Jawa'],12.0,1500000.0,6000000.0
173030006,Married,34,Female,['Jawa'],12.0,460000.0,5520000.0
173040006,Married,30,Female,['Jawa'],9.0,800000.0,10320000.0
173050002,Married,49,Female,['Jawa'],6.0,150000.0,1500000.0
173060003,Married,31,Male,['Jawa'],16.0,2000000.0,24000000.0
173065102,Married,31,Female,['Jawa'],16.0,1500000.0,19190000.0
173071103,Married,45,Male,['Jawa'],6.0,3000000.0,3000000.0
173080001,Married,54,Male,['Jawa'],12.0,1300000.0,15630000.0
173090004,Married,39,Female,['Jawa'],9.0,0.0,500000.0
173110001,Married,49,Male,['Jawa'],16.0,4300000.0,88300000.0
173110002,Married,46,Female,['Jawa'],15.0,150000.0,3900000.0
173120001,Separated,52,Male,['Jawa'],6.0,500000.0,6000000.0
173143102,Married,38,Female,['Jawa'],6.0,520000.0,3050000.0
173144101,Married,33,Male,['Jawa'],9.0,700000.0,4200000.0
173145201,Married,27,Male,['Jawa'],13.0,1690000.0,20280000.0
173180003,Married,36,Male,['Jawa'],12.0,500000.0,8000000.0
173180004,Married,32,Male,['Jawa'],12.0,3000000.0,45000000.0
173200001,Married,56,Male,['Jawa'],16.0,4954000.0,59448000.0
173200002,Married,59,Female,['Jawa'],15.0,1800000.0,25400000.0
173200005,Married,27,Male,['Jawa'],16.0,2300000.0,27600000.0
173230001,Married,48,Male,['Jawa'],6.0,420000.0,5040000.0
173230005,Married,32,Male,['Jawa'],15.0,950000.0,15000000.0
173254101,Married,44,Male,['Jawa'],6.0,1200000.0,1200000.0
173260002,Married,65,Female,['Jawa'],6.0,0.0,0.0
173260006,Married,43,Male,['Jawa'],3.0,1500000.0,13000000.0
173280003,Married,27,Female,['Jawa'],9.0,100000.0,1200000.0
173285102,Married,28,Male,['Jawa'],12.0,1200000.0,14600000.0
173295101,Married,54,Male,['Jawa'],6.0,480000.0,480000.0
173300005,Married,36,Male,['Jawa'],6.0,8050000.0,9660000.0
174030003,Married,41,Female,['Jawa'],12.0,300000.0,3000000.0
174030004,Married,39,Female,['Jawa'],9.0,30000.0,360000.0
174030007,Married,39,Male,['Jawa'],6.0,1200000.0,10000000.0
174030009,Married,38,Male,['Jawa'],6.0,2100000.0,10000000.0
174033101,Married,51,Male,['Jawa'],6.0,2000000.0,12000000.0
174040002,Married,38,Female,['Jawa'],9.0,300000.0,3700000.0
174045103,Married,41,Male,['Jawa'],6.0,700000.0,5000000.0
174050003,Married,38,Female,['Jawa'],12.0,100000.0,600000.0
174053102,Married,40,Male,['Jawa'],16.0,1200000.0,14800000.0
174060002,Married,39,Male,['Jawa'],6.0,1500000.0,10000000.0
174060003,Married,37,Male,['Jawa'],6.0,0.0,10000000.0
174060004,Married,33,Male,['Jawa'],9.0,1800000.0,10000000.0
174060011,Married,37,Male,['Jawa'],9.0,3050000.0,36000000.0
174110002,Married,44,Female,['Jawa'],6.0,200000.0,2400000.0
174120004,Married,28,Female,['Jawa'],16.0,1000000.0,12000000.0
174130001,Married,51,Male,['Jawa'],6.0,1400000.0,10000000.0
174130002,Married,46,Female,['Jawa'],16.0,0.0,9000000.0
174140005,Married,37,Female,['Jawa'],9.0,0.0,2700000.0
174140006,Married,41,Male,['Jawa'],12.0,0.0,8000000.0
174145102,Married,26,Female,['Jawa'],6.0,80000.0,1510000.0
174160002,Married,50,Female,['Jawa'],6.0,420000.0,420000.0
174160003,Married,29,Male,['Jawa'],6.0,2500000.0,15200000.0
174160004,Married,26,Male,['Jawa'],6.0,1000000.0,11200000.0
174170007,Married,27,Male,['Jawa'],6.0,2500000.0,2500000.0
174170009,Married,43,Male,['Jawa'],6.0,1200000.0,1510000.0
174170015,Married,39,Female,['Jawa'],6.0,100000.0,1400000.0
174170016,Married,39,Male,['Jawa'],6.0,1000000.0,10000000.0
174180004,Married,30,Male,['Jawa'],6.0,500000.0,2500000.0
174190004,Married,39,Male,['Jawa'],6.0,1000000.0,12000000.0
174200003,Married,41,Female,['Jawa'],6.0,240000.0,720000.0
174200004,Married,39,Male,['Jawa'],6.0,1000000.0,12150000.0
174200005,Married,32,Male,['Jawa'],6.0,1250000.0,15750000.0
174200007,Married,47,Male,['Jawa'],6.0,2000000.0,18000000.0
174201112,Married,32,Male,['Jawa'],6.0,2000000.0,10000000.0
175010001,Married,50,Male,['Jawa'],6.0,2000000.0,16000000.0
175010002,Married,44,Female,['Jawa'],6.0,500000.0,5700000.0
175020002,Married,60,Female,['Jawa'],6.0,25000.0,25000.0
175030004,Married,50,Male,['Jawa'],6.0,1800000.0,21000000.0
175055102,Married,21,Female,['Jawa'],9.0,300000.0,3700000.0
175080002,Married,38,Female,['Jawa'],12.0,132000.0,1780000.0
175090001,Married,58,Male,['Jawa'],6.0,1400000.0,16800000.0
175090004,Married,24,Male,['Jawa'],9.0,8000000.0,38000000.0
175100004,Married,29,Female,['Jawa'],9.0,625000.0,8568000.0
175110005,Married,28,Female,['Jawa'],12.0,2500000.0,32750000.0
175114302,Married,30,Male,['Jawa'],12.0,3000000.0,38000000.0
175120003,Divorced,41,Female,['Jawa'],9.0,0.0,21200000.0
175130002,Married,58,Female,['Jawa'],6.0,220000.0,22000000.0
175140003,Married,46,Female,['Jawa'],6.0,1600000.0,4800000.0
175150003,Widowed,41,Female,['Jawa'],6.0,200000.0,600000.0
175150004,Married,35,Male,['Jawa'],6.0,800000.0,8800000.0
175154203,Married,32,Female,['Jawa'],16.0,2100000.0,25200000.0
175160001,Married,55,Male,['Jawa'],6.0,2040000.0,2550000.0
175160002,Married,53,Female,['Jawa'],6.0,600000.0,6000000.0
175170002,Widowed,71,Female,['Jawa'],6.0,0.0,950000.0
175170003,Married,36,Female,['Jawa'],6.0,2000000.0,10000000.0
175190004,Married,32,Female,['Jawa'],6.0,600000.0,7200000.0
175190005,Married,41,Male,['Jawa'],6.0,1300000.0,16600000.0
175190006,Married,19,Male,['Jawa'],9.0,900000.0,3000000.0
175190007,Married,18,Female,['Jawa'],9.0,552000.0,6900000.0
175190008,Married,24,Male,['Jawa'],9.0,1300000.0,4100000.0
175194103,Married,34,Male,['Jawa'],6.0,1000000.0,5000000.0
175220001,Married,49,Male,['Jawa'],6.0,1200000.0,5000000.0
175220003,Divorced,22,Male,['Jawa'],6.0,4000000.0,18000000.0
175230005,Widowed,40,Female,['Jawa'],6.0,300000.0,1000000.0
175240002,Married,57,Female,['Jawa'],6.0,500000.0,1000000.0
175240007,Married,37,Male,['Jawa'],6.0,3000000.0,10000000.0
175250005,Married,38,Male,['Jawa'],6.0,2500000.0,20000000.0
175264105,Married,40,Male,['Jawa'],6.0,2000000.0,16000000.0
175270003,Married,28,Male,['Jawa'],9.0,1000000.0,8000000.0
175280005,Married,36,Female,['Jawa'],6.0,300000.0,3000000.0
176010004,Married,36,Female,['Jawa'],12.0,600000.0,7700000.0
176010012,Married,38,Male,['Jawa'],9.0,800000.0,9600000.0
176020003,Married,35,Female,['Jawa'],9.0,150000.0,1900000.0
176030007,Married,54,Male,['Jawa'],9.0,1440000.0,5760000.0
176050002,Married,50,Female,['Jawa'],12.0,400000.0,4800000.0
176050007,Married,47,Female,['Jawa'],12.0,70000.0,86000.0
176060001,Married,50,Male,['Jawa'],3.0,1800000.0,3500000.0
176070004,Married,28,Female,['Jawa'],12.0,300000.0,3675000.0
176090003,Married,44,Male,['Jawa'],12.0,1000000.0,12500000.0
176093102,Married,43,Female,['Jawa'],9.0,1000000.0,13000000.0
176100007,Married,41,Male,['Jawa'],16.0,650000.0,7800000.0
176110011,Married,50,Male,['Jawa'],16.0,4000000.0,86000000.0
176120002,Married,49,Male,['Jawa'],18.0,3500000.0,75600000.0
176140003,Married,45,Male,['Jawa'],6.0,3000000.0,44000000.0
176140005,Married,40,Female,['Jawa'],13.0,600000.0,7400000.0
176140007,Widowed,46,Female,['Jawa'],6.0,300000.0,3600000.0
176143101,Married,37,Male,['Jawa'],6.0,1000000.0,1000000.0
176145102,Married,30,Female,['Jawa'],6.0,650000.0,7800000.0
176150002,Married,39,Female,['Jawa'],6.0,1100000.0,13340000.0
176150005,Married,36,Male,['Jawa'],6.0,1000000.0,12400000.0
176153104,Married,34,Female,['Jawa'],9.0,60000.0,920000.0
176160003,Married,37,Male,['Jawa'],9.0,900000.0,900000.0
176160004,Married,35,Male,['Jawa'],13.0,1440000.0,17380000.0
176160012,Married,40,Male,['Jawa'],9.0,1500000.0,18000000.0
176164102,Married,29,Female,['Jawa'],9.0,1200000.0,15400000.0
176170003,Married,28,Female,['Jawa'],13.0,2000000.0,5500000.0
176180001,Married,62,Male,['Jawa'],6.0,360000.0,1080000.0
176180004,Married,32,Female,['Jawa'],12.0,300000.0,1200000.0
176183103,Married,39,Male,['Jawa'],12.0,1100000.0,12300000.0
176184101,Married,42,Male,['Jawa'],13.0,1500000.0,18000000.0
176190008,Divorced,54,Female,['Jawa'],16.0,7000000.0,88000000.0
176194101,Married,41,Male,['Jawa'],16.0,3400000.0,15000000.0
176200001,Married,49,Male,['Jawa'],12.0,1500000.0,18000000.0
176200006,Married,44,Female,['Jawa'],9.0,1200000.0,14500000.0
177020005,Married,45,Male,['Jawa'],6.0,350000.0,4200000.0
177020009,Married,38,Male,['Jawa'],6.0,1000000.0,12000000.0
177025202,Married,31,Male,['Jawa'],9.0,1000000.0,2000000.0
177060005,Married,26,Female,['Jawa'],12.0,300000.0,1500000.0
177062207,Married,28,Male,['Jawa'],9.0,350000.0,700000.0
177065105,Married,32,Male,['Jawa'],6.0,500000.0,1000000.0
177085102,Married,26,Male,['Jawa'],9.0,1500000.0,18000000.0
177093106,Married,25,Female,['Jawa'],12.0,1600000.0,17600000.0
177100002,Married,26,Female,['Jawa'],16.0,2500000.0,31600000.0
177114101,Married,32,Male,['Jawa'],9.0,1750000.0,8750000.0
177120002,Married,42,Female,['Jawa'],9.0,600000.0,7300000.0
177130003,Married,33,Female,['Jawa'],9.0,250000.0,2050000.0
177130004,Married,29,Female,['Jawa'],9.0,400000.0,5300000.0
177134104,Married,41,Male,['Jawa'],6.0,2500000.0,30500000.0
177140002,Married,31,Female,['Jawa'],6.0,175000.0,875000.0
177140003,Married,28,Male,['Jawa'],6.0,800000.0,2700000.0
177145101,Married,28,Male,['Jawa'],6.0,1250000.0,5000000.0
177150004,Married,34,Female,['Jawa'],12.0,500000.0,1000000.0
177150009,Married,20,Female,['Jawa'],9.0,400000.0,800000.0
177160001,Married,45,Female,['Jawa'],6.0,100000.0,12050000.0
177180004,Married,29,Female,['Jawa'],6.0,240000.0,3175000.0
177190003,Married,34,Female,['Jawa'],6.0,600000.0,2400000.0
177200001,Widowed,77,Male,['Jawa'],6.0,0.0,0.0
177220001,Married,54,Male,['Jawa'],9.0,400000.0,4800000.0
177240004,Married,26,Female,['Jawa'],9.0,600000.0,600000.0
177240005,Married,24,Female,['Jawa'],9.0,400000.0,1000000.0
177250006,Married,34,Female,['Jawa'],6.0,100000.0,600000.0
177260002,Widowed,59,Female,['Jawa'],6.0,80000.0,960000.0
177260003,Divorced,40,Female,['Jawa'],6.0,400000.0,4980000.0
177290005,Married,25,Female,['Jawa'],6.0,300000.0,2400000.0
177290006,Married,23,Female,['Jawa'],6.0,400000.0,4800000.0
177295201,Married,27,Male,['Jawa'],6.0,1105000.0,1105000.0
178010001,Married,67,Male,['Jawa'],6.0,525000.0,525000.0
178010005,Married,40,Male,['Jawa'],12.0,2000000.0,10000000.0
178030004,Married,32,Male,['Jawa'],6.0,1500000.0,18250000.0
178030007,Married,26,Male,['Jawa'],9.0,1320000.0,15840000.0
178030010,Married,42,Male,['Jawa'],6.0,1200000.0,14400000.0
178033203,Married,20,Female,['Jawa'],9.0,20000.0,20000.0
178035401,Married,30,Male,['Jawa'],9.0,1600000.0,19400000.0
178040002,Married,42,Female,['Jawa'],6.0,40000.0,120000.0
178045101,Married,32,Male,['Jawa'],9.0,300000.0,4000000.0
178050002,Widowed,55,Female,['Jawa'],6.0,200000.0,200000.0
178050003,Married,29,Male,['Jawa'],9.0,1000000.0,4000000.0
178050004,Married,25,Female,['Jawa'],12.0,400000.0,400000.0
178053107,Married,33,Male,['Jawa'],12.0,500000.0,4000000.0
178060006,Married,27,Female,['Jawa'],12.0,100000.0,830000.0
178070002,Married,48,Female,['Jawa'],6.0,600000.0,7200000.0
178070004,Married,25,Male,['Jawa'],6.0,800000.0,3200000.0
178070006,Married,56,Male,['Jawa'],6.0,1300000.0,15900000.0
178080004,Married,36,Female,['Jawa'],6.0,1200000.0,15365000.0
178090004,Married,41,Male,['Jawa'],6.0,800000.0,10000000.0
178100003,Married,40,Female,['Jawa'],9.0,1000000.0,2000000.0
178100007,Married,45,Male,['Jawa'],6.0,1100000.0,1100000.0
178100011,Married,22,Male,['Jawa'],6.0,300000.0,4350000.0
178103201,Married,45,Male,['Jawa'],9.0,200000.0,2600000.0
178110006,Divorced,21,Female,['Jawa'],13.0,500000.0,500000.0
178120004,Married,21,Female,['Jawa'],6.0,450000.0,4000000.0
178120006,Married,50,Male,['Jawa'],6.0,1000000.0,12000000.0
178130001,Married,46,Male,['Jawa'],6.0,800000.0,9700000.0
178130002,Married,43,Female,['Jawa'],6.0,300000.0,3600000.0
178130003,Married,23,Female,['Jawa'],9.0,200000.0,2400000.0
178130005,Married,30,Male,['Jawa'],9.0,1000000.0,5000000.0
178140004,Married,44,Male,['Jawa'],9.0,910000.0,10920000.0
178150002,Married,52,Female,['Jawa'],6.0,300000.0,1000000.0
178150008,Married,26,Male,['Jawa'],9.0,1000000.0,3000000.0
178150010,Married,21,Male,['Jawa'],9.0,830000.0,11960000.0
178154101,Married,33,Male,['Jawa'],9.0,1000000.0,12000000.0
178160007,Married,39,Male,['Jawa'],16.0,6000000.0,72300000.0
178160008,Married,20,Male,['Jawa'],9.0,2100000.0,25200000.0
178170004,Married,34,Male,['Jawa'],6.0,350000.0,350000.0
178170005,Married,29,Female,['Jawa'],9.0,300000.0,1800000.0
178170010,Married,33,Male,['Jawa'],6.0,500000.0,500000.0
178174102,Married,29,Female,['Jawa'],6.0,600000.0,600000.0
178180009,Married,27,Male,['Jawa'],6.0,780000.0,9360000.0
178183102,Married,38,Female,['Jawa'],6.0,300000.0,6000000.0
178200001,Married,46,Male,['Jawa'],9.0,800000.0,4800000.0
178205002,Married,26,Male,['Jawa'],9.0,4000000.0,4800000.0
178220005,Married,31,Male,['Jawa'],13.0,4000000.0,36500000.0
178230001,Married,48,Male,['Jawa'],9.0,4000000.0,24000000.0
178244101,Married,43,Male,['Jawa'],9.0,2000000.0,4200000.0
178250001,Married,55,Male,['Jawa'],6.0,1500000.0,3500000.0
178250002,Married,47,Female,['Jawa'],6.0,1600000.0,3200000.0
178250003,Married,30,Female,['Jawa'],9.0,1000000.0,10090000.0
178250004,Married,26,Male,['Jawa'],9.0,1200000.0,13700000.0
178254101,Married,35,Male,['Jawa'],9.0,1000000.0,10000000.0
178255102,Married,22,Female,['Jawa'],9.0,250000.0,250000.0
178260003,Married,38,Male,['Jawa'],15.0,2000000.0,16000000.0
178260005,Married,36,Male,['Jawa'],6.0,0.0,36000000.0
178264102,Married,32,Female,['Jawa'],13.0,200000.0,2400000.0
178270003,Married,35,Female,['Jawa'],16.0,275000.0,3300000.0
178270004,Married,32,Female,['Jawa'],16.0,450000.0,5400000.0
178270006,Divorced,27,Female,['Jawa'],12.0,600000.0,3600000.0
178270007,Married,24,Female,['Jawa'],12.0,100000.0,12150000.0
178270008,Married,45,Male,['Jawa'],16.0,1000000.0,20000000.0
178275101,Married,46,Male,['Jawa'],12.0,0.0,12500000.0
178280004,Married,37,Male,['Jawa'],6.0,1200000.0,13550000.0
178283101,Married,36,Male,['Jawa'],9.0,1600000.0,18100000.0
178284101,Married,41,Male,['Jawa'],6.0,750000.0,4000000.0
178300003,Married,38,Female,['Jawa'],9.0,800000.0,8600000.0
178300004,Married,36,Female,['Jawa'],13.0,300000.0,300000.0
178304101,Married,40,Male,['Jawa'],9.0,1000000.0,10000000.0
179013101,Married,38,Male,['Jawa'],9.0,4000000.0,48300000.0
179015102,Married,40,Male,['Jawa'],12.0,1900000.0,22800000.0
179030005,Married,35,Male,['Jawa'],6.0,2100000.0,25500000.0
179060004,Married,31,Female,['Jawa'],9.0,780000.0,10360000.0
179060005,Married,28,Male,['Jawa'],9.0,3100000.0,40300000.0
179080004,Married,27,Female,['Jawa'],16.0,1000000.0,13000000.0
179083104,Married,30,Female,['Jawa'],15.0,1000000.0,15000000.0
179085102,Married,38,Male,['Jawa'],16.0,2800000.0,67700000.0
179090001,Married,45,Male,['Jawa'],9.0,1300000.0,13000000.0
179090002,Married,43,Female,['Jawa'],12.0,0.0,3450000.0
179115102,Married,37,Male,['Jawa'],13.0,1200000.0,14400000.0
179130002,Married,24,Male,['Jawa'],12.0,6000000.0,48100000.0
179140001,Married,49,Male,['Jawa'],6.0,1200000.0,6000000.0
179145102,Married,28,Male,['Jawa'],9.0,1000000.0,8000000.0
179150002,Married,45,Female,['Jawa'],6.0,400000.0,400000.0
179160003,Married,42,Male,['Jawa'],6.0,3600000.0,43200000.0
179170001,Married,46,Male,['Jawa'],6.0,2800000.0,33625000.0
179170002,Married,42,Female,['Jawa'],6.0,1000000.0,3000000.0
179180002,Married,31,Male,['Jawa'],9.0,2000000.0,4000000.0
179201101,Married,45,Male,['Jawa'],6.0,2700000.0,32400000.0
179210003,Married,39,Male,['Jawa'],6.0,1050000.0,12600000.0
179220005,Married,21,Female,['Jawa'],12.0,780000.0,4680000.0
179230001,Married,53,Male,['Jawa'],9.0,1950000.0,11700000.0
179230004,Married,22,Female,['Jawa'],12.0,2000000.0,15000000.0
179240001,Married,47,Male,['Jawa'],18.0,9000000.0,109500000.0
179240002,Married,41,Female,['Jawa'],16.0,4000000.0,48150000.0
179254101,Married,43,Male,['Jawa'],6.0,2000000.0,6000000.0
179260003,Married,32,Female,['Jawa'],9.0,880000.0,10670000.0
179260004,Married,30,Male,['Jawa'],12.0,600000.0,7200000.0
179260007,Married,31,Male,['Jawa'],9.0,800000.0,2400000.0
179264101,Married,36,Male,['Jawa'],6.0,2100000.0,25200000.0
179270004,Married,31,Female,['Jawa'],9.0,240000.0,1440000.0
179280001,Married,56,Male,['Jawa'],6.0,1560000.0,18720000.0
179290002,Married,41,Female,['Jawa'],6.0,210000.0,420000.0
179290005,Married,27,Male,['Jawa'],12.0,1550000.0,1550000.0
179295102,Married,29,Male,['Jawa'],9.0,1500000.0,18300000.0
179300002,Married,47,Female,['Jawa'],6.0,360000.0,1080000.0
179300004,Married,24,Female,['Jawa'],12.0,0.0,0.0
179300007,Married,25,Male,['Jawa'],12.0,1687000.0,1687000.0
180010002,Widowed,52,Female,['Jawa'],6.0,200000.0,2400000.0
180010004,Married,29,Male,['Jawa'],9.0,1800000.0,21600000.0
180010005,Married,23,Female,['Jawa'],12.0,900000.0,5400000.0
180015202,Married,24,Male,['Jawa'],13.0,1900000.0,24000000.0
180040004,Married,45,Male,['Jawa'],6.0,1500000.0,16500000.0
180045101,Married,26,Male,['Jawa'],13.0,2000000.0,24600000.0
180060004,Married,30,Female,['Jawa'],12.0,3100000.0,37200000.0
180064202,Married,34,Male,['Jawa'],13.0,3500000.0,45500000.0
180080002,Married,52,Female,['Jawa'],12.0,0.0,0.0
180080004,Married,28,Male,['Jawa'],16.0,15000000.0,205000000.0
180084102,Married,30,Female,['Jawa'],15.0,6000000.0,78000000.0
180090002,Married,54,Female,['Jawa'],6.0,420000.0,2520000.0
180110004,Married,33,Male,['Jawa'],16.0,6000000.0,78000000.0
180110006,Married,38,Female,['Jawa'],12.0,450000.0,2700000.0
180120002,Married,52,Female,['Jawa'],6.0,80000.0,1000000.0
180130005,Married,36,Female,['Jawa'],12.0,1500000.0,26500000.0
180130008,Married,33,Male,['Jawa'],15.0,1800000.0,3600000.0
180130009,Married,34,Female,['Jawa'],15.0,3200000.0,35200000.0
180130013,Married,43,Male,['Jawa'],12.0,1700000.0,18785000.0
180140001,Married,52,Male,['Jawa'],6.0,90000.0,90000.0
180160004,Married,27,Male,['Jawa'],12.0,1300000.0,16900000.0
180170003,Married,30,Female,['Jawa'],12.0,1400000.0,17700000.0
180170005,Married,30,Male,['Jawa'],13.0,1200000.0,15600000.0
180200002,Married,37,Male,['Jawa'],13.0,750000.0,9000000.0
180210006,Married,39,Female,['Jawa'],9.0,500000.0,6200000.0
180210007,Married,40,Male,['Sunda'],9.0,875000.0,9625000.0
180220003,Married,38,Female,['Jawa'],9.0,1000000.0,13000000.0
180220008,Married,41,Female,['Jawa'],6.0,250000.0,1500000.0
180225201,Married,37,Male,['Jawa'],13.0,1900000.0,22800000.0
180230003,Married,30,Female,['Jawa'],12.0,1197800.0,16171400.0
180230004,Married,42,Male,['Jawa'],9.0,750000.0,9050000.0
180240003,Married,33,Female,['Jawa'],9.0,300000.0,3750000.0
180240004,Married,27,Female,['Jawa'],9.0,2000000.0,25200000.0
180240009,Married,39,Male,['Jawa'],9.0,700000.0,700000.0
180270002,Married,26,Male,['Jawa'],12.0,1500000.0,18200000.0
180270003,Married,46,Male,['Jawa'],6.0,0.0,15200000.0
180270009,Married,33,Female,['Jawa'],16.0,600000.0,7350000.0
180280004,Married,41,Female,['Jawa'],6.0,600000.0,4200000.0
180290005,Married,48,Male,['Jawa'],6.0,1200000.0,9600000.0
180300002,Widowed,54,Female,['Jawa'],6.0,140000.0,1500000.0
181010002,Married,48,Female,['Jawa'],16.0,8540000.0,13340000.0
181020003,Married,31,Male,['Jawa'],12.0,1000000.0,6100000.0
181020004,Married,42,Female,['Jawa'],16.0,500000.0,6250000.0
181030005,Married,36,Male,['Jawa'],15.0,600000.0,8100000.0
181040004,Married,33,Male,['Jawa'],6.0,800000.0,4800000.0
181060001,Married,49,Male,['Jawa'],6.0,400000.0,4800000.0
181060003,Married,29,Male,['Jawa'],9.0,900000.0,900000.0
181070010,Married,40,Female,['Jawa'],6.0,540000.0,540000.0
181090002,Married,40,Female,['Jawa'],6.0,320000.0,960000.0
181090003,Married,43,Male,['Jawa'],6.0,165000.0,165000.0
181090004,Married,46,Male,['Jawa'],6.0,600000.0,7600000.0
181090005,Married,39,Female,['Jawa'],6.0,1000000.0,10300000.0
181100005,Divorced,30,Male,['Jawa'],12.0,7200000.0,86400000.0
181110005,Married,40,Male,['Jawa'],6.0,0.0,0.0
181110007,Married,36,Female,['Jawa'],9.0,800000.0,7550000.0
181120002,Married,47,Female,['Jawa'],6.0,240000.0,5640000.0
181120004,Married,23,Female,['Jawa'],6.0,1700000.0,9000000.0
181130003,Married,35,Male,['Jawa'],9.0,1000000.0,12200000.0
181140007,Married,43,Male,['Jawa'],16.0,750000.0,9150000.0
181150003,Married,43,Female,['Jawa'],6.0,320000.0,3200000.0
181170003,Widowed,45,Male,['Jawa'],9.0,1300000.0,4550000.0
181215103,Married,25,Male,['Jawa'],9.0,800000.0,8800000.0
181220003,Married,49,Female,['Jawa'],6.0,700000.0,2900000.0
181230002,Married,42,Male,['Jawa'],6.0,800000.0,9600000.0
181230004,Married,37,Female,['Jawa'],9.0,480000.0,5810000.0
181240002,Married,47,Male,['Jawa'],6.0,1050000.0,10500000.0
181240005,Married,43,Female,['Jawa'],6.0,400000.0,400000.0
181245102,Married,41,Female,['Jawa'],16.0,3100000.0,40300000.0
181250003,Married,26,Female,['Jawa'],12.0,1497000.0,14400000.0
181263102,Married,32,Male,['Sunda'],12.0,3300000.0,42900000.0
181270003,Married,30,Female,['Jawa'],16.0,2400000.0,34200000.0
181272101,Married,40,Male,['Minang'],12.0,6000000.0,77000000.0
181280004,Married,37,Male,['Jawa'],6.0,500000.0,6000000.0
181280009,Married,34,Male,['Jawa'],9.0,1000000.0,12000000.0
181300001,Married,57,Male,['Jawa'],13.0,2500000.0,42400000.0
181300002,Married,53,Female,['Jawa'],16.0,2000000.0,68500000.0
181300004,Married,27,Female,['Jawa'],15.0,2700000.0,33900000.0
182010003,Married,33,Female,['Jawa'],12.0,300000.0,2100000.0
182010005,Married,54,Male,['Jawa'],6.0,1000000.0,12450000.0
182010007,Married,38,Male,['Jawa'],6.0,1200000.0,14650000.0
182020004,Married,44,Female,['Jawa'],16.0,700000.0,16550000.0
182020006,Married,33,Male,['Jawa'],16.0,1200000.0,15700000.0
182020010,Married,44,Male,['Jawa'],9.0,1500000.0,19500000.0
182021203,Married,28,Female,['Jawa'],12.0,70000.0,1040000.0
182025102,Married,31,Female,['Jawa'],12.0,1200000.0,204000000.0
182040003,Widowed,53,Female,['Jawa'],12.0,1000000.0,12500000.0
182040005,Married,35,Male,['Jawa'],16.0,1000000.0,12200000.0
182060003,Married,29,Female,['Jawa'],16.0,450000.0,5850000.0
182080005,Married,42,Female,['Jawa'],12.0,551000.0,6612000.0
182090005,Married,34,Female,['Jawa'],16.0,150000.0,1800000.0
182120001,Married,67,Male,['Jawa'],6.0,1500000.0,18000000.0
182120003,Married,31,Female,['Jawa'],9.0,600000.0,7200000.0
182120005,Married,21,Female,['Jawa'],9.0,800000.0,9600000.0
182125101,Married,32,Male,"['Jawa', 'Madura']",9.0,750000.0,12000000.0
182130006,Married,31,Male,['Jawa'],16.0,1300000.0,15600000.0
182135102,Married,28,Female,['Jawa'],15.0,1850000.0,22200000.0
182140003,Married,38,Male,['Jawa'],6.0,1300000.0,7200000.0
182140008,Married,34,Female,['Jawa'],15.0,80000.0,1060000.0
182143102,Widowed,61,Female,['Jawa'],6.0,600000.0,7200000.0
182170008,Married,47,Female,['Jawa'],6.0,120000.0,720000.0
182180001,Widowed,55,Male,['Jawa'],6.0,1500000.0,18000000.0
182180006,Married,44,Male,['Jawa'],16.0,1200000.0,28400000.0
182190002,Married,53,Female,['Jawa'],6.0,200000.0,2700000.0
182190003,Married,36,Male,['Jawa'],9.0,600000.0,7300000.0
182195104,Married,28,Female,['Jawa'],12.0,400000.0,2400000.0
182200004,Widowed,47,Female,['Jawa'],9.0,400000.0,4950000.0
182200007,Married,25,Female,['Jawa'],16.0,200000.0,2700000.0
182200010,Married,44,Female,['Jawa'],12.0,0.0,0.0
183010004,Married,43,Female,['Jawa'],6.0,1500000.0,18000000.0
183010006,Divorced,33,Male,['Jawa'],6.0,1500000.0,18000000.0
183014101,Married,42,Male,['Jawa'],9.0,1000000.0,12000000.0
183020002,Married,39,Female,['Jawa'],6.0,1650000.0,19800000.0
183020003,Married,37,Female,['Jawa'],6.0,1500000.0,18000000.0
183020004,Married,32,Female,['Jawa'],6.0,1155000.0,13860000.0
183020007,Married,41,Male,['Jawa'],6.0,1250000.0,5000000.0
183030002,Married,52,Female,['Jawa'],6.0,1200000.0,14400000.0
183030003,Married,33,Female,['Jawa'],9.0,1160000.0,13920000.0
183030004,Married,32,Female,['Jawa'],9.0,900000.0,10800000.0
183050006,Married,52,Male,['Jawa'],6.0,1560000.0,1560000.0
183060002,Widowed,51,Female,['Jawa'],6.0,900000.0,10800000.0
183060003,Married,33,Male,['Jawa'],9.0,0.0,0.0
183060004,Married,29,Female,['Jawa'],9.0,1200000.0,14400000.0
183060006,Married,32,Male,['Jawa'],13.0,1800000.0,21700000.0
183080004,Married,44,Female,['Jawa'],6.0,1380000.0,18060000.0
183080005,Married,38,Male,['Jawa'],6.0,1000000.0,13500000.0
183080006,Married,33,Female,['Jawa'],6.0,1316000.0,17196000.0
183080007,Married,31,Male,['Jawa'],9.0,750000.0,9750000.0
183080009,Married,26,Female,['Jawa'],6.0,92000.0,13460000.0
183083102,Married,43,Female,['Sunda'],9.0,1200000.0,15900000.0
183083202,Married,43,Male,['Jawa'],6.0,1600000.0,19200000.0
183084101,Married,51,Male,['Jawa'],6.0,1050000.0,8496000.0
183084107,Married,22,Male,['Jawa'],6.0,1200000.0,6000000.0
183090001,Married,61,Male,['Jawa'],6.0,900000.0,10800000.0
183090002,Married,51,Female,['Jawa'],6.0,1040000.0,12480000.0
183090003,Married,30,Female,['Jawa'],13.0,850000.0,10200000.0
183090008,Married,25,Male,['Jawa'],12.0,1200000.0,14400000.0
183100003,Married,36,Male,['Jawa'],9.0,2200000.0,28600000.0
183100004,Married,31,Female,['Jawa'],16.0,800000.0,11700000.0
183100009,Married,35,Male,['Jawa'],13.0,1100000.0,11000000.0
183110003,Married,45,Male,['Jawa'],9.0,2400000.0,28800000.0
183110004,Married,40,Male,['Jawa'],9.0,1800000.0,1800000.0
183110007,Married,32,Female,['Jawa'],9.0,1200000.0,15900000.0
183111102,Married,38,Female,['Jawa'],9.0,1113000.0,15600000.0
183114102,Married,32,Female,['Jawa'],6.0,1400000.0,18300000.0
183115101,Married,33,Male,['Jawa'],12.0,250000.0,250000.0
183120002,Married,35,Female,['Jawa'],6.0,96000.0,96000.0
183120003,Married,47,Male,['Jawa'],6.0,2000000.0,18040000.0
183130009,Married,49,Male,['Jawa'],13.0,0.0,600000.0
183133202,Married,38,Female,['Jawa'],6.0,1200000.0,15700000.0
183140001,Married,59,Male,['Jawa'],6.0,300000.0,300000.0
183140003,Married,38,Female,['Jawa'],6.0,1440000.0,18780000.0
183140004,Married,33,Female,['Jawa'],6.0,450000.0,5400000.0
183140011,Married,40,Male,['Sunda'],9.0,105000.0,105000.0
183150001,Married,74,Male,['Jawa'],6.0,0.0,2000000.0
183150003,Married,40,Male,['Jawa'],6.0,1600000.0,1600000.0
183150005,Married,36,Male,['Jawa'],9.0,2080000.0,4160000.0
183150006,Married,29,Female,['Jawa'],13.0,625000.0,2500000.0
183153102,Married,38,Female,['Jawa'],6.0,800000.0,9600000.0
183170002,Divorced,46,Female,['Jawa'],6.0,600000.0,7700000.0
183170004,Married,27,Female,['Jawa'],9.0,1080000.0,15540000.0
183170009,Married,31,Female,['Jawa'],9.0,1200000.0,15800000.0
183170016,Married,33,Male,['Jawa'],9.0,1700000.0,20650000.0
183173105,Married,34,Male,['Jawa'],9.0,700000.0,9300000.0
183180001,Married,54,Male,['Jawa'],6.0,1560000.0,6240000.0
183180002,Married,49,Female,['Jawa'],6.0,1300000.0,15600000.0
183180003,Married,32,Male,['Jawa'],13.0,1250000.0,16400000.0
183180004,Married,24,Female,['Jawa'],12.0,1000000.0,12000000.0
183185102,Married,27,Female,['Jawa'],9.0,150000.0,1200000.0
183185201,Married,28,Male,['Jawa'],6.0,1440000.0,5000000.0
183190002,Married,46,Female,['Jawa'],6.0,1500000.0,19500000.0
183200001,Married,47,Male,['Jawa'],6.0,600000.0,600000.0
183200002,Married,40,Female,['Jawa'],6.0,1650000.0,19800000.0
184010001,Married,51,Male,['Jawa'],6.0,1000000.0,12100000.0
184025105,Married,37,Male,['Sunda'],6.0,2000000.0,24000000.0
184040001,Married,41,Female,['Jawa'],6.0,450000.0,450000.0
184060002,Married,45,Male,['Jawa'],6.0,600000.0,7200000.0
184070002,Married,38,Male,['Jawa'],6.0,600000.0,7200000.0
184070003,Married,33,Male,['Jawa'],6.0,250000.0,3850000.0
184090002,Widowed,46,Female,['Jawa'],6.0,360000.0,4320000.0
184090003,Married,36,Female,['Jawa'],6.0,450000.0,5400000.0
184090011,Married,27,Male,['Jawa'],9.0,600000.0,7200000.0
184092101,Married,38,Male,['Jawa'],6.0,3000000.0,36000000.0
184100001,Married,61,Male,['Jawa'],6.0,450000.0,5400000.0
184100002,Married,58,Female,['Jawa'],6.0,450000.0,54050000.0
184100006,Married,40,Female,['Jawa'],6.0,315000.0,5265000.0
184105203,Married,30,Male,['Other'],12.0,4500000.0,50000000.0
184120003,Married,31,Male,['Jawa'],12.0,3000000.0,36000000.0
184120004,Married,28,Male,['Jawa'],12.0,2500000.0,45600000.0
184120005,Married,26,Female,['Jawa'],9.0,2000000.0,24000000.0
184124202,Married,34,Male,['Jawa'],12.0,2730000.0,38400000.0
184125102,Married,22,Female,['Sunda'],12.0,3700000.0,42500000.0
184130002,Widowed,49,Male,['Jawa'],6.0,600000.0,1200000.0
184140001,Married,55,Male,['Jawa'],15.0,4500000.0,54000000.0
184140002,Married,51,Female,['Jawa'],16.0,4000000.0,48000000.0
184140003,Married,30,Male,['Jawa'],16.0,8500000.0,150000000.0
184143203,Married,47,Male,['Jawa'],16.0,10300000.0,47800000.0
184145102,Married,31,Female,['Jawa'],16.0,3500000.0,42000000.0
184150003,Married,35,Female,['Jawa'],9.0,2000000.0,21000000.0
184150005,Married,68,Male,['Jawa'],6.0,600000.0,7200000.0
184160003,Married,34,Male,['Jawa'],13.0,5500000.0,72148000.0
184180003,Married,35,Male,['Jawa'],13.0,5000000.0,62000000.0
184190003,Married,39,Male,['Jawa'],6.0,800000.0,1600000.0
184200001,Married,62,Male,['Jawa'],6.0,450000.0,5400000.0
184200002,Divorced,57,Female,['Jawa'],6.0,75000.0,75000.0
184203102,Separated,49,Female,['Jawa'],6.0,300000.0,900000.0
184210004,Married,31,Male,['Jawa'],9.0,1000000.0,20000000.0
184230003,Married,43,Male,['Jawa'],6.0,1600000.0,2400000.0
184230009,Married,34,Male,['Jawa'],6.0,2000000.0,6000000.0
184233102,Married,37,Female,['Jawa'],6.0,200000.0,2400000.0
184240003,Married,54,Male,['Jawa'],6.0,2880000.0,34560000.0
184242206,Married,36,Male,['Jawa'],9.0,1100000.0,15700000.0
184250003,Married,44,Male,['Jawa'],6.0,480000.0,5760000.0
184250005,Married,39,Female,['Jawa'],6.0,450000.0,5450000.0
184260002,Married,31,Male,['Jawa'],9.0,2750000.0,52900000.0
184260004,Widowed,49,Female,['Jawa'],6.0,400000.0,2150000.0
184264103,Married,26,Female,['Jawa'],9.0,500000.0,500000.0
184270001,Married,54,Male,['Jawa'],6.0,1200000.0,3600000.0
184270006,Married,47,Male,['Jawa'],16.0,7600000.0,96050000.0
184270007,Married,47,Female,['Jawa'],16.0,3000000.0,36000000.0
184290002,Married,35,Male,['Jawa'],6.0,4000000.0,36000000.0
184300005,Married,30,Male,['Jawa'],6.0,200000.0,200000.0
184300007,Married,52,Male,['Jawa'],6.0,150000.0,150000.0
184305201,Married,29,Male,['Jawa'],9.0,1600000.0,25700000.0
185010001,Married,60,Male,['Jawa'],6.0,40000.0,480000.0
185010003,Married,28,Female,['Jawa'],9.0,80000.0,975000.0
185020002,Married,74,Male,['Jawa'],6.0,160000.0,1920000.0
185021106,Married,36,Male,['Jawa'],15.0,1300000.0,18300000.0
185025101,Married,27,Male,['Jawa'],9.0,0.0,0.0
185030003,Married,43,Male,['Jawa'],12.0,2000000.0,24000000.0
185030004,Widowed,38,Female,['Jawa'],9.0,600000.0,7450000.0
185050008,Married,25,Male,['Jawa'],9.0,2200000.0,6600000.0
185060004,Married,42,Female,['Jawa'],6.0,1000000.0,4920000.0
185060005,Married,45,Male,['Jawa'],6.0,600000.0,4600000.0
185070003,Married,43,Male,['Jawa'],6.0,2000000.0,22250000.0
185080004,Widowed,47,Female,['Jawa'],6.0,32000.0,320000.0
185085101,Married,20,Male,['Sunda'],13.0,520000.0,2600000.0
185100001,Married,53,Male,['Sunda'],6.0,400000.0,4800000.0
185100005,Married,19,Male,['Jawa'],6.0,1209000.0,6045000.0
185115101,Married,35,Male,['Jawa'],9.0,1100000.0,13600000.0
185140008,Married,42,Male,['Jawa'],6.0,2100000.0,6300000.0
185140009,Married,39,Female,['Jawa'],6.0,40000.0,510000.0
185163103,Married,34,Male,['Jawa'],6.0,2550000.0,5100000.0
185180004,Married,29,Male,['Jawa'],9.0,1500000.0,18000000.0
185190003,Married,40,Male,['Jawa'],6.0,600000.0,2400000.0
185190005,Married,31,Male,['Jawa'],12.0,3000000.0,39000000.0
185194202,Married,30,Female,['Jawa'],16.0,600000.0,7200000.0
185195102,Married,33,Female,['Jawa'],6.0,560000.0,6720000.0
186010002,Married,44,Male,['Jawa'],18.0,3000000.0,8000000.0
186020002,Divorced,59,Female,['Sunda'],6.0,90000.0,90000.0
186020008,Married,42,Male,['Sunda'],6.0,600000.0,7200000.0
186022108,Married,21,Male,['Sunda'],9.0,800000.0,9750000.0
186024102,Married,27,Female,['Jawa'],6.0,700000.0,3500000.0
186030004,Married,30,Male,['Jawa'],9.0,2250000.0,27000000.0
186030005,Widowed,28,Male,['Sunda'],9.0,565000.0,3390000.0
186030007,Divorced,51,Female,['Sunda'],6.0,150000.0,1800000.0
186050004,Married,33,Female,['Sunda'],9.0,240000.0,3080000.0
186060003,Married,44,Female,['Sunda'],12.0,1000000.0,12200000.0
186060004,Married,48,Male,['Sunda'],16.0,3000000.0,43100000.0
186080002,Married,47,Male,['Sunda'],9.0,2000000.0,24000000.0
186080005,Married,28,Female,['Jawa'],13.0,500000.0,1000000.0
186080007,Married,84,Male,['Sunda'],6.0,1200000.0,14400000.0
186080012,Married,39,Male,['Sunda'],6.0,320000.0,320000.0
186090003,Married,34,Male,['Sunda'],12.0,0.0,7000000.0
186090005,Married,31,Female,['Sunda'],16.0,2500000.0,31000000.0
186100005,Married,29,Female,['Sunda'],15.0,200000.0,24100000.0
186100009,Married,37,Male,['Sunda'],15.0,400000.0,5000000.0
186104101,Married,39,Male,['Jawa'],16.0,150000.0,5400000.0
186110005,Married,50,Male,['Jawa'],9.0,400000.0,4800000.0
186110006,Married,45,Female,['Jawa'],6.0,540000.0,5400000.0
186110010,Widowed,35,Female,['Sunda'],6.0,1500000.0,4500000.0
186111101,Married,42,Male,['Sunda'],6.0,1250000.0,15350000.0
186140002,Widowed,52,Female,['Sunda'],6.0,810000.0,9720000.0
186140004,Married,32,Male,['Sunda'],12.0,2700000.0,32400000.0
186145102,Married,28,Female,['Sunda'],16.0,1000000.0,12000000.0
186150003,Married,45,Female,['Sunda'],12.0,600000.0,5700000.0
186160002,Married,62,Female,['Sunda'],6.0,135000.0,135000.0
186160004,Married,37,Male,['Jawa'],6.0,1650000.0,24120000.0
186160005,Married,34,Female,['Jawa'],6.0,500000.0,6500000.0
186180001,Married,53,Female,['Sunda'],6.0,0.0,1200000.0
186180003,Married,30,Male,['Sunda'],13.0,3700000.0,48600000.0
186180004,Married,37,Male,['Sunda'],6.0,1500000.0,1500000.0
186200003,Married,34,Male,['Jawa'],12.0,3000000.0,37000000.0
186220004,Married,34,Female,['Sunda'],16.0,250000.0,3000000.0
186220007,Married,45,Male,['Sunda'],9.0,10000000.0,47000000.0
186222101,Married,41,Male,['Sunda'],12.0,4200000.0,53400000.0
186240004,Married,41,Female,['Sunda'],15.0,3500000.0,42000000.0
186243102,Divorced,38,Female,['Sunda'],15.0,735000.0,8760000.0
186244102,Married,33,Female,['Sunda'],15.0,2700000.0,32400000.0
186260002,Married,25,Male,['Sunda'],9.0,2800000.0,36400000.0
186265102,Married,30,Female,['Jawa'],9.0,2700000.0,32900000.0
186270004,Married,30,Female,['Sunda'],16.0,100000.0,1200000.0
186280003,Married,22,Female,['Sunda'],9.0,1000000.0,12000000.0
186284107,Married,28,Male,['Sunda'],9.0,2500000.0,30000000.0
186300004,Married,38,Male,['Sunda'],6.0,1680000.0,20160000.0
186300005,Married,25,Female,['Jawa'],16.0,5000000.0,60000000.0
187030003,Separated,54,Female,['Jawa'],6.0,300000.0,3750000.0
187030005,Married,34,Female,['Jawa'],13.0,1000000.0,12000000.0
187040005,Married,42,Female,['Jawa'],13.0,1350000.0,19050000.0
187040006,Married,39,Female,['Jawa'],16.0,3100000.0,61200000.0
187040007,Married,37,Male,['Jawa'],12.0,3500000.0,36000000.0
187044201,Married,40,Male,['Jawa'],6.0,1000000.0,12000000.0
187044301,Married,42,Male,['Jawa'],16.0,2900000.0,38300000.0
187060003,Married,29,Male,['Jawa'],15.0,2000000.0,5000000.0
187065104,Married,26,Female,['Jawa'],13.0,4000000.0,48000000.0
187070001,Married,56,Male,['Jawa'],13.0,2900000.0,35530000.0
187070002,Married,55,Female,['Jawa'],16.0,4360000.0,52320000.0
187070004,Married,27,Female,['Jawa'],16.0,2000000.0,22000000.0
187080004,Married,32,Male,['Jawa'],12.0,5000000.0,60000000.0
187080005,Married,25,Female,['Jawa'],12.0,0.0,1300000.0
187090003,Married,36,Male,['Jawa'],13.0,2000000.0,24000000.0
187090004,Divorced,31,Female,['Jawa'],13.0,400000.0,4400000.0
187100003,Separated,37,Male,['Jawa'],9.0,1000000.0,2000000.0
187110001,Married,56,Male,['Jawa'],13.0,2000000.0,28500000.0
187110004,Divorced,22,Female,['Jawa'],13.0,580000.0,580000.0
187130003,Married,45,Male,['Jawa'],13.0,2000000.0,26000000.0
187130004,Married,39,Male,['Jawa'],13.0,5000000.0,63800000.0
187140003,Married,42,Female,['Jawa'],12.0,1500000.0,1500000.0
187140005,Married,32,Male,['Jawa'],16.0,6200000.0,84600000.0
187150001,Widowed,61,Male,['Jawa'],9.0,600000.0,4800000.0
187150003,Married,37,Male,['Jawa'],12.0,1000000.0,11300000.0
187150004,Divorced,35,Male,['Jawa'],15.0,5200000.0,67600000.0
187150005,Married,30,Male,['Jawa'],12.0,2700000.0,35100000.0
187154202,Married,30,Female,['Betawi'],13.0,3200000.0,41600000.0
187160001,Married,54,Male,['Jawa'],12.0,4000000.0,58000000.0
187160002,Married,43,Female,['Jawa'],16.0,12000000.0,204000000.0
187170003,Married,40,Female,['Jawa'],12.0,1500000.0,3000000.0
187170004,Married,39,Male,['Jawa'],16.0,1500000.0,19500000.0
187190004,Married,45,Male,['Jawa'],12.0,5000000.0,60000000.0
187203101,Married,48,Male,['Jawa'],12.0,3000000.0,36000000.0
187410001,Married,45,Male,['Jawa'],12.0,5400000.0,69600000.0
187410003,Married,45,Male,['Jawa'],12.0,1500000.0,12300000.0
188030001,Married,45,Male,['Jawa'],6.0,300000.0,14100000.0
188030003,Married,22,Female,['Jawa'],9.0,1100000.0,14000000.0
188035101,Married,31,Male,['Jawa'],13.0,1150000.0,13800000.0
188040002,Married,48,Female,['Jawa'],16.0,4400000.0,93600000.0
188040005,Married,42,Male,['Jawa'],15.0,1200000.0,15600000.0
188050001,Married,54,Male,['Jawa'],13.0,1440000.0,18280000.0
188060002,Married,67,Female,['Jawa'],6.0,120000.0,1590000.0
188060005,Married,40,Male,['Jawa'],9.0,1560000.0,171600000.0
188060010,Divorced,49,Male,['Jawa'],9.0,665000.0,2375000.0
188060012,Married,53,Male,['Jawa'],6.0,800000.0,10400000.0
188085101,Married,43,Male,['Jawa'],13.0,1200000.0,14400000.0
188090004,Married,31,Female,['Jawa'],12.0,708000.0,7330000.0
188090006,Married,35,Male,['Jawa'],12.0,1100000.0,14700000.0
188100003,Married,41,Male,['Jawa'],16.0,1700000.0,25400000.0
188100004,Married,38,Male,['Jawa'],16.0,1500000.0,36000000.0
188104102,Married,39,Female,['Jawa'],16.0,2000000.0,24000000.0
188104202,Married,42,Female,['Jawa'],16.0,3500000.0,62400000.0
188120003,Married,41,Female,['Jawa'],9.0,720000.0,9560000.0
188120004,Married,45,Male,['Jawa'],12.0,0.0,0.0
188130001,Married,49,Male,['Jawa'],6.0,1200000.0,14400000.0
188130002,Married,38,Female,['Jawa'],6.0,800000.0,4800000.0
188140004,Married,43,Female,['Jawa'],12.0,1300000.0,15600000.0
188140007,Married,45,Female,['Jawa'],13.0,800000.0,9600000.0
188143101,Married,45,Male,['Sunda'],13.0,850000.0,11050000.0
188144102,Married,37,Female,['Jawa'],9.0,520000.0,6540000.0
188150001,Married,49,Male,['Jawa'],9.0,1560000.0,7800000.0
188150002,Married,45,Female,['Jawa'],6.0,400000.0,4800000.0
188160003,Married,30,Male,['Jawa'],12.0,1000000.0,7000000.0
188180006,Married,40,Male,['Jawa'],13.0,2000000.0,24000000.0
188190001,Married,59,Male,['Jawa'],9.0,1145000.0,14885000.0
188190003,Married,22,Male,['Jawa'],13.0,600000.0,7200000.0
188190004,Married,42,Female,['Jawa'],13.0,1500000.0,18000000.0
188190007,Married,22,Female,['Jawa'],12.0,1200000.0,13150000.0
189035101,Married,39,Male,['Jawa'],12.0,4000000.0,58000000.0
189090004,Married,53,Male,['Tionghoa'],12.0,2500000.0,30000000.0
189090011,Married,50,Female,"['Jawa', 'Tionghoa']",12.0,1500000.0,19500000.0
189110001,Married,52,Male,['Jawa'],12.0,1000000.0,12000000.0
189110003,Married,29,Male,['Jawa'],13.0,1600000.0,19200000.0
189110005,Married,27,Female,['Jawa'],13.0,1300000.0,3900000.0
189130003,Married,44,Male,['Jawa'],9.0,1500000.0,18000000.0
189130006,Married,31,Male,['Jawa'],12.0,1200000.0,1200000.0
189130008,Married,42,Male,['Jawa'],6.0,1500000.0,18100000.0
189130011,Separated,50,Male,['Jawa'],6.0,0.0,13200000.0
189134102,Married,39,Female,['Jawa'],6.0,900000.0,9200000.0
189150004,Married,35,Female,['Jawa'],12.0,600000.0,600000.0
189150005,Married,23,Male,['Jawa'],6.0,1000000.0,1000000.0
189154101,Married,44,Male,['Jawa'],12.0,1000000.0,3000000.0
189155201,Married,33,Male,['Jawa'],12.0,1000000.0,12000000.0
189160003,Married,42,Male,['Jawa'],9.0,1000000.0,10100000.0
189160004,Married,39,Male,['Jawa'],9.0,1000000.0,17500000.0
189163102,Married,36,Female,['Jawa'],6.0,1150000.0,13800000.0
190020004,Married,49,Male,['Jawa'],16.0,4000000.0,48000000.0
190020007,Married,31,Male,['Jawa'],12.0,2000000.0,28800000.0
190025103,Married,28,Female,['Jawa'],15.0,1500000.0,19500000.0
190030007,Married,54,Female,['Jawa'],6.0,200000.0,2400000.0
190040002,Married,51,Female,['Jawa'],18.0,3000000.0,63000000.0
190050003,Married,50,Female,['Jawa'],16.0,1000000.0,12000000.0
190050008,Married,38,Female,['Jawa'],12.0,1200000.0,14400000.0
190050010,Married,34,Male,['Jawa'],13.0,500000.0,6500000.0
190050011,Married,44,Male,['Jawa'],16.0,1500000.0,38200000.0
190080003,Married,46,Female,['Jawa'],16.0,500000.0,10100000.0
190080004,Married,44,Male,['Jawa'],12.0,920000.0,17580000.0
190080005,Divorced,41,Female,['Jawa'],13.0,1650000.0,19800000.0
190080007,Married,37,Male,['Jawa'],9.0,1500000.0,1500000.0
190080009,Married,25,Male,['Jawa'],13.0,1700000.0,26400000.0
190080012,Married,35,Female,['Jawa'],9.0,1000000.0,1800000.0
190083101,Married,43,Male,['Jawa'],13.0,2300000.0,29600000.0
190090002,Married,57,Female,['Jawa'],9.0,160000.0,1820000.0
190090005,Married,22,Male,['Jawa'],9.0,900000.0,11000000.0
190090008,Married,44,Male,['Jawa'],13.0,1500000.0,19000000.0
190090009,Married,33,Male,['Jawa'],6.0,800000.0,9700000.0
190090013,Married,20,Female,['Jawa'],13.0,80000.0,640000.0
190093102,Married,46,Female,['Jawa'],13.0,800000.0,15416000.0
190095102,Married,38,Female,['Jawa'],6.0,800000.0,10900000.0
190120006,Married,39,Male,['Jawa'],15.0,3000000.0,42000000.0
190125101,Married,39,Male,['Jawa'],12.0,1500000.0,19500000.0
190130003,Married,37,Male,['Jawa'],9.0,750000.0,10500000.0
190130007,Widowed,37,Female,['Jawa'],9.0,700000.0,4800000.0
190134301,Married,29,Male,['Jawa'],13.0,3000000.0,45000000.0
190170003,Married,52,Male,['Jawa'],16.0,3000000.0,39000000.0
190180002,Married,55,Male,['Jawa'],6.0,400000.0,4800000.0
190181105,Married,28,Female,['Jawa'],13.0,1300000.0,1300000.0
190181107,Married,28,Male,['Jawa'],13.0,1350000.0,163000000.0
191010003,Married,35,Female,['Jawa'],12.0,1400000.0,18200000.0
191010005,Married,28,Female,['Jawa'],12.0,1000000.0,3000000.0
191014101,Married,35,Male,['Jawa'],12.0,1500000.0,5500000.0
191060001,Separated,45,Male,['Jawa'],12.0,3000000.0,60000000.0
191080001,Married,65,Male,['Jawa'],12.0,0.0,3000000.0
191080003,Divorced,38,Female,['Jawa'],13.0,1200000.0,15600000.0
191080010,Married,37,Male,['Jawa'],12.0,1400000.0,18200000.0
191090002,Married,52,Female,['Jawa'],6.0,1200000.0,14650000.0
191095104,Married,26,Male,['Jawa'],13.0,1300000.0,16770000.0
191100017,Married,52,Female,['Jawa'],18.0,3600000.0,46800000.0
191100018,Married,56,Male,['Jawa'],18.0,9000000.0,112500000.0
191110004,Married,28,Female,['Jawa'],16.0,1300000.0,16900000.0
191114102,Married,32,Male,['Jawa'],15.0,1500000.0,18000000.0
191130005,Married,32,Female,['Jawa'],13.0,1300000.0,11700000.0
191130006,Married,26,Male,['Jawa'],13.0,1500000.0,9000000.0
191140001,Married,47,Male,['Jawa'],6.0,1300000.0,16000000.0
191180006,Divorced,18,Female,['Jawa'],9.0,2680000.0,4456000.0
191190003,Married,47,Female,['Jawa'],6.0,400000.0,4800000.0
191200003,Married,33,Female,['Jawa'],16.0,1200000.0,14900000.0
192040003,Married,40,Male,['Jawa'],16.0,2800000.0,34600000.0
192040004,Married,36,Female,['Jawa'],16.0,2500000.0,32500000.0
192044102,Married,33,Female,['Jawa'],12.0,300000.0,12200000.0
192045101,Married,36,Male,['Jawa'],15.0,7500000.0,67500000.0
192070003,Married,39,Female,['Jawa'],15.0,2000000.0,24000000.0
192070004,Married,35,Female,['Jawa'],15.0,1500000.0,19500000.0
192070008,Married,34,Male,['Jawa'],12.0,1200000.0,145200000.0
192081107,Married,30,Male,['Jawa'],9.0,3000000.0,36000000.0
192110002,Married,38,Female,['Jawa'],12.0,750000.0,9000000.0
192110003,Married,33,Female,['Jawa'],16.0,400000.0,4800000.0
192110004,Married,51,Male,['Jawa'],12.0,2500000.0,32500000.0
192120003,Married,36,Male,['Jawa'],12.0,3000000.0,36000000.0
192120004,Married,34,Male,['Jawa'],16.0,2500000.0,30000000.0
192120008,Married,35,Female,['Jawa'],13.0,1297000.0,16861000.0
192125202,Married,34,Female,['Jawa'],16.0,2600000.0,33800000.0
192134103,Married,30,Male,['Jawa'],15.0,3000000.0,39000000.0
192170005,Married,23,Female,['Jawa'],15.0,800000.0,8000000.0
192175101,Married,30,Male,['Jawa'],15.0,2200000.0,26400000.0
192190004,Married,36,Female,['Jawa'],15.0,3000000.0,39000000.0
193010002,Married,34,Male,['Jawa'],9.0,0.0,13800000.0
193010004,Married,32,Female,['Jawa'],9.0,750000.0,9050000.0
193015102,Married,23,Female,['Jawa'],16.0,2000000.0,2000000.0
193020003,Married,38,Male,['Jawa'],12.0,2500000.0,31300000.0
193020007,Married,28,Female,['Jawa'],15.0,2000000.0,24000000.0
193023104,Married,36,Female,['Jawa'],12.0,2500000.0,32500000.0
193030003,Married,52,Male,['Jawa'],6.0,1000000.0,12000000.0
193030005,Married,38,Male,['Jawa'],13.0,1600000.0,19200000.0
193040003,Married,30,Female,['Jawa'],12.0,1700000.0,22100000.0
193040008,Married,42,Male,['Jawa'],9.0,1000000.0,15500000.0
193060003,Married,44,Female,['Jawa'],18.0,4800000.0,70000000.0
193060005,Married,51,Male,['Jawa'],16.0,2000000.0,26000000.0
193060008,Married,51,Male,['Jawa'],15.0,3000000.0,45000000.0
193063102,Married,48,Female,['Jawa'],16.0,3500000.0,79900000.0
193070003,Married,67,Male,['Jawa'],6.0,241000.0,2520000.0
193070005,Divorced,37,Female,['Jawa'],13.0,900000.0,11300000.0
193070006,Married,35,Male,['Jawa'],12.0,1000000.0,13200000.0
193070007,Married,25,Male,['Jawa'],9.0,800000.0,10330000.0
193070010,Married,36,Female,['Jawa'],12.0,600000.0,7600000.0
193070013,Married,24,Female,['Jawa'],9.0,900000.0,11250000.0
193080003,Married,47,Male,['Jawa'],12.0,950000.0,12350000.0
193080004,Married,47,Female,['Jawa'],12.0,600000.0,7200000.0
193100004,Married,34,Male,['Jawa'],16.0,1000000.0,5000000.0
193100005,Married,32,Female,['Jawa'],16.0,1100000.0,12000000.0
193104104,Married,39,Female,['Jawa'],16.0,2500000.0,31595000.0
193104201,Married,37,Male,['Jawa'],16.0,3000000.0,36000000.0
193130001,Married,60,Male,['Jawa'],13.0,700000.0,8830000.0
193130003,Married,33,Male,['Jawa'],12.0,1700000.0,21600000.0
193130005,Married,24,Male,['Jawa'],13.0,2200000.0,27300000.0
193130006,Married,20,Female,['Jawa'],13.0,700000.0,8750000.0
193135102,Married,33,Female,['Jawa'],15.0,2600000.0,33200000.0
193140003,Married,29,Female,['Jawa'],13.0,1500000.0,20500000.0
193140004,Married,24,Female,['Jawa'],13.0,1360000.0,15920000.0
193144101,Married,31,Male,['Sunda'],9.0,1500000.0,4500000.0
193145103,Married,34,Male,['Jawa'],13.0,1400000.0,16200000.0
193150002,Married,55,Female,['Jawa'],16.0,4700000.0,56400000.0
193160002,Married,46,Male,['Jawa'],12.0,3500000.0,42000000.0
193163102,Married,42,Female,['Jawa'],12.0,1000000.0,13000000.0
193170003,Married,41,Male,['Jawa'],13.0,1200000.0,16800000.0
193170004,Married,40,Male,['Jawa'],12.0,1200000.0,15600000.0
193170007,Married,31,Male,['Jawa'],15.0,3000000.0,38300000.0
193174102,Married,37,Female,['Jawa'],15.0,1500000.0,21400000.0
193175202,Married,29,Female,['Jawa'],16.0,700000.0,4200000.0
193180005,Married,33,Male,['Jawa'],12.0,2000000.0,26000000.0
193180007,Married,45,Male,['Jawa'],12.0,1287000.0,16731000.0
193184103,Married,36,Male,['Jawa'],9.0,1400000.0,16800000.0
193190001,Married,64,Male,['Jawa'],9.0,1200000.0,4800000.0
193190003,Married,42,Male,['Jawa'],12.0,1200300.0,15603900.0
193190005,Married,37,Male,['Jawa'],12.0,3500000.0,43500000.0
193190009,Married,42,Male,['Jawa'],12.0,2500000.0,32500000.0
193194102,Married,44,Female,['Jawa'],9.0,1200000.0,14400000.0
193200003,Widowed,49,Male,['Jawa'],16.0,1500000.0,29500000.0
193200004,Married,47,Female,['Jawa'],16.0,3000000.0,51000000.0
193200008,Married,47,Male,['Jawa'],18.0,1000000.0,12000000.0
193410002,Divorced,39,Male,['Jawa'],12.0,1500000.0,18800000.0
194010003,Married,27,Male,['Jawa'],16.0,4500000.0,54000000.0
194015102,Married,32,Male,['Jawa'],16.0,1575000.0,2825000.0
194015202,Married,30,Female,['Jawa'],15.0,3700000.0,48400000.0
194023102,Divorced,42,Female,['Jawa'],6.0,400000.0,5000000.0
194023103,Married,19,Female,['Jawa'],9.0,600000.0,6300000.0
194050005,Married,47,Male,['Jawa'],16.0,8500000.0,89500000.0
194070003,Married,35,Male,['Jawa'],16.0,1500000.0,19500000.0
194070008,Married,32,Female,['Jawa'],15.0,1800000.0,23400000.0
194080003,Married,43,Male,['Jawa'],12.0,1600000.0,20800000.0
194080004,Married,39,Female,['Jawa'],13.0,650000.0,650000.0
194080005,Married,44,Female,['Jawa'],13.0,600000.0,7200000.0
194083101,Married,39,Male,['Jawa'],13.0,800000.0,9600000.0
194100003,Divorced,42,Female,['Jawa'],9.0,1700000.0,18200000.0
194114101,Married,34,Male,['Melayu'],16.0,3000000.0,40000000.0
194130005,Married,43,Male,['Jawa'],9.0,1650000.0,21650000.0
194140001,Married,54,Male,['Jawa'],6.0,400000.0,4800000.0
194160001,Married,49,Male,['Jawa'],12.0,2000000.0,25000000.0
194170003,Separated,43,Female,['Jawa'],12.0,1000000.0,13000000.0
194190004,Married,29,Male,['Jawa'],12.0,2000000.0,2000000.0
194190009,Separated,43,Male,['Jawa'],6.0,1650000.0,20640000.0
194190010,Divorced,44,Male,['Jawa'],6.0,300000.0,3600000.0
195010002,Widowed,51,Female,['Jawa'],6.0,2000000.0,17000000.0
195010003,Married,34,Male,['Jawa'],6.0,600000.0,31200000.0
195014102,Married,31,Female,['Jawa'],9.0,600000.0,7200000.0
195015101,Married,31,Male,['Jawa'],6.0,400000.0,400000.0
195015201,Married,26,Male,['Jawa'],9.0,1000000.0,20000000.0
195020001,Married,66,Male,['Jawa'],6.0,3000000.0,36000000.0
195020005,Married,33,Female,['Jawa'],12.0,3000000.0,25000000.0
195030006,Married,29,Female,['Jawa'],18.0,3300000.0,39600000.0
195035101,Married,33,Male,['Jawa'],16.0,3120000.0,66240000.0
195060003,Married,24,Female,['Jawa'],13.0,0.0,0.0
195070007,Divorced,40,Male,['Jawa'],9.0,2000000.0,12000000.0
195075101,Married,35,Male,['Jawa'],9.0,5000000.0,88000000.0
195080002,Married,48,Female,['Jawa'],6.0,1500000.0,15010000.0
195090003,Married,44,Female,['Jawa'],6.0,0.0,0.0
195090006,Married,26,Female,['Jawa'],6.0,1000000.0,12200000.0
195090007,Married,33,Male,['Jawa'],9.0,1000000.0,4000000.0
195090010,Married,29,Male,['Jawa'],6.0,1500000.0,12000000.0
195100004,Married,28,Male,['Jawa'],6.0,1000000.0,12000000.0
195110007,Married,24,Male,['Jawa'],15.0,1100000.0,11000000.0
195114203,Married,40,Male,['Jawa'],6.0,800000.0,12000000.0
195120001,Married,68,Male,['Jawa'],6.0,400000.0,5200000.0
195120007,Married,32,Male,['Jawa'],13.0,750000.0,3000000.0
195120009,Married,48,Male,['Jawa'],12.0,5000000.0,65000000.0
195123105,Married,45,Male,['Jawa'],13.0,500000.0,1000000.0
195150003,Married,40,Male,['Jawa'],6.0,1000000.0,13000000.0
195150005,Married,33,Male,['Jawa'],16.0,2600000.0,31200000.0
195150006,Married,31,Male,['Jawa'],9.0,0.0,4900000.0
195150016,Married,23,Male,['Jawa'],6.0,500000.0,12000000.0
195155103,Married,25,Female,['Jawa'],13.0,1200000.0,15600000.0
195160008,Married,33,Male,['Jawa'],9.0,0.0,18600000.0
195190004,Married,28,Male,['Jawa'],6.0,5700000.0,48000000.0
195190006,Married,23,Male,['Jawa'],6.0,500000.0,1100000.0
195190009,Divorced,37,Female,['Jawa'],6.0,800000.0,9600000.0
195190015,Married,36,Male,['Jawa'],6.0,0.0,16000000.0
195190020,Married,24,Male,['Sunda'],9.0,0.0,16000000.0
195200001,Married,60,Male,['Bugis'],6.0,2000000.0,12000000.0
196030006,Married,33,Female,['Jawa'],16.0,1000000.0,6250000.0
196050003,Married,33,Female,['Jawa'],15.0,200000.0,2400000.0
196054101,Married,36,Male,['Jawa'],15.0,2900000.0,37700000.0
196070002,Divorced,34,Male,['Jawa'],13.0,1600000.0,20700000.0
196070003,Married,32,Female,['Jawa'],12.0,1500000.0,7200000.0
196070004,Married,29,Female,['Jawa'],13.0,1500000.0,19500000.0
196080003,Married,49,Female,['Jawa'],9.0,590000.0,590000.0
196080005,Married,31,Male,['Jawa'],9.0,800000.0,8400000.0
196085101,Married,57,Male,['Jawa'],6.0,1000000.0,1000000.0
196100004,Married,48,Female,['Jawa'],6.0,0.0,600000.0
196110006,Married,36,Female,['Jawa'],6.0,100000.0,1300000.0
196130003,Married,34,Female,['Jawa'],15.0,1000000.0,15400000.0
196150005,Married,26,Female,['Jawa'],13.0,1200000.0,13000000.0
196150010,Married,30,Male,['Jawa'],13.0,1000000.0,15000000.0
196160003,Married,37,Male,['Jawa'],13.0,1500000.0,8000000.0
196160004,Married,46,Male,['Jawa'],12.0,1000000.0,4000000.0
196170006,Married,39,Male,['Jawa'],13.0,1000000.0,13000000.0
196180003,Married,46,Male,['Jawa'],12.0,150000.0,1800000.0
196183102,Married,41,Female,['Jawa'],9.0,160000.0,1920000.0
196200004,Married,36,Female,['Jawa'],13.0,400000.0,5400000.0
196200005,Married,34,Male,['Jawa'],13.0,1000000.0,10000000.0
196230004,Married,34,Male,['Jawa'],12.0,6000000.0,70150000.0
196240005,Married,26,Male,['Jawa'],12.0,1500000.0,19500000.0
196243104,Married,36,Female,['Jawa'],13.0,500000.0,5500000.0
196245201,Married,51,Male,['Jawa'],9.0,2500000.0,30000000.0
196250003,Married,50,Female,['Jawa'],16.0,3000000.0,72000000.0
196250005,Married,54,Male,['Jawa'],12.0,1800000.0,29200000.0
196250008,Married,55,Male,['Jawa'],16.0,6000000.0,50000000.0
196275102,Married,59,Female,['Jawa'],16.0,4000000.0,48000000.0
196280003,Married,29,Male,['Jawa'],15.0,1500000.0,19500000.0
196280006,Married,32,Female,['Jawa'],13.0,800000.0,96000000.0
197020001,Married,67,Male,['Jawa'],6.0,1000000.0,11000000.0
197020004,Married,31,Male,['Jawa'],13.0,1000000.0,13000000.0
197024105,Married,26,Female,['Jawa'],13.0,500000.0,1000000.0
197030005,Married,31,Male,['Jawa'],13.0,800000.0,9900000.0
197035102,Married,22,Female,['Jawa'],13.0,1200000.0,15400000.0
197040004,Married,44,Male,['Jawa'],13.0,900000.0,900000.0
197040005,Married,41,Male,['Jawa'],13.0,1200000.0,14400000.0
197040007,Married,40,Female,['Jawa'],6.0,80000.0,80000.0
197043104,Married,37,Female,['Jawa'],12.0,120000.0,1200000.0
197060001,Married,55,Male,['Jawa'],16.0,4000000.0,45500000.0
197060002,Married,53,Female,['Jawa'],15.0,3000000.0,39000000.0
197100004,Married,48,Male,['Jawa'],6.0,210000.0,2520000.0
197115102,Married,29,Female,['Jawa'],16.0,850000.0,10200000.0
197160002,Married,39,Female,['Jawa'],13.0,150000.0,300000.0
197163101,Married,49,Male,['Jawa'],6.0,0.0,15200000.0
197205102,Married,33,Male,['Jawa'],12.0,900000.0,6300000.0
197210002,Married,46,Male,['Jawa'],16.0,1350000.0,4200000.0
197230004,Married,44,Female,['Jawa'],9.0,100000.0,450000.0
197240006,Married,39,Female,['Jawa'],6.0,500000.0,6500000.0
197250004,Married,30,Female,['Jawa'],13.0,2000000.0,25000000.0
197250005,Married,27,Male,['Jawa'],13.0,960000.0,11520000.0
197280001,Married,60,Male,['Jawa'],6.0,0.0,600000.0
198010003,Married,36,Male,['Jawa'],13.0,1000000.0,12000000.0
198010005,Married,39,Female,['Jawa'],13.0,1500000.0,16900000.0
198030005,Married,18,Female,['Jawa'],9.0,700000.0,8900000.0
198040002,Married,42,Male,['Jawa'],6.0,240000.0,3120000.0
198050003,Married,48,Male,['Jawa'],6.0,1040000.0,9360000.0
198050004,Married,25,Female,['Jawa'],13.0,700000.0,9500000.0
198050005,Married,31,Male,['Jawa'],13.0,1500000.0,15000000.0
198070003,Married,54,Male,['Jawa'],6.0,1008000.0,11088000.0
198084102,Married,33,Female,['Jawa'],16.0,350000.0,22200000.0
198090002,Married,61,Female,['Jawa'],6.0,0.0,300000.0
198090003,Married,35,Male,['Jawa'],9.0,150000.0,1000000.0
198100002,Married,53,Male,['Jawa'],6.0,800000.0,9600000.0
198110003,Married,53,Male,['Jawa'],18.0,5000000.0,70000000.0
198111102,Married,46,Female,['Jawa'],16.0,3500000.0,45500000.0
198130003,Married,59,Male,['Jawa'],16.0,4600000.0,72350000.0
198134102,Married,31,Female,['Jawa'],16.0,4000000.0,50500000.0
198140003,Married,52,Male,['Jawa'],13.0,1300000.0,12600000.0
198140004,Married,49,Female,['Jawa'],12.0,500000.0,7000000.0
198170004,Married,37,Male,['Jawa'],13.0,1500000.0,18000000.0
198170005,Married,34,Female,['Jawa'],12.0,1400000.0,4200000.0
198175104,Married,30,Female,['Jawa'],13.0,1500000.0,19500000.0
198175201,Married,31,Male,['Sunda'],12.0,700000.0,700000.0
198200004,Married,37,Male,['Jawa'],12.0,1000000.0,13000000.0
198200007,Married,30,Female,['Jawa'],15.0,750000.0,10125000.0
198204101,Married,40,Male,['Jawa'],9.0,300000.0,3600000.0
199014101,Widowed,47,Male,['Jawa'],16.0,2000000.0,24000000.0
199020003,Married,32,Male,['Jawa'],13.0,1600000.0,13200000.0
199040004,Married,32,Female,['Jawa'],16.0,3000000.0,41000000.0
199060001,Married,58,Male,['Jawa'],16.0,2250000.0,34000000.0
199060003,Married,36,Female,['Jawa'],16.0,0.0,10000000.0
199060004,Married,35,Female,['Jawa'],13.0,800000.0,13700000.0
199064101,Married,34,Male,['Jawa'],13.0,1750000.0,21000000.0
199090003,Married,46,Female,['Jawa'],16.0,3800000.0,53300000.0
199090005,Divorced,35,Female,['Jawa'],15.0,300000.0,3700000.0
199093103,Married,45,Male,['Bugis'],16.0,2800000.0,55800000.0
199110001,Married,51,Male,['Jawa'],6.0,960000.0,10560000.0
199120001,Married,72,Male,['Jawa'],6.0,1000000.0,12000000.0
199120002,Married,69,Female,['Jawa'],6.0,105000.0,1310000.0
199120003,Married,38,Male,['Jawa'],6.0,800000.0,9900000.0
199120005,Married,34,Female,['Jawa'],9.0,750000.0,9200000.0
199120008,Married,29,Female,['Jawa'],9.0,2200000.0,24000000.0
199124101,Married,32,Male,['Jawa'],12.0,1200000.0,14400000.0
199124201,Married,38,Male,['Jawa'],9.0,1335000.0,1335000.0
199154101,Married,41,Male,['Jawa'],13.0,3000000.0,31500000.0
199170001,Married,48,Male,['Jawa'],9.0,2000000.0,27500000.0
199170003,Married,27,Male,['Jawa'],16.0,2500000.0,4100000.0
199180003,Married,47,Male,['Jawa'],16.0,480000.0,36000000.0
199180005,Married,42,Male,['Jawa'],12.0,800000.0,2000000.0
199180007,Married,35,Male,['Jawa'],18.0,15000000.0,180000000.0
199181102,Married,42,Female,['Jawa'],13.0,4000000.0,48000000.0
199184101,Married,45,Male,['Jawa'],16.0,700000.0,9100000.0
199200008,Married,28,Male,['Jawa'],13.0,1690000.0,20280000.0
199200011,Married,62,Female,['Jawa'],16.0,320000.0,1280000.0
200010003,Married,63,Male,['Jawa'],6.0,1080000.0,10800000.0
200020005,Married,28,Male,['Jawa'],9.0,840000.0,9240000.0
200040001,Married,59,Male,['Jawa'],6.0,1000000.0,11000000.0
200040002,Married,34,Male,['Jawa'],9.0,0.0,3600000.0
200044102,Married,29,Female,['Jawa'],9.0,1100000.0,18000000.0
200050003,Separated,54,Female,['Jawa'],6.0,300000.0,3600000.0
200050008,Married,44,Male,['Jawa'],12.0,6000000.0,79100000.0
200054201,Married,32,Male,['Sunda'],6.0,500000.0,2000000.0
200055102,Married,43,Male,['Jawa'],12.0,4600000.0,57800000.0
200090003,Married,53,Male,['Jawa'],6.0,800000.0,9700000.0
200090004,Married,48,Male,['Jawa'],6.0,1000000.0,1000000.0
200090005,Married,27,Female,['Jawa'],16.0,1500000.0,18000000.0
200090006,Married,40,Female,['Jawa'],13.0,816000.0,5800000.0
200090009,Married,28,Male,['Jawa'],16.0,1000000.0,12000000.0
200100002,Married,62,Male,['Jawa'],6.0,1600000.0,8000000.0
200100004,Married,37,Female,['Jawa'],12.0,950000.0,12800000.0
200103102,Married,34,Male,['Jawa'],12.0,3000000.0,37200000.0
200113101,Married,40,Male,['Jawa'],12.0,5000000.0,60900000.0
200114001,Married,38,Male,['Jawa'],13.0,5300000.0,64100000.0
200120001,Married,55,Male,['Jawa'],6.0,1000000.0,8000000.0
200125102,Married,31,Male,['Jawa'],13.0,0.0,0.0
200125202,Married,31,Male,['Jawa'],12.0,1200000.0,15600000.0
200140001,Married,55,Male,['Jawa'],12.0,1680000.0,20580000.0
200150002,Married,67,Female,['Jawa'],6.0,1000000.0,11000000.0
200154102,Married,34,Male,['Jawa'],6.0,2500000.0,27500000.0
200170004,Married,46,Female,['Jawa'],6.0,600000.0,7200000.0
200170006,Married,24,Male,['Jawa'],9.0,1080000.0,13770000.0
200180005,Married,49,Male,['Jawa'],6.0,4000000.0,20000000.0
200190001,Married,55,Male,['Jawa'],6.0,1200000.0,12000000.0
200190003,Married,29,Female,['Jawa'],12.0,1200000.0,15600000.0
200190006,Married,34,Male,['Jawa'],9.0,0.0,9000000.0
200200007,Married,45,Male,['Jawa'],16.0,4000000.0,88000000.0
200205101,Married,37,Male,['Jawa'],13.0,5000000.0,65000000.0
201010002,Married,60,Female,['Jawa'],6.0,375000.0,1125000.0
201010003,Married,24,Female,['Jawa'],13.0,50000.0,300000.0
201015102,Married,24,Male,['Jawa'],13.0,800000.0,9900000.0
201020001,Widowed,57,Female,['Jawa'],6.0,200000.0,600000.0
201050002,Widowed,53,Female,['Jawa'],6.0,60000.0,1160000.0
201050004,Married,25,Female,['Jawa'],12.0,1500000.0,20000000.0
201055101,Married,31,Male,['Jawa'],13.0,1250000.0,16000000.0
201074101,Married,43,Male,['Jawa'],16.0,2700000.0,35100000.0
201080001,Married,52,Male,['Jawa'],9.0,1200000.0,14400000.0
201080003,Married,29,Female,['Jawa'],12.0,800000.0,10660000.0
201080004,Married,25,Male,['Jawa'],9.0,1200000.0,14600000.0
201084101,Married,30,Male,['Jawa'],13.0,1100000.0,14300000.0
201090005,Married,34,Female,['Jawa'],15.0,3800000.0,45600000.0
201090008,Married,47,Male,['Jawa'],6.0,900000.0,12000000.0
201090009,Married,41,Female,['Jawa'],9.0,600000.0,7700000.0
201094101,Married,37,Male,['Bima-Dompu'],16.0,5000000.0,90000000.0
201094201,Married,41,Male,['Bugis'],16.0,6000000.0,73000000.0
201100002,Married,58,Male,['Jawa'],6.0,1200000.0,14700000.0
201100003,Married,51,Female,['Jawa'],6.0,7000.0,1100000.0
201110003,Married,40,Female,['Jawa'],9.0,300000.0,4900000.0
201110004,Married,38,Male,['Jawa'],9.0,1200000.0,14900000.0
201114101,Married,42,Male,['Jawa'],6.0,1000000.0,7000000.0
201114202,Married,33,Female,['Jawa'],16.0,400000.0,5300000.0
201120003,Married,40,Female,['Jawa'],12.0,200000.0,1600000.0
201120004,Married,38,Male,['Jawa'],18.0,600000.0,7350000.0
201120005,Married,36,Female,['Jawa'],12.0,600000.0,7300000.0
201123101,Married,47,Male,['Jawa'],6.0,1625000.0,18000000.0
201130002,Widowed,58,Female,['Jawa'],15.0,4000000.0,52000000.0
201140003,Married,49,Male,['Jawa'],6.0,2100000.0,25200000.0
201140004,Widowed,43,Female,['Jawa'],6.0,480000.0,2880000.0
201140005,Married,37,Female,['Jawa'],9.0,100000.0,500000.0
201150002,Widowed,63,Female,['Jawa'],6.0,0.0,300000.0
201160002,Married,54,Female,['Jawa'],6.0,0.0,1000000.0
201160003,Married,42,Female,['Jawa'],9.0,1125000.0,14685000.0
201160005,Married,27,Male,['Jawa'],12.0,500000.0,6500000.0
201161101,Married,44,Male,['Jawa'],6.0,0.0,2000000.0
201161103,Married,20,Female,['Jawa'],13.0,2300000.0,28730000.0
201170002,Separated,49,Male,['Jawa'],6.0,900000.0,10800000.0
201170003,Married,43,Male,['Jawa'],6.0,1000000.0,3000000.0
201170004,Married,39,Male,['Jawa'],6.0,1200000.0,10800000.0
201174102,Married,46,Female,['Jawa'],6.0,350000.0,42200000.0
201174201,Married,34,Male,['Jawa'],13.0,3000000.0,38000000.0
201190002,Married,45,Male,['Jawa'],13.0,1000000.0,19700000.0
201200003,Married,39,Female,['Jawa'],9.0,600000.0,7400000.0
201210004,Married,29,Male,['Jawa'],13.0,1200000.0,15600000.0
201210005,Married,24,Male,['Jawa'],13.0,1000000.0,12050000.0
201214101,Married,29,Male,['Jawa'],12.0,2000000.0,25000000.0
201215102,Married,35,Female,['Jawa'],13.0,1000000.0,13100000.0
201220003,Married,41,Female,['Jawa'],6.0,1100000.0,13600000.0
201220005,Married,36,Male,['Jawa'],6.0,800000.0,8800000.0
201220010,Married,33,Female,['Jawa'],16.0,700000.0,8400000.0
201230004,Married,46,Male,['Jawa'],6.0,960000.0,12480000.0
201230005,Married,44,Male,['Jawa'],6.0,1440000.0,11520000.0
201233202,Married,41,Female,['Jawa'],9.0,250000.0,600000.0
201240004,Married,32,Male,['Jawa'],9.0,840000.0,4373000.0
201250001,Married,48,Male,['Jawa'],3.0,1320000.0,17160000.0
201250002,Married,48,Female,['Jawa'],9.0,350000.0,4200000.0
201260004,Married,39,Male,['Jawa'],13.0,1300000.0,15600000.0
201270004,Married,35,Female,['Jawa'],13.0,200000.0,1200000.0
201280004,Married,45,Female,['Jawa'],9.0,0.0,2500000.0
201290001,Married,52,Male,['Jawa'],6.0,1200000.0,7200000.0
201290003,Married,29,Male,['Jawa'],13.0,1800000.0,21600000.0
201300001,Married,54,Male,['Jawa'],6.0,1000000.0,12000000.0
202010001,Married,54,Male,['Jawa'],16.0,4000000.0,56000000.0
202010003,Married,25,Female,['Jawa'],16.0,200000.0,2400000.0
202030003,Married,55,Male,['Jawa'],12.0,2000000.0,26100000.0
202030005,Married,23,Female,['Jawa'],13.0,0.0,5400000.0
202043102,Married,44,Male,['Jawa'],16.0,2500000.0,30000000.0
202050003,Divorced,47,Female,['Jawa'],9.0,1000000.0,12000000.0
202050004,Married,39,Male,['Jawa'],12.0,750000.0,9500000.0
202070002,Married,45,Female,['Jawa'],6.0,500000.0,6000000.0
202080003,Married,40,Male,['Jawa'],16.0,1350000.0,17200000.0
202080004,Married,34,Male,['Jawa'],16.0,1500000.0,22000000.0
202085102,Married,37,Female,['Jawa'],15.0,1000000.0,12000000.0
202090005,Married,35,Male,['Jawa'],15.0,2000000.0,26000000.0
202090006,Married,33,Male,['Jawa'],15.0,2000000.0,25300000.0
202094101,Married,38,Male,['Jawa'],16.0,7500000.0,92100000.0
202100003,Married,32,Male,['Jawa'],13.0,2300000.0,24000000.0
202100004,Married,42,Female,['Jawa'],12.0,700000.0,8900000.0
202100008,Married,33,Female,['Sunda'],12.0,1800000.0,23100000.0
202110002,Married,51,Female,['Jawa'],9.0,300000.0,3300000.0
202110003,Married,57,Male,['Jawa'],9.0,900000.0,12000000.0
202120001,Married,50,Male,['Jawa'],6.0,2800000.0,33600000.0
202120003,Married,24,Male,['Jawa'],13.0,1300000.0,16900000.0
202130004,Married,39,Male,['Jawa'],16.0,3000000.0,37100000.0
202130005,Married,37,Male,['Jawa'],13.0,2500000.0,31000000.0
202140005,Married,47,Male,['Jawa'],15.0,4850000.0,63400000.0
202150003,Divorced,42,Male,['Jawa'],13.0,800000.0,9200000.0
202160004,Married,43,Female,['Jawa'],12.0,400000.0,4200000.0
202160005,Married,39,Female,['Jawa'],13.0,550000.0,1750000.0
202160006,Married,36,Female,['Jawa'],16.0,300000.0,6800000.0
202164101,Married,37,Male,['Jawa'],16.0,750000.0,9000000.0
202165103,Married,51,Male,['Jawa'],13.0,600000.0,7250000.0
202170005,Married,32,Male,['Jawa'],12.0,1800000.0,23100000.0
202175102,Married,26,Female,['Jawa'],12.0,1800000.0,23400000.0
202175202,Married,21,Male,['Jawa'],13.0,1750000.0,21600000.0
202184102,Married,40,Female,['Jawa'],15.0,4000000.0,48200000.0
202184201,Married,44,Male,['Jawa'],13.0,1500000.0,19500000.0
202185302,Married,29,Female,['Jawa'],13.0,1000000.0,4000000.0
202190004,Married,35,Male,['Jawa'],16.0,4800000.0,58800000.0
202190005,Divorced,48,Male,['Jawa'],13.0,2400000.0,28800000.0
202193101,Married,45,Male,['Jawa'],16.0,23000000.0,59000000.0
202195102,Married,32,Female,['Jawa'],16.0,1200000.0,3600000.0
202200005,Married,36,Female,['Jawa'],15.0,500000.0,5000000.0
203010004,Married,49,Female,['Jawa'],12.0,0.0,0.0
203020004,Married,27,Male,['Jawa'],13.0,1400000.0,18200000.0
203030004,Married,31,Male,['Jawa'],13.0,1500000.0,18500000.0
203040001,Married,76,Male,['Jawa'],16.0,900000.0,11100000.0
203040004,Married,42,Female,['Jawa'],16.0,2000000.0,24100000.0
203054101,Married,49,Male,['Jawa'],13.0,1200000.0,15400000.0
203070003,Married,41,Female,['Jawa'],16.0,3000000.0,36000000.0
203070004,Married,37,Female,['Jawa'],16.0,3500000.0,45500000.0
203070005,Married,46,Male,['Jawa'],16.0,3000000.0,52000000.0
203074101,Married,39,Male,['Jawa'],16.0,4000000.0,56400000.0
203080003,Married,55,Female,['Jawa'],6.0,0.0,1600000.0
203080004,Married,45,Female,['Jawa'],13.0,20000.0,1000000.0
203090002,Married,50,Male,['Jawa'],6.0,1440000.0,17280000.0
203100004,Married,39,Male,['Jawa'],13.0,1300000.0,21900000.0
203100005,Married,37,Female,['Jawa'],6.0,250000.0,2880000.0
203100006,Married,33,Male,['Jawa'],13.0,2000000.0,16200000.0
203100007,Married,46,Male,['Jawa'],9.0,1000000.0,12000000.0
203120004,Married,41,Female,['Jawa'],9.0,375000.0,6675000.0
203120007,Married,22,Female,['Jawa'],13.0,1000000.0,12000000.0
203120008,Divorced,49,Male,['Jawa'],12.0,1500000.0,18125000.0
203125202,Married,25,Male,['Jawa'],9.0,1440000.0,17480000.0
203130002,Married,46,Male,['Jawa'],13.0,4000000.0,50000000.0
203140001,Married,67,Male,['Jawa'],6.0,0.0,2000000.0
203140006,Divorced,45,Female,['Jawa'],6.0,700000.0,8400000.0
203144101,Married,42,Male,['Jawa'],9.0,1000000.0,12000000.0
203155102,Married,29,Male,['Jawa'],12.0,1300000.0,15600000.0
203160002,Married,44,Male,['Jawa'],12.0,1440000.0,17280000.0
203170003,Married,38,Male,['Jawa'],9.0,375000.0,1500000.0
203180001,Married,55,Male,['Jawa'],16.0,4090000.0,53170000.0
203180002,Married,53,Female,['Jawa'],12.0,3300000.0,39600000.0
203200001,Married,53,Male,['Jawa'],16.0,8500000.0,140500000.0
204010006,Married,46,Male,['Jawa'],12.0,1500000.0,19500000.0
204020002,Widowed,56,Female,['Jawa'],6.0,50000.0,400000.0
204020003,Married,36,Male,['Jawa'],13.0,1000000.0,12800000.0
204040001,Married,55,Male,['Jawa'],6.0,1200000.0,13200000.0
204040003,Married,33,Male,['Jawa'],16.0,3000000.0,39000000.0
204040004,Married,26,Male,['Jawa'],16.0,1700000.0,22100000.0
204040006,Married,44,Male,['Jawa'],12.0,1500000.0,18000000.0
204050001,Married,56,Male,['Jawa'],6.0,900000.0,11500000.0
204070003,Married,59,Male,['Jawa'],16.0,1000000.0,12600000.0
204100003,Married,44,Male,['Jawa'],13.0,1170000.0,18810000.0
204100005,Married,39,Female,['Jawa'],9.0,800000.0,9800000.0
204111101,Married,44,Male,['Jawa'],6.0,10000000.0,120000000.0
204111204,Married,39,Male,['Jawa'],16.0,3000000.0,36000000.0
204120002,Widowed,55,Female,['Jawa'],6.0,25000.0,1000000.0
204120004,Married,30,Male,['Jawa'],9.0,1400000.0,18200000.0
204120012,Married,35,Male,['Jawa'],13.0,3000000.0,24000000.0
204125201,Married,29,Male,['Jawa'],13.0,1500000.0,19500000.0
204130003,Married,34,Male,['Jawa'],13.0,1500000.0,19500000.0
204145102,Married,25,Male,['Jawa'],9.0,0.0,0.0
204150003,Married,39,Male,['Jawa'],9.0,1200000.0,7350000.0
204150005,Married,32,Male,['Jawa'],12.0,2000000.0,28500000.0
204150006,Married,42,Female,['Jawa'],12.0,10000000.0,120000000.0
204150007,Married,45,Male,['Jawa'],6.0,600000.0,7200000.0
204155102,Married,26,Male,['Jawa'],12.0,1250000.0,1875000.0
204160001,Married,51,Male,['Jawa'],6.0,0.0,6725000.0
204190001,Married,54,Male,['Jawa'],9.0,5000000.0,60500000.0
204190002,Married,54,Female,['Jawa'],9.0,350000.0,4800000.0
204200004,Married,48,Female,['Jawa'],16.0,3000000.0,43700000.0
204200005,Married,44,Male,['Jawa'],16.0,1400000.0,19200000.0
204205202,Married,39,Female,['Jawa'],13.0,1125000.0,14625000.0
205020001,Married,51,Male,['Jawa'],6.0,980000.0,11760000.0
205020002,Married,49,Female,['Jawa'],6.0,400000.0,5050000.0
205020003,Married,25,Female,['Jawa'],13.0,800000.0,9500000.0
205025102,Married,25,Male,['Jawa'],13.0,800000.0,10400000.0
205030001,Married,67,Male,['Jawa'],9.0,1500000.0,18000000.0
205030004,Divorced,27,Female,['Jawa'],13.0,800000.0,7800000.0
205050003,Married,41,Female,['Jawa'],15.0,0.0,200000.0
205050005,Married,34,Male,['Jawa'],13.0,3600000.0,46800000.0
205060005,Married,24,Male,['Jawa'],6.0,1200000.0,1400000.0
205060008,Married,24,Female,['Jawa'],12.0,700000.0,8900000.0
205080001,Married,61,Male,['Jawa'],6.0,800000.0,9600000.0
205080002,Married,60,Female,['Jawa'],6.0,800000.0,1600000.0
205080004,Married,36,Female,['Jawa'],6.0,200000.0,1300000.0
205080005,Married,32,Male,['Jawa'],13.0,1550000.0,19300000.0
205084101,Married,36,Male,['Jawa'],6.0,1800000.0,7200000.0
205090003,Married,45,Female,['Jawa'],16.0,300000.0,3600000.0
205090004,Married,42,Male,['Jawa'],13.0,960000.0,2880000.0
205110001,Married,56,Male,['Jawa'],6.0,700000.0,10400000.0
205110004,Married,33,Male,['Jawa'],6.0,1500000.0,18300000.0
205140001,Married,71,Male,['Jawa'],6.0,500000.0,5500000.0
205150001,Married,51,Male,['Jawa'],6.0,2000000.0,5000000.0
205150004,Married,21,Female,['Jawa'],13.0,1100000.0,13700000.0
205160001,Married,67,Male,['Jawa'],6.0,1500000.0,3000000.0
205160004,Married,42,Female,['Jawa'],6.0,450000.0,6600000.0
205160005,Married,46,Male,['Jawa'],9.0,960000.0,12780000.0
205160006,Married,48,Male,['Jawa'],12.0,1500000.0,23500000.0
205193101,Married,39,Male,['Jawa'],6.0,1050000.0,17600000.0
206020002,Married,48,Male,['Jawa'],13.0,800000.0,9700000.0
206021102,Married,45,Female,['Jawa'],6.0,420000.0,2100000.0
206030002,Married,76,Male,['Jawa'],9.0,280000.0,3000000.0
206030006,Married,29,Male,['Jawa'],9.0,800000.0,8000000.0
206060003,Married,38,Female,['Batak'],16.0,1500000.0,19500000.0
206090002,Widowed,60,Female,['Jawa'],6.0,0.0,2425000.0
206090003,Married,35,Female,['Jawa'],12.0,600000.0,7350000.0
206090005,Separated,28,Male,['Jawa'],13.0,1225000.0,15700000.0
206094101,Married,40,Male,['Jawa'],12.0,1600000.0,14700000.0
206094201,Married,29,Male,['Jawa'],12.0,800000.0,5400000.0
206110003,Married,43,Male,['Jawa'],13.0,1200000.0,12200000.0
206120003,Married,45,Male,['Jawa'],6.0,150000.0,1900000.0
206124102,Married,56,Female,"['Jawa', 'Betawi']",6.0,500000.0,6700000.0
206130003,Married,44,Female,['Jawa'],15.0,700000.0,6000000.0
206130006,Married,31,Male,['Jawa'],16.0,1700000.0,22100000.0
206130007,Married,29,Female,['Jawa'],16.0,1600000.0,19200000.0
206134101,Married,42,Male,['Jawa'],16.0,4500000.0,54700000.0
206140005,Married,37,Female,['Jawa'],16.0,200000.0,2500000.0
206140006,Married,26,Female,['Jawa'],16.0,1500000.0,19500000.0
206150003,Married,43,Female,['Jawa'],18.0,3200000.0,42200000.0
206150004,Married,40,Male,['Jawa'],12.0,405000.0,1000000.0
206150009,Married,46,Female,['Jawa'],18.0,1600000.0,24000000.0
206170001,Married,67,Male,['Jawa'],13.0,1200000.0,7200000.0
206170004,Married,34,Male,['Jawa'],9.0,1327000.0,9289000.0
206180002,Married,50,Female,['Jawa'],16.0,0.0,0.0
206180003,Married,25,Female,['Jawa'],16.0,2300000.0,10500000.0
206185103,Married,30,Male,['Jawa'],12.0,2000000.0,2000000.0
206200001,Married,65,Male,['Jawa'],15.0,0.0,0.0
207040001,Married,66,Male,['Jawa'],9.0,700000.0,8475000.0
207040004,Married,29,Female,['Jawa'],9.0,600000.0,1200000.0
207040005,Married,20,Female,['Jawa'],9.0,0.0,4000000.0
207045101,Married,38,Male,['Jawa'],12.0,850000.0,10250000.0
207060004,Married,33,Male,['Jawa'],9.0,26000000.0,150000000.0
207063102,Married,34,Male,['Batak'],15.0,1500000.0,20000000.0
207070002,Married,39,Female,['Jawa'],16.0,5000000.0,61508400.0
207070004,Married,33,Male,['Jawa'],13.0,3200000.0,64900000.0
207080001,Married,59,Male,['Jawa'],15.0,3380400.0,90970800.0
207080003,Married,33,Female,['Jawa'],15.0,750000.0,9000000.0
207083102,Married,34,Male,['Jawa'],15.0,4500000.0,72000000.0
207085102,Married,35,Male,['Jawa'],16.0,2800000.0,33800000.0
207090003,Married,48,Female,['Jawa'],16.0,3300000.0,39600000.0
207090004,Married,51,Male,['Jawa'],18.0,4000000.0,91600000.0
207110003,Married,34,Male,['Jawa'],9.0,3000000.0,36300000.0
207120003,Married,37,Male,['Jawa'],13.0,2000000.0,24000000.0
207140003,Married,48,Female,['Jawa'],16.0,6500000.0,78000000.0
207140004,Married,49,Male,['Jawa'],18.0,3000000.0,100900000.0
207150005,Married,28,Female,['Jawa'],16.0,0.0,0.0
207150006,Separated,26,Male,['Jawa'],13.0,3300000.0,42900000.0
207150008,Married,32,Male,['Jawa'],15.0,400000.0,5100000.0
207160006,Married,21,Female,['Jawa'],13.0,800000.0,10400000.0
207165101,Married,24,Male,['Jawa'],13.0,900000.0,11700000.0
207170003,Married,34,Male,['Jawa'],12.0,3500000.0,30000000.0
207180005,Married,43,Male,['Jawa'],13.0,220000.0,220000.0
207195101,Married,48,Male,['Jawa'],9.0,600000.0,5000000.0
207200003,Married,39,Male,['Jawa'],12.0,6500000.0,18120000.0
207200004,Married,34,Female,['Jawa'],16.0,1000000.0,18000000.0
207200005,Married,30,Male,['Jawa'],12.0,1300000.0,17900000.0
207204103,Married,37,Male,['Jawa'],16.0,3000000.0,39000000.0
207204202,Married,24,Female,['Jawa'],9.0,450000.0,4000000.0
207205102,Married,36,Female,['Jawa'],16.0,0.0,1500000.0
207210005,Married,25,Male,['Jawa'],13.0,1400000.0,18200000.0
207220006,Married,37,Male,['Jawa'],9.0,800000.0,10072000.0
207250003,Married,35,Male,['Jawa'],13.0,500000.0,15000000.0
207250005,Married,27,Female,['Jawa'],13.0,300000.0,2700000.0
207260002,Married,44,Female,['Jawa'],16.0,500000.0,8500000.0
207263102,Married,53,Male,['Jawa'],13.0,1500000.0,21000000.0
207280003,Married,34,Male,['Jawa'],9.0,900000.0,4340000.0
207280005,Married,22,Male,['Jawa'],9.0,500000.0,10900000.0
207285102,Married,23,Female,['Sunda'],9.0,200000.0,700000.0
207290004,Married,36,Female,['Jawa'],16.0,0.0,280000.0
207290005,Married,34,Male,['Jawa'],12.0,3000000.0,41000000.0
207290009,Married,49,Male,['Jawa'],12.0,4000000.0,52000000.0
207295101,Married,43,Male,['Jawa'],12.0,3500000.0,45000000.0
208020003,Married,34,Male,['Jawa'],9.0,2400000.0,31600000.0
208024102,Married,31,Female,['Jawa'],6.0,1200000.0,30000000.0
208114101,Married,34,Male,['Jawa'],13.0,1400000.0,18200000.0
208150001,Married,55,Male,['Jawa'],16.0,4700000.0,61100000.0
208150002,Married,50,Female,['Jawa'],16.0,3600000.0,46600000.0
208170002,Married,57,Female,['Jawa'],16.0,3800000.0,57000000.0
208170003,Married,32,Male,['Jawa'],16.0,8000000.0,96000000.0
208180004,Divorced,35,Male,['Jawa'],12.0,1700000.0,21750000.0
208190001,Married,54,Male,['Jawa'],6.0,600000.0,4800000.0
208190002,Married,44,Female,['Jawa'],12.0,2000000.0,17100000.0
208200003,Married,48,Male,['Jawa'],12.0,1000000.0,14500000.0
208200004,Married,34,Female,['Jawa'],13.0,3000000.0,39500000.0
208201103,Married,50,Female,['Jawa'],12.0,3666000.0,43992000.0
208220003,Married,39,Female,['Jawa'],16.0,2500000.0,32500000.0
208230005,Married,41,Female,['Jawa'],16.0,3000000.0,71000000.0
208230006,Married,47,Male,['Jawa'],16.0,5800000.0,72500000.0
208240005,Married,30,Female,['Jawa'],15.0,2500000.0,30900000.0
208244102,Married,30,Male,['Jawa'],15.0,1000000.0,12000000.0
208270001,Married,52,Male,['Jawa'],6.0,0.0,24570000.0
208270003,Married,23,Female,['Jawa'],9.0,800000.0,10400000.0
208274103,Married,30,Male,['Jawa'],13.0,1200000.0,13200000.0
208280003,Married,40,Male,['Jawa'],12.0,4000000.0,53800000.0
208284103,Married,39,Female,['Jawa'],16.0,3500000.0,45500000.0
208290001,Married,53,Male,['Jawa'],6.0,1500000.0,18050000.0
209010004,Married,53,Female,['Jawa'],12.0,3800000.0,49400000.0
209010005,Married,26,Female,['Jawa'],16.0,1800000.0,21200000.0
209010006,Married,25,Male,['Jawa'],16.0,500000.0,500000.0
209010008,Married,24,Female,['Jawa'],12.0,1500000.0,19500000.0
209080007,Married,33,Male,['Jawa'],15.0,1500000.0,19500000.0
209085101,Married,34,Male,['Jawa'],12.0,500000.0,6000000.0
209090005,Widowed,27,Male,['Sunda'],13.0,2000000.0,25000000.0
209110003,Married,31,Female,['Jawa'],12.0,0.0,1150000.0
209110005,Married,22,Female,['Jawa'],9.0,30000.0,70000.0
209115104,Married,22,Male,['Jawa'],6.0,600000.0,4800000.0
209115201,Married,31,Male,['Jawa'],9.0,500000.0,2000000.0
209120004,Married,30,Male,['Jawa'],9.0,1400000.0,16845000.0
209135101,Married,31,Male,['Jawa'],12.0,1000000.0,12200000.0
209150002,Married,64,Female,['Jawa'],9.0,100000.0,300000.0
209150005,Married,30,Male,['Jawa'],12.0,1800000.0,14400000.0
209150006,Married,27,Female,['Jawa'],12.0,300000.0,3700000.0
209154101,Married,35,Male,['Jawa'],9.0,1500000.0,1500000.0
209160007,Married,45,Female,['Jawa'],9.0,1500000.0,19500000.0
209165101,Married,49,Male,['Jawa'],13.0,1500000.0,2500000.0
209170004,Married,33,Male,['Jawa'],16.0,250000.0,3100000.0
209180004,Married,31,Male,['Jawa'],12.0,1200000.0,17500000.0
209190001,Married,51,Male,['Jawa'],6.0,1300000.0,12050000.0
209200002,Married,75,Female,['Jawa'],6.0,0.0,0.0
209240004,Married,35,Male,['Jawa'],13.0,2700000.0,32600000.0
209241107,Married,34,Female,['Jawa'],13.0,300000.0,600000.0
209250003,Separated,45,Male,['Jawa'],6.0,1050000.0,12600000.0
209264101,Married,46,Male,['Jawa'],13.0,140000.0,140000.0
209270005,Married,22,Male,['Jawa'],13.0,900000.0,10800000.0
210010001,Married,49,Male,['Sunda'],16.0,14000000.0,192000000.0
210020001,Married,43,Male,['Jawa'],18.0,4000000.0,48000000.0
210090001,Widowed,42,Female,['Jawa'],18.0,2500000.0,32500000.0
210090005,Married,35,Male,['Jawa'],16.0,1000000.0,12000000.0
210095102,Married,35,Female,['Jawa'],16.0,2500000.0,30150000.0
210140001,Married,43,Female,['Jawa'],16.0,5000000.0,61000000.0
210140002,Married,44,Male,['Jawa'],18.0,6000000.0,72000000.0
210170006,Separated,49,Female,['Jawa'],9.0,750000.0,5500000.0
210173202,Married,40,Female,['Jawa'],9.0,800000.0,1600000.0
210174202,Married,31,Female,['Jawa'],9.0,900000.0,5400000.0
210174301,Married,33,Male,['Jawa'],9.0,1400000.0,17800000.0
210190003,Married,41,Female,['Jawa'],16.0,23000000.0,198000000.0
211020002,Widowed,58,Female,['Jawa'],16.0,1400000.0,14100000.0
211020003,Married,36,Female,['Jawa'],16.0,2500000.0,32500000.0
211024101,Married,43,Male,['Jawa'],16.0,5000000.0,78000000.0
211060004,Married,31,Male,['Jawa'],16.0,450000.0,6500000.0
211065101,Married,39,Male,['Jawa'],9.0,368000.0,3668000.0
211065202,Married,32,Female,['Jawa'],16.0,1300000.0,18740000.0
211080003,Married,51,Male,['Jawa'],16.0,2700000.0,73000000.0
211090002,Married,39,Male,['Jawa'],16.0,3200000.0,41600000.0
211120001,Married,38,Female,['Jawa'],18.0,3000000.0,5000000.0
211120002,Married,34,Male,['Jawa'],16.0,4000000.0,55000000.0
211120003,Married,38,Male,['Jawa'],22.0,15000000.0,200000000.0
211134102,Married,37,Male,['Jawa'],6.0,700000.0,12550000.0
211134301,Married,30,Male,['Jawa'],12.0,1900000.0,24000000.0
211150004,Married,45,Male,['Jawa'],13.0,2300000.0,31580000.0
211160003,Married,45,Male,['Jawa'],16.0,9000000.0,128000000.0
211160004,Married,38,Female,['Jawa'],12.0,900000.0,11700000.0
211163203,Married,42,Male,['Jawa'],13.0,1100000.0,14300000.0
211164101,Married,30,Male,['Jawa'],13.0,2000000.0,2000000.0
211170003,Married,27,Female,['Jawa'],15.0,5000000.0,62000000.0
211175103,Married,27,Male,['Jawa'],12.0,3000000.0,44500000.0
211180003,Married,44,Female,['Jawa'],16.0,3600000.0,43200000.0
211180004,Widowed,42,Female,['Jawa'],12.0,1500000.0,19200000.0
211183101,Married,47,Male,['Jawa'],18.0,4400000.0,65200000.0
211200003,Married,29,Male,['Jawa'],18.0,9200000.0,110400000.0
211204102,Married,30,Female,['Jawa'],18.0,6997000.0,101464000.0
212060005,Married,42,Male,['Jawa'],12.0,1100000.0,13800000.0
212060007,Married,35,Male,['Jawa'],16.0,3000000.0,39000000.0
212070002,Widowed,68,Female,['Jawa'],12.0,400000.0,2800000.0
212073201,Married,47,Male,['Jawa'],16.0,2500000.0,40000000.0
212100004,Married,32,Female,['Jawa'],13.0,1500000.0,1550000.0
212100005,Married,29,Male,['Jawa'],13.0,600000.0,7800000.0
212110002,Married,38,Male,['Jawa'],12.0,1700000.0,24150000.0
212114102,Married,31,Female,['Jawa'],13.0,1500000.0,18000000.0
212130001,Married,57,Male,['Jawa'],6.0,800000.0,6300000.0
212130005,Married,37,Female,['Jawa'],6.0,1500000.0,18100000.0
212130006,Married,31,Male,['Jawa'],13.0,1500000.0,19500000.0
212130007,Married,30,Female,['Jawa'],13.0,1200000.0,12800000.0
212140001,Married,51,Male,['Jawa'],12.0,3000000.0,36000000.0
212150002,Married,38,Female,['Jawa'],9.0,600000.0,800000.0
212150003,Married,36,Male,['Jawa'],12.0,400000.0,4900000.0
212150005,Married,41,Male,['Jawa'],13.0,1000000.0,13000000.0
212150007,Married,31,Female,['Jawa'],12.0,200000.0,1700000.0
212170003,Married,45,Male,['Jawa'],13.0,400000.0,5500000.0
212170006,Married,38,Female,['Jawa'],12.0,1100000.0,14300000.0
212170007,Married,34,Male,['Jawa'],13.0,1100000.0,13200000.0
212170008,Married,32,Male,['Jawa'],13.0,1100000.0,6800000.0
212175102,Married,42,Male,['Jawa'],12.0,1500000.0,19000000.0
212175202,Married,26,Female,['Jawa'],9.0,0.0,0.0
212180003,Married,49,Female,['Jawa'],6.0,2100000.0,31200000.0
212180005,Married,32,Female,['Jawa'],9.0,800000.0,9600000.0
212180006,Married,27,Male,['Jawa'],13.0,1800000.0,23400000.0
212183105,Married,27,Female,['Jawa'],13.0,1000000.0,12000000.0
212183107,Married,27,Male,['Jawa'],12.0,2000000.0,22300000.0
212183201,Married,44,Male,['Jawa'],6.0,1500000.0,17850000.0
213020001,Married,51,Male,['Jawa'],6.0,500000.0,12300000.0
213020002,Married,49,Female,['Jawa'],6.0,600000.0,7500000.0
213030001,Married,40,Female,['Jawa'],15.0,3000000.0,39000000.0
213030002,Married,50,Male,['Jawa'],18.0,4000000.0,60000000.0
213090002,Married,59,Female,['Jawa'],6.0,1000000.0,12950000.0
213090004,Married,59,Female,['Jawa'],6.0,700000.0,700000.0
213090006,Married,29,Male,['Jawa'],13.0,1800000.0,21600000.0
213090007,Married,57,Male,['Jawa'],9.0,100000.0,100000.0
213091105,Married,44,Male,['Jawa'],13.0,800000.0,10100000.0
213100004,Married,45,Female,['Jawa'],16.0,2000000.0,15000000.0
213100009,Married,42,Male,['Jawa'],16.0,2000000.0,6000000.0
213103201,Married,45,Male,['Jawa'],18.0,4500000.0,54000000.0
213150002,Married,49,Male,['Jawa'],15.0,1700000.0,27600000.0
214010003,Married,40,Female,['Jawa'],15.0,2500000.0,30000000.0
214030004,Married,53,Male,['Jawa'],16.0,2700000.0,32400000.0
214040003,Married,39,Male,['Jawa'],18.0,2500000.0,67600000.0
214040004,Married,34,Female,['Jawa'],18.0,2600000.0,54450000.0
214070001,Married,38,Female,['Jawa'],15.0,3300000.0,42900000.0
214070002,Married,48,Male,['Jawa'],16.0,2275000.0,27300000.0
214130002,Married,37,Female,['Jawa'],18.0,3500000.0,45500000.0
214130003,Married,37,Male,['Jawa'],16.0,5000000.0,52000000.0
214135103,Married,51,Female,['Jawa'],15.0,3500000.0,43000000.0
214140001,Widowed,63,Male,['Jawa'],6.0,400000.0,5100000.0
214140008,Married,37,Female,['Jawa'],9.0,200000.0,2800000.0
214143101,Married,43,Male,['Jawa'],12.0,800000.0,6400000.0
214144201,Married,41,Male,['Jawa'],12.0,1470000.0,18940000.0
214150002,Married,62,Female,['Jawa'],9.0,250000.0,3100000.0
214150005,Divorced,53,Male,['Jawa'],3.0,1000000.0,12400000.0
215020003,Married,51,Female,['Jawa'],16.0,4000000.0,52000000.0
215020008,Married,48,Male,['Jawa'],18.0,7000000.0,91000000.0
215040005,Married,36,Female,['Jawa'],16.0,300000.0,3600000.0
215045202,Married,37,Male,['Jawa'],16.0,500000.0,6000000.0
215060003,Married,49,Male,['Jawa'],13.0,1400000.0,16800000.0
215100005,Divorced,45,Female,['Jawa'],6.0,400000.0,4800000.0
215131105,Married,42,Male,['Jawa'],16.0,3500000.0,43000000.0
215150003,Married,26,Female,['Jawa'],13.0,1135000.0,16817500.0
215150005,Married,49,Male,['Jawa'],12.0,500000.0,6250000.0
215150006,Married,42,Female,['Jawa'],13.0,400000.0,9680000.0
215154102,Married,28,Male,['Jawa'],13.0,1100000.0,13800000.0
215160002,Married,54,Female,['Jawa'],12.0,500000.0,4700000.0
215200004,Divorced,34,Female,['Jawa'],16.0,3000000.0,39000000.0
216050002,Married,46,Female,['Minang'],12.0,1500000.0,2000000.0
216140004,Married,33,Female,['Jawa'],16.0,900000.0,11300000.0
216160005,Married,35,Female,['Jawa'],16.0,445000.0,17700000.0
216165101,Married,47,Male,['Jawa'],16.0,700000.0,8400000.0
216200001,Married,44,Female,['Jawa'],13.0,900000.0,8400000.0
217030002,Married,50,Female,['Jawa'],12.0,1500000.0,21300000.0
217070005,Married,50,Female,['Jawa'],16.0,1500000.0,4500000.0
217070006,Married,43,Female,['Jawa'],15.0,1500000.0,18500000.0
217074301,Married,55,Male,['Jawa'],16.0,4000000.0,52000000.0
217080004,Married,35,Male,['Jawa'],12.0,6000000.0,76000000.0
217080005,Divorced,44,Female,['Jawa'],18.0,5000000.0,79000000.0
217085102,Married,35,Female,['Bugis'],13.0,3000000.0,46100000.0
217090004,Married,33,Female,['Jawa'],12.0,600000.0,8200000.0
217090005,Married,56,Male,['Jawa'],13.0,4900000.0,65800000.0
217090006,Married,53,Female,['Jawa'],16.0,11000000.0,144000000.0
217090008,Married,26,Male,['Jawa'],16.0,1100000.0,9900000.0
217095101,Married,22,Male,['Jawa'],13.0,1000000.0,6000000.0
217100002,Married,53,Female,['Jawa'],9.0,500000.0,1500000.0
217100004,Married,33,Male,['Jawa'],16.0,3000000.0,39000000.0
217100005,Divorced,29,Female,['Jawa'],13.0,1200000.0,14600000.0
217131105,Married,45,Male,['Palembang'],12.0,10000000.0,50000000.0
217170003,Married,49,Female,['Jawa'],13.0,1200000.0,15000000.0
217200003,Married,42,Female,['Jawa'],13.0,600000.0,3600000.0
217203101,Married,47,Male,['Jawa'],12.0,1400000.0,18400000.0
218010003,Married,32,Male,['Jawa'],9.0,1000000.0,4000000.0
218020004,Married,32,Male,['Jawa'],13.0,960000.0,7680000.0
218040006,Married,40,Male,['Jawa'],16.0,1500000.0,27000000.0
218060007,Married,29,Male,['Jawa'],13.0,500000.0,12000000.0
218110002,Married,40,Male,['Jawa'],9.0,1500000.0,20000000.0
218110006,Divorced,56,Female,['Jawa'],6.0,0.0,0.0
218114104,Married,31,Female,['Jawa'],16.0,500000.0,10000000.0
218130001,Married,53,Male,['Jawa'],6.0,0.0,9450000.0
218130004,Married,28,Male,['Jawa'],9.0,2000000.0,24000000.0
218140003,Divorced,33,Male,['Jawa'],6.0,1000000.0,10000000.0
218140004,Married,30,Female,['Jawa'],13.0,500000.0,6000000.0
218150002,Married,52,Female,['Jawa'],15.0,3500000.0,45500000.0
218150003,Married,29,Male,['Jawa'],16.0,3000000.0,39000000.0
218160006,Married,27,Male,['Jawa'],6.0,960000.0,11520000.0
218161102,Married,47,Male,['Jawa'],6.0,1000000.0,8050000.0
218170006,Married,36,Male,['Jawa'],13.0,2400000.0,31200000.0
218170008,Married,34,Male,['Jawa'],13.0,2700000.0,33600000.0
218174101,Married,34,Male,['Jawa'],12.0,2700000.0,35100000.0
218180010,Married,50,Male,['Jawa'],6.0,500000.0,7000000.0
218190001,Married,61,Male,['Jawa'],6.0,1040000.0,12480000.0
219010001,Married,48,Male,['Melayu'],9.0,2000000.0,15000000.0
219010006,Married,28,Male,['Jawa'],12.0,600000.0,4500000.0
219020003,Married,43,Male,['Jawa'],6.0,900000.0,3000000.0
219020005,Married,36,Male,['Jawa'],6.0,800000.0,16000000.0
219020006,Married,33,Female,['Jawa'],9.0,500000.0,6400000.0
219024101,Married,39,Male,['Jawa'],6.0,600000.0,7000000.0
219024301,Married,40,Male,['Jawa'],6.0,1300000.0,4500000.0
219030005,Married,52,Female,['Jawa'],16.0,4020000.0,16000000.0
219030006,Married,28,Female,['Jawa'],15.0,1000000.0,13000000.0
219034002,Married,31,Male,['Jawa'],16.0,2000000.0,26000000.0
219050007,Married,41,Female,['Jawa'],16.0,3200000.0,4000000.0
219060004,Married,50,Male,['Jawa'],12.0,2000000.0,12000000.0
219070005,Married,40,Female,['Jawa'],6.0,700000.0,2800000.0
219080004,Married,36,Female,['Jawa'],9.0,800000.0,4000000.0
219100004,Married,53,Female,['Jawa'],16.0,4000000.0,52000000.0
219120004,Married,42,Male,['Jawa'],12.0,0.0,30000000.0
219120005,Married,37,Male,['Jawa'],16.0,2000000.0,25000000.0
219120010,Married,24,Male,['Jawa'],16.0,5000000.0,50000000.0
219140004,Married,39,Female,['Jawa'],6.0,600000.0,6695000.0
219150002,Married,55,Female,['Jawa'],16.0,4200000.0,96920000.0
219150004,Married,25,Male,['Jawa'],16.0,1200000.0,19400000.0
219160003,Married,33,Male,['Jawa'],9.0,0.0,29000000.0
219190003,Married,45,Female,['Jawa'],13.0,800000.0,3500000.0
219190004,Married,38,Female,['Jawa'],6.0,427000.0,750000.0
219190005,Married,35,Female,['Jawa'],9.0,600000.0,637000.0
219190010,Married,35,Male,['Jawa'],9.0,2000000.0,2050000.0
219193101,Married,48,Male,['Jawa'],6.0,2500000.0,12500000.0
219200002,Married,49,Female,['Jawa'],13.0,400000.0,5100000.0
219210001,Married,52,Male,['Jawa'],6.0,1000000.0,3000000.0
219210002,Divorced,48,Female,['Jawa'],6.0,1000000.0,7000000.0
219220004,Married,28,Male,['Jawa'],9.0,800000.0,7000000.0
219220007,Widowed,38,Female,['Jawa'],13.0,200000.0,2000000.0
219225102,Married,24,Female,['Jawa'],9.0,200000.0,2500000.0
219240005,Married,32,Female,['Jawa'],9.0,500000.0,1550000.0
219250004,Married,34,Male,['Jawa'],9.0,700000.0,6000000.0
219260004,Married,35,Male,['Jawa'],6.0,1200000.0,1200000.0
219280004,Married,29,Male,['Jawa'],9.0,1200000.0,3000000.0
219280005,Married,26,Female,['Jawa'],16.0,450000.0,4950000.0
219283103,Married,41,Male,['Jawa'],9.0,3200000.0,38400000.0
219285101,Married,32,Male,['Jawa'],13.0,900000.0,10800000.0
219290003,Married,41,Male,['Jawa'],6.0,0.0,0.0
220010003,Married,55,Male,['Jawa'],6.0,400000.0,4800000.0
220020002,Married,59,Female,['Jawa'],6.0,1222000.0,14664000.0
220020003,Married,39,Female,['Jawa'],9.0,350000.0,1000000.0
220030003,Married,37,Female,['Jawa'],12.0,0.0,4000000.0
220060003,Married,55,Female,['Jawa'],6.0,600000.0,7650000.0
220080002,Married,55,Female,['Jawa'],6.0,70000.0,840000.0
220080003,Married,41,Male,['Jawa'],13.0,600000.0,7350000.0
220084205,Married,40,Male,['Jawa'],13.0,1000000.0,12200000.0
220085102,Married,26,Female,['Jawa'],16.0,820000.0,7630000.0
220100003,Married,44,Male,['Jawa'],6.0,600000.0,7200000.0
220100008,Married,29,Male,['Jawa'],9.0,900000.0,1800000.0
220100009,Married,28,Female,['Jawa'],9.0,552000.0,6000000.0
220104102,Married,45,Female,['Jawa'],6.0,0.0,520000.0
220110001,Divorced,59,Female,['Jawa'],6.0,375000.0,6250000.0
220110004,Married,36,Female,['Jawa'],6.0,300000.0,300000.0
220110005,Married,43,Female,['Jawa'],6.0,140000.0,2000000.0
220114101,Married,40,Male,['Jawa'],6.0,1040000.0,7280000.0
220120005,Married,28,Male,['Jawa'],9.0,900000.0,11000000.0
220134201,Married,30,Male,['Sunda'],13.0,9000000.0,136000000.0
220140003,Married,57,Male,['Jawa'],6.0,2276000.0,31988000.0
220140004,Married,52,Female,['Jawa'],6.0,1500000.0,19500000.0
220150002,Married,39,Female,['Jawa'],6.0,800000.0,8380000.0
220150003,Married,44,Male,['Jawa'],13.0,1200000.0,14800000.0
220160004,Married,36,Female,['Jawa'],6.0,200000.0,2400000.0
220160007,Married,27,Male,['Jawa'],9.0,0.0,0.0
220163101,Married,46,Male,['Jawa'],12.0,2700000.0,31100000.0
220180003,Married,31,Male,['Jawa'],13.0,2700000.0,10860000.0
220190002,Married,55,Female,['Jawa'],6.0,300000.0,2100000.0
220190004,Married,34,Female,['Jawa'],9.0,770000.0,9590000.0
221030004,Married,33,Male,['Jawa'],6.0,600000.0,7400000.0
221034101,Married,44,Male,['Jawa'],12.0,1440000.0,19230000.0
221040001,Married,52,Male,['Jawa'],6.0,700000.0,4200000.0
221040007,Married,36,Male,['Jawa'],9.0,1200000.0,30000000.0
221060002,Married,53,Female,['Jawa'],6.0,480000.0,6560000.0
221060005,Married,27,Male,['Jawa'],12.0,1430000.0,17410000.0
221070003,Married,30,Male,['Jawa'],18.0,8000000.0,52000000.0
221090001,Married,55,Male,['Jawa'],6.0,1500000.0,18000000.0
221110003,Married,36,Male,['Jawa'],6.0,310000.0,310000.0
221120004,Married,32,Female,['Jawa'],12.0,0.0,1100000.0
221140005,Divorced,42,Male,['Jawa'],6.0,1100000.0,12100000.0
221144101,Married,36,Male,['Jawa'],9.0,720000.0,8640000.0
221170001,Married,56,Female,['Jawa'],6.0,600000.0,7920000.0
221170005,Married,66,Male,['Jawa'],6.0,500000.0,4500000.0
221174102,Married,26,Female,['Jawa'],9.0,700000.0,8500000.0
221180004,Married,50,Female,['Jawa'],6.0,860000.0,10830000.0
221220001,Married,57,Male,['Jawa'],6.0,0.0,15900000.0
221220003,Married,32,Male,['Jawa'],12.0,720000.0,8000000.0
221230005,Married,24,Female,['Jawa'],6.0,600000.0,7100000.0
221235101,Married,35,Male,['Jawa'],9.0,400000.0,400000.0
221250004,Married,23,Female,['Jawa'],9.0,0.0,0.0
221260002,Married,49,Female,['Jawa'],6.0,320000.0,4140000.0
221260003,Married,30,Female,['Jawa'],9.0,240000.0,2720000.0
221260005,Married,41,Male,['Jawa'],9.0,500000.0,6000000.0
221280001,Separated,53,Male,['Jawa'],6.0,0.0,0.0
221280006,Married,26,Male,['Jawa'],6.0,1500000.0,10000000.0
221290007,Married,32,Female,['Jawa'],16.0,100000.0,1200000.0
222010001,Married,63,Male,['Jawa'],9.0,150000.0,1830000.0
222010002,Married,57,Female,['Jawa'],9.0,358500.0,3500000.0
222050004,Married,43,Female,['Jawa'],13.0,3000000.0,39000000.0
222055202,Married,39,Male,['Jawa'],13.0,2700000.0,36900000.0
222060004,Married,34,Male,['Jawa'],15.0,3500000.0,31500000.0
222060005,Married,33,Female,['Jawa'],16.0,3000000.0,3000000.0
222060007,Married,30,Female,['Jawa'],16.0,2400000.0,31200000.0
222080002,Married,52,Female,['Jawa'],9.0,412500.0,6050000.0
222090004,Married,29,Male,['Jawa'],13.0,1500000.0,18000000.0
222090005,Married,21,Female,['Jawa'],12.0,950000.0,11400000.0
222094202,Divorced,28,Female,['Jawa'],9.0,532000.0,6916000.0
222110001,Married,61,Male,['Jawa'],9.0,925000.0,12000000.0
222110002,Married,58,Female,['Jawa'],6.0,720000.0,9360000.0
222130003,Separated,52,Male,['Jawa'],9.0,375000.0,4500000.0
222130006,Married,25,Female,['Jawa'],15.0,1400000.0,15600000.0
222134102,Married,30,Male,['Jawa'],12.0,1500000.0,19500000.0
222140001,Married,59,Male,['Jawa'],15.0,0.0,0.0
222140004,Married,27,Male,['Jawa'],15.0,4500000.0,40500000.0
222144102,Married,26,Female,['Jawa'],16.0,1500000.0,18250000.0
222184101,Married,58,Male,['Jawa'],15.0,5000000.0,65000000.0
222190002,Married,54,Female,['Jawa'],12.0,3800000.0,51400000.0
222190003,Married,28,Female,['Jawa'],16.0,50000.0,1100000.0
222200002,Married,52,Female,['Jawa'],6.0,500000.0,7200000.0
222200004,Married,32,Female,['Jawa'],13.0,1000000.0,12000000.0
222204101,Married,44,Male,['Jawa'],12.0,900000.0,10800000.0
223070004,Married,33,Male,['Jawa'],16.0,4061000.0,51170000.0
223074102,Married,29,Female,['Jawa'],16.0,2500000.0,11500000.0
223080004,Married,44,Female,['Jawa'],16.0,6250000.0,78500000.0
223080005,Married,44,Male,['Jawa'],16.0,800000.0,10000000.0
223100002,Separated,36,Female,['Jawa'],12.0,400000.0,4800000.0
223104102,Married,31,Male,['Jawa'],13.0,1400000.0,18200000.0
223160007,Married,32,Female,['Jawa'],13.0,300000.0,400000.0
223163203,Married,36,Male,['Jawa'],9.0,1000000.0,12000000.0
223180006,Married,35,Male,['Jawa'],9.0,1000000.0,15000000.0
224010003,Married,25,Female,['Jawa'],16.0,1500000.0,18000000.0
224020004,Married,59,Male,['Jawa'],13.0,0.0,2000000.0
224020006,Married,29,Male,['Jawa'],12.0,1000000.0,12000000.0
224040004,Married,38,Male,['Jawa'],16.0,3500000.0,47500000.0
224044102,Married,33,Female,['Jawa'],16.0,1200000.0,20300000.0
224060004,Married,30,Male,['Jawa'],13.0,2700000.0,35100000.0
224064102,Married,23,Female,['Jawa'],12.0,0.0,0.0
224080001,Married,65,Male,['Jawa'],6.0,1600000.0,19600000.0
224080005,Married,33,Male,['Jawa'],12.0,2000000.0,24300000.0
224090009,Married,30,Male,['Jawa'],9.0,1000000.0,12000000.0
224094101,Married,45,Male,['Jawa'],6.0,2000000.0,7000000.0
224100001,Widowed,60,Male,['Jawa'],6.0,1600000.0,1600000.0
224100002,Married,29,Male,['Jawa'],16.0,1900000.0,22000000.0
224100003,Married,25,Female,['Jawa'],12.0,1300000.0,13000000.0
224100005,Married,35,Female,['Jawa'],12.0,280000.0,2240000.0
224100006,Married,35,Male,['Jawa'],9.0,1500000.0,13500000.0
224100008,Married,38,Female,['Jawa'],9.0,700000.0,7800000.0
224105102,Married,27,Male,['Jawa'],13.0,2300000.0,10000000.0
224120002,Married,48,Female,['Jawa'],6.0,2428000.0,29136000.0
224120004,Married,28,Female,['Jawa'],13.0,1200000.0,4000000.0
224120006,Married,27,Male,['Jawa'],13.0,1200000.0,14400000.0
224124102,Married,26,Female,['Jawa'],9.0,800000.0,800000.0
224130002,Married,47,Female,['Jawa'],6.0,0.0,0.0
224140004,Married,37,Female,['Jawa'],12.0,600000.0,7300000.0
224140009,Married,25,Male,['Jawa'],13.0,1700000.0,12730000.0
224145101,Married,41,Male,['Jawa'],12.0,820000.0,10690000.0
224150004,Married,44,Male,['Jawa'],9.0,0.0,700000.0
224153102,Married,38,Female,['Jawa'],13.0,480000.0,1920000.0
224160003,Married,51,Male,['Jawa'],9.0,2800000.0,14400000.0
224160004,Married,41,Male,['Jawa'],9.0,2300000.0,25000000.0
224160006,Married,45,Female,['Jawa'],6.0,2000000.0,20400000.0
224163102,Married,36,Female,['Jawa'],16.0,1200000.0,18400000.0
224170003,Married,47,Female,['Jawa'],12.0,2000000.0,30000000.0
224170004,Married,45,Male,['Jawa'],13.0,1400000.0,21800000.0
224170005,Widowed,39,Male,['Jawa'],13.0,0.0,1150000.0
224180004,Married,41,Male,['Jawa'],9.0,1000000.0,17000000.0
224180007,Married,39,Female,['Jawa'],9.0,3000000.0,32800000.0
224190001,Married,45,Male,['Jawa'],13.0,2000000.0,29500000.0
224190002,Married,46,Female,['Jawa'],12.0,750000.0,5100000.0
224190003,Married,36,Female,['Jawa'],12.0,100000.0,2400000.0
224200002,Married,51,Female,['Jawa'],6.0,1400000.0,17470000.0
224205101,Married,27,Male,['Jawa'],13.0,1300000.0,16900000.0
224210003,Married,44,Female,['Jawa'],6.0,400000.0,4800000.0
224210004,Married,30,Female,['Jawa'],13.0,1600000.0,23800000.0
224210005,Married,25,Male,['Jawa'],12.0,1500000.0,18000000.0
224214101,Married,44,Male,['Jawa'],9.0,1200000.0,12000000.0
224215101,Married,31,Male,['Jawa'],9.0,1320000.0,16500000.0
224220002,Married,48,Female,['Jawa'],6.0,600000.0,10500000.0
224230002,Married,44,Female,['Jawa'],6.0,2000000.0,30000000.0
224230004,Married,38,Female,['Jawa'],13.0,1200000.0,18900000.0
224233101,Married,43,Male,['Jawa'],13.0,3000000.0,43500000.0
224240005,Married,42,Male,['Jawa'],9.0,1500000.0,19500000.0
224260002,Married,54,Male,['Jawa'],6.0,840000.0,8400000.0
224260004,Married,25,Female,['Jawa'],9.0,800000.0,7350000.0
224261106,Married,26,Male,['Jawa'],9.0,900000.0,5400000.0
224270004,Married,31,Male,['Jawa'],13.0,800000.0,9600000.0
224280003,Married,36,Female,['Jawa'],9.0,3000000.0,41000000.0
224281103,Married,38,Male,['Jawa'],13.0,5200000.0,69400000.0
224290002,Married,48,Male,['Jawa'],12.0,2000000.0,14400000.0
224290003,Married,41,Male,['Jawa'],16.0,2800000.0,36400000.0
225010004,Married,35,Male,['Jawa'],12.0,1440000.0,18080000.0
225020002,Married,55,Female,['Jawa'],6.0,400000.0,2400000.0
225020004,Married,24,Male,['Jawa'],9.0,600000.0,15600000.0
225020005,Married,32,Female,['Jawa'],6.0,350000.0,2100000.0
225030005,Married,25,Male,['Jawa'],12.0,800000.0,9600000.0
225033101,Married,41,Male,['Jawa'],12.0,2500000.0,30000000.0
225070002,Married,42,Female,['Jawa'],6.0,840000.0,10080000.0
225070006,Married,25,Male,['Jawa'],9.0,800000.0,9600000.0
225090001,Married,47,Male,['Jawa'],6.0,1200000.0,12000000.0
225090002,Married,52,Female,['Jawa'],6.0,200000.0,1800000.0
225110005,Married,33,Male,['Jawa'],9.0,720000.0,8640000.0
225110010,Married,43,Male,['Jawa'],9.0,600000.0,2400000.0
225115103,Married,27,Female,"['Jawa', 'Madura']",12.0,1600000.0,20250000.0
225120001,Married,66,Male,['Jawa'],6.0,350000.0,350000.0
225120003,Married,35,Female,['Jawa'],9.0,560000.0,1680000.0
225124101,Married,36,Male,['Jawa'],12.0,3660000.0,42020000.0
225134101,Married,35,Male,['Sumbawa'],12.0,2700000.0,36450000.0
225140002,Widowed,47,Female,['Jawa'],6.0,300000.0,1800000.0
225180001,Married,56,Male,['Jawa'],6.0,140000.0,1400000.0
225180002,Married,51,Female,['Jawa'],6.0,1000000.0,4000000.0
225180003,Married,29,Male,['Jawa'],9.0,1200000.0,14750000.0
225180006,Married,24,Female,['Madura'],6.0,500000.0,6000000.0
225185101,Married,33,Male,['Jawa'],6.0,850000.0,10200000.0
225190001,Married,66,Male,['Jawa'],6.0,650000.0,8450000.0
225190003,Married,22,Female,['Jawa'],13.0,900000.0,11700000.0
225200003,Married,39,Male,['Madura'],6.0,500000.0,6650000.0
226020004,Married,41,Male,['Jawa'],12.0,900000.0,13800000.0
226030001,Married,61,Male,['Jawa'],6.0,245000.0,7560000.0
226080006,Married,32,Male,['Jawa'],9.0,780000.0,9360000.0
226113110,Married,26,Male,['Jawa'],6.0,500000.0,6000000.0
226115102,Married,23,Female,['Jawa'],9.0,300000.0,750000.0
226140001,Married,54,Male,['Jawa'],6.0,400000.0,4800000.0
226190001,Married,52,Male,['Jawa'],6.0,500000.0,4800000.0
226214102,Married,24,Female,['Jawa'],9.0,90000.0,1130000.0
226230009,Divorced,42,Female,['Jawa'],6.0,900000.0,10950000.0
226250001,Married,54,Male,['Jawa'],6.0,800000.0,2400000.0
226250004,Married,30,Female,['Jawa'],9.0,1500000.0,20000000.0
226250007,Divorced,23,Female,['Jawa'],6.0,700000.0,1000000.0
226254101,Married,41,Male,['Jawa'],16.0,4000000.0,52000000.0
226305103,Married,30,Male,['Jawa'],9.0,2000000.0,24000000.0
227020001,Married,53,Male,['Jawa'],6.0,2700000.0,35100000.0
227020004,Divorced,28,Female,['Jawa'],13.0,1500000.0,17500000.0
227020006,Married,22,Male,['Jawa'],13.0,600000.0,1200000.0
227025201,Married,27,Male,['Jawa'],13.0,5000000.0,69040000.0
227030003,Married,50,Male,['Jawa'],6.0,2700000.0,32400000.0
227030007,Married,24,Female,['Jawa'],13.0,1500000.0,19500000.0
227030009,Married,41,Male,['Jawa'],12.0,600000.0,600000.0
227031101,Married,40,Male,['Jawa'],9.0,1400000.0,16800000.0
227033107,Married,25,Male,['Madura'],13.0,2500000.0,30000000.0
227035101,Married,27,Male,['Jawa'],13.0,1500000.0,18000000.0
227040001,Married,50,Male,['Jawa'],6.0,3000000.0,37000000.0
227040003,Divorced,26,Female,['Jawa'],13.0,1000000.0,12000000.0
227050002,Widowed,50,Female,['Jawa'],6.0,192000.0,576000.0
227060001,Married,55,Male,['Jawa'],6.0,1800000.0,3600000.0
227070001,Married,55,Male,['Jawa'],6.0,1680000.0,6720000.0
227070005,Married,34,Male,['Jawa'],13.0,1600000.0,22000000.0
227090001,Married,51,Male,['Jawa'],6.0,1700000.0,36760000.0
227090002,Married,43,Female,['Jawa'],9.0,400000.0,2400000.0
227090007,Married,30,Male,['Jawa'],9.0,1000000.0,13000000.0
227100003,Married,27,Female,['Jawa'],9.0,800000.0,8900000.0
227130002,Widowed,53,Female,['Jawa'],6.0,480000.0,5960000.0
227140008,Widowed,47,Male,['Jawa'],12.0,150000.0,5950000.0
227140009,Married,32,Male,['Jawa'],6.0,800000.0,10400000.0
227150001,Divorced,54,Male,['Jawa'],9.0,3500000.0,42000000.0
227150003,Married,32,Male,['Jawa'],13.0,2400000.0,24000000.0
227160001,Married,50,Male,['Jawa'],13.0,3000000.0,40920000.0
227160002,Married,45,Female,['Jawa'],12.0,100000.0,2050000.0
227160004,Married,41,Female,['Jawa'],13.0,2750000.0,35750000.0
227170004,Married,35,Female,['Jawa'],16.0,300000.0,3600000.0
227174101,Married,39,Male,['Jawa'],15.0,2000000.0,12500000.0
227175101,Married,32,Male,['Jawa'],13.0,2500000.0,31000000.0
227190002,Married,50,Female,['Jawa'],6.0,1000000.0,15080000.0
227200004,Married,40,Male,['Jawa'],6.0,1440000.0,17160000.0
227203102,Married,48,Female,['Jawa'],6.0,1200000.0,12000000.0
228040001,Divorced,54,Female,['Jawa'],6.0,200000.0,320000.0
228040002,Married,42,Male,['Madura'],6.0,1040000.0,8000000.0
228045101,Married,35,Male,['Madura'],6.0,400000.0,4050000.0
228060004,Married,27,Male,['Madura'],6.0,1250000.0,8750000.0
228073105,Married,19,Male,['Madura'],9.0,80000.0,80000.0
228080004,Married,32,Male,['Madura'],6.0,1200000.0,13200000.0
228090005,Married,36,Male,['Madura'],6.0,200000.0,1950000.0
228110001,Married,65,Male,['Madura'],6.0,900000.0,11300000.0
228110002,Married,52,Female,['Madura'],6.0,400000.0,400000.0
228110003,Married,36,Male,['Jawa'],12.0,2200000.0,27900000.0
228120003,Married,35,Female,['Madura'],6.0,2700000.0,35100000.0
228125102,Married,39,Male,['Jawa'],13.0,3000000.0,39000000.0
228140001,Married,61,Male,['Madura'],6.0,1200000.0,10000000.0
228140004,Married,30,Male,['Madura'],12.0,130000.0,260000.0
228150004,Married,29,Male,['Jawa'],6.0,1500000.0,7000000.0
228160004,Married,46,Female,['Madura'],6.0,200000.0,900000.0
228180004,Married,40,Male,['Madura'],16.0,3500000.0,77900000.0
228185102,Divorced,45,Female,['Madura'],16.0,1500000.0,80650000.0
228200002,Married,31,Male,['Madura'],16.0,3175000.0,56100000.0
228210008,Married,22,Male,['Madura'],9.0,100000.0,5000000.0
228230002,Married,40,Male,['Jawa'],12.0,2200000.0,2200000.0
228230004,Married,37,Male,['Jawa'],9.0,2700000.0,32400000.0
228233102,Married,36,Female,['Jawa'],13.0,100000.0,100000.0
228250004,Divorced,35,Female,['Madura'],6.0,300000.0,1000000.0
228260002,Married,55,Female,['Madura'],6.0,600000.0,1820000.0
229020003,Married,57,Male,['Jawa'],6.0,800000.0,8800000.0
229020005,Married,37,Male,['Jawa'],6.0,1050000.0,7000000.0
229040007,Married,31,Male,['Madura'],6.0,1200000.0,1200000.0
229050003,Married,41,Male,['Jawa'],6.0,750000.0,8250000.0
229061102,Married,38,Female,['Jawa'],6.0,400000.0,4047500.0
229090005,Married,21,Male,['Jawa'],6.0,3000000.0,18000000.0
229100001,Married,54,Male,['Jawa'],6.0,560000.0,5040000.0
229140005,Married,30,Male,['Jawa'],6.0,5000000.0,25000000.0
229150001,Married,60,Male,['Jawa'],6.0,1120000.0,13440000.0
229153102,Married,38,Female,['Madura'],6.0,0.0,3150000.0
229170001,Married,62,Male,['Jawa'],6.0,1250000.0,5020000.0
229170010,Married,40,Male,['Jawa'],6.0,300000.0,3000000.0
229173103,Married,44,Male,['Madura'],6.0,225000.0,9450000.0
229174302,Married,24,Female,['Jawa'],6.0,0.0,0.0
229210001,Married,43,Male,['Jawa'],6.0,0.0,2100000.0
229230005,Divorced,24,Male,['Jawa'],6.0,175000.0,525000.0
229240001,Married,48,Male,['Jawa'],6.0,60000.0,1200000.0
229250004,Married,48,Male,['Jawa'],6.0,1200000.0,14400000.0
229260004,Married,36,Male,['Jawa'],9.0,1000000.0,12000000.0
229263104,Married,32,Female,['Jawa'],6.0,250000.0,3000000.0
229263306,Married,21,Male,['Jawa'],9.0,840000.0,9000000.0
229264102,Divorced,29,Female,['Jawa'],16.0,750000.0,9000000.0
229284101,Married,31,Male,['Madura'],6.0,1250000.0,1480000.0
229290001,Married,49,Male,['Madura'],6.0,280000.0,3600000.0
229290002,Married,39,Female,['Madura'],6.0,100000.0,1030000.0
229290006,Married,29,Male,['Jawa'],6.0,1120000.0,13440000.0
229300006,Married,20,Male,['Jawa'],6.0,1000000.0,5050000.0
230020007,Married,28,Male,['Jawa'],13.0,2100000.0,2350000.0
230024102,Married,22,Female,['Madura'],6.0,2000000.0,4100000.0
230040001,Married,45,Male,['Madura'],6.0,1200000.0,3600000.0
230040002,Married,42,Female,['Madura'],6.0,1200000.0,1200000.0
230040003,Married,22,Male,['Madura'],6.0,900000.0,1800000.0
230041103,Married,19,Female,['Madura'],6.0,1200000.0,1200000.0
230050005,Married,19,Female,['Jawa'],9.0,2800000.0,5600000.0
230060003,Married,32,Female,['Madura'],16.0,1500000.0,18000000.0
230065101,Married,41,Male,['Madura'],16.0,1355000.0,13550000.0
230070003,Married,27,Female,['Madura'],6.0,1600000.0,1610000.0
230080001,Married,51,Male,['Madura'],6.0,2150000.0,26800000.0
230080003,Married,29,Female,['Madura'],6.0,600000.0,600000.0
230080004,Married,24,Female,['Madura'],6.0,1000000.0,2000000.0
230090003,Married,54,Female,['Madura'],6.0,700000.0,7850000.0
230090004,Married,41,Male,['Madura'],9.0,360000.0,9360000.0
230090005,Married,32,Male,['Madura'],9.0,1250000.0,14800000.0
230100005,Married,40,Female,['Jawa'],6.0,300000.0,600000.0
230130003,Married,30,Male,['Madura'],6.0,1200000.0,9600000.0
230135102,Married,24,Female,['Madura'],6.0,1300000.0,1300000.0
230140005,Married,18,Female,['Madura'],9.0,1400000.0,5600000.0
230140008,Married,24,Male,['Jawa'],9.0,950000.0,10450000.0
230180003,Married,37,Female,['Madura'],6.0,1320000.0,3960000.0
230180004,Divorced,26,Female,['Madura'],6.0,1521000.0,5655000.0
230180005,Married,39,Male,['Madura'],6.0,400000.0,5050000.0
230190005,Widowed,54,Female,['Madura'],6.0,900000.0,930000.0
230200001,Married,44,Male,['Madura'],6.0,1500000.0,18000000.0
230200002,Married,34,Female,['Madura'],6.0,1000000.0,4500000.0
230210002,Married,40,Male,['Madura'],13.0,1000000.0,12000000.0
230210003,Married,35,Female,['Madura'],6.0,1200000.0,2400000.0
230220004,Married,29,Female,['Madura'],6.0,1200000.0,2400000.0
230220007,Married,29,Male,['Madura'],9.0,75000.0,4200000.0
230240002,Married,47,Female,['Madura'],6.0,900000.0,3840000.0
230240003,Married,23,Female,['Jawa'],6.0,1500000.0,2900000.0
230250004,Married,24,Female,['Jawa'],6.0,3000000.0,4500000.0
230250007,Married,25,Male,['Jawa'],9.0,1500000.0,15300000.0
230260003,Married,35,Male,['Madura'],6.0,400000.0,9000000.0
230260004,Married,28,Male,['Madura'],6.0,660000.0,3960000.0
230260005,Married,25,Male,['Jawa'],6.0,0.0,0.0
230260006,Married,33,Female,['Jawa'],6.0,400000.0,800000.0
230260008,Married,20,Female,['Jawa'],13.0,400000.0,5200000.0
230265202,Married,25,Female,['Madura'],6.0,600000.0,600000.0
230270002,Married,34,Female,['Madura'],6.0,1200000.0,3000000.0
230270005,Married,43,Male,['Madura'],9.0,1900000.0,20000000.0
230270007,Married,34,Male,['Madura'],6.0,1800000.0,22600000.0
230300003,Married,39,Female,['Madura'],6.0,975000.0,11125000.0
230300004,Married,32,Female,['Madura'],6.0,1200000.0,2600000.0
230300007,Married,45,Male,['Madura'],6.0,900000.0,12000000.0
231010004,Divorced,42,Male,['Jawa'],9.0,1200000.0,3600000.0
231040001,Married,69,Male,['Jawa'],6.0,0.0,0.0
231040002,Married,69,Female,['Jawa'],6.0,0.0,800000.0
231040003,Married,41,Male,['Jawa'],9.0,455000.0,5460000.0
231050004,Married,31,Male,['Jawa'],6.0,1500000.0,2000000.0
231060001,Married,59,Male,['Jawa'],6.0,400000.0,4830000.0
231060007,Married,26,Female,['Jawa'],6.0,480000.0,5860000.0
231070002,Married,49,Female,['Jawa'],6.0,600000.0,600000.0
231070003,Married,29,Male,['Jawa'],13.0,2200000.0,4700000.0
231071102,Married,39,Female,['Jawa'],9.0,480000.0,6170000.0
231080001,Married,45,Male,['Jawa'],6.0,1440000.0,2540000.0
231080002,Married,39,Female,['Jawa'],6.0,210000.0,210000.0
231100002,Widowed,63,Female,['Jawa'],6.0,300000.0,1200000.0
231100003,Married,36,Female,['Jawa'],6.0,300000.0,1000000.0
231100005,Married,40,Male,['Jawa'],6.0,1120000.0,1420000.0
231100006,Married,31,Male,['Jawa'],6.0,5000000.0,25000000.0
231110002,Married,61,Female,['Jawa'],6.0,750000.0,9050000.0
231120003,Married,42,Male,['Jawa'],6.0,2125000.0,28050000.0
231120004,Married,37,Female,['Jawa'],6.0,260000.0,3390000.0
231121101,Married,43,Male,['Jawa'],6.0,300000.0,1250000.0
231130001,Married,50,Male,['Jawa'],6.0,500000.0,3600000.0
231130002,Divorced,45,Female,['Jawa'],6.0,700000.0,8000000.0
231130003,Married,30,Female,['Jawa'],6.0,0.0,0.0
231130004,Married,36,Male,['Jawa'],6.0,1500000.0,1500000.0
231140001,Married,50,Male,['Jawa'],6.0,1500000.0,18000000.0
231140002,Married,47,Female,['Jawa'],6.0,200000.0,3500000.0
231145101,Married,40,Male,['Jawa'],9.0,750000.0,4500000.0
231160001,Married,61,Male,['Jawa'],6.0,0.0,900000.0
231160002,Married,52,Female,['Jawa'],6.0,440000.0,5280000.0
231170003,Married,38,Male,['Jawa'],6.0,1000000.0,11000000.0
231174102,Married,26,Female,['Jawa'],6.0,320000.0,2880000.0
231190002,Married,72,Female,['Jawa'],6.0,100000.0,1500000.0
231190004,Married,41,Male,['Jawa'],9.0,900000.0,5900000.0
231190005,Married,37,Female,['Jawa'],6.0,300000.0,3900000.0
231200001,Married,51,Male,['Jawa'],12.0,1200000.0,15600000.0
231210001,Married,61,Male,['Jawa'],6.0,500000.0,6600000.0
231210002,Married,52,Female,['Jawa'],6.0,250000.0,1075000.0
231210003,Married,30,Male,['Jawa'],13.0,1600000.0,2790000.0
231215102,Married,24,Female,['Jawa'],6.0,480000.0,3360000.0
231220002,Widowed,69,Female,['Jawa'],6.0,75000.0,900000.0
231260006,Married,27,Male,['Jawa'],6.0,3000000.0,31000000.0
231260009,Married,21,Male,['Jawa'],6.0,200000.0,200000.0
231270003,Married,44,Male,['Jawa'],9.0,840000.0,10080000.0
231270006,Married,41,Female,['Jawa'],6.0,1375000.0,12070000.0
231280003,Married,24,Female,['Jawa'],16.0,100000.0,1200000.0
231285102,Married,26,Male,['Jawa'],9.0,1500000.0,18040000.0
231300002,Married,52,Female,['Jawa'],6.0,203000.0,2389000.0
232010003,Married,25,Female,['Jawa'],13.0,2000000.0,27000000.0
232050006,Divorced,40,Male,['Jawa'],6.0,1040000.0,12780000.0
232064101,Married,36,Male,['Jawa'],18.0,4600000.0,57400000.0
232120003,Married,39,Female,['Jawa'],9.0,500000.0,500000.0
232140006,Married,41,Male,['Jawa'],13.0,1300000.0,16000000.0
232160004,Married,50,Male,['Jawa'],16.0,1200000.0,22400000.0
232170004,Married,31,Female,['Jawa'],16.0,500000.0,6000000.0
232190004,Married,32,Female,['Jawa'],15.0,600000.0,8100000.0
232260002,Married,47,Female,['Jawa'],9.0,500000.0,6350000.0
233010003,Married,35,Female,['Madura'],6.0,390000.0,6435000.0
233010004,Married,33,Male,['Madura'],13.0,960000.0,6720000.0
233010005,Married,44,Male,['Madura'],9.0,4050000.0,68100000.0
233014203,Married,27,Female,['Madura'],16.0,0.0,3000000.0
233030002,Widowed,59,Female,['Madura'],6.0,600000.0,742500.0
233040001,Married,49,Male,['Jawa'],6.0,1560000.0,2160000.0
233040002,Married,42,Female,['Jawa'],6.0,25000.0,25000.0
233060001,Widowed,61,Male,['Madura'],6.0,400000.0,4800000.0
233070002,Married,56,Female,['Madura'],6.0,684000.0,2052000.0
233074204,Married,25,Female,['Jawa'],16.0,100000.0,1200000.0
233090005,Married,20,Male,['Madura'],6.0,210000.0,210000.0
233094102,Married,33,Female,['Madura'],6.0,100000.0,1200000.0
233130006,Married,22,Male,['Jawa'],6.0,400000.0,12000000.0
233134104,Married,21,Female,['Jawa'],12.0,0.0,0.0
233134201,Married,30,Male,['Madura'],13.0,1000000.0,1000000.0
233140002,Married,39,Female,['Madura'],6.0,140000.0,280000.0
233140006,Married,21,Male,['Madura'],9.0,800000.0,5600000.0
233160002,Widowed,63,Female,['Madura'],6.0,700000.0,1000000.0
233160004,Married,29,Male,['Madura'],9.0,1000000.0,1025000.0
233180005,Married,21,Male,['Madura'],12.0,500000.0,6000000.0
233200001,Married,69,Male,['Madura'],6.0,0.0,0.0
233200004,Married,32,Male,['Madura'],13.0,1500000.0,18000000.0
233210001,Married,63,Male,['Madura'],6.0,0.0,1950000.0
233210003,Married,32,Female,['Madura'],6.0,75000.0,125000.0
233210004,Married,30,Male,['Madura'],6.0,250000.0,4340000.0
233210005,Married,25,Female,['Madura'],6.0,75000.0,300000.0
233211101,Married,44,Male,['Madura'],6.0,0.0,0.0
233215201,Married,26,Male,['Madura'],12.0,320000.0,3680000.0
233230002,Married,53,Female,['Madura'],6.0,0.0,0.0
233230003,Married,44,Male,['Jawa'],6.0,1250000.0,10000000.0
233240007,Married,32,Male,['Madura'],12.0,900000.0,11100000.0
233280001,Married,46,Male,['Jawa'],9.0,1000000.0,1000000.0
233285202,Married,30,Male,['Madura'],6.0,0.0,0.0
233300002,Widowed,61,Female,['Madura'],6.0,560000.0,1680000.0
233300007,Married,22,Female,['Madura'],13.0,500000.0,6300000.0
233300009,Married,45,Male,['Jawa'],6.0,1500000.0,4500000.0
234010010,Widowed,57,Female,['Jawa'],9.0,150000.0,1300000.0
234011101,Married,53,Male,['Madura'],16.0,4564000.0,117828000.0
234040001,Married,47,Male,['Madura'],16.0,4200000.0,90600000.0
234040008,Married,26,Male,['Jawa'],15.0,2100000.0,12400000.0
234050002,Married,57,Female,['Jawa'],6.0,300000.0,4600000.0
234050003,Married,31,Female,['Madura'],15.0,50000.0,50000.0
234050007,Married,43,Male,['Madura'],12.0,2300000.0,2900000.0
234070003,Married,53,Male,['Jawa'],15.0,4130000.0,49560000.0
234080003,Married,34,Female,['Jawa'],16.0,500000.0,18550000.0
234084101,Married,41,Male,['Jawa'],16.0,6750000.0,23000000.0
234090003,Divorced,29,Female,['Madura'],16.0,100000.0,1500000.0
234100004,Married,34,Female,['Madura'],6.0,500000.0,600000.0
234105101,Married,32,Male,['Madura'],9.0,390000.0,390000.0
234120004,Married,30,Female,['Madura'],16.0,0.0,1200000.0
234120005,Married,24,Female,['Madura'],16.0,100000.0,1200000.0
234120007,Married,24,Male,['Madura'],16.0,100000.0,1200000.0
234124101,Married,41,Male,['Madura'],12.0,2000000.0,29400000.0
234130003,Married,45,Male,['Madura'],9.0,1200000.0,9600000.0
234130005,Married,31,Female,['Madura'],12.0,420000.0,1905000.0
234134101,Married,35,Male,['Madura'],6.0,600000.0,600000.0
234134202,Widowed,37,Female,['Madura'],6.0,600000.0,7300000.0
234140002,Married,49,Female,['Jawa'],16.0,3000000.0,54468000.0
234140006,Married,50,Male,['Madura'],16.0,2150000.0,8500000.0
234140010,Married,38,Male,['Jawa'],12.0,4000000.0,48000000.0
234153106,Married,36,Male,['Madura'],13.0,4700000.0,56000000.0
234160002,Married,57,Female,['Madura'],6.0,350000.0,350000.0
234160004,Married,28,Male,['Madura'],12.0,2000000.0,7000000.0
234160005,Married,35,Male,['Madura'],12.0,800000.0,9600000.0
234165102,Married,27,Female,['Jawa'],12.0,1000000.0,12000000.0
234170001,Married,54,Male,['Madura'],6.0,2000000.0,16400000.0
234170004,Married,26,Female,['Madura'],12.0,1200000.0,16400000.0
234170009,Married,34,Male,['Jawa'],16.0,2750000.0,20400000.0
234180003,Married,40,Male,['Madura'],13.0,350000.0,350000.0
234180004,Married,32,Female,['Madura'],13.0,0.0,2500000.0
234184101,Married,36,Male,['Madura'],12.0,3800000.0,4200000.0
234200003,Married,37,Male,['Madura'],6.0,1820000.0,18700000.0
235030005,Married,43,Male,['Jawa'],16.0,2700000.0,32600000.0
235040001,Married,59,Male,['Madura'],6.0,300000.0,3650000.0
235040004,Married,24,Male,['Madura'],12.0,1600000.0,52000000.0
235044104,Married,29,Female,['Madura'],9.0,500000.0,3000000.0
235050004,Married,38,Female,['Madura'],16.0,3360000.0,55920000.0
235050005,Married,41,Male,['Madura'],12.0,2500000.0,28400000.0
235053101,Married,53,Male,['Madura'],15.0,4600000.0,81600000.0
235060004,Widowed,64,Female,['Madura'],6.0,350000.0,700000.0
235070007,Married,52,Female,['Madura'],6.0,400000.0,5100000.0
235090005,Married,49,Female,['Madura'],6.0,300000.0,3600000.0
235100002,Married,51,Female,['Jawa'],16.0,3800000.0,65480000.0
235120001,Married,50,Male,['Madura'],13.0,4300000.0,51600000.0
235120006,Married,27,Male,['Madura'],16.0,1500000.0,2000000.0
235130003,Married,34,Female,['Madura'],9.0,350000.0,1550000.0
235130005,Married,29,Male,['Madura'],12.0,1050000.0,13600000.0
235130008,Married,34,Male,['Madura'],16.0,2700000.0,35100000.0
235134101,Married,37,Male,['Madura'],6.0,1650000.0,19800000.0
235140004,Married,27,Female,['Madura'],15.0,300000.0,3600000.0
235150002,Married,50,Female,['Madura'],12.0,1200000.0,3200000.0
235150003,Divorced,51,Female,"['Jawa', 'Madura']",18.0,4000000.0,48000000.0
235150004,Married,46,Female,"['Bali', 'Madura']",12.0,2000000.0,26000000.0
235150005,Married,48,Male,['Jawa'],16.0,5150000.0,74400000.0
235150009,Married,48,Male,['Madura'],12.0,2500000.0,5300000.0
235160004,Married,31,Male,['Tionghoa'],16.0,1500000.0,2000000.0
235160009,Married,40,Male,['Jawa'],12.0,1500000.0,18000000.0
235170001,Married,59,Male,['Madura'],9.0,500000.0,6750000.0
235170002,Married,53,Female,['Madura'],6.0,400000.0,435000.0
235170004,Married,21,Male,"['Jawa', 'Madura']",16.0,800000.0,800000.0
235170005,Married,20,Female,['Madura'],16.0,500000.0,5100000.0
235174104,Married,26,Female,['Madura'],16.0,300000.0,3750000.0
235180010,Married,38,Male,['Jawa'],16.0,2800000.0,34100000.0
235180011,Married,30,Female,['Jawa'],16.0,700000.0,11400000.0
235190004,Married,33,Male,['Jawa'],16.0,10000000.0,119000000.0
235200002,Married,54,Female,['Jawa'],0.0,500000.0,6100000.0
236010001,Married,45,Male,['Madura'],9.0,1500000.0,18500000.0
236050004,Married,45,Male,['Jawa'],13.0,2800000.0,25200000.0
236050006,Married,30,Male,['Jawa'],13.0,1200000.0,14400000.0
236050007,Married,46,Male,['Jawa'],12.0,951000.0,11412000.0
236060001,Married,54,Male,['Jawa'],6.0,3000000.0,15000000.0
236060003,Married,31,Male,['Jawa'],9.0,1320000.0,15840000.0
236065102,Married,33,Female,['Jawa'],15.0,1400000.0,4600000.0
236110003,Married,28,Male,['Jawa'],12.0,2000000.0,30000000.0
236133202,Married,44,Female,['Jawa'],16.0,5800000.0,73400000.0
236160005,Married,36,Female,['Jawa'],9.0,750000.0,8850000.0
236170001,Married,65,Male,['Jawa'],9.0,500000.0,7650000.0
236170004,Married,27,Female,['Jawa'],13.0,1300000.0,15000000.0
236170010,Married,36,Male,['Jawa'],13.0,0.0,21400000.0
236173105,Married,36,Female,"['Jawa', 'Madura']",18.0,1500000.0,18000000.0
236190001,Married,63,Male,['Jawa'],9.0,840000.0,8735000.0
236190004,Married,27,Male,"['Jawa', 'Ambon']",12.0,700000.0,2000000.0
236195102,Married,36,Female,['Jawa'],15.0,1500000.0,5950000.0
237010002,Widowed,54,Female,['Jawa'],6.0,1100000.0,13870000.0
237020001,Married,57,Male,['Jawa'],9.0,2870000.0,34440000.0
237020003,Married,31,Female,['Jawa'],13.0,3000000.0,36000000.0
237024101,Married,37,Male,['Jawa'],9.0,1600000.0,19200000.0
237030004,Married,31,Female,['Jawa'],13.0,2641000.0,22846000.0
237040004,Married,38,Male,['Jawa'],9.0,2700000.0,30442000.0
237040010,Married,62,Male,['Jawa'],6.0,1800000.0,14400000.0
237050004,Married,29,Male,['Jawa'],16.0,5100000.0,58000000.0
237050005,Married,24,Female,['Jawa'],15.0,800000.0,9600000.0
237055102,Married,26,Female,['Jawa'],16.0,700000.0,30400000.0
237055202,Married,26,Male,['Jawa'],13.0,3600000.0,43200000.0
237060004,Married,45,Male,['Jawa'],6.0,1920000.0,22880000.0
237063102,Married,40,Female,['Jawa'],6.0,1040000.0,12980000.0
237070001,Married,50,Male,['Jawa'],12.0,7500000.0,90000000.0
237070002,Married,40,Female,['Jawa'],9.0,350000.0,1250000.0
237080003,Married,40,Female,['Jawa'],6.0,1000000.0,12000000.0
237080008,Married,44,Male,['Jawa'],12.0,2040000.0,6120000.0
237083302,Married,35,Female,['Jawa'],6.0,1200000.0,14400000.0
237100003,Married,46,Male,['Jawa'],9.0,3000000.0,39000000.0
237100004,Married,34,Female,['Jawa'],9.0,2080000.0,9680000.0
237104102,Married,39,Female,['Jawa'],6.0,2700000.0,30000000.0
237110002,Widowed,53,Female,['Jawa'],6.0,720000.0,8640000.0
237110004,Married,26,Male,['Jawa'],13.0,1500000.0,20700000.0
237110005,Divorced,22,Female,['Jawa'],9.0,800000.0,4000000.0
237115102,Married,26,Female,['Jawa'],13.0,2000000.0,26000000.0
237120001,Married,60,Male,['Jawa'],6.0,0.0,10000000.0
237120004,Married,31,Male,['Jawa'],13.0,1950000.0,23400000.0
237130003,Married,40,Male,['Jawa'],6.0,1680000.0,20860000.0
237130005,Married,25,Male,['Jawa'],9.0,1200000.0,14400000.0
237130007,Married,35,Female,['Jawa'],9.0,1400000.0,16800000.0
237140003,Married,50,Male,['Jawa'],6.0,2700000.0,32400000.0
237140004,Married,49,Female,['Jawa'],6.0,200000.0,1400000.0
237160007,Married,28,Female,['Jawa'],9.0,1400000.0,7000000.0
237170001,Married,59,Male,['Jawa'],6.0,1200000.0,9600000.0
237170003,Married,33,Male,['Jawa'],9.0,2300000.0,31600000.0
237190005,Married,34,Male,['Jawa'],13.0,2500000.0,30000000.0
237190006,Married,48,Male,['Jawa'],6.0,2200000.0,27900000.0
237193101,Married,37,Male,['Jawa'],13.0,2700000.0,36000000.0
237200001,Divorced,57,Female,['Jawa'],16.0,2000000.0,18700000.0
237220004,Married,45,Male,['Jawa'],12.0,850000.0,11050000.0
237220006,Married,38,Female,['Jawa'],16.0,2300000.0,27400000.0
237240005,Married,34,Male,['Jawa'],15.0,2700000.0,32400000.0
237240007,Married,44,Male,['Jawa'],9.0,2229000.0,26748000.0
237250001,Married,61,Male,['Jawa'],6.0,2000000.0,24000000.0
237250003,Married,33,Male,['Jawa'],13.0,2000000.0,24000000.0
237260003,Married,24,Female,['Jawa'],16.0,230000.0,2860000.0
237260007,Married,30,Male,['Jawa'],9.0,840000.0,10080000.0
237270001,Married,49,Male,['Jawa'],9.0,2400000.0,28800000.0
237270002,Married,44,Female,['Jawa'],6.0,720000.0,8640000.0
237280001,Married,51,Male,['Jawa'],6.0,2500000.0,30000000.0
237280003,Married,24,Female,['Jawa'],16.0,1000000.0,13500000.0
237284102,Married,28,Male,['Jawa'],16.0,1500000.0,22000000.0
237290001,Divorced,69,Male,['Jawa'],6.0,400000.0,4800000.0
237290002,Married,43,Male,['Jawa'],9.0,1365000.0,14990000.0
237290003,Married,41,Female,['Jawa'],9.0,2980000.0,37160000.0
237290004,Married,44,Male,['Jawa'],9.0,2500000.0,30300000.0
237290005,Married,23,Female,['Jawa'],12.0,5000000.0,80000000.0
237290006,Married,26,Male,['Jawa'],12.0,2700000.0,19200000.0
237294102,Married,35,Female,['Jawa'],9.0,800000.0,9600000.0
237300004,Married,40,Female,['Jawa'],6.0,600000.0,7200000.0
238010002,Married,49,Female,['Jawa'],9.0,400000.0,5000000.0
238020001,Married,53,Male,['Jawa'],12.0,3840000.0,59920000.0
238020005,Married,39,Male,['Jawa'],12.0,4500000.0,58500000.0
238020006,Married,35,Female,['Jawa'],13.0,2700000.0,32400000.0
238031103,Married,42,Male,['Madura'],16.0,5000000.0,73000000.0
238040002,Married,60,Female,['Jawa'],6.0,500000.0,6800000.0
238040004,Married,33,Female,['Jawa'],9.0,1300000.0,10400000.0
238040005,Married,26,Male,"['Jawa', 'Bugis']",13.0,2500000.0,32100000.0
238044101,Married,33,Male,['Jawa'],9.0,1400000.0,16800000.0
238050003,Married,30,Male,['Jawa'],13.0,2400000.0,31000000.0
238050005,Married,31,Male,['Jawa'],9.0,2000000.0,24000000.0
238054102,Married,22,Female,['Jawa'],13.0,1400000.0,17800000.0
238070001,Married,58,Male,['Jawa'],6.0,2700000.0,29700000.0
238070003,Married,34,Male,['Jawa'],9.0,1400000.0,16800000.0
238070004,Married,32,Female,['Jawa'],12.0,2500000.0,30000000.0
238070005,Married,36,Male,['Jawa'],12.0,3000000.0,36000000.0
238074102,Married,32,Female,['Jawa'],12.0,2700000.0,32400000.0
238080003,Married,49,Female,['Jawa'],9.0,3000000.0,39000000.0
238080004,Married,52,Male,['Jawa'],6.0,2735000.0,29670000.0
238100001,Married,47,Female,['Jawa'],12.0,1650000.0,20000000.0
238110004,Married,38,Male,['Jawa'],16.0,3800000.0,19000000.0
238125101,Married,41,Male,['Jawa'],12.0,5400000.0,65100000.0
238140001,Married,55,Male,['Jawa'],13.0,4000000.0,47400000.0
238140004,Married,26,Male,['Jawa'],16.0,2500000.0,35000000.0
238140006,Married,32,Male,['Jawa'],18.0,1600000.0,36000000.0
238145102,Married,27,Female,['Jawa'],15.0,1800000.0,26800000.0
238170003,Married,47,Male,['Jawa'],16.0,2750000.0,33000000.0
238170004,Married,45,Female,['Jawa'],16.0,1550000.0,21100000.0
238170005,Married,43,Female,['Jawa'],16.0,2000000.0,44600000.0
238170006,Married,42,Female,['Jawa'],16.0,2750000.0,35750000.0
238174102,Married,43,Female,['Jawa'],16.0,3800000.0,45600000.0
238174201,Married,40,Male,['Jawa'],12.0,2700000.0,32400000.0
238174303,Married,52,Male,['Jawa'],16.0,3200000.0,45200000.0
238174401,Married,42,Male,['Jawa'],13.0,4500000.0,67000000.0
238180003,Married,35,Male,['Jawa'],13.0,2700000.0,31020000.0
238185102,Married,30,Female,['Jawa'],13.0,3000000.0,33875000.0
239010003,Divorced,45,Female,['Jawa'],9.0,2050000.0,24600000.0
239010011,Married,26,Male,['Jawa'],13.0,2900000.0,37700000.0
239010014,Married,37,Male,['Jawa'],9.0,1700000.0,14750000.0
239030004,Married,39,Female,['Jawa'],6.0,2110000.0,27420000.0
239030005,Married,46,Male,['Jawa'],6.0,2240000.0,2240000.0
239030006,Married,33,Male,['Jawa'],6.0,1800000.0,23600000.0
239030008,Married,25,Female,['Jawa'],9.0,1700000.0,20400000.0
239033102,Married,36,Female,['Jawa'],6.0,2110000.0,25320000.0
239040001,Widowed,55,Female,['Jawa'],6.0,1200000.0,8400000.0
239040003,Married,35,Female,['Jawa'],12.0,1200000.0,14400000.0
239043101,Married,41,Male,['Jawa'],6.0,3000000.0,36300000.0
239044101,Married,43,Male,['Jawa'],12.0,1700000.0,20700000.0
239050003,Married,35,Female,['Jawa'],9.0,2250000.0,29600000.0
239050005,Married,40,Female,['Jawa'],6.0,2100000.0,25200000.0
239060003,Married,33,Female,['Jawa'],6.0,2100000.0,25200000.0
239080002,Married,35,Female,['Jawa'],9.0,2050000.0,24550000.0
239080003,Married,30,Female,['Jawa'],9.0,2100000.0,24100000.0
239080005,Married,39,Female,['Jawa'],6.0,2050000.0,26650000.0
239084203,Married,45,Male,['Jawa'],6.0,1500000.0,13500000.0
239090003,Married,35,Female,['Jawa'],9.0,2050000.0,26250000.0
239090007,Married,35,Male,['Jawa'],12.0,2050000.0,35880000.0
239110005,Married,44,Female,['Jawa'],15.0,550000.0,6600000.0
239114201,Married,38,Male,['Jawa'],13.0,1200000.0,4800000.0
239120001,Married,51,Male,['Jawa'],6.0,1440000.0,18980000.0
239120002,Married,41,Female,['Jawa'],6.0,2000000.0,24000000.0
239125101,Married,34,Male,['Jawa'],12.0,1500000.0,19500000.0
239130002,Married,46,Female,['Jawa'],6.0,500000.0,6200000.0
239130003,Married,26,Female,['Jawa'],9.0,1250000.0,15000000.0
239140002,Widowed,67,Female,['Jawa'],6.0,450000.0,5600000.0
239160004,Married,37,Male,['Jawa'],6.0,1500000.0,18000000.0
239160005,Married,34,Female,['Jawa'],9.0,2120000.0,15906000.0
239170002,Married,51,Female,['Jawa'],6.0,800000.0,8800000.0
239180002,Married,53,Female,['Jawa'],6.0,72000.0,1728000.0
239180004,Married,29,Male,['Jawa'],12.0,2400000.0,29400000.0
239180005,Married,22,Female,['Jawa'],12.0,2150000.0,27950000.0
239180006,Married,23,Male,['Jawa'],13.0,2050000.0,26650000.0
239190004,Married,29,Female,['Jawa'],9.0,2090000.0,27170000.0
239210005,Married,33,Male,['Jawa'],9.0,2300000.0,27600000.0
239210008,Married,37,Male,['Jawa'],12.0,2100000.0,25200000.0
239213201,Married,46,Male,['Jawa'],6.0,2568000.0,30816000.0
239220003,Married,34,Male,['Jawa'],9.0,1800000.0,21600000.0
239224104,Married,29,Female,['Jawa'],9.0,1300000.0,15600000.0
239240002,Married,47,Female,['Jawa'],6.0,2050000.0,26650000.0
239250001,Married,55,Male,['Jawa'],6.0,1794000.0,22028000.0
239250002,Married,47,Female,['Jawa'],6.0,2100000.0,27300000.0
239250003,Divorced,27,Male,['Jawa'],12.0,2400000.0,13380000.0
239260004,Widowed,46,Female,['Jawa'],6.0,910000.0,10920000.0
239270003,Married,33,Male,['Jawa'],9.0,2300000.0,27500000.0
239270006,Married,33,Male,['Jawa'],12.0,2100000.0,24000000.0
239280001,Married,54,Male,['Jawa'],6.0,0.0,1500000.0
239284101,Married,38,Male,['Jawa'],9.0,2400000.0,27430000.0
239285101,Married,32,Male,['Jawa'],9.0,600000.0,7200000.0
239290003,Married,29,Male,['Jawa'],13.0,2200000.0,26000000.0
239294101,Married,38,Male,['Jawa'],6.0,2050000.0,26650000.0
239295102,Married,28,Female,['Jawa'],12.0,1100000.0,24200000.0
239300004,Married,49,Male,['Jawa'],6.0,250000.0,3600000.0
239300005,Married,42,Male,['Jawa'],12.0,2100000.0,27300000.0
239300009,Widowed,61,Female,['Jawa'],6.0,140000.0,600000.0
239300011,Married,36,Male,['Jawa'],9.0,2050000.0,26650000.0
239303201,Married,43,Male,['Jawa'],9.0,2050000.0,26650000.0
239304102,Married,44,Female,['Jawa'],13.0,400000.0,9680000.0
239305703,Married,25,Male,['Jawa'],12.0,1800000.0,5400000.0
240010001,Widowed,58,Female,['Jawa'],6.0,180000.0,2654000.0
240020005,Married,22,Female,['Jawa'],9.0,100000.0,100000.0
240030003,Married,42,Male,['Jawa'],9.0,1500000.0,4500000.0
240050004,Married,32,Female,['Jawa'],9.0,1300000.0,16900000.0
240050006,Married,44,Female,['Jawa'],9.0,400000.0,6000000.0
240050010,Married,41,Female,['Jawa'],9.0,0.0,2200000.0
240053101,Married,52,Male,['Jawa'],9.0,2000000.0,18000000.0
240054201,Married,34,Male,['Jawa'],13.0,2700000.0,30600000.0
240060002,Widowed,54,Female,['Jawa'],6.0,225000.0,2800000.0
240060004,Married,28,Male,['Jawa'],12.0,1700000.0,1700000.0
240070004,Married,47,Female,['Jawa'],6.0,750000.0,4800000.0
240070009,Married,53,Male,['Jawa'],6.0,2300000.0,29900000.0
240090001,Married,50,Male,['Jawa'],6.0,5500000.0,49500000.0
240090002,Married,46,Male,['Jawa'],6.0,480000.0,480000.0
240090010,Married,38,Female,['Jawa'],12.0,28000.0,28000.0
240093102,Married,32,Female,['Jawa'],9.0,400000.0,1200000.0
240120003,Married,45,Male,['Jawa'],9.0,1700000.0,10200000.0
240120005,Separated,47,Male,['Jawa'],16.0,3000000.0,36000000.0
240120006,Separated,40,Female,['Jawa'],18.0,4500000.0,90300000.0
240150004,Married,37,Male,['Jawa'],9.0,1500000.0,18000000.0
240150008,Married,28,Female,['Jawa'],9.0,300000.0,2400000.0
240160002,Married,44,Male,['Jawa'],9.0,840000.0,2520000.0
240163104,Married,34,Female,['Jawa'],9.0,1400000.0,18300000.0
240170001,Married,54,Female,['Jawa'],6.0,80000.0,960000.0
240170002,Married,37,Female,['Jawa'],9.0,175000.0,175000.0
240170003,Married,35,Female,['Jawa'],6.0,280000.0,3360000.0
240170006,Married,29,Female,['Jawa'],9.0,97500.0,320000.0
240170012,Married,57,Male,['Jawa'],6.0,0.0,10000000.0
240173101,Married,45,Male,['Jawa'],9.0,2000000.0,24250000.0
240174101,Married,40,Male,['Jawa'],12.0,300000.0,600000.0
240174305,Married,34,Male,['Jawa'],9.0,1000000.0,8850000.0
240200001,Married,46,Female,['Jawa'],6.0,200000.0,2500000.0
240200006,Married,54,Male,['Jawa'],6.0,300000.0,3600000.0
240204101,Married,32,Male,['Jawa'],6.0,800000.0,9600000.0
240220002,Married,30,Male,['Jawa'],13.0,2700000.0,32400000.0
240230001,Married,52,Male,['Jawa'],6.0,0.0,5000000.0
240230002,Married,45,Female,['Jawa'],6.0,600000.0,7200000.0
240230003,Married,27,Male,['Jawa'],13.0,2000000.0,13200000.0
240260003,Married,46,Male,['Jawa'],16.0,2000000.0,24000000.0
240260004,Married,42,Female,['Jawa'],12.0,720000.0,4980000.0
240260005,Married,31,Female,['Jawa'],16.0,350000.0,6900000.0
240260006,Married,30,Male,['Jawa'],12.0,1700000.0,20000000.0
240260007,Married,32,Male,['Jawa'],13.0,200000.0,200000.0
240260008,Married,33,Male,['Jawa'],9.0,1200000.0,14400000.0
240265104,Married,22,Female,['Jawa'],9.0,600000.0,7800000.0
240270001,Married,53,Male,['Jawa'],6.0,1700000.0,20400000.0
240270003,Married,28,Male,['Jawa'],13.0,2700000.0,35100000.0
240280003,Married,49,Male,['Jawa'],18.0,2700000.0,32400000.0
240290007,Married,31,Male,['Jawa'],18.0,1500000.0,22100000.0
240290015,Married,33,Male,['Jawa'],18.0,1200000.0,14400000.0
240293104,Married,29,Female,['Jawa'],16.0,1000000.0,12500000.0
240303101,Married,59,Male,['Jawa'],16.0,3600000.0,43200000.0
241010003,Married,45,Female,['Jawa'],16.0,500000.0,6500000.0
241040002,Divorced,70,Male,['Jawa'],9.0,75000.0,900000.0
241050003,Married,37,Male,['Jawa'],18.0,4000000.0,108000000.0
241060003,Married,32,Female,['Jawa'],12.0,2700000.0,35100000.0
241070002,Married,50,Female,['Jawa'],12.0,100000.0,1200000.0
241070006,Married,44,Male,['Jawa'],12.0,200000.0,2400000.0
241070007,Married,34,Male,['Jawa'],16.0,1500000.0,25000000.0
241090002,Married,37,Male,['Jawa'],13.0,200000.0,2400000.0
241114101,Married,32,Male,['Jawa'],9.0,210000.0,1260000.0
241120004,Married,46,Male,['Jawa'],6.0,210000.0,6720000.0
241120006,Married,38,Female,['Jawa'],6.0,0.0,330000.0
241150003,Married,42,Male,['Jawa'],13.0,1800000.0,16200000.0
241150007,Married,43,Female,['Jawa'],6.0,1200000.0,5150000.0
241190003,Married,54,Male,['Jawa'],6.0,400000.0,4800000.0
241210003,Married,38,Female,['Jawa'],13.0,1200000.0,14400000.0
241210007,Married,43,Male,['Jawa'],13.0,4000000.0,54400000.0
241240004,Married,32,Male,['Jawa'],13.0,2500000.0,32500000.0
241245102,Married,28,Female,['Jawa'],9.0,1500000.0,19000000.0
241270002,Widowed,72,Female,['Jawa'],6.0,0.0,900000.0
241275101,Married,25,Male,['Jawa'],13.0,2700000.0,31600000.0
241303102,Married,39,Female,['Jawa'],13.0,0.0,13700000.0
241410005,Married,38,Female,['Jawa'],9.0,1200000.0,3600000.0
242010005,Married,28,Male,['Jawa'],9.0,1600000.0,20700000.0
242020001,Married,60,Male,['Jawa'],6.0,9000000.0,24000000.0
242020002,Married,47,Female,['Jawa'],6.0,0.0,12000000.0
242040001,Married,73,Male,['Jawa'],6.0,350000.0,700000.0
242040002,Married,57,Female,['Jawa'],6.0,350000.0,1500000.0
242050004,Married,39,Male,['Jawa'],9.0,375000.0,4500000.0
242070002,Widowed,47,Male,['Jawa'],6.0,0.0,1500000.0
242090002,Married,28,Male,['Jawa'],9.0,0.0,0.0
242120009,Married,28,Male,['Jawa'],9.0,200000.0,200000.0
242130003,Married,46,Male,['Jawa'],6.0,1200000.0,1200000.0
242140003,Widowed,46,Female,['Jawa'],6.0,40000.0,40000.0
242150004,Married,42,Male,['Jawa'],6.0,120000.0,1260000.0
242154103,Married,38,Female,['Jawa'],6.0,0.0,0.0
242180002,Widowed,56,Female,['Jawa'],16.0,600000.0,12200000.0
242190004,Married,45,Female,['Jawa'],16.0,4050000.0,55650000.0
242190007,Married,48,Male,['Jawa'],16.0,4000000.0,47450000.0
242210003,Married,51,Female,['Jawa'],6.0,0.0,3000000.0
242211101,Married,52,Male,['Jawa'],6.0,0.0,9054000.0
242214101,Married,40,Male,['Jawa'],13.0,1000000.0,10000000.0
242230004,Married,32,Male,['Jawa'],13.0,3200000.0,41600000.0
242235102,Married,33,Female,['Jawa'],15.0,4000000.0,52000000.0
242250003,Married,37,Male,['Jawa'],9.0,3000000.0,20000000.0
242255102,Married,31,Female,['Jawa'],9.0,3000000.0,30000000.0
242270002,Married,56,Female,['Jawa'],6.0,300000.0,300000.0
242274101,Married,47,Female,['Jawa'],6.0,700000.0,700000.0
242290001,Married,48,Male,['Jawa'],6.0,1500000.0,3000000.0
242290002,Married,46,Female,['Jawa'],6.0,2160000.0,4320000.0
242300003,Married,27,Female,['Jawa'],16.0,250000.0,3000000.0
242305102,Married,27,Male,['Jawa'],12.0,2000000.0,24600000.0
243020005,Married,32,Male,['Jawa'],13.0,4000000.0,50000000.0
243040001,Married,53,Male,['Jawa'],9.0,1200000.0,13200000.0
243040002,Married,53,Female,['Jawa'],6.0,500000.0,6000000.0
243080003,Married,52,Female,['Jawa'],6.0,1000000.0,3000000.0
243090004,Married,44,Male,['Jawa'],9.0,1500000.0,18000000.0
243090005,Married,37,Female,['Madura'],6.0,100000.0,1070000.0
243120002,Married,25,Male,['Jawa'],12.0,3500000.0,36000000.0
243120005,Married,37,Male,['Jawa'],9.0,1650000.0,19800000.0
243130001,Married,60,Male,['Jawa'],6.0,50000.0,8400000.0
243173104,Married,43,Male,['Jawa'],12.0,32000000.0,41600000.0
244020003,Married,33,Male,['Jawa'],9.0,600000.0,7200000.0
244020004,Married,42,Male,['Jawa'],6.0,2000000.0,13000000.0
244070002,Married,31,Male,['Jawa'],6.0,1200000.0,2200000.0
244070003,Separated,23,Female,['Jawa'],9.0,1100000.0,10500000.0
244100005,Married,34,Male,['Jawa'],6.0,1000000.0,6000000.0
244160008,Married,62,Male,['Jawa'],6.0,150000.0,150000.0
244180006,Married,31,Female,['Jawa'],6.0,400000.0,5200000.0
244230003,Married,37,Male,['Jawa'],12.0,1500000.0,18000000.0
244230004,Married,29,Male,['Jawa'],9.0,1500000.0,19000000.0
245010008,Married,45,Male,['Jawa'],6.0,1500000.0,18000000.0
245013102,Married,37,Female,['Jawa'],6.0,2000000.0,4000000.0
245015102,Married,24,Male,['Jawa'],9.0,1000000.0,26400000.0
245030001,Married,51,Male,['Jawa'],6.0,3000000.0,36000000.0
245034101,Married,31,Male,['Jawa'],9.0,1260000.0,17640000.0
245040001,Married,52,Male,['Jawa'],6.0,0.0,600000.0
245060002,Married,41,Male,['Jawa'],6.0,1500000.0,1500000.0
245060003,Married,37,Male,['Jawa'],6.0,1680000.0,3360000.0
245080002,Married,47,Female,['Jawa'],6.0,140000.0,1680000.0
245094102,Married,37,Female,['Jawa'],6.0,600000.0,1000000.0
245110003,Married,34,Female,['Jawa'],6.0,750000.0,9800000.0
245111102,Married,30,Male,['Jawa'],9.0,2400000.0,26400000.0
245130003,Married,52,Male,['Jawa'],6.0,200000.0,600000.0
245140005,Married,35,Male,['Jawa'],6.0,60000.0,935000.0
245150002,Married,46,Female,['Jawa'],6.0,0.0,600000.0
245160002,Married,56,Male,['Jawa'],6.0,2250000.0,28400000.0
245170003,Married,36,Male,['Jawa'],12.0,900000.0,10800000.0
245170005,Married,29,Male,['Jawa'],12.0,1000000.0,15000000.0
245174203,Married,27,Female,['Jawa'],9.0,1680000.0,23100000.0
245180004,Married,37,Female,['Jawa'],6.0,595000.0,795000.0
245190002,Widowed,46,Female,['Jawa'],6.0,0.0,500000.0
245190003,Married,26,Male,['Jawa'],16.0,2000000.0,26500000.0
245190005,Married,56,Female,['Jawa'],6.0,150000.0,1000000.0
245220005,Married,25,Male,['Jawa'],6.0,0.0,3000000.0
245225101,Married,36,Male,['Jawa'],13.0,2000000.0,24700000.0
245230002,Married,40,Female,['Jawa'],6.0,0.0,3840000.0
245260003,Married,32,Male,['Sunda'],6.0,2000000.0,24200000.0
245280003,Married,55,Male,['Jawa'],6.0,31500.0,31500.0
245280004,Married,43,Female,['Jawa'],6.0,375000.0,4700000.0
245290006,Married,29,Male,['Jawa'],9.0,1500000.0,15000000.0
246010006,Married,27,Female,['Jawa'],15.0,1700000.0,3700000.0
246035102,Married,31,Female,['Jawa'],16.0,2500000.0,30000000.0
246060003,Married,46,Female,['Jawa'],16.0,3000000.0,60000000.0
246064101,Married,46,Male,['Jawa'],16.0,4400000.0,81000000.0
246120003,Widowed,52,Male,['Jawa'],16.0,4000000.0,30000000.0
246150003,Married,27,Male,['Jawa'],9.0,1200000.0,17000000.0
246160005,Married,33,Female,['Jawa'],12.0,800000.0,9800000.0
246170001,Married,64,Male,['Jawa'],6.0,400000.0,4800000.0
246170004,Married,33,Male,['Jawa'],16.0,300000.0,300000.0
246200002,Married,48,Female,['Jawa'],9.0,50000.0,600000.0
246410003,Married,36,Male,['Jawa'],16.0,1700000.0,16600000.0
247045101,Married,27,Male,['Jawa'],9.0,5000000.0,65000000.0
247080007,Married,29,Male,['Jawa'],6.0,0.0,140000000.0
247090003,Married,25,Male,['Jawa'],9.0,0.0,28000000.0
247120008,Married,47,Male,['Jawa'],12.0,2800000.0,33600000.0
247220003,Married,30,Male,['Jawa'],13.0,1900000.0,23800000.0
247225102,Married,22,Female,['Jawa'],9.0,1700000.0,17850000.0
247240003,Married,35,Female,['Jawa'],9.0,300000.0,3300000.0
247244101,Married,40,Male,['Jawa'],13.0,1378000.0,24580000.0
247280003,Married,34,Male,['Jawa'],16.0,900000.0,11000000.0
247284101,Married,39,Male,['Jawa'],16.0,2500000.0,30300000.0
247290003,Married,31,Male,['Jawa'],13.0,2400000.0,28800000.0
247290005,Divorced,24,Female,['Jawa'],16.0,200000.0,2400000.0
247294102,Married,27,Female,['Jawa'],9.0,2400000.0,28800000.0
247300005,Married,30,Female,['Jawa'],16.0,200000.0,2880000.0
248030001,Married,59,Male,['Jawa'],6.0,400000.0,4800000.0
248030003,Married,38,Female,['Jawa'],16.0,500000.0,2000000.0
248041101,Married,42,Male,['Jawa'],6.0,1500000.0,18400000.0
248041201,Married,42,Male,['Jawa'],9.0,1820000.0,18200000.0
248050001,Married,53,Male,['Jawa'],6.0,2000000.0,25000000.0
248060006,Married,32,Female,['Jawa'],9.0,300000.0,3600000.0
248060010,Married,45,Male,['Jawa'],9.0,2195000.0,26340000.0
248064102,Married,39,Female,['Jawa'],12.0,2200000.0,26400000.0
248064201,Married,38,Male,['Madura'],12.0,3000000.0,40500000.0
248090005,Married,27,Female,['Jawa'],12.0,1800000.0,24500000.0
248100004,Married,50,Male,['Jawa'],16.0,2000000.0,42000000.0
248100005,Married,46,Female,['Jawa'],16.0,2900000.0,34800000.0
248114101,Married,39,Male,['Jawa'],9.0,4000000.0,48000000.0
248124102,Married,33,Female,['Jawa'],16.0,2155000.0,25860000.0
248150003,Married,37,Female,['Jawa'],12.0,1500000.0,18000000.0
248170003,Married,45,Male,['Jawa'],9.0,2200000.0,26400000.0
248170004,Married,40,Female,['Jawa'],9.0,100000.0,1200000.0
248170005,Married,46,Male,['Jawa'],13.0,1400000.0,23400000.0
248180003,Married,33,Male,['Jawa'],16.0,1000000.0,12800000.0
248185102,Married,28,Female,['Jawa'],12.0,3400000.0,43200000.0
249010012,Married,30,Male,['Jawa'],13.0,900000.0,6000000.0
249011103,Married,41,Male,['Jawa'],16.0,8000000.0,90000000.0
249035201,Married,45,Male,['Jawa'],6.0,1500000.0,18200000.0
249040002,Widowed,59,Female,['Jawa'],6.0,0.0,0.0
249050003,Married,27,Male,['Jawa'],9.0,2000000.0,36000000.0
249060007,Married,32,Female,['Jawa'],9.0,0.0,0.0
249070005,Married,33,Male,['Jawa'],6.0,1635000.0,20070000.0
249070008,Married,29,Female,['Jawa'],12.0,0.0,4950000.0
249070014,Married,24,Male,['Jawa'],9.0,1600000.0,22150000.0
249071103,Married,41,Male,['Jawa'],6.0,1000000.0,12000000.0
249075201,Married,31,Male,['Jawa'],12.0,2500000.0,40000000.0
249080003,Married,33,Male,['Jawa'],16.0,0.0,0.0
249080005,Married,29,Male,['Jawa'],16.0,1200000.0,19200000.0
249085102,Married,33,Female,['Jawa'],16.0,150000.0,3000000.0
249085205,Married,23,Female,['Jawa'],12.0,50000.0,650000.0
249090001,Married,62,Male,['Jawa'],6.0,0.0,2300000.0
249094103,Married,38,Male,['Jawa'],9.0,0.0,5000000.0
249100001,Married,58,Male,['Jawa'],6.0,1500000.0,18000000.0
249110007,Married,24,Male,['Jawa'],18.0,400000.0,4800000.0
249140004,Divorced,23,Female,['Jawa'],12.0,200000.0,5000000.0
249160004,Married,31,Male,['Jawa'],15.0,1850000.0,34400000.0
249175101,Married,25,Male,['Madura'],16.0,3000000.0,15000000.0
249254101,Divorced,37,Male,['Jawa'],9.0,0.0,78000000.0
249260008,Married,34,Male,['Jawa'],16.0,1500000.0,18000000.0
249263102,Married,35,Male,['Jawa'],16.0,420000.0,7040000.0
249270001,Married,71,Male,['Jawa'],6.0,0.0,5800000.0
249273107,Married,33,Female,['Jawa'],9.0,500000.0,1000000.0
249275102,Married,30,Female,['Jawa'],16.0,1500000.0,1650000.0
250010004,Married,29,Male,['Madura'],6.0,1500000.0,18000000.0
250090011,Married,21,Female,['Madura'],6.0,1650000.0,20150000.0
250095202,Married,51,Male,['Jawa'],12.0,1800000.0,24000000.0
250160004,Married,34,Male,['Madura'],6.0,2700000.0,32400000.0
250280005,Divorced,28,Female,['Madura'],6.0,1200000.0,12000000.0
251060003,Married,27,Male,['Madura'],6.0,1500000.0,18000000.0
251105102,Married,28,Male,['Madura'],6.0,1500000.0,18000000.0
252030004,Married,39,Female,['Madura'],12.0,100000.0,550000.0
252040004,Married,29,Female,['Madura'],16.0,400000.0,5000000.0
252040005,Married,26,Female,['Madura'],16.0,100000.0,1100000.0
252040006,Married,24,Female,['Madura'],16.0,50000.0,600000.0
252045202,Married,29,Male,['Madura'],12.0,1250000.0,3750000.0
252045303,Married,24,Male,['Madura'],16.0,1400000.0,7900000.0
252054103,Married,36,Male,['Madura'],12.0,1000000.0,5000000.0
252060003,Divorced,59,Female,['Madura'],6.0,80000.0,200000.0
252070003,Married,38,Male,['Madura'],9.0,500000.0,6500000.0
252070004,Married,36,Male,['Madura'],9.0,2200000.0,26400000.0
252090003,Married,32,Male,['Madura'],12.0,800000.0,1900000.0
252110003,Divorced,36,Male,['Madura'],12.0,300000.0,2000000.0
252110007,Married,36,Male,['Madura'],6.0,750000.0,9100000.0
252140001,Married,56,Male,['Madura'],15.0,4800000.0,74400000.0
252140003,Married,28,Male,['Madura'],16.0,2900000.0,8700000.0
252144102,Married,25,Female,['Jawa'],15.0,1800000.0,5400000.0
252160003,Married,34,Male,['Madura'],12.0,2000000.0,24000000.0
252160004,Married,33,Female,['Madura'],15.0,2400000.0,2400000.0
252163205,Married,37,Male,['Madura'],16.0,400000.0,700000.0
252170002,Married,59,Female,['Madura'],16.0,4600000.0,55200000.0
252170003,Married,37,Male,['Madura'],16.0,2700000.0,35400000.0
252170004,Married,35,Female,['Madura'],16.0,4100000.0,50000000.0
252170005,Married,29,Female,['Madura'],15.0,800000.0,12000000.0
252174102,Married,35,Female,['Madura'],15.0,3000000.0,62000000.0
252175101,Married,27,Male,['Madura'],16.0,200000.0,2400000.0
252175201,Married,32,Male,['Madura'],16.0,1000000.0,13500000.0
252180003,Married,30,Female,['Madura'],16.0,500000.0,11000000.0
252190004,Divorced,35,Female,['Madura'],6.0,500000.0,7300000.0
252190005,Married,33,Male,['Madura'],12.0,900000.0,10800000.0
252200004,Married,29,Male,['Madura'],12.0,1400000.0,16800000.0
252210002,Married,44,Female,['Madura'],6.0,400000.0,5100000.0
252230002,Married,50,Female,['Madura'],6.0,400000.0,3200000.0
252230007,Married,37,Male,['Madura'],6.0,450000.0,5600000.0
252240004,Married,39,Male,['Madura'],12.0,1200000.0,14400000.0
252240007,Married,56,Male,['Jawa'],6.0,315000.0,2000000.0
252245101,Married,40,Male,['Madura'],12.0,1440000.0,4320000.0
252250002,Separated,55,Female,['Madura'],12.0,400000.0,5900000.0
252250004,Married,50,Male,['Madura'],9.0,1300000.0,14300000.0
252250006,Married,22,Female,['Madura'],16.0,400000.0,800000.0
252250008,Married,25,Male,['Madura'],16.0,1000000.0,10600000.0
252270002,Widowed,47,Female,['Madura'],9.0,300000.0,300000.0
252270003,Married,30,Female,['Madura'],9.0,350000.0,4200000.0
252270004,Married,26,Female,['Madura'],13.0,1200000.0,14600000.0
252270006,Married,26,Male,['Madura'],12.0,700000.0,8800000.0
252270007,Married,26,Male,['Madura'],12.0,1100000.0,14300000.0
252280004,Married,27,Female,['Madura'],16.0,200000.0,2000000.0
252280007,Married,31,Male,['Madura'],9.0,600000.0,7800000.0
252300002,Married,44,Male,['Madura'],12.0,700000.0,3000000.0
252300003,Married,36,Female,['Madura'],6.0,600000.0,7200000.0
252300004,Married,39,Female,['Madura'],6.0,500000.0,6000000.0
252304101,Married,28,Male,['Madura'],6.0,1200000.0,13000000.0
253010003,Married,25,Female,['Jawa'],13.0,1300000.0,16900000.0
253010004,Married,24,Female,['Jawa'],16.0,293000.0,900000.0
253030003,Married,35,Male,['Jawa'],13.0,0.0,1170000.0
253040003,Widowed,67,Female,['Jawa'],6.0,400000.0,5200000.0
253070003,Married,44,Male,['Jawa'],13.0,1000000.0,12000000.0
253090004,Married,30,Female,['Jawa'],13.0,1000000.0,12360000.0
253094101,Married,37,Male,['Jawa'],12.0,2000000.0,18000000.0
253120007,Divorced,48,Male,['Jawa'],12.0,125000.0,1600000.0
253130007,Married,29,Female,['Jawa'],15.0,2800000.0,36400000.0
253130010,Married,27,Female,['Jawa'],13.0,450000.0,3600000.0
253144106,Married,32,Male,['Sunda'],13.0,600000.0,7800000.0
253150002,Widowed,61,Female,['Jawa'],6.0,500000.0,2500000.0
253160003,Married,58,Female,['Jawa'],6.0,0.0,1000000.0
253160005,Married,35,Male,['Jawa'],6.0,1200000.0,7200000.0
253160009,Married,26,Male,['Jawa'],9.0,1300000.0,14300000.0
253160010,Married,23,Female,['Jawa'],9.0,950000.0,12000000.0
253160011,Married,60,Male,['Jawa'],6.0,500000.0,6300000.0
253161110,Married,32,Male,['Jawa'],6.0,1400000.0,50400000.0
253164301,Married,33,Male,['Jawa'],9.0,1075000.0,10500000.0
253164403,Married,23,Male,['Jawa'],9.0,720000.0,8640000.0
253180005,Married,48,Male,['Jawa'],12.0,1680000.0,1680000.0
253190006,Married,47,Female,['Jawa'],12.0,500000.0,2000000.0
253190009,Married,52,Male,['Jawa'],6.0,340000.0,4760000.0
253190011,Married,49,Male,['Jawa'],6.0,1000000.0,12000000.0
253200003,Divorced,58,Female,['Jawa'],6.0,500000.0,500000.0
254020003,Married,39,Female,['Jawa'],16.0,3000000.0,39000000.0
254090002,Married,44,Male,['Jawa'],12.0,1800000.0,25200000.0
254090004,Married,46,Female,['Jawa'],16.0,5000000.0,58500000.0
254093102,Married,42,Female,['Jawa'],9.0,1800000.0,19800000.0
254100001,Married,64,Male,['Jawa'],6.0,650000.0,650000.0
254100002,Married,62,Female,['Jawa'],6.0,500000.0,600000.0
254100004,Married,35,Female,['Jawa'],9.0,750000.0,9400000.0
254100006,Married,29,Male,['Jawa'],12.0,2600000.0,32700000.0
254104102,Married,37,Female,['Jawa'],12.0,3000000.0,39000000.0
254104201,Married,51,Male,['Jawa'],12.0,600000.0,7600000.0
254120003,Married,31,Female,['Jawa'],13.0,840000.0,8400000.0
254120004,Married,23,Male,['Jawa'],13.0,1800000.0,22500000.0
254125101,Married,38,Male,['Jawa'],13.0,2700000.0,42000000.0
254125202,Married,22,Female,['Jawa'],9.0,800000.0,10400000.0
254140002,Married,48,Female,['Jawa'],6.0,280000.0,560000.0
254160004,Married,35,Female,['Jawa'],16.0,999999997.0,999999997.0
254160007,Married,33,Male,['Jawa'],16.0,2100000.0,27300000.0
254190002,Widowed,51,Female,['Jawa'],12.0,2300000.0,37300000.0
254190008,Married,26,Male,['Jawa'],12.0,2400000.0,10800000.0
254193102,Married,36,Female,['Jawa'],6.0,450000.0,1000000.0
255024101,Married,41,Male,['Jawa'],13.0,3200000.0,38400000.0
255030002,Married,47,Female,['Jawa'],13.0,1700000.0,22000000.0
255040002,Married,40,Female,['Jawa'],9.0,800000.0,5400000.0
255040004,Separated,21,Male,['Jawa'],6.0,400000.0,2000000.0
255040007,Widowed,66,Female,['Jawa'],9.0,720000.0,870000.0
255060003,Married,44,Male,['Jawa'],12.0,3500000.0,53500000.0
255060008,Married,32,Female,['Jawa'],12.0,1500000.0,15800000.0
255080004,Divorced,47,Male,['Jawa'],9.0,1500000.0,16800000.0
255084103,Married,39,Male,['Jawa'],9.0,1100000.0,13800000.0
255120001,Married,53,Male,['Jawa'],9.0,1200000.0,28000000.0
255130003,Married,56,Female,['Jawa'],16.0,5200000.0,67400000.0
255130004,Married,34,Female,['Jawa'],15.0,6000000.0,50000000.0
255180002,Married,54,Female,['Jawa'],16.0,4500000.0,100500000.0
255180003,Married,37,Male,['Jawa'],13.0,1100000.0,16100000.0
255180004,Married,32,Male,['Jawa'],12.0,1500000.0,15600000.0
255180009,Married,39,Male,['Jawa'],12.0,1500000.0,24200000.0
255183102,Married,38,Female,['Jawa'],12.0,2000000.0,24300000.0
255184208,Married,34,Male,['Jawa'],6.0,1000000.0,9600000.0
255201105,Married,42,Male,['Jawa'],12.0,3000000.0,30000000.0
255204101,Married,35,Male,['Jawa'],15.0,3000000.0,36000000.0
256010003,Married,45,Female,['Jawa'],18.0,2900000.0,61800000.0
256040002,Widowed,53,Female,['Jawa'],6.0,750000.0,9640000.0
256040004,Married,27,Male,['Jawa'],9.0,1000000.0,3000000.0
256070003,Married,54,Male,['Jawa'],16.0,3500000.0,80000000.0
256090005,Married,55,Female,['Jawa'],6.0,600000.0,9000000.0
256110001,Separated,48,Male,['Sunda'],12.0,700000.0,7200000.0
256130004,Separated,34,Male,['Jawa'],6.0,350000.0,1100000.0
256140002,Married,51,Female,['Jawa'],6.0,800000.0,9900000.0
256150002,Widowed,57,Female,['Jawa'],6.0,150000.0,1200000.0
256160004,Married,41,Female,['Jawa'],9.0,500000.0,4700000.0
256160005,Married,34,Male,['Jawa'],12.0,1080000.0,19000000.0
256164204,Married,33,Female,['Jawa'],12.0,1000000.0,13000000.0
256170003,Married,36,Female,['Jawa'],16.0,650000.0,8100000.0
256170004,Married,31,Female,['Jawa'],18.0,15000000.0,168000000.0
256175104,Married,29,Male,['Jawa'],16.0,7500000.0,90000000.0
256190002,Married,50,Female,['Jawa'],16.0,1500000.0,18000000.0
256190004,Married,55,Male,['Jawa'],16.0,5000000.0,105000000.0
256200002,Married,61,Female,['Jawa'],6.0,0.0,1780000.0
256200013,Married,30,Male,['Jawa'],6.0,675000.0,8490000.0
257010003,Married,45,Female,['Jawa'],13.0,1300000.0,15600000.0
257010005,Married,40,Female,['Jawa'],12.0,1970000.0,23640000.0
257010014,Married,21,Female,['Jawa'],13.0,1500000.0,14400000.0
257020001,Married,51,Male,['Jawa'],13.0,3000000.0,36000000.0
257020003,Married,23,Male,['Jawa'],13.0,1800000.0,25200000.0
257040004,Married,23,Female,['Jawa'],12.0,1250000.0,13000000.0
257050005,Married,49,Female,['Jawa'],16.0,2700000.0,33000000.0
257060006,Widowed,32,Female,['Jawa'],13.0,300000.0,3600000.0
257070003,Married,33,Female,['Jawa'],13.0,2500000.0,30000000.0
257074102,Married,41,Male,['Jawa'],15.0,2600000.0,33800000.0
257090003,Married,44,Male,['Jawa'],13.0,2800000.0,33950000.0
257110003,Married,38,Male,['Jawa'],13.0,840000.0,5510000.0
257123202,Widowed,39,Female,['Madura'],6.0,125000.0,700000.0
257150003,Married,38,Male,['Jawa'],12.0,1300000.0,15900000.0
257150005,Married,31,Female,['Jawa'],9.0,1400000.0,18200000.0
257150006,Married,23,Female,['Jawa'],12.0,2250000.0,2250000.0
257155201,Married,26,Male,['Jawa'],9.0,400000.0,5000000.0
257160001,Married,49,Male,['Jawa'],12.0,2000000.0,20000000.0
257160002,Married,42,Female,['Jawa'],13.0,0.0,0.0
257160007,Married,34,Female,['Jawa'],13.0,1000000.0,1000000.0
257163103,Married,18,Male,['Jawa'],9.0,0.0,3350000.0
257180003,Married,29,Female,"['Jawa', 'Madura']",16.0,1900000.0,24700000.0
257185101,Married,33,Male,['Jawa'],13.0,1900000.0,23000000.0
257190004,Married,28,Male,['Jawa'],12.0,1440000.0,17000000.0
258010002,Married,55,Male,['Jawa'],6.0,1000000.0,24000000.0
258010003,Married,46,Male,['Jawa'],13.0,3000000.0,41000000.0
258010006,Married,49,Female,['Jawa'],12.0,2000000.0,26000000.0
258020003,Married,44,Male,['Jawa'],13.0,1440000.0,17980000.0
258024102,Married,38,Female,['Jawa'],13.0,800000.0,8800000.0
258034101,Married,42,Male,['Jawa'],12.0,2100000.0,25200000.0
258040003,Married,33,Male,['Jawa'],13.0,550000.0,6800000.0
258040006,Married,46,Male,['Jawa'],9.0,700000.0,8650000.0
258040007,Married,24,Female,['Jawa'],12.0,840000.0,10920000.0
258040011,Married,27,Male,['Jawa'],13.0,1400000.0,16800000.0
258050003,Married,34,Female,['Jawa'],12.0,1000000.0,12000000.0
258050005,Married,27,Male,['Jawa'],13.0,2700000.0,32400000.0
258050007,Married,34,Male,['Jawa'],13.0,2000000.0,25400000.0
258060002,Married,42,Male,['Jawa'],16.0,4000000.0,52000000.0
258060004,Married,42,Female,['Jawa'],12.0,2000000.0,26000000.0
258080001,Married,57,Male,['Jawa'],9.0,840000.0,11910000.0
258080004,Married,33,Male,['Jawa'],13.0,1700000.0,5100000.0
258084202,Married,29,Female,['Jawa'],13.0,1500000.0,3000000.0
258085201,Married,31,Male,['Jawa'],13.0,2050000.0,26000000.0
258100003,Married,27,Female,['Jawa'],13.0,400000.0,4800000.0
258110001,Married,51,Male,['Jawa'],12.0,3500000.0,14000000.0
258113204,Married,40,Male,['Jawa'],13.0,5000000.0,60000000.0
258113209,Married,69,Male,['Jawa'],6.0,1800000.0,21600000.0
258120003,Married,32,Female,['Jawa'],9.0,1950000.0,25500000.0
258130004,Married,32,Female,['Jawa'],6.0,800000.0,9750000.0
258170002,Married,56,Female,['Jawa'],12.0,2700000.0,32400000.0
258180003,Married,38,Male,['Jawa'],13.0,2800000.0,36400000.0
258180004,Married,31,Male,['Jawa'],13.0,1500000.0,18000000.0
258190002,Married,53,Female,['Jawa'],12.0,3000000.0,36000000.0
258200001,Married,47,Male,['Jawa'],12.0,3300000.0,39600000.0
258200003,Married,26,Male,['Jawa'],15.0,2700000.0,32400000.0
258200004,Married,22,Male,['Jawa'],13.0,2150000.0,25800000.0
259010004,Married,41,Female,['Jawa'],16.0,4500000.0,58500000.0
259010005,Married,35,Male,['Jawa'],13.0,2000000.0,24000000.0
259010008,Married,52,Male,['Jawa'],12.0,4800000.0,48000000.0
259060003,Married,26,Female,['Jawa'],12.0,500000.0,6000000.0
259130004,Married,49,Male,['Jawa'],12.0,2700000.0,39400000.0
259130009,Married,35,Female,['Jawa'],12.0,500000.0,3000000.0
259130011,Married,31,Male,['Other'],9.0,2200000.0,26400000.0
259160002,Married,30,Female,['Jawa'],12.0,2700000.0,36300000.0
259160003,Married,28,Female,['Jawa'],13.0,3000000.0,37500000.0
259165101,Married,29,Male,['Madura'],12.0,2750000.0,42000000.0
259170006,Married,51,Male,['Jawa'],13.0,2300000.0,32200000.0
260010001,Married,61,Male,['Jawa'],9.0,7000000.0,72000000.0
260044101,Married,31,Male,['Jawa'],13.0,2700000.0,35100000.0
260050003,Married,30,Male,['Jawa'],9.0,2700000.0,32400000.0
260054102,Married,29,Female,['Jawa'],12.0,2500000.0,32500000.0
260070007,Married,35,Male,['Jawa'],12.0,2750000.0,34200000.0
260070010,Married,49,Male,['Jawa'],12.0,2700000.0,35100000.0
260070014,Married,42,Male,['Jawa'],9.0,1400000.0,18800000.0
260074301,Married,40,Male,['Jawa'],13.0,700000.0,3500000.0
260090001,Married,55,Male,['Jawa'],9.0,1340000.0,16580000.0
260110003,Married,24,Female,['Jawa'],16.0,2000000.0,26000000.0
260140004,Married,33,Female,['Jawa'],12.0,900000.0,11675000.0
260140006,Married,42,Male,['Banten'],12.0,2340000.0,14040000.0
260143101,Married,34,Male,['Jawa'],9.0,1950000.0,21450000.0
261020003,Married,49,Male,['Jawa'],16.0,999999997.0,999999997.0
261020008,Married,45,Male,['Jawa'],12.0,1000000.0,12000000.0
261023202,Married,41,Female,['Jawa'],9.0,1680000.0,21160000.0
261030003,Married,53,Male,['Jawa'],16.0,3500000.0,43500000.0
261030007,Married,26,Female,['Jawa'],15.0,2000000.0,26000000.0
261033102,Married,49,Female,['Jawa'],16.0,3250000.0,39500000.0
261035201,Married,26,Male,['Jawa'],15.0,4500000.0,55000000.0
261060001,Married,54,Male,['Jawa'],6.0,1200000.0,15200000.0
261080003,Married,27,Male,['Jawa'],12.0,2500000.0,38820000.0
261080004,Married,26,Female,['Jawa'],16.0,2400000.0,30900000.0
261085102,Married,27,Male,['Jawa'],16.0,3500000.0,48000000.0
261090002,Widowed,63,Female,['Jawa'],15.0,0.0,1200000.0
261140006,Married,32,Male,['Jawa'],12.0,3500000.0,36000000.0
261150004,Divorced,36,Male,['Jawa'],16.0,2490000.0,34980000.0
261160008,Married,31,Male,['Jawa'],16.0,4500000.0,54000000.0
261174101,Married,34,Male,['Jawa'],13.0,13160000.0,157920000.0
261180003,Married,32,Male,['Jawa'],16.0,6000000.0,76500000.0
261190007,Married,21,Male,['Jawa'],12.0,1500000.0,18000000.0
262020001,Married,43,Male,['Jawa'],9.0,1500000.0,16500000.0
262020003,Married,22,Female,['Jawa'],13.0,1200000.0,7200000.0
262024102,Married,57,Female,['Madura'],6.0,900000.0,11100000.0
262030004,Married,54,Male,['Jawa'],9.0,1500000.0,19500000.0
262040006,Married,25,Male,['Jawa'],16.0,5000000.0,62000000.0
262043104,Married,41,Female,['Madura'],6.0,140000.0,3460000.0
262054102,Married,39,Female,['Jawa'],6.0,300000.0,3800000.0
262060001,Married,50,Male,['Jawa'],9.0,2400000.0,9600000.0
262070005,Married,23,Male,['Madura'],6.0,1000000.0,12000000.0
262100004,Married,28,Male,['Jawa'],13.0,2700000.0,35100000.0
262104102,Married,36,Female,['Jawa'],12.0,2700000.0,35100000.0
262105102,Married,27,Female,['Jawa'],12.0,1500000.0,4800000.0
262110003,Married,33,Female,['Jawa'],16.0,3500000.0,45500000.0
262140004,Married,26,Male,['Jawa'],9.0,900000.0,10900000.0
262143106,Married,27,Female,['Jawa'],12.0,300000.0,600000.0
262150006,Married,29,Female,['Jawa'],9.0,200000.0,4900000.0
262150007,Married,25,Male,['Jawa'],9.0,900000.0,10800000.0
262150009,Married,31,Male,['Jawa'],13.0,2500000.0,28000000.0
262160001,Married,42,Male,['Jawa'],6.0,1200000.0,12000000.0
262170001,Married,56,Male,['Jawa'],6.0,2000000.0,24000000.0
262170002,Married,52,Female,['Jawa'],6.0,2500000.0,30000000.0
262180002,Widowed,56,Female,['Jawa'],6.0,100000.0,1200000.0
262183101,Married,42,Male,['Madura'],6.0,1200000.0,1200000.0
262185101,Married,36,Male,['Jawa'],9.0,1200000.0,14400000.0
262190003,Married,43,Male,['Jawa'],12.0,1000000.0,13300000.0
262200001,Married,37,Female,['Madura'],6.0,680000.0,4760000.0
262200002,Married,42,Male,['Jawa'],9.0,1500000.0,8000000.0
263020004,Married,23,Male,['Bali'],12.0,3500000.0,3500000.0
263025104,Married,30,Female,['Bali'],16.0,2000000.0,24000000.0
263030004,Married,27,Male,['Bali'],12.0,1000000.0,19200000.0
263050003,Married,43,Female,['Bali'],9.0,675000.0,9000000.0
263053102,Married,45,Male,['Bali'],6.0,500000.0,11000000.0
263110003,Married,45,Male,['Bali'],12.0,2600000.0,34200000.0
263120005,Married,42,Female,['Bali'],16.0,3200000.0,50300000.0
263124101,Married,45,Male,['Bali'],16.0,3700000.0,56500000.0
263170009,Married,42,Male,['Bali'],12.0,2400000.0,32000000.0
263173202,Married,41,Female,['Bali'],12.0,3000000.0,42000000.0
263180003,Married,44,Female,['Bali'],12.0,400000.0,4800000.0
263185101,Married,45,Male,['Bali'],12.0,2100000.0,10500000.0
263210007,Married,42,Male,['Bali'],12.0,1200000.0,9000000.0
263240003,Married,36,Male,['Bali'],16.0,4000000.0,52000000.0
263245104,Married,32,Female,['Bali'],16.0,2500000.0,30000000.0
263260003,Married,35,Male,['Bali'],12.0,1000000.0,13500000.0
263270003,Married,25,Female,['Bali'],16.0,3000000.0,36000000.0
263270005,Married,39,Male,['Bali'],12.0,2400000.0,28800000.0
263274102,Married,25,Male,['Bali'],18.0,3000000.0,38000000.0
263280003,Married,25,Female,['Bali'],12.0,300000.0,3900000.0
263290003,Married,43,Male,['Bali'],16.0,3300000.0,42900000.0
264040001,Married,51,Male,['Ambon'],12.0,450000.0,9000000.0
264040003,Married,26,Female,['Bali'],16.0,2100000.0,28500000.0
264040007,Married,26,Male,['Bali'],15.0,1800000.0,21600000.0
264050003,Married,43,Male,['Bali'],12.0,2100000.0,28200000.0
264050006,Married,34,Female,['Bali'],6.0,800000.0,4800000.0
264050007,Married,31,Female,['Bali'],13.0,1000000.0,13000000.0
264054201,Married,42,Male,['Bali'],12.0,1800000.0,22600000.0
264055103,Married,34,Male,['Jawa'],16.0,3300000.0,33000000.0
264070001,Married,57,Male,['Bali'],6.0,2000000.0,24000000.0
264070003,Married,34,Male,['Bali'],13.0,3000000.0,32400000.0
264070004,Married,32,Male,['Bali'],12.0,2200000.0,27800000.0
264070008,Married,31,Female,['Bali'],13.0,800000.0,8000000.0
264075202,Married,30,Male,['Bali'],16.0,2300000.0,27600000.0
264080003,Married,23,Female,['Jawa'],18.0,750000.0,5250000.0
264085102,Married,32,Male,['Jawa'],13.0,3500000.0,55100000.0
264090001,Married,50,Male,['Bali'],12.0,2000000.0,24000000.0
264090004,Married,46,Female,['Batak'],16.0,3500000.0,45500000.0
264093103,Married,45,Male,['Bali'],12.0,8000000.0,112000000.0
264100003,Married,56,Female,['Jawa'],9.0,350000.0,4000000.0
264100004,Married,33,Male,['Bali'],13.0,2100000.0,24600000.0
264100005,Separated,29,Male,['Bali'],12.0,1900000.0,23600000.0
264100006,Married,27,Male,['Bali'],12.0,1500000.0,19500000.0
264100009,Married,26,Female,['Bali'],9.0,800000.0,10100000.0
264110001,Married,49,Male,['Bali'],16.0,2000000.0,24000000.0
264110002,Married,48,Female,['Bali'],16.0,2500000.0,36000000.0
264130006,Married,33,Female,['Bali'],13.0,2700000.0,44400000.0
264154101,Married,45,Male,['Bali'],13.0,2500000.0,32500000.0
264160003,Married,50,Male,['Bali'],12.0,2000000.0,24000000.0
264160005,Married,38,Male,['Bali'],12.0,2700000.0,34150000.0
264160006,Married,35,Male,['Bali'],12.0,2800000.0,33900000.0
264164101,Married,44,Male,['Bali'],13.0,500000.0,10000000.0
264170002,Widowed,63,Female,['Bali'],6.0,700000.0,8400000.0
264170004,Married,40,Male,['Bali'],13.0,1200000.0,13200000.0
264170006,Divorced,43,Female,['Bali'],12.0,1550000.0,20150000.0
264170007,Married,38,Female,['Bali'],6.0,1000000.0,10000000.0
264180004,Married,42,Male,"['Bali', 'Other']",15.0,5800000.0,45700000.0
264180008,Married,22,Female,['Bali'],12.0,4000000.0,49100000.0
264190001,Married,47,Male,['Bali'],9.0,10000000.0,120000000.0
264200002,Married,48,Male,['Bali'],12.0,2000000.0,24000000.0
265090001,Widowed,54,Female,['Bali'],16.0,9150000.0,105500000.0
265100003,Married,47,Male,['Bugis'],16.0,2000000.0,26000000.0
265120001,Married,55,Male,['Bali'],15.0,4200000.0,50400000.0
265160001,Married,49,Male,['Bali'],9.0,600000.0,7200000.0
265160002,Married,43,Female,['Bali'],9.0,800000.0,10000000.0
265190001,Married,58,Male,['Bali'],16.0,11000000.0,135000000.0
265190002,Married,50,Female,['Bali'],16.0,4100000.0,51200000.0
266020006,Married,44,Male,['Bali'],12.0,4300000.0,49700000.0
266030001,Married,50,Male,['Bali'],13.0,3500000.0,48000000.0
266030002,Married,50,Female,['Bali'],12.0,1000000.0,12000000.0
266030003,Married,29,Male,['Bali'],12.0,2000000.0,26000000.0
266040002,Widowed,53,Female,['Bugis'],12.0,600000.0,10425000.0
266040004,Married,29,Female,['Ambon'],12.0,3000000.0,39000000.0
266040006,Married,50,Male,['Other'],12.0,3500000.0,42000000.0
266040007,Married,46,Male,['Other'],12.0,1850000.0,22200000.0
266040008,Married,45,Male,['Jawa'],12.0,3000000.0,39000000.0
266043202,Married,37,Female,['Bali'],9.0,1430000.0,1430000.0
266043402,Married,38,Female,['Jawa'],16.0,3000000.0,42000000.0
266045101,Married,30,Male,['Jawa'],12.0,2000000.0,24500000.0
266090003,Married,34,Female,['Bali'],15.0,1450000.0,17400000.0
266090005,Married,56,Female,['Bali'],16.0,7481000.0,125000000.0
266091101,Married,57,Male,['Bali'],18.0,10000000.0,100000000.0
266093102,Married,37,Male,['Bali'],16.0,4000000.0,50000000.0
266100002,Married,49,Female,['Bali'],12.0,4500000.0,78880000.0
266110001,Married,55,Male,['Bali'],9.0,1500000.0,18300000.0
266110002,Married,48,Female,['Bali'],9.0,1600000.0,11600000.0
266110003,Married,30,Male,['Bali'],12.0,3400000.0,40800000.0
266110004,Married,27,Male,['Bali'],12.0,3557700.0,42692400.0
266115202,Married,27,Female,['Bali'],16.0,4500000.0,58500000.0
266140003,Married,37,Female,['Bali'],16.0,4000000.0,52000000.0
266140004,Married,35,Male,['Bali'],16.0,5750000.0,80500000.0
266140005,Separated,31,Female,['Bali'],13.0,3500000.0,35000000.0
266140006,Married,37,Male,['Bali'],12.0,2500000.0,32500000.0
266145202,Married,24,Female,['Bali'],15.0,2000000.0,24000000.0
266150003,Married,30,Male,['Sasak'],12.0,3500000.0,42000000.0
266155103,Married,28,Female,['Bali'],16.0,1800000.0,3600000.0
266160003,Married,42,Female,['Bali'],12.0,2800000.0,52992000.0
266160006,Married,39,Female,['Bali'],12.0,1100000.0,14300000.0
266164101,Married,50,Male,['Jawa'],12.0,9000000.0,108000000.0
266170003,Married,46,Male,['Bali'],16.0,3200000.0,39680000.0
266170004,Married,44,Male,['Bali'],12.0,2000000.0,27790000.0
266170005,Married,43,Male,['Bali'],12.0,3800000.0,49400000.0
266170006,Married,36,Male,['Bali'],13.0,1600000.0,10200000.0
266170009,Married,38,Female,['Bali'],13.0,1800000.0,21600000.0
266180004,Married,24,Male,['Other'],12.0,2500000.0,35000000.0
266191102,Married,41,Female,['Bali'],12.0,3000000.0,46000000.0
267010004,Married,47,Male,['Bali'],13.0,1450000.0,18250000.0
267010007,Married,45,Female,['Bali'],6.0,900000.0,11300000.0
267010009,Married,41,Female,['Bali'],6.0,1500000.0,19600000.0
267040001,Married,56,Male,['Bali'],18.0,2500000.0,32600000.0
267040007,Married,25,Female,['Bali'],12.0,3200000.0,38400000.0
267050003,Divorced,41,Female,['Bali'],12.0,2500000.0,25000000.0
267050004,Married,39,Male,['Bali'],13.0,1400000.0,17300000.0
267050005,Married,34,Female,['Bali'],12.0,2000000.0,25200000.0
267050006,Married,30,Female,['Bali'],13.0,0.0,0.0
267051101,Married,40,Male,['Bali'],13.0,1854000.0,26040000.0
267100001,Married,66,Male,['Bali'],16.0,7000000.0,62000000.0
267110003,Married,41,Male,['Bali'],12.0,2000000.0,28200000.0
267110005,Married,37,Female,['Bali'],12.0,780000.0,780000.0
267110006,Married,33,Male,['Bali'],12.0,2500000.0,35400000.0
267110009,Married,38,Female,['Bali'],13.0,1000000.0,13000000.0
267114101,Married,33,Male,['Bali'],12.0,1200000.0,11150000.0
267130004,Married,37,Female,['Bali'],13.0,1550000.0,19000000.0
267133101,Married,40,Male,['Bali'],9.0,2000000.0,24000000.0
267133201,Married,36,Male,['Bali'],12.0,3400000.0,22850000.0
267140005,Married,39,Male,['Bali'],15.0,7500000.0,52500000.0
267140006,Married,39,Female,['Bali'],12.0,2000000.0,24500000.0
267150003,Separated,33,Female,['Bali'],6.0,60000.0,60000.0
267160003,Married,44,Female,['Bali'],16.0,3000000.0,39000000.0
267180003,Married,30,Male,['Bali'],16.0,5000000.0,40000000.0
267184102,Married,41,Female,['Bali'],16.0,3600000.0,46800000.0
267190002,Married,51,Female,['Bali'],6.0,900000.0,10800000.0
267190003,Married,32,Male,['Bali'],13.0,1250000.0,12800000.0
267190005,Married,51,Male,['Bali'],6.0,3000000.0,27000000.0
267194102,Married,32,Female,['Bali'],16.0,0.0,4200000.0
268010003,Married,55,Male,['Bali'],16.0,4900000.0,105600000.0
268010010,Married,26,Female,['Bali'],16.0,400000.0,5300000.0
268025102,Married,37,Male,['Bali'],15.0,4100000.0,63800000.0
268030004,Married,31,Male,['Bali'],12.0,1000000.0,12000000.0
268040004,Married,29,Female,['Bali'],15.0,2500000.0,42460000.0
268050001,Married,48,Male,['Bali'],16.0,1100000.0,10800000.0
268050002,Married,49,Female,['Bali'],16.0,8700000.0,118140000.0
268060004,Married,36,Male,['Bali'],12.0,1650000.0,16950000.0
268060005,Married,33,Female,['Bali'],16.0,2000000.0,22000000.0
268060006,Married,31,Female,['Bali'],16.0,100000.0,1200000.0
268064102,Married,30,Male,['Bali'],15.0,2000000.0,26000000.0
268090003,Married,31,Male,['Bali'],12.0,1800000.0,10300000.0
268095203,Married,42,Male,['Bali'],16.0,3600000.0,77550000.0
268100002,Widowed,56,Female,['Batak'],6.0,150000.0,900000.0
268100004,Married,29,Male,['Bali'],6.0,800000.0,9600000.0
268160003,Married,26,Female,['Bali'],16.0,500000.0,3150000.0
268170001,Married,50,Male,['Bali'],16.0,4200000.0,63600000.0
268190001,Married,48,Male,['Bali'],16.0,3600000.0,92328000.0
268190002,Married,49,Female,['Bali'],16.0,4600000.0,107760000.0
268200001,Married,47,Male,['Bali'],16.0,7500000.0,97460000.0
268215101,Married,19,Male,['Bali'],9.0,600000.0,6864000.0
268224102,Married,32,Female,['Bali'],12.0,1600000.0,17200000.0
268240003,Married,39,Male,['Bali'],6.0,1000000.0,12000000.0
268250001,Married,54,Male,['Bali'],12.0,2120000.0,35360000.0
268250003,Married,29,Male,['Bali'],16.0,4300000.0,42100000.0
268254102,Married,29,Female,['Bali'],15.0,2500000.0,35600000.0
268260001,Married,44,Male,['Bali'],9.0,1000000.0,12000000.0
268270003,Married,28,Female,['Bali'],9.0,250000.0,3000000.0
268275103,Married,27,Male,['Bali'],6.0,2000000.0,10000000.0
268420005,Married,28,Male,['Bali'],9.0,3000000.0,36800000.0
268420006,Married,34,Male,['Bali'],9.0,3500000.0,23500000.0
268430001,Married,48,Male,['Jawa'],13.0,2100000.0,26745000.0
269023101,Married,42,Male,['Bali'],9.0,1900000.0,22800000.0
269030003,Married,42,Male,['Bali'],12.0,4000000.0,25000000.0
269030004,Married,37,Female,['Jawa'],15.0,1700000.0,22600000.0
269033101,Married,42,Male,['Bali'],9.0,1750000.0,23075000.0
269090003,Married,25,Male,['Bali'],15.0,5900000.0,31900000.0
269110003,Married,37,Male,['Bali'],16.0,15000000.0,180000000.0
269120001,Married,56,Male,['Bali'],12.0,1850000.0,27005000.0
269160003,Married,56,Male,['Bali'],13.0,3000000.0,43800000.0
269160004,Married,54,Female,['Bali'],16.0,4875000.0,73335000.0
269160006,Married,24,Male,['Bali'],16.0,2500000.0,32500000.0
269160007,Married,20,Female,['Bali'],16.0,2000000.0,26300000.0
269163102,Married,53,Male,['Bali'],13.0,2000000.0,24000000.0
269200003,Married,32,Male,['Bali'],12.0,1500000.0,20000000.0
269200004,Married,30,Male,['Bali'],15.0,2200000.0,29300000.0
269205104,Married,25,Female,['Bali'],16.0,200000.0,2400000.0
269214204,Married,35,Male,['Bali'],12.0,1500000.0,23600000.0
269230001,Married,49,Male,['Bali'],6.0,0.0,2400000.0
269240001,Married,56,Male,['Bali'],6.0,0.0,4500000.0
269240006,Married,23,Female,['Bali'],9.0,800000.0,9600000.0
269260004,Married,27,Male,['Bali'],13.0,1800000.0,22200000.0
269270003,Married,28,Male,['Bali'],16.0,8000000.0,40000000.0
269274105,Married,26,Female,['Bali'],13.0,5000000.0,60000000.0
269305101,Married,43,Male,['Bali'],15.0,1950000.0,23400000.0
269410001,Married,62,Male,['Bali'],6.0,800000.0,12800000.0
269410005,Married,37,Male,['Bali'],9.0,1500000.0,16050000.0
269415101,Married,35,Male,['Bali'],6.0,1200000.0,14400000.0
270010002,Married,58,Male,['Bali'],18.0,4000000.0,52000000.0
270020003,Married,32,Female,['Bali'],16.0,4000000.0,51500000.0
270020004,Married,29,Male,['Bali'],16.0,6000000.0,84000000.0
270043102,Married,38,Female,['Bali'],12.0,300000.0,3600000.0
270045102,Married,54,Male,['Bali'],9.0,1500000.0,180000000.0
270050001,Married,52,Male,['Bali'],6.0,1440000.0,2880000.0
270054201,Married,29,Male,['Bali'],9.0,2150000.0,12000000.0
270060001,Married,59,Male,['Bali'],16.0,5000000.0,70900000.0
270060003,Married,30,Male,['Bali'],15.0,900000.0,10850000.0
270070003,Married,25,Female,['Bali'],16.0,5000000.0,65000000.0
270080004,Married,37,Male,['Bali'],12.0,300000.0,1500000.0
270110004,Married,51,Male,['Bali'],16.0,3500000.0,45500000.0
270110006,Married,51,Female,['Bali'],13.0,3000000.0,57000000.0
270110007,Married,47,Female,['Bali'],12.0,1000000.0,13500000.0
270120001,Married,60,Male,['Bali'],6.0,1800000.0,21600000.0
270120002,Married,49,Female,['Bali'],6.0,2000000.0,18000000.0
270120004,Married,25,Male,['Bali'],16.0,1700000.0,20400000.0
270120005,Married,46,Female,['Bali'],9.0,3112000.0,39844000.0
270120006,Married,51,Male,['Bali'],3.0,500000.0,6500000.0
270140003,Married,36,Female,['Bali'],15.0,6000000.0,54000000.0
270153102,Married,45,Male,['Bali'],16.0,2700000.0,44100000.0
270155101,Married,33,Male,['Bali'],12.0,2000000.0,26000000.0
270160001,Married,50,Male,['Bali'],6.0,2000000.0,24000000.0
270160004,Married,49,Female,['Bali'],6.0,0.0,4200000.0
270160005,Married,21,Female,['Bali'],9.0,25000.0,25000.0
270160006,Married,20,Female,['Bali'],13.0,2000000.0,25200000.0
270190002,Widowed,55,Female,['Bali'],6.0,500000.0,6500000.0
270190004,Married,27,Male,['Bali'],12.0,857000.0,10284000.0
270190005,Married,27,Female,['Bali'],13.0,850000.0,11000000.0
270195105,Married,37,Male,['Bali'],13.0,700000.0,18920000.0
270200001,Married,54,Male,['Bali'],16.0,5200000.0,67600000.0
270200003,Married,33,Male,['Bali'],15.0,730000.0,8760000.0
271010005,Married,30,Female,['Bali'],16.0,2200000.0,28800000.0
271020001,Married,52,Male,['Bali'],15.0,3500000.0,77000000.0
271020005,Married,30,Male,['Bali'],12.0,1900000.0,24700000.0
271024101,Married,31,Male,['Bali'],9.0,1400000.0,5600000.0
271025102,Married,25,Female,['Bali'],12.0,2000000.0,10500000.0
271030003,Married,35,Female,['Bali'],12.0,1500000.0,4500000.0
271040001,Married,54,Male,['Bali'],15.0,3500000.0,42000000.0
271040002,Married,54,Female,['Bali'],15.0,3200000.0,74400000.0
271040004,Divorced,28,Female,['Bali'],16.0,3500000.0,43200000.0
271040005,Married,25,Male,['Bali'],16.0,2500000.0,30000000.0
271040006,Married,27,Female,['Bali'],15.0,1700000.0,22100000.0
271050001,Married,50,Male,['Bali'],16.0,4000000.0,52000000.0
271060003,Married,29,Female,['Bali'],12.0,1700000.0,20400000.0
271060004,Married,28,Male,['Bali'],12.0,2300000.0,31400000.0
271064203,Married,29,Female,['Bali'],12.0,2018000.0,24716000.0
271080006,Married,43,Male,['Bali'],16.0,1500000.0,89900000.0
271080008,Married,19,Female,['Bali'],12.0,1500000.0,18000000.0
271090002,Married,43,Male,['Bali'],16.0,4000000.0,92800000.0
271110004,Married,27,Male,['Bali'],12.0,1500000.0,6000000.0
271115202,Married,24,Female,['Bali'],6.0,3000000.0,39000000.0
271120003,Married,33,Male,['Bali'],13.0,1400000.0,17550000.0
271130004,Married,24,Female,['Bali'],12.0,1500000.0,15300000.0
271130006,Separated,33,Female,['Bali'],6.0,1900000.0,22800000.0
271140004,Married,28,Male,['Bali'],15.0,3500000.0,43600000.0
271145102,Married,25,Female,['Bali'],15.0,4000000.0,50000000.0
271150008,Married,30,Male,['Bali'],16.0,3400000.0,34300000.0
271150009,Married,29,Male,['Bali'],16.0,3200000.0,46400000.0
271150012,Married,29,Female,['Bali'],16.0,2400000.0,2400000.0
271153106,Married,27,Female,['Bali'],16.0,1000000.0,18200000.0
271160003,Married,42,Female,['Bali'],16.0,3700000.0,91500000.0
271161101,Married,45,Male,['Bali'],16.0,4500000.0,55800000.0
271170004,Married,32,Female,['Bali'],15.0,700000.0,8400000.0
271174101,Married,32,Male,['Bali'],16.0,700000.0,8700000.0
271180004,Married,36,Male,['Bali'],9.0,2000000.0,24000000.0
271190002,Married,39,Male,['Bali'],6.0,100000.0,19800000.0
271190003,Married,41,Female,['Bali'],6.0,500000.0,9200000.0
271200004,Married,35,Male,['Bali'],6.0,9000000.0,108200000.0
271215101,Married,32,Male,['Bali'],15.0,2000000.0,2000000.0
271220003,Divorced,35,Male,['Bali'],9.0,1500000.0,18000000.0
271220004,Married,33,Female,['Bali'],6.0,300000.0,1500000.0
271220006,Married,25,Female,['Bali'],12.0,1200000.0,4800000.0
271225404,Married,24,Male,['Bali'],13.0,250000.0,4000000.0
271230005,Divorced,38,Male,['Bali'],15.0,4706000.0,48000000.0
271240005,Married,40,Male,['Bali'],9.0,2080000.0,20000000.0
271270003,Married,30,Male,['Bali'],16.0,400000.0,5200000.0
271270004,Married,28,Female,['Bali'],16.0,3015000.0,43995000.0
271270006,Married,22,Female,['Bali'],12.0,1080000.0,5400000.0
271275103,Married,33,Male,['Bali'],16.0,2500000.0,37650000.0
271280003,Married,51,Male,['Bali'],16.0,1000000.0,12300000.0
271280005,Married,43,Female,['Bali'],16.0,3000000.0,53000000.0
271290003,Married,42,Female,['Bali'],6.0,810000.0,6210000.0
271290007,Married,29,Male,['Bali'],16.0,300000.0,3600000.0
271290009,Married,50,Male,['Bali'],15.0,3300000.0,39700000.0
271293101,Married,50,Male,['Bali'],6.0,2500000.0,17500000.0
271295102,Married,28,Female,['Bali'],16.0,1700000.0,13800000.0
271300003,Married,39,Male,['Bali'],6.0,200000.0,1000000.0
271300004,Married,34,Female,['Bali'],9.0,540000.0,1080000.0
271300007,Married,27,Female,['Bali'],12.0,1500000.0,18000000.0
271304101,Married,37,Male,['Bali'],12.0,2400000.0,29200000.0
271304201,Married,35,Male,['Bali'],6.0,1800000.0,10800000.0
271304302,Married,29,Male,['Bali'],12.0,1000000.0,12000000.0
272010002,Divorced,43,Female,['Bali'],13.0,2000000.0,24000000.0
272010004,Married,19,Female,['Bali'],12.0,1500000.0,18800000.0
272030003,Divorced,22,Female,['Bali'],9.0,2000000.0,27800000.0
272050004,Widowed,32,Male,['Bali'],6.0,500000.0,6000000.0
272050005,Married,29,Male,['Bali'],6.0,400000.0,700000.0
272053101,Married,34,Male,['Bali'],9.0,2000000.0,25500000.0
272054102,Married,28,Female,['Bali'],6.0,1000000.0,12000000.0
272070004,Married,43,Male,['Bali'],12.0,1000000.0,2400000.0
272070006,Married,36,Male,['Bali'],6.0,1800000.0,15600000.0
272070007,Married,32,Female,['Bali'],16.0,3000000.0,50400000.0
272070008,Married,28,Male,['Bali'],9.0,700000.0,9000000.0
272070012,Married,39,Female,['Bali'],9.0,1700000.0,22900000.0
272070013,Married,36,Female,['Bali'],6.0,1200000.0,15600000.0
272071102,Married,30,Male,['Bali'],9.0,2300000.0,25500000.0
272073201,Married,45,Male,['Bali'],16.0,3500000.0,87500000.0
272080004,Divorced,27,Male,['Bali'],9.0,500000.0,500000.0
272084101,Married,30,Male,['Bali'],6.0,500000.0,7650000.0
272090001,Married,48,Male,['Bali'],16.0,2500000.0,36200000.0
272090002,Married,41,Female,['Bali'],6.0,500000.0,6100000.0
272090003,Married,21,Female,['Bali'],16.0,500000.0,1000000.0
272090004,Married,40,Male,['Bali'],9.0,1000000.0,13300000.0
272100003,Divorced,25,Male,['Bali'],12.0,1700000.0,21200000.0
272110001,Married,44,Male,['Bali'],12.0,2000000.0,18500000.0
272110003,Married,22,Male,['Bali'],12.0,1200000.0,14400000.0
272114101,Married,36,Male,['Bali'],12.0,1700000.0,22100000.0
272120003,Married,31,Female,['Bali'],6.0,500000.0,6000000.0
272123101,Married,34,Male,['Bali'],6.0,0.0,16560000.0
272130001,Married,64,Male,['Bali'],6.0,1700000.0,22100000.0
272134102,Married,34,Female,['Bali'],6.0,1560000.0,6840000.0
272180004,Married,34,Male,['Bali'],9.0,2100000.0,9000000.0
272195102,Married,31,Male,['Bali'],16.0,1000000.0,20450000.0
272200004,Married,24,Female,['Bali'],6.0,850000.0,5750000.0
272205101,Married,32,Male,['Bali'],9.0,800000.0,8000000.0
272210003,Married,31,Female,['Bali'],9.0,800000.0,9600000.0
272210008,Married,20,Female,['Bali'],6.0,1000000.0,3500000.0
272214102,Married,25,Female,['Bali'],6.0,0.0,1000000.0
272220003,Married,40,Male,['Bali'],6.0,1000000.0,5000000.0
272240004,Married,34,Male,['Bali'],9.0,1700000.0,23400000.0
272240006,Married,29,Female,['Bali'],9.0,900000.0,11600000.0
272250001,Married,50,Male,['Bali'],6.0,800000.0,9700000.0
272260003,Married,39,Male,['Bali'],6.0,2100000.0,16800000.0
272290003,Married,26,Male,['Bali'],6.0,1500000.0,16200000.0
272290005,Married,21,Male,['Bali'],12.0,1000000.0,2500000.0
272290006,Married,20,Female,['Bali'],6.0,600000.0,3300000.0
272294102,Married,23,Female,['Bali'],6.0,0.0,0.0
273010004,Married,27,Male,['Bali'],15.0,9000000.0,26000000.0
273020001,Married,50,Male,['Bali'],6.0,500000.0,3000000.0
273033101,Married,44,Male,['Bali'],6.0,2400000.0,28800000.0
273040003,Married,38,Male,['Bali'],12.0,1500000.0,24000000.0
273050007,Married,19,Male,['Jawa'],13.0,500000.0,3000000.0
273055201,Married,26,Male,['Bali'],9.0,1000000.0,12000000.0
273075101,Married,27,Male,['Bali'],12.0,950000.0,11550000.0
273080005,Married,36,Male,['Bali'],6.0,1500000.0,18000000.0
273100004,Married,27,Male,['Bali'],9.0,1680000.0,20160000.0
273114201,Married,38,Male,['Jawa'],6.0,600000.0,1190000.0
273130001,Married,53,Male,['Bali'],15.0,1200000.0,17800000.0
273130003,Married,29,Male,['Bali'],12.0,2135000.0,24600000.0
273130004,Married,24,Male,['Bali'],13.0,750000.0,13550000.0
273135202,Married,24,Female,['Bali'],13.0,1000000.0,18000000.0
273145101,Married,30,Male,['Bali'],12.0,3100000.0,40300000.0
273150006,Married,28,Female,['Bali'],6.0,0.0,0.0
273150013,Married,41,Male,['Bali'],6.0,2500000.0,34580000.0
273160005,Married,24,Male,['Jawa'],6.0,2000000.0,2000000.0
273165102,Married,25,Female,['Bali'],6.0,300000.0,3600000.0
273170005,Married,21,Male,['Sasak'],13.0,1200000.0,1200000.0
273180001,Married,62,Male,['Madura'],6.0,3300000.0,8500000.0
273190008,Married,22,Male,['Bali'],12.0,2400000.0,27700000.0
273190015,Married,40,Male,['Bali'],12.0,3500000.0,42100000.0
273193101,Married,44,Male,['Bali'],12.0,4500000.0,54000000.0
273193301,Married,39,Male,['Sasak'],6.0,700000.0,3600000.0
273200005,Married,27,Male,['Bali'],15.0,4800000.0,56500000.0
273203101,Married,37,Male,['Bali'],15.0,3300000.0,45500000.0
273210004,Married,36,Female,['Bali'],12.0,550000.0,6000000.0
273220001,Married,51,Male,['Bali'],6.0,1000000.0,12000000.0
273220003,Married,35,Male,['Bali'],6.0,2280000.0,22400000.0
273220004,Married,32,Male,['Bali'],6.0,1000000.0,2000000.0
273224202,Married,29,Female,['Bali'],9.0,1400000.0,2800000.0
273244103,Married,30,Male,['Bali'],6.0,1000000.0,6000000.0
273260003,Married,38,Male,['Bali'],12.0,1200000.0,3700000.0
273270006,Married,27,Female,['Jawa'],6.0,320000.0,3650000.0
273275201,Married,26,Male,['Bali'],6.0,2000000.0,27900000.0
273280001,Married,48,Male,['Bali'],12.0,1500000.0,18000000.0
273300001,Married,45,Male,['Bali'],12.0,750000.0,4500000.0
273300002,Married,44,Female,['Bali'],6.0,100000.0,1200000.0
273300003,Married,21,Male,['Bali'],12.0,1580000.0,18150000.0
273300006,Married,40,Female,['Bali'],6.0,945000.0,11930000.0
273300007,Married,17,Female,['Bali'],9.0,80000.0,150000.0
273303106,Married,22,Female,['Bali'],12.0,100000.0,200000.0
273305104,Married,41,Male,['Bali'],9.0,1920000.0,9600000.0
273305203,Married,28,Male,['Bali'],12.0,1040000.0,12650000.0
274010003,Married,37,Male,['Bali'],15.0,1300000.0,12000000.0
274010004,Married,34,Male,['Bali'],13.0,1800000.0,23400000.0
274010005,Married,36,Female,['Bali'],6.0,1000000.0,12000000.0
274014202,Married,32,Female,['Bali'],9.0,1300000.0,15600000.0
274020001,Married,64,Male,['Bali'],6.0,2600000.0,23400000.0
274020003,Married,37,Male,['Bali'],12.0,1800000.0,22000000.0
274020004,Married,35,Male,['Bali'],12.0,2100000.0,25200000.0
274020005,Married,32,Female,['Bali'],12.0,1200000.0,14400000.0
274020006,Married,30,Male,['Bali'],16.0,3000000.0,39000000.0
274020007,Married,30,Male,['Bali'],16.0,2500000.0,30250000.0
274020008,Married,27,Female,['Bali'],13.0,1800000.0,22500000.0
274020009,Married,22,Female,['Bali'],13.0,1000000.0,10450000.0
274024201,Married,37,Male,['Bali'],13.0,1800000.0,22300000.0
274024402,Married,29,Female,['Bali'],9.0,1500000.0,18000000.0
274024502,Married,34,Male,['Bali'],9.0,1400000.0,21700000.0
274025101,Married,32,Male,['Bali'],16.0,600000.0,7200000.0
274033106,Married,36,Male,['Bali'],12.0,2000000.0,24000000.0
274035101,Married,19,Male,['Bali'],16.0,900000.0,4000000.0
274040002,Married,45,Female,['Bali'],9.0,2000000.0,24000000.0
274050004,Married,40,Male,['Bali'],12.0,800000.0,8000000.0
274060003,Married,20,Female,['Bali'],9.0,700000.0,8575000.0
274080005,Married,31,Male,['Bali'],12.0,2500000.0,30000000.0
274090003,Married,41,Male,['Bali'],9.0,2500000.0,30000000.0
274110005,Married,35,Male,['Bali'],9.0,1000000.0,17000000.0
274113101,Married,38,Male,['Bali'],6.0,3000000.0,37500000.0
274114201,Married,33,Male,['Bali'],9.0,3000000.0,36000000.0
274120001,Married,62,Male,['Bali'],9.0,1000000.0,12000000.0
274120003,Married,33,Male,['Bali'],6.0,1800000.0,21600000.0
274120004,Married,30,Male,['Bali'],6.0,1200000.0,8400000.0
274130005,Married,23,Female,['Bali'],13.0,1000000.0,12300000.0
274130007,Married,33,Male,['Bali'],12.0,2500000.0,30700000.0
274140004,Married,32,Male,['Bali'],9.0,1700000.0,31915000.0
274140010,Married,31,Female,['Bali'],15.0,800000.0,9600000.0
274150005,Married,29,Male,['Bali'],12.0,1550000.0,18900000.0
274150006,Married,27,Female,['Bali'],6.0,1200000.0,14400000.0
274154205,Married,29,Male,['Bali'],12.0,1320000.0,16840000.0
274160005,Married,30,Male,['Bali'],12.0,1700000.0,9750000.0
274170001,Married,56,Male,['Bali'],6.0,2500000.0,30000000.0
274170003,Married,26,Female,['Bali'],13.0,2200000.0,23600000.0
274170004,Married,24,Male,['Bali'],13.0,1900000.0,16000000.0
274175202,Married,23,Female,['Bali'],13.0,2800000.0,24346000.0
274180003,Married,48,Male,['Bali'],16.0,3816600.0,49615800.0
274203101,Married,36,Male,['Bali'],15.0,2000000.0,24450000.0
274210003,Separated,38,Male,['Bali'],15.0,800000.0,3000000.0
274210004,Separated,30,Female,['Bali'],16.0,700000.0,8400000.0
274230002,Married,45,Female,['Bali'],6.0,1200000.0,14200000.0
274240004,Married,33,Male,['Bali'],12.0,1500000.0,18000000.0
274240005,Married,32,Male,['Bali'],12.0,700000.0,8400000.0
274250002,Married,57,Female,['Bali'],6.0,500000.0,3500000.0
274250003,Married,37,Male,['Bali'],12.0,1500000.0,5000000.0
274274102,Married,42,Female,['Jawa'],12.0,1900000.0,18500000.0
274290002,Married,49,Male,['Bali'],6.0,2700000.0,25200000.0
274290003,Married,50,Female,['Bali'],6.0,1200000.0,7000000.0
274300003,Married,38,Male,['Bali'],12.0,825000.0,9900000.0
274300004,Married,32,Female,['Bali'],9.0,750000.0,8400000.0
275010003,Married,30,Female,['Bali'],9.0,1100000.0,20000000.0
275020003,Married,34,Male,['Bali'],6.0,600000.0,700000.0
275020005,Divorced,40,Female,['Bali'],6.0,400000.0,4800000.0
275020007,Married,30,Female,['Bali'],6.0,160000.0,1000000.0
275040003,Married,32,Female,['Bali'],15.0,4000000.0,5700000.0
275045101,Married,33,Male,['Bali'],16.0,4000000.0,48000000.0
275050003,Married,33,Female,['Bali'],6.0,300000.0,2400000.0
275050008,Married,35,Female,['Bali'],9.0,1000000.0,2000000.0
275054101,Married,47,Male,['Bali'],12.0,2000000.0,19200000.0
275090007,Widowed,36,Female,['Bali'],12.0,0.0,3250000.0
275110003,Married,31,Female,['Bali'],6.0,300000.0,2000000.0
275110004,Married,28,Male,['Bali'],12.0,1200000.0,20880000.0
275110009,Married,25,Female,['Bali'],12.0,1200000.0,15400000.0
275120001,Married,58,Male,['Bali'],6.0,1120000.0,8400000.0
275130001,Married,45,Male,['Bali'],6.0,500000.0,6000000.0
275130004,Married,20,Male,['Bali'],6.0,1200000.0,8400000.0
275143101,Married,38,Male,['Bali'],6.0,1500000.0,12000000.0
275143201,Married,35,Male,['Bali'],6.0,280000.0,3000000.0
275150001,Married,45,Male,['Bali'],6.0,1300000.0,4000000.0
275170001,Married,61,Male,['Bali'],6.0,1700000.0,29400000.0
275170005,Married,32,Female,['Bali'],6.0,11105000.0,13000000.0
275175101,Married,31,Male,['Bali'],6.0,200000.0,1500000.0
275180006,Married,30,Female,['Bali'],6.0,800000.0,5600000.0
275180007,Widowed,28,Male,['Bali'],6.0,1600000.0,8000000.0
275180008,Married,26,Male,['Bali'],6.0,1700000.0,21400000.0
275180010,Married,19,Female,['Bali'],6.0,500000.0,12000000.0
275190004,Married,36,Male,['Bali'],6.0,600000.0,11500000.0
275190007,Married,27,Male,['Bali'],6.0,1500000.0,18000000.0
275193102,Married,34,Female,['Bali'],6.0,150000.0,1800000.0
275200003,Married,26,Female,['Bali'],12.0,1000000.0,5000000.0
275200005,Married,21,Female,['Bali'],9.0,150000.0,1800000.0
275205201,Married,23,Male,['Bali'],9.0,3000000.0,37400000.0
275205301,Married,23,Male,['Bali'],6.0,1000000.0,12000000.0
276010006,Divorced,35,Female,['Bugis'],6.0,400000.0,1400000.0
276020004,Married,38,Male,['Bugis'],6.0,1900000.0,15000000.0
276020006,Married,32,Male,['Bugis'],9.0,700000.0,8400000.0
276020007,Married,28,Male,['Bugis'],6.0,850000.0,8500000.0
276040002,Married,28,Male,['Bugis'],13.0,2500000.0,49600000.0
276045102,Married,27,Female,['Jawa'],12.0,1000000.0,12000000.0
276050003,Married,34,Female,['Bali'],6.0,240000.0,720000.0
276050004,Married,31,Male,['Bugis'],9.0,1500000.0,12000000.0
276050005,Married,28,Female,['Bugis'],6.0,80000.0,80000.0
276053101,Married,38,Male,['Bali'],6.0,1300000.0,15600000.0
276055101,Married,33,Male,['Bali'],9.0,1000000.0,4200000.0
276060003,Married,45,Male,['Bugis'],6.0,750000.0,4500000.0
276060004,Married,41,Male,['Bugis'],6.0,1050000.0,9450000.0
276060007,Married,38,Female,['Bugis'],6.0,200000.0,4480000.0
276060012,Married,34,Female,['Bugis'],6.0,300000.0,600000.0
276080003,Married,35,Male,['Bali'],13.0,2500000.0,30000000.0
276095103,Married,28,Male,['Jawa'],16.0,10000000.0,121800000.0
276100003,Married,39,Male,['Bugis'],12.0,1300000.0,15000000.0
276110001,Married,55,Male,['Bugis'],6.0,750000.0,7500000.0
276110004,Married,33,Male,['Bugis'],15.0,3000000.0,36000000.0
276110009,Married,24,Female,['Bugis'],6.0,125000.0,1500000.0
276110011,Married,25,Male,['Bali'],12.0,1600000.0,6400000.0
276111102,Married,32,Male,['Bugis'],6.0,2100000.0,25200000.0
276115102,Married,28,Female,['Sasak'],12.0,1500000.0,18000000.0
276115301,Married,36,Male,['Bali'],12.0,1500000.0,15000000.0
276120001,Married,62,Male,['Bugis'],6.0,800000.0,8000000.0
276130004,Married,25,Female,['Bugis'],15.0,2700000.0,32400000.0
276135102,Married,36,Male,['Bali'],9.0,2500000.0,13000000.0
276135201,Married,28,Male,"['Madura', 'Melayu']",9.0,2500000.0,19000000.0
276150002,Widowed,58,Female,['Bugis'],6.0,420000.0,4600000.0
276150004,Married,34,Female,['Bugis'],6.0,1050000.0,5250000.0
276150005,Married,32,Female,['Bugis'],6.0,150000.0,2400000.0
276154301,Married,42,Male,['Bugis'],9.0,500000.0,2000000.0
276160001,Married,55,Male,['Bugis'],6.0,200000.0,3360000.0
276183102,Married,43,Female,['Bali'],6.0,0.0,1200000.0
276190002,Married,40,Female,['Bugis'],6.0,350000.0,4400000.0
276190006,Divorced,43,Female,['Bugis'],6.0,375000.0,3950000.0
276200001,Married,70,Male,['Bugis'],6.0,50000.0,525000.0
277010006,Married,24,Male,['Sasak'],9.0,1300000.0,5350000.0
277020005,Married,28,Female,['Sasak'],6.0,1500000.0,18000000.0
277020007,Married,41,Female,['Sasak'],9.0,500000.0,4000000.0
277022105,Married,31,Male,['Sasak'],9.0,1000000.0,14400000.0
277030003,Married,30,Male,['Sasak'],9.0,2400000.0,29800000.0
277034101,Married,31,Male,['Sasak'],6.0,2400000.0,28800000.0
277040004,Married,35,Male,['Sasak'],6.0,500000.0,10000000.0
277040005,Married,30,Male,['Sasak'],6.0,1500000.0,6000000.0
277045202,Married,18,Female,['Sasak'],9.0,500000.0,6000000.0
277050003,Married,28,Male,['Sasak'],6.0,500000.0,5000000.0
277055101,Married,38,Male,['Sasak'],12.0,280000.0,7840000.0
277070003,Married,33,Female,['Sasak'],6.0,800000.0,10100000.0
277070004,Married,30,Male,['Sasak'],6.0,700000.0,11750000.0
277070011,Married,36,Male,['Sasak'],9.0,2500000.0,25500000.0
277073101,Married,42,Male,['Bugis'],12.0,1200000.0,14400000.0
277080003,Married,46,Male,['Sasak'],16.0,10450000.0,53450000.0
277090005,Widowed,27,Female,['Sasak'],6.0,2400000.0,2400000.0
277094101,Divorced,32,Male,['Sasak'],6.0,500000.0,1650000.0
277104101,Married,35,Male,['Sasak'],6.0,500000.0,500000.0
277110001,Married,48,Male,['Sasak'],6.0,450000.0,5400000.0
277110003,Divorced,32,Female,['Sasak'],9.0,700000.0,9760000.0
277110004,Married,26,Male,['Sasak'],9.0,600000.0,6600000.0
277132201,Married,46,Male,['Sasak'],12.0,800000.0,9600000.0
277134102,Married,22,Male,['Sasak'],16.0,800000.0,10000000.0
277140009,Married,36,Male,['Sasak'],6.0,1000000.0,12500000.0
277195201,Married,25,Male,['Sasak'],6.0,1560000.0,1560000.0
278024102,Married,35,Female,['Sasak'],12.0,1200000.0,14400000.0
278025102,Married,27,Female,['Sasak'],16.0,1765000.0,21180000.0
278030003,Married,30,Male,['Sasak'],16.0,4000000.0,72000000.0
278030005,Married,42,Male,['Sasak'],16.0,4000000.0,4000000.0
278030006,Married,37,Female,['Sasak'],16.0,1000000.0,12000000.0
278033102,Married,41,Female,['Bali'],16.0,0.0,2400000.0
278035201,Married,34,Male,['Sasak'],16.0,1140000.0,13060000.0
278040001,Married,53,Male,['Sasak'],12.0,3300000.0,42900000.0
278060003,Married,43,Male,['Sasak'],16.0,4500000.0,57442300.0
278060005,Married,35,Male,['Sasak'],16.0,3000000.0,36000000.0
278060016,Married,33,Male,['Sumbawa'],16.0,2100000.0,25200000.0
278063206,Married,44,Male,['Sasak'],16.0,3200000.0,41600000.0
278073102,Married,43,Female,['Sumbawa'],16.0,7000000.0,49100000.0
278080001,Married,56,Male,['Bima-Dompu'],16.0,4200000.0,74460000.0
278080002,Married,52,Female,['Jawa'],15.0,3800000.0,50400000.0
278080003,Married,27,Female,['Bima-Dompu'],16.0,1500000.0,13500000.0
278080005,Married,50,Female,['Jawa'],16.0,6000000.0,72000000.0
278083101,Married,55,Male,['Jawa'],15.0,1500000.0,19500000.0
278090012,Married,31,Female,['Jawa'],16.0,5000000.0,60000000.0
278100003,Married,43,Male,['Bali'],16.0,2000000.0,27000000.0
278100004,Married,36,Male,['Bali'],16.0,1200000.0,12000000.0
278100006,Married,27,Female,['Bali'],9.0,700000.0,9000000.0
278103102,Married,39,Female,['Bali'],12.0,750000.0,800000.0
278120003,Married,47,Male,['Bali'],16.0,0.0,4000000.0
278120006,Married,38,Male,['Bali'],16.0,3200000.0,41600000.0
278120010,Married,32,Female,['Bali'],16.0,600000.0,7200000.0
278123201,Married,45,Male,['Bali'],16.0,5000000.0,67500000.0
278150002,Widowed,64,Female,['Bima-Dompu'],18.0,8000000.0,101000000.0
278153301,Married,52,Male,['Minang'],16.0,16000000.0,208000000.0
278154101,Married,38,Male,['Sasak'],16.0,2000000.0,27000000.0
278160002,Married,43,Male,['Bali'],16.0,3900000.0,54300000.0
278160003,Married,42,Female,['Bali'],15.0,4000000.0,23000000.0
278180003,Married,18,Female,['Sasak'],9.0,400000.0,1800000.0
278185103,Married,19,Male,['Sasak'],12.0,500000.0,6000000.0
278200001,Married,52,Male,['Sasak'],16.0,4000000.0,48000000.0
278200002,Married,46,Female,['Sasak'],16.0,3600000.0,61950000.0
279030003,Married,45,Male,['Sasak'],12.0,700000.0,8635000.0
279030006,Married,32,Female,['Sasak'],16.0,200000.0,300000.0
279030007,Married,29,Male,['Sasak'],15.0,1500000.0,22680000.0
279030008,Divorced,25,Female,['Sasak'],12.0,800000.0,3775000.0
279030009,Married,31,Female,['Sasak'],6.0,200000.0,550000.0
279035101,Married,25,Male,['Sasak'],12.0,1800000.0,25900000.0
279040003,Married,39,Male,['Sasak'],9.0,600000.0,4200000.0
279055201,Married,29,Male,['Sasak'],12.0,2000000.0,3500000.0
279055301,Married,29,Male,['Sasak'],12.0,1600000.0,20200000.0
279060006,Married,31,Female,['Sasak'],6.0,750000.0,8250000.0
279090007,Widowed,54,Female,['Sasak'],6.0,420000.0,5400000.0
279095101,Married,30,Male,['Sasak'],9.0,800000.0,2400000.0
279100004,Married,29,Male,['Sasak'],12.0,1500000.0,12000000.0
279110005,Married,33,Male,['Sasak'],12.0,2100000.0,26900000.0
279110006,Married,30,Female,['Sasak'],16.0,0.0,3000000.0
279115101,Married,29,Male,['Sasak'],16.0,0.0,16000000.0
279115201,Married,31,Male,['Sasak'],9.0,1000000.0,12000000.0
279120014,Married,43,Male,['Sasak'],12.0,1300000.0,5500000.0
279121103,Married,24,Male,['Sasak'],9.0,1200000.0,13200000.0
279125101,Married,26,Male,['Sasak'],6.0,500000.0,9600000.0
279130005,Married,30,Female,['Sasak'],16.0,250000.0,3000000.0
279130006,Married,27,Male,['Sasak'],16.0,2000000.0,27000000.0
279130010,Divorced,37,Male,['Sasak'],16.0,2500000.0,32500000.0
279135201,Married,32,Male,['Sasak'],15.0,0.0,0.0
279150005,Married,33,Male,['Sasak'],12.0,1440000.0,17280000.0
279152103,Married,41,Male,['Sasak'],6.0,1500000.0,11000000.0
279152201,Married,53,Male,['Sasak'],16.0,600000.0,20200000.0
279155101,Married,24,Male,['Sasak'],12.0,120000.0,120000.0
279160003,Married,37,Male,['Sasak'],16.0,3800000.0,33600000.0
279160006,Married,28,Male,['Sasak'],15.0,900000.0,900000.0
279161101,Married,44,Male,['Sasak'],13.0,750000.0,30000000.0
279165201,Married,36,Male,['Sasak'],12.0,0.0,4000000.0
279170002,Married,32,Male,['Sasak'],6.0,3000000.0,45000000.0
279170005,Divorced,36,Female,['Sasak'],6.0,0.0,0.0
279174101,Married,33,Male,['Sasak'],9.0,2100000.0,25400000.0
279180003,Married,49,Male,['Sasak'],15.0,2600000.0,38250000.0
279190003,Married,35,Female,['Sasak'],6.0,360000.0,2260000.0
279190004,Married,32,Female,['Sasak'],9.0,870000.0,10440000.0
279190005,Married,23,Female,['Sasak'],12.0,350000.0,350000.0
279192101,Married,38,Male,['Sasak'],6.0,1600000.0,10000000.0
279193101,Married,37,Male,['Sasak'],9.0,2500000.0,13500000.0
279195101,Married,27,Male,['Sasak'],9.0,600000.0,7800000.0
279200010,Married,28,Female,['Sasak'],16.0,1850000.0,19400000.0
279203101,Married,42,Male,['Sumbawa'],18.0,1500000.0,16900000.0
279204101,Married,33,Male,['Sasak'],16.0,0.0,22000000.0
279214101,Married,36,Male,['Sasak'],9.0,800000.0,16470000.0
279215101,Married,25,Male,['Sasak'],12.0,900000.0,11100000.0
279230001,Married,49,Male,['Sasak'],6.0,600000.0,600000.0
279230003,Married,28,Female,['Sasak'],15.0,200000.0,5400000.0
279235101,Married,30,Male,['Sasak'],16.0,450000.0,5400000.0
279235201,Married,29,Male,['Sasak'],16.0,160000.0,2620000.0
279245101,Married,26,Male,['Sasak'],6.0,1800000.0,21650000.0
279250003,Married,25,Male,['Sasak'],16.0,2000000.0,26000000.0
279270005,Married,40,Male,['Sasak'],9.0,700000.0,4200000.0
279285201,Married,25,Male,['Sasak'],12.0,1700000.0,3000000.0
279285301,Married,21,Male,['Sasak'],9.0,840000.0,6720000.0
279290004,Married,31,Male,['Sasak'],9.0,1300000.0,16300000.0
279290007,Married,30,Male,['Sasak'],9.0,1500000.0,18000000.0
279295301,Married,22,Male,['Sasak'],12.0,1120000.0,13680000.0
280010007,Married,31,Male,['Sasak'],12.0,1000000.0,12000000.0
280010008,Married,25,Male,['Sasak'],12.0,1000000.0,7000000.0
280015101,Married,27,Male,['Sasak'],9.0,600000.0,3000000.0
280020004,Married,31,Male,['Sasak'],6.0,810000.0,9720000.0
280020005,Married,28,Male,['Sasak'],12.0,250000.0,3500000.0
280024102,Married,23,Female,['Sasak'],6.0,650000.0,7800000.0
280025102,Married,23,Female,['Sasak'],9.0,500000.0,6500000.0
280030004,Married,36,Male,['Sasak'],6.0,900000.0,6500000.0
280030006,Married,27,Male,['Sasak'],9.0,720000.0,720000.0
280050003,Married,28,Male,['Sasak'],6.0,1500000.0,4400000.0
280055201,Married,26,Male,['Sasak'],6.0,960000.0,11520000.0
280070005,Married,43,Male,['Sasak'],15.0,5000000.0,20000000.0
280080002,Married,62,Female,['Batak'],15.0,5000000.0,107000000.0
280090003,Married,37,Male,['Sasak'],12.0,700000.0,24400000.0
280090005,Married,33,Male,['Sasak'],16.0,2000000.0,26000000.0
280090007,Married,27,Female,['Sasak'],16.0,1500000.0,18000000.0
280100001,Married,55,Male,['Sasak'],16.0,4970000.0,64960000.0
280100002,Married,56,Female,['Sasak'],16.0,5500000.0,66000000.0
280100003,Married,31,Female,['Sasak'],16.0,4780000.0,49480000.0
280105101,Married,32,Male,['Sasak'],16.0,1340000.0,16080000.0
280110004,Divorced,45,Female,['Sasak'],6.0,200000.0,200000.0
280110006,Married,26,Male,['Sasak'],16.0,150000.0,900000.0
280113201,Married,39,Male,['Sasak'],6.0,1300000.0,9900000.0
280115102,Married,25,Female,['Sasak'],16.0,90000.0,900000.0
280120003,Married,35,Male,['Sasak'],6.0,1000000.0,12850000.0
280120007,Married,24,Male,['Sasak'],12.0,0.0,7200000.0
280122101,Married,36,Male,['Sasak'],9.0,2100000.0,25200000.0
280123102,Married,38,Female,['Sasak'],6.0,80000.0,960000.0
280140004,Married,27,Male,['Sasak'],12.0,600000.0,3950000.0
280140008,Married,32,Female,['Bali'],9.0,250000.0,750000.0
280140009,Married,19,Female,['Sasak'],13.0,500000.0,500000.0
280150004,Married,41,Female,['Sasak'],9.0,500000.0,6400000.0
280150009,Married,44,Male,['Sasak'],16.0,400000.0,5550000.0
280153101,Married,44,Male,['Sasak'],9.0,1200000.0,14550000.0
280160002,Married,39,Male,['Sasak'],6.0,1650000.0,18150000.0
280160005,Married,41,Male,['Sasak'],6.0,1000000.0,12000000.0
280160006,Married,40,Female,['Sasak'],6.0,180000.0,180000.0
280170003,Married,35,Male,['Sasak'],6.0,400000.0,1000000.0
280170004,Married,34,Male,['Sasak'],15.0,980000.0,11760000.0
280175102,Married,33,Female,['Sasak'],6.0,500000.0,6000000.0
280175201,Married,28,Male,['Sasak'],12.0,900000.0,10000000.0
280194101,Married,41,Male,['Sasak'],9.0,2100000.0,24000000.0
280200003,Divorced,36,Female,['Sasak'],6.0,600000.0,2400000.0
280200005,Married,29,Female,['Sasak'],9.0,600000.0,6000000.0
280200011,Married,27,Male,['Sasak'],6.0,1500000.0,18000000.0
280204101,Married,36,Male,['Sasak'],6.0,2000000.0,21000000.0
280205201,Married,29,Male,['Sasak'],16.0,550000.0,9000000.0
280205301,Married,26,Male,['Sasak'],6.0,2000000.0,24000000.0
280210006,Married,30,Female,['Sasak'],12.0,300000.0,300000.0
280215101,Married,27,Male,['Sasak'],9.0,1500000.0,3000000.0
280220003,Married,40,Male,['Sasak'],9.0,1500000.0,10500000.0
280220005,Married,35,Male,['Sasak'],16.0,1200000.0,14400000.0
280230004,Married,29,Male,['Sasak'],6.0,3000000.0,33000000.0
280235201,Married,36,Male,['Sasak'],6.0,800000.0,9650000.0
280240003,Married,34,Female,['Sasak'],6.0,0.0,0.0
280243101,Married,42,Male,['Sasak'],6.0,1000000.0,1000000.0
280243201,Married,41,Male,['Sasak'],12.0,1500000.0,18000000.0
280245201,Married,28,Male,['Sasak'],12.0,1200000.0,13200000.0
280250005,Married,31,Male,['Sasak'],12.0,1200000.0,13200000.0
280254101,Married,40,Male,['Sasak'],16.0,4000000.0,51500000.0
280280003,Married,40,Male,['Sasak'],9.0,750000.0,9000000.0
280280005,Married,39,Female,['Sasak'],6.0,80000.0,80000.0
280283101,Married,40,Male,['Sasak'],9.0,840000.0,1680000.0
280290003,Married,39,Male,['Sasak'],6.0,1400000.0,15400000.0
280290004,Married,36,Male,['Sasak'],6.0,650000.0,6650000.0
280290006,Married,37,Female,['Sasak'],6.0,300000.0,3600000.0
280300002,Married,41,Male,['Sasak'],6.0,1600000.0,19200000.0
280300004,Married,24,Male,['Sasak'],6.0,420000.0,5400000.0
280300007,Married,21,Male,['Sasak'],6.0,1320000.0,7920000.0
281010003,Married,48,Male,['Sasak'],16.0,2500000.0,36000000.0
281010004,Married,32,Male,['Sasak'],16.0,1600000.0,19200000.0
281015102,Married,32,Female,['Sasak'],16.0,400000.0,4800000.0
281020008,Married,25,Female,['Sasak'],15.0,250000.0,9000000.0
281022102,Married,46,Female,['Sasak'],15.0,4000000.0,48000000.0
281023104,Married,41,Male,['Sasak'],15.0,2000000.0,24000000.0
281030003,Married,42,Male,['Sasak'],12.0,1600000.0,19200000.0
281032105,Married,49,Male,['Sasak'],16.0,13000000.0,86000000.0
281034102,Married,41,Female,['Sasak'],12.0,1800000.0,23100000.0
281040009,Married,32,Male,['Sasak'],12.0,1500000.0,18900000.0
281044101,Married,29,Male,['Sasak'],16.0,300000.0,7500000.0
281065201,Married,25,Male,['Melayu'],12.0,1200000.0,14400000.0
281110003,Married,29,Male,['Sasak'],9.0,1680000.0,20160000.0
281120004,Married,29,Female,['Sasak'],16.0,1200000.0,14400000.0
281125102,Married,37,Female,['Jawa'],15.0,2800000.0,33600000.0
281130003,Married,32,Male,['Sasak'],9.0,250000.0,5000000.0
281140003,Married,34,Male,['Sasak'],9.0,2000000.0,24600000.0
281140004,Married,30,Male,['Sasak'],12.0,1000000.0,12400000.0
281145102,Married,24,Female,['Sasak'],9.0,500000.0,2500000.0
281150003,Married,36,Male,['Sasak'],9.0,1390000.0,18070000.0
281153102,Married,33,Female,['Sasak'],6.0,300000.0,3600000.0
281160001,Married,52,Male,['Sasak'],16.0,4900300.0,66283900.0
281160003,Married,26,Female,['Sasak'],16.0,150000.0,1800000.0
281165101,Married,22,Male,['Sasak'],12.0,3200000.0,49160000.0
281171101,Married,46,Male,['Sasak'],16.0,800000.0,11100000.0
281174101,Married,33,Male,['Sasak'],9.0,800000.0,9600000.0
281175101,Married,27,Male,['Sasak'],12.0,2400000.0,28800000.0
282020007,Married,25,Female,['Sasak'],12.0,300000.0,1800000.0
282030002,Widowed,52,Female,['Sasak'],6.0,500000.0,3000000.0
282030004,Married,36,Female,['Sasak'],12.0,200000.0,400000.0
282030011,Widowed,53,Male,['Sasak'],6.0,150000.0,150000.0
282034201,Married,36,Male,['Sasak'],16.0,120000.0,1440000.0
282035101,Married,30,Male,['Sasak'],16.0,300000.0,4800000.0
282040004,Married,26,Male,['Sasak'],6.0,300000.0,10000000.0
282050002,Married,52,Female,['Sasak'],6.0,100000.0,1200000.0
282054102,Married,42,Female,['Sasak'],6.0,800000.0,9600000.0
282060004,Married,42,Female,['Sasak'],6.0,117000.0,1404000.0
282064106,Married,50,Male,['Sasak'],12.0,500000.0,1500000.0
282070008,Married,40,Male,['Sasak'],16.0,350000.0,4350000.0
282075101,Married,32,Male,['Sasak'],6.0,500000.0,4000000.0
282090007,Married,26,Female,['Sasak'],9.0,400000.0,400000.0
282090009,Married,31,Male,['Sasak'],9.0,0.0,0.0
282090011,Married,23,Male,['Sasak'],9.0,500000.0,2000000.0
282090013,Married,28,Female,['Sasak'],9.0,30000.0,30000.0
282105201,Married,29,Male,['Sasak'],6.0,350000.0,350000.0
282110001,Married,72,Male,['Sasak'],6.0,0.0,0.0
282115101,Married,28,Male,['Sasak'],12.0,1500000.0,18000000.0
282120001,Married,55,Male,['Sasak'],6.0,0.0,0.0
282130003,Married,37,Female,['Sasak'],6.0,350000.0,1050000.0
282130005,Married,31,Female,['Sasak'],9.0,120000.0,120000.0
282134104,Married,41,Male,['Sasak'],6.0,500000.0,6000000.0
282134201,Married,40,Male,['Sasak'],6.0,0.0,0.0
282140001,Married,56,Male,['Sasak'],6.0,0.0,1500000.0
282145101,Married,28,Male,['Sasak'],6.0,2500000.0,7500000.0
282150003,Married,37,Male,['Sasak'],6.0,1500000.0,9000000.0
282160002,Married,43,Female,['Sasak'],6.0,50000.0,100000.0
282160003,Married,24,Male,['Sasak'],6.0,500000.0,500000.0
282165102,Married,38,Female,['Sasak'],6.0,65000.0,65000.0
282170003,Divorced,37,Male,['Sasak'],6.0,520000.0,5200000.0
282170005,Married,27,Male,['Sasak'],6.0,0.0,0.0
282170006,Married,39,Female,['Sasak'],6.0,320000.0,3840000.0
282175101,Married,33,Male,['Sasak'],6.0,300000.0,4000000.0
282175201,Married,46,Male,['Sasak'],6.0,450000.0,5400000.0
282220001,Divorced,45,Female,['Sasak'],12.0,900000.0,10800000.0
282240004,Married,24,Female,['Sasak'],16.0,0.0,1400000.0
282244101,Married,34,Male,['Sasak'],16.0,1500000.0,18000000.0
282260005,Married,71,Male,['Sasak'],6.0,1500000.0,16500000.0
282270002,Married,50,Male,['Sasak'],6.0,2100000.0,10500000.0
282270003,Married,43,Male,['Sasak'],6.0,840000.0,6720000.0
282270005,Married,46,Female,['Sasak'],9.0,100000.0,1000000.0
283010003,Married,29,Male,"['Sasak', 'Melayu']",12.0,280000.0,4500000.0
283020004,Married,39,Male,['Sumbawa'],16.0,4500000.0,54000000.0
283024102,Married,34,Female,['Sumbawa'],16.0,0.0,13500000.0
283030003,Married,45,Female,['Sumbawa'],12.0,700000.0,8400000.0
283030005,Married,40,Male,['Sasak'],12.0,2700000.0,3960000.0
283030013,Married,49,Female,['Sumbawa'],6.0,150000.0,1350000.0
283032201,Married,46,Male,['Sumbawa'],12.0,3000000.0,13600000.0
283034202,Married,32,Female,['Sasak'],12.0,20000.0,20000.0
283050003,Married,44,Male,['Sasak'],16.0,3000000.0,51000000.0
283050004,Married,43,Male,['Sasak'],16.0,3500000.0,72000000.0
283055101,Married,36,Male,['Sasak'],16.0,3700000.0,48100000.0
283055201,Married,27,Male,['Sasak'],9.0,2000000.0,24000000.0
283060002,Widowed,52,Male,['Sumbawa'],12.0,2000000.0,26000000.0
283070001,Married,62,Male,['Sumbawa'],9.0,2500000.0,27500000.0
283080001,Married,50,Male,['Sasak'],13.0,2100000.0,4200000.0
283080004,Married,25,Male,['Sasak'],16.0,1300000.0,14300000.0
283085101,Married,31,Male,['Sasak'],16.0,2000000.0,24000000.0
283090004,Married,44,Male,['Sumbawa'],12.0,900000.0,11000000.0
283115101,Married,27,Male,['Sasak'],12.0,900000.0,10800000.0
283130001,Married,45,Male,['Sumbawa'],12.0,900000.0,10800000.0
283140003,Married,34,Male,['Sasak'],12.0,2100000.0,12600000.0
283150003,Married,24,Male,['Sumbawa'],12.0,900000.0,5400000.0
283160004,Married,37,Male,['Sasak'],12.0,1050000.0,1050000.0
283170003,Married,40,Male,['Sumbawa'],12.0,6000000.0,54000000.0
283170004,Married,40,Male,['Sasak'],16.0,1700000.0,24200000.0
283170005,Married,38,Male,['Sasak'],12.0,1400000.0,2800000.0
283170007,Married,33,Male,['Sasak'],16.0,2000000.0,40000000.0
283174402,Married,31,Female,['Sasak'],16.0,3500000.0,4300000.0
283180002,Married,35,Male,['Sasak'],16.0,1500000.0,18000000.0
283190003,Married,45,Male,['Sasak'],16.0,140000.0,1805000.0
283191102,Married,41,Female,['Sasak'],16.0,2800000.0,48600000.0
283200004,Married,33,Female,['Sasak'],9.0,30000.0,30000.0
283200005,Widowed,32,Female,['Sumbawa'],9.0,200000.0,2400000.0
283220001,Widowed,56,Female,['Sumbawa'],9.0,300000.0,3480000.0
283220002,Married,35,Male,['Sasak'],9.0,1400000.0,7000000.0
283230003,Married,42,Female,['Sumbawa'],9.0,500000.0,5000000.0
283235101,Married,31,Male,['Sumbawa'],18.0,3800000.0,49400000.0
283250005,Married,26,Female,['Sumbawa'],12.0,150000.0,2100000.0
283250007,Married,31,Female,['Sumbawa'],9.0,400000.0,4400000.0
283255301,Married,27,Male,['Sumbawa'],12.0,210000.0,210000.0
283260001,Widowed,46,Female,['Sasak'],6.0,200000.0,2400000.0
283280003,Married,45,Male,['Sumbawa'],9.0,300000.0,3900000.0
283280004,Married,41,Male,['Sumbawa'],9.0,1400000.0,16800000.0
283290001,Married,45,Male,['Sasak'],16.0,3900000.0,50700000.0
283295101,Married,18,Male,['Sasak'],9.0,1275000.0,5100000.0
283300006,Married,28,Male,['Sasak'],12.0,1200000.0,1200000.0
283300007,Married,26,Female,['Sasak'],12.0,400000.0,4800000.0
283303101,Married,40,Male,['Sumbawa'],12.0,0.0,9600000.0
283305101,Married,35,Male,['Sumbawa'],12.0,2200000.0,9000000.0
283305201,Married,31,Male,['Sasak'],9.0,1200000.0,15400000.0
283305301,Married,28,Male,['Sasak'],12.0,500000.0,6000000.0
284010004,Married,33,Male,['Sasak'],6.0,12000000.0,132000000.0
284010006,Married,26,Male,['Sasak'],6.0,900000.0,2100000.0
284010007,Married,40,Male,['Sasak'],6.0,1040000.0,3100000.0
284015101,Married,32,Male,['Sasak'],6.0,500000.0,6000000.0
284020004,Married,47,Female,['Sasak'],6.0,300000.0,3300000.0
284025101,Married,43,Male,['Sasak'],12.0,3000000.0,36000000.0
284030001,Married,61,Male,['Sasak'],6.0,400000.0,2000000.0
284030003,Married,38,Female,['Sasak'],6.0,750000.0,750000.0
284030004,Married,36,Female,['Sasak'],6.0,560000.0,6720000.0
284030006,Married,31,Female,['Sasak'],6.0,1200000.0,14400000.0
284030007,Married,28,Male,['Sasak'],13.0,1440000.0,17280000.0
284032108,Married,39,Male,['Sasak'],6.0,0.0,4800000.0
284035101,Married,42,Male,['Sasak'],6.0,625000.0,6250000.0
284035201,Married,34,Male,['Sasak'],6.0,1440000.0,4320000.0
284035301,Married,26,Male,['Sasak'],9.0,1000000.0,4860000.0
284040002,Divorced,47,Female,['Sasak'],6.0,200000.0,2000000.0
284045101,Married,39,Male,['Sasak'],13.0,2400000.0,14400000.0
284050004,Married,35,Male,['Sasak'],6.0,1050000.0,12600000.0
284075101,Married,43,Male,['Sasak'],9.0,3500000.0,21000000.0
284100011,Divorced,70,Male,['Sasak'],6.0,700000.0,6300000.0
284110002,Married,49,Female,['Sasak'],12.0,2500000.0,32500000.0
284110007,Married,39,Male,['Sasak'],18.0,3700000.0,44400000.0
284110008,Married,42,Male,['Sasak'],12.0,250000.0,3000000.0
284110009,Married,33,Female,['Sasak'],16.0,2800000.0,36400000.0
284110010,Married,24,Female,"['Sasak', 'Minang']",9.0,20000.0,100000.0
284114101,Married,51,Male,['Sasak'],16.0,5027000.0,60324000.0
284130002,Married,58,Female,['Sasak'],16.0,4500000.0,61250000.0
284130005,Married,31,Female,['Sasak'],15.0,3500000.0,48000000.0
284134101,Married,37,Male,['Sasak'],15.0,2080000.0,34960000.0
284140001,Divorced,55,Female,['Sasak'],6.0,560000.0,6720000.0
284140002,Married,35,Male,['Sasak'],13.0,2700000.0,32400000.0
284140003,Married,30,Male,['Sasak'],9.0,0.0,0.0
284150002,Widowed,79,Female,['Sasak'],6.0,800000.0,9600000.0
284150003,Married,33,Male,['Sasak'],12.0,1300000.0,6500000.0
284150004,Widowed,44,Female,['Sasak'],6.0,100000.0,1000000.0
284160010,Married,32,Female,['Sasak'],9.0,900000.0,10800000.0
284175101,Married,50,Male,['Sasak'],15.0,300000.0,3600000.0
284180001,Married,76,Male,['Sasak'],6.0,600000.0,6000000.0
284201109,Married,49,Male,['Sasak'],6.0,700000.0,700000.0
284210001,Married,53,Male,['Sasak'],9.0,900000.0,10800000.0
284210004,Married,23,Male,['Sasak'],16.0,400000.0,400000.0
284230001,Married,53,Male,['Sasak'],9.0,490000.0,490000.0
284230003,Married,32,Female,['Sasak'],15.0,0.0,0.0
284230005,Married,26,Female,['Bugis'],16.0,100000.0,700000.0
284240007,Married,49,Male,['Sasak'],6.0,800000.0,2500000.0
284240009,Married,37,Female,['Sasak'],6.0,100000.0,700000.0
284250001,Married,47,Male,['Sasak'],9.0,1500000.0,12000000.0
284255101,Married,21,Male,['Sasak'],6.0,1040000.0,8320000.0
284270005,Married,55,Female,['Sasak'],18.0,4500000.0,54000000.0
284290001,Married,49,Male,['Sasak'],16.0,3900000.0,53440000.0
284290002,Married,50,Female,['Sasak'],16.0,3829400.0,51922200.0
285010005,Married,37,Male,['Sasak'],6.0,300000.0,4000000.0
285020005,Married,29,Male,['Sasak'],12.0,3700000.0,4400000.0
285024202,Married,25,Female,['Jawa'],15.0,2500000.0,32500000.0
285040002,Married,33,Male,['Sasak'],6.0,1200000.0,14550000.0
285040003,Married,31,Female,['Sasak'],9.0,1500000.0,19500000.0
285044103,Married,38,Male,['Sasak'],9.0,900000.0,12200000.0
285045102,Married,31,Female,['Sasak'],12.0,300000.0,1200000.0
285050001,Married,46,Male,['Sasak'],6.0,1000000.0,12000000.0
285050004,Married,34,Male,['Sasak'],6.0,900000.0,3600000.0
285060004,Married,33,Female,['Jawa'],16.0,3500000.0,44500000.0
285064301,Married,31,Male,['Jawa'],13.0,3200000.0,10100000.0
285070006,Married,66,Male,['Sasak'],6.0,75000.0,1200000.0
285080003,Married,44,Male,['Sasak'],6.0,600000.0,7350000.0
285100003,Married,37,Male,['Sasak'],6.0,900000.0,10900000.0
285100004,Married,32,Male,['Sasak'],9.0,500000.0,6200000.0
285100005,Married,31,Male,['Sasak'],6.0,1000000.0,12210000.0
285100010,Married,37,Female,['Sasak'],9.0,325000.0,975000.0
285103101,Married,33,Male,['Sasak'],12.0,1000000.0,4000000.0
285110005,Married,34,Male,['Sasak'],6.0,800000.0,9600000.0
285111104,Married,34,Female,['Sasak'],9.0,50000.0,50000.0
285120003,Married,32,Female,['Sasak'],12.0,240000.0,2640000.0
285130003,Married,33,Male,['Sasak'],6.0,300000.0,3600000.0
285130005,Married,29,Male,['Sasak'],6.0,300000.0,3630000.0
285130006,Married,29,Female,['Sasak'],9.0,250000.0,2750000.0
285134102,Married,28,Female,['Sasak'],9.0,224000.0,2688000.0
285135101,Married,38,Male,['Sasak'],6.0,600000.0,7260000.0
285135201,Married,24,Male,['Sumbawa'],6.0,120000.0,120000.0
285150002,Married,43,Female,['Sasak'],9.0,750000.0,9000000.0
285160006,Married,25,Female,['Sasak'],9.0,300000.0,3600000.0
285160007,Married,24,Male,['Sasak'],9.0,900000.0,10800000.0
285165101,Married,27,Male,['Jawa'],12.0,1500000.0,18000000.0
285180002,Married,49,Male,['Sasak'],6.0,650000.0,7830000.0
285200003,Married,40,Male,['Sasak'],12.0,2500000.0,30000000.0
285200004,Married,37,Male,['Sasak'],15.0,5000000.0,61800000.0
285200006,Married,33,Male,['Sasak'],16.0,1500000.0,22100000.0
285203102,Married,38,Female,['Sasak'],16.0,3000000.0,36000000.0
286010004,Married,22,Female,['Sasak'],9.0,160000.0,320000.0
286010009,Married,22,Male,['Sasak'],13.0,1500000.0,13900000.0
286040003,Married,27,Male,['Sasak'],12.0,1100000.0,13100000.0
286050002,Married,43,Male,['Sasak'],16.0,5350000.0,69550000.0
286050003,Married,42,Male,['Sasak'],12.0,400000.0,4800000.0
286053202,Married,43,Female,['Sasak'],6.0,192000.0,2112000.0
286065302,Married,23,Male,['Sasak'],6.0,330000.0,3300000.0
286070002,Widowed,58,Female,['Sasak'],6.0,450000.0,4500000.0
286075102,Married,31,Female,['Sasak'],6.0,200000.0,200000.0
286080001,Married,56,Male,['Sasak'],6.0,280000.0,6720000.0
286080002,Married,52,Female,['Sasak'],6.0,105000.0,1200000.0
286084101,Married,44,Male,['Sasak'],9.0,2500000.0,30000000.0
286090002,Married,39,Male,['Sasak'],12.0,1040000.0,12980000.0
286120002,Married,46,Female,['Sasak'],6.0,210000.0,2580000.0
286120004,Married,27,Male,['Sasak'],9.0,1020000.0,1020000.0
286160001,Married,53,Male,['Sasak'],6.0,1500000.0,6000000.0
286160003,Married,31,Male,['Sasak'],9.0,1200000.0,14400000.0
286160004,Married,25,Male,['Sasak'],6.0,1000000.0,6000000.0
286170001,Married,46,Male,['Sasak'],16.0,3500000.0,42000000.0
286194101,Married,37,Male,['Sasak'],9.0,1500000.0,18000000.0
286200004,Married,25,Male,['Sasak'],12.0,250000.0,370000.0
287025101,Married,30,Male,['Melayu'],12.0,1820000.0,21840000.0
287050004,Married,32,Female,['Sumbawa'],15.0,800000.0,3200000.0
287050005,Married,29,Female,['Sumbawa'],16.0,400000.0,4800000.0
287113109,Married,45,Female,['Jawa'],6.0,320000.0,3520000.0
287124102,Married,28,Male,['Sumbawa'],16.0,450000.0,1050000.0
287160003,Married,45,Female,['Sumbawa'],6.0,1000000.0,2000000.0
287161101,Married,44,Male,['Sumbawa'],6.0,1000000.0,2000000.0
287190001,Married,48,Male,['Sumbawa'],6.0,4500000.0,10000000.0
287190002,Married,46,Female,['Sumbawa'],6.0,525000.0,1050000.0
287213103,Married,34,Male,['Sumbawa'],6.0,200000.0,5000000.0
287225101,Married,30,Male,['Sumbawa'],12.0,1400000.0,193000000.0
287225201,Married,32,Male,['Other South Sumatera'],12.0,5000000.0,60000000.0
287230005,Married,28,Male,['Sumbawa'],6.0,1500000.0,16500000.0
287235201,Married,29,Male,['Sumbawa'],9.0,200000.0,2000000.0
287264101,Married,36,Male,['Sumbawa'],12.0,300000.0,30000000.0
287265101,Married,31,Male,['Sumbawa'],12.0,3800000.0,45600000.0
287265201,Married,28,Male,['Sumbawa'],9.0,1000000.0,3000000.0
287270003,Married,48,Male,['Sumbawa'],12.0,150000.0,10000000.0
287270004,Married,43,Female,['Sumbawa'],6.0,150000.0,5000000.0
287280001,Married,54,Male,['Toraja'],16.0,4000000.0,100000000.0
287280002,Married,48,Female,['Sumbawa'],16.0,3800000.0,19300000.0
287290003,Married,30,Female,['Sumbawa'],16.0,100000.0,1200000.0
287290006,Married,32,Male,['Sumbawa'],16.0,600000.0,7500000.0
287295101,Married,29,Male,['Sasak'],16.0,1200000.0,4800000.0
287295202,Married,31,Female,['Sumbawa'],16.0,1200000.0,24000000.0
287410005,Married,32,Female,['Sumbawa'],12.0,300000.0,3600000.0
287414101,Married,39,Male,['Sumbawa'],13.0,1500000.0,19200000.0
287420007,Married,34,Male,['Sumbawa'],6.0,10000000.0,120000000.0
287424401,Married,30,Male,['Sumbawa'],12.0,700000.0,8400000.0
288010001,Married,53,Male,['Bima-Dompu'],16.0,4000000.0,52000000.0
288030003,Married,26,Female,['Bima-Dompu'],16.0,0.0,300000.0
288040001,Married,57,Male,['Bima-Dompu'],16.0,5400000.0,120000000.0
288040004,Married,27,Male,['Bima-Dompu'],16.0,350000.0,5200000.0
288045102,Married,30,Female,['Bima-Dompu'],16.0,500000.0,6000000.0
288050001,Married,44,Male,['Bima-Dompu'],16.0,750000.0,3600000.0
288060003,Married,27,Male,['Bima-Dompu'],9.0,500000.0,4500000.0
288070005,Married,26,Female,['Bima-Dompu'],12.0,350000.0,350000.0
288070007,Married,27,Male,['Bima-Dompu'],9.0,900000.0,3000000.0
288090003,Married,23,Female,['Bima-Dompu'],12.0,100000.0,1500000.0
288095001,Married,29,Male,['Bima-Dompu'],9.0,200000.0,2000000.0
288150003,Married,27,Male,['Bima-Dompu'],16.0,200000.0,3000000.0
288190001,Married,76,Male,['Bima-Dompu'],6.0,120000.0,120000.0
288195102,Married,36,Female,['Bima-Dompu'],12.0,500000.0,6000000.0
288210003,Married,35,Male,['Bima-Dompu'],12.0,200000.0,200000.0
288214205,Married,32,Male,['Bima-Dompu'],12.0,2500000.0,30000000.0
288260008,Married,28,Female,['Bima-Dompu'],16.0,150000.0,900000.0
288290004,Married,25,Female,['Bima-Dompu'],16.0,0.0,200000.0
288295101,Married,27,Male,['Bima-Dompu'],16.0,600000.0,1200000.0
288410003,Married,30,Female,['Bima-Dompu'],6.0,1500000.0,1500000.0
289030001,Married,41,Male,['Sasak'],9.0,700000.0,8400000.0
289030009,Married,30,Male,['Sasak'],15.0,1400000.0,16800000.0
289033105,Married,45,Male,['Bima-Dompu'],13.0,3487000.0,41844000.0
289060001,Married,49,Male,['Makassar'],13.0,3600000.0,46800000.0
289060002,Married,50,Female,['Bima-Dompu'],16.0,4890100.0,64741300.0
289060003,Married,28,Male,['Makassar'],16.0,3800000.0,49400000.0
289064102,Married,24,Female,['Bima-Dompu'],16.0,0.0,3000000.0
289070002,Married,56,Female,['Sasak'],6.0,600000.0,3160000.0
289070008,Married,50,Male,['Sasak'],6.0,0.0,4000000.0
289074101,Married,31,Male,['Sasak'],12.0,425000.0,5200000.0
289084101,Married,31,Male,['Bima-Dompu'],9.0,500000.0,3000000.0
289100003,Married,26,Female,['Sasak'],16.0,0.0,1200000.0
289104102,Married,29,Male,['Sasak'],16.0,0.0,2400000.0
289164303,Divorced,42,Male,['Bima-Dompu'],12.0,2700000.0,35100000.0
289174201,Married,33,Male,['Sasak'],9.0,2000000.0,14000000.0
289180001,Widowed,70,Male,['Bima-Dompu'],6.0,500000.0,5500000.0
289250006,Married,29,Male,['Sasak'],9.0,3600000.0,43200000.0
289250012,Married,23,Female,['Sasak'],9.0,1000000.0,12000000.0
289260005,Married,37,Female,['Sasak'],6.0,1500000.0,4500000.0
289280007,Married,25,Male,['Sasak'],6.0,3000000.0,10000000.0
289283102,Married,34,Female,['Sasak'],6.0,1800000.0,3600000.0
289284102,Married,27,Female,['Sasak'],9.0,0.0,3750000.0
289285102,Married,25,Female,['Sasak'],9.0,1800000.0,3600000.0
289290004,Married,32,Female,['Bima-Dompu'],6.0,1200000.0,12000000.0
289410007,Married,25,Female,['Sasak'],16.0,0.0,5400000.0
289414102,Married,29,Male,['Bima-Dompu'],16.0,700000.0,8400000.0
289420003,Married,36,Female,['Sasak'],6.0,1500000.0,6000000.0
289425201,Married,21,Male,['Sasak'],6.0,800000.0,9600000.0
289430003,Married,27,Female,['Sasak'],16.0,300000.0,900000.0
290010003,Married,35,Female,['Other'],16.0,350000.0,4300000.0
290010004,Married,32,Male,['Other'],16.0,3100000.0,77500000.0
290010005,Married,29,Female,['Other'],16.0,800000.0,1600000.0
290013102,Married,37,Male,['Jawa'],16.0,800000.0,4700000.0
290014102,Married,27,Male,['Sasak'],16.0,0.0,6600000.0
290015102,Married,29,Female,['Bima-Dompu'],16.0,1100000.0,4400000.0
290020001,Married,46,Male,['Bima-Dompu'],16.0,3775000.0,49075000.0
290020002,Married,48,Female,['Bugis'],16.0,3400000.0,80200000.0
290030001,Widowed,52,Male,['Bima-Dompu'],16.0,4500000.0,54000000.0
290040001,Married,47,Male,['Bima-Dompu'],18.0,3500000.0,81500000.0
290040002,Married,56,Female,['Sumbawa'],15.0,4200000.0,57540000.0
290050001,Married,48,Male,['Bima-Dompu'],18.0,4000000.0,48000000.0
290054102,Married,48,Female,['Bima-Dompu'],16.0,1800000.0,22600000.0
290060001,Married,55,Male,['Bima-Dompu'],16.0,33200000.0,91700000.0
290060002,Married,57,Female,['Bima-Dompu'],15.0,4800000.0,124800000.0
290060003,Married,28,Male,['Bima-Dompu'],16.0,2150000.0,29600000.0
290083106,Divorced,33,Female,['Bima-Dompu'],9.0,300000.0,3600000.0
290084201,Married,29,Male,['Bima-Dompu'],9.0,3000000.0,36000000.0
290090003,Married,34,Male,['Bima-Dompu'],6.0,1000000.0,12500000.0
290090004,Divorced,28,Female,['Bima-Dompu'],16.0,350000.0,5200000.0
290100002,Divorced,31,Female,['Bima-Dompu'],6.0,600000.0,6600000.0
290120004,Married,29,Male,['Bima-Dompu'],9.0,1000000.0,12000000.0
290123101,Married,42,Male,['Bima-Dompu'],9.0,1000000.0,2000000.0
290130003,Divorced,30,Female,['Bima-Dompu'],13.0,0.0,0.0
290130004,Married,26,Male,['Bima-Dompu'],12.0,900000.0,10800000.0
290134101,Married,33,Male,['Bima-Dompu'],12.0,0.0,2800000.0
290134202,Married,26,Female,['Bima-Dompu'],12.0,200000.0,6000000.0
290134301,Divorced,39,Male,['Bima-Dompu'],6.0,5000000.0,20000000.0
290135601,Married,23,Male,['Bima-Dompu'],12.0,300000.0,1000000.0
290150002,Married,52,Female,['Bima-Dompu'],6.0,300000.0,3600000.0
290150004,Married,33,Female,['Bima-Dompu'],6.0,1000000.0,11000000.0
290154201,Married,36,Male,['Bima-Dompu'],12.0,1000000.0,10000000.0
290165101,Married,32,Male,['Bima-Dompu'],16.0,400000.0,4600000.0
290180003,Married,22,Male,['Bima-Dompu'],12.0,0.0,6200000.0
290190002,Married,50,Female,['Bima-Dompu'],9.0,1500000.0,12000000.0
290190003,Married,30,Female,['Bima-Dompu'],9.0,350000.0,1050000.0
290210003,Married,38,Female,['Bima-Dompu'],6.0,1500000.0,1500000.0
290211101,Married,39,Male,['Bima-Dompu'],9.0,2000000.0,12000000.0
290213104,Married,25,Female,['Bima-Dompu'],9.0,500000.0,1500000.0
290220003,Married,45,Male,['Bima-Dompu'],12.0,700000.0,8400000.0
290270001,Married,46,Male,['Bima-Dompu'],9.0,800000.0,8500000.0
290270003,Married,27,Male,['Bima-Dompu'],16.0,500000.0,6000000.0
290270005,Married,41,Male,['Bima-Dompu'],9.0,1500000.0,18000000.0
290270010,Married,24,Male,['Bima-Dompu'],16.0,1000000.0,4000000.0
290300005,Divorced,33,Female,['Bima-Dompu'],12.0,2500000.0,32500000.0
290304101,Married,34,Male,['Bima-Dompu'],13.0,6000000.0,78000000.0
290410001,Married,50,Male,['Bima-Dompu'],16.0,3900000.0,55200000.0
290410002,Married,50,Female,['Bima-Dompu'],16.0,4000000.0,48000000.0
290420003,Married,30,Female,['Bima-Dompu'],16.0,450000.0,1800000.0
290420004,Married,27,Female,['Bima-Dompu'],16.0,500000.0,2000000.0
290420005,Divorced,24,Female,['Bima-Dompu'],12.0,600000.0,7200000.0
290424102,Married,25,Male,['Bima-Dompu'],16.0,25000.0,25000.0
290451103,Married,30,Female,['Bima-Dompu'],15.0,500000.0,6000000.0
290451104,Divorced,30,Female,['Bima-Dompu'],15.0,3900000.0,46800000.0
291030006,Married,24,Male,['Bima-Dompu'],13.0,900000.0,10800000.0
291034101,Married,32,Male,['Bima-Dompu'],13.0,200000.0,200000.0
291050002,Married,60,Female,['Bima-Dompu'],6.0,150000.0,150000.0
291050004,Married,32,Male,['Bima-Dompu'],16.0,400000.0,5000000.0
291050005,Married,27,Male,['Bima-Dompu'],16.0,0.0,0.0
291054102,Married,32,Female,['Bima-Dompu'],16.0,0.0,0.0
291090004,Married,36,Male,['Bima-Dompu'],16.0,500000.0,10000000.0
291090005,Married,27,Female,['Bima-Dompu'],16.0,875000.0,3500000.0
291095101,Married,33,Male,['Bima-Dompu'],16.0,750000.0,10200000.0
291100003,Married,36,Female,['Bima-Dompu'],16.0,2870000.0,35640000.0
291100005,Married,32,Female,['Bima-Dompu'],16.0,500000.0,18000000.0
291100006,Married,30,Female,['Bima-Dompu'],16.0,450000.0,5400000.0
291100008,Married,38,Male,['Bima-Dompu'],18.0,6000000.0,75000000.0
291100014,Married,31,Male,['Bima-Dompu'],16.0,500000.0,19600000.0
291100015,Married,34,Male,['Bima-Dompu'],12.0,5000000.0,47250000.0
291110008,Married,30,Male,['Bima-Dompu'],6.0,400000.0,5100000.0
291120003,Married,40,Female,['Bima-Dompu'],16.0,2500000.0,30800000.0
291120006,Married,32,Female,['Bima-Dompu'],16.0,150000.0,1300000.0
291120012,Married,20,Male,['Bima-Dompu'],13.0,500000.0,1250000.0
291124105,Married,41,Male,['Bima-Dompu'],16.0,3750000.0,50000000.0
291130006,Married,40,Female,['Bima-Dompu'],9.0,350000.0,4700000.0
291133104,Married,39,Male,['Bima-Dompu'],6.0,3360000.0,16800000.0
291150003,Married,48,Male,['Bima-Dompu'],12.0,1250000.0,8450000.0
291200001,Married,52,Male,['Bima-Dompu'],16.0,3680000.0,47840000.0
291200002,Married,52,Female,['Bima-Dompu'],12.0,4800000.0,57600000.0
291200003,Married,28,Male,['Bima-Dompu'],16.0,6400000.0,117800000.0
291410006,Married,22,Female,['Bima-Dompu'],13.0,600000.0,7200000.0
291415201,Married,24,Male,['Bima-Dompu'],12.0,650000.0,7800000.0
291420004,Married,31,Female,['Bima-Dompu'],12.0,300000.0,3600000.0
291424201,Married,30,Male,['Bima-Dompu'],16.0,2500000.0,36000000.0
291430003,Married,44,Male,['Bima-Dompu'],16.0,3900000.0,50700000.0
291430004,Married,42,Female,['Bima-Dompu'],16.0,3600000.0,46800000.0
291430005,Married,39,Female,['Bima-Dompu'],16.0,3240000.0,51840000.0
291430007,Married,35,Female,['Bima-Dompu'],16.0,550000.0,6600000.0
291430009,Married,31,Male,['Bima-Dompu'],16.0,500000.0,6000000.0
291430010,Married,29,Female,['Bima-Dompu'],15.0,2500000.0,32500000.0
291433201,Married,44,Male,['Bima-Dompu'],16.0,1500000.0,20000000.0
291435101,Married,32,Male,['Bima-Dompu'],16.0,300000.0,3600000.0
291435301,Married,33,Male,['Bima-Dompu'],16.0,1000000.0,12000000.0
291435402,Married,29,Female,['Bima-Dompu'],16.0,3100000.0,44300000.0
292010005,Married,25,Male,['Bima-Dompu'],16.0,100000.0,1200000.0
292020004,Married,33,Male,['Bima-Dompu'],12.0,5000000.0,38380000.0
292020007,Married,25,Female,['Bima-Dompu'],12.0,100000.0,1200000.0
292030007,Married,31,Female,['Bima-Dompu'],16.0,2880000.0,37440000.0
292030009,Married,25,Female,['Bima-Dompu'],15.0,100000.0,1200000.0
292033101,Married,43,Male,['Bima-Dompu'],16.0,4280000.0,55640000.0
292050005,Married,39,Female,['Bima-Dompu'],6.0,500000.0,5000000.0
292100004,Married,28,Male,['Bima-Dompu'],16.0,250000.0,3000000.0
292105102,Married,26,Female,['Bima-Dompu'],16.0,0.0,900000.0
292145101,Married,29,Male,['Bima-Dompu'],6.0,1000000.0,8500000.0
292154101,Married,36,Male,['Bima-Dompu'],12.0,200000.0,2400000.0
292200003,Married,31,Male,['Bima-Dompu'],12.0,2400000.0,27420000.0
292214101,Married,43,Male,['Bima-Dompu'],12.0,2700000.0,32400000.0
292240004,Married,33,Male,['Bima-Dompu'],12.0,700000.0,8400000.0
292244202,Married,28,Female,['Bima-Dompu'],16.0,400000.0,1600000.0
292420003,Married,32,Male,['Bima-Dompu'],16.0,0.0,1200000.0
293020002,Married,38,Female,['Banjar'],12.0,35000.0,420000.0
293020003,Married,31,Male,['Banjar'],6.0,700000.0,7680000.0
293023101,Married,38,Male,['Banjar'],6.0,0.0,700000.0
293064101,Married,35,Male,['Banjar'],9.0,1800000.0,21600000.0
293070004,Married,34,Male,['Banjar'],12.0,2500000.0,30000000.0
293070005,Married,30,Male,['Banjar'],12.0,3000000.0,36000000.0
293073104,Married,47,Male,['Banjar'],9.0,1500000.0,18000000.0
293073201,Married,45,Male,['Banjar'],12.0,1200000.0,15600000.0
293074102,Married,24,Female,['Jawa'],13.0,1700000.0,20400000.0
293080001,Married,51,Male,['Banjar'],12.0,4000000.0,55000000.0
293145101,Married,23,Male,['Jawa'],6.0,1900000.0,18000000.0
293180004,Married,27,Female,['Jawa'],13.0,2500000.0,7500000.0
293180008,Married,31,Male,['Jawa'],12.0,2600000.0,76800000.0
293183102,Married,35,Male,['Jawa'],9.0,1500000.0,266000000.0
293200005,Married,33,Male,['Jawa'],6.0,2400000.0,25000000.0
293210003,Married,29,Male,['Jawa'],6.0,800000.0,9800000.0
293220001,Married,52,Male,['Jawa'],16.0,4200000.0,52000000.0
293240001,Married,48,Male,['Jawa'],13.0,3300000.0,50800000.0
293240002,Married,38,Female,['Jawa'],6.0,500000.0,500000.0
293240003,Married,21,Male,['Jawa'],13.0,2400000.0,2400000.0
293240005,Married,21,Female,['Jawa'],9.0,0.0,0.0
293280003,Married,29,Female,['Jawa'],9.0,1300000.0,13350000.0
293290003,Married,33,Male,['Banjar'],9.0,500000.0,6000000.0
293290004,Married,29,Female,['Banjar'],9.0,250000.0,3000000.0
293300001,Married,54,Male,['Banjar'],16.0,5200000.0,60000000.0
293304301,Married,33,Male,['Banjar'],6.0,1500000.0,18000000.0
293430002,Married,52,Female,['Banjar'],16.0,4000000.0,88700000.0
294024201,Separated,34,Male,['Other'],6.0,2000000.0,4000000.0
294055101,Married,22,Male,['Other'],6.0,100000.0,1300000.0
294070009,Married,31,Male,['Banjar'],13.0,2750000.0,33000000.0
294081102,Married,34,Female,['Banjar'],6.0,150000.0,2000000.0
294100004,Married,31,Female,['Bugis'],6.0,600000.0,3000000.0
294105102,Married,29,Female,['Other'],12.0,200000.0,2400000.0
294110007,Married,21,Male,['Banjar'],16.0,0.0,0.0
294110009,Married,23,Female,['Bugis'],6.0,400000.0,800000.0
294150007,Married,34,Male,['Other'],6.0,70000.0,2000000.0
294150012,Married,31,Male,['Other'],6.0,370000.0,2570000.0
294155101,Married,30,Male,['Other'],6.0,2100000.0,24000000.0
294160001,Married,56,Male,['Bugis'],6.0,500000.0,10000000.0
294170010,Married,26,Male,['Banjar'],12.0,950000.0,12350000.0
294190003,Married,26,Male,['Other'],16.0,1000000.0,3000000.0
294190005,Married,45,Male,['Bugis'],13.0,2000000.0,29000000.0
294200001,Married,42,Male,['Other'],6.0,500000.0,6000000.0
294200002,Married,40,Female,['Other'],6.0,300000.0,3600000.0
294200005,Married,35,Female,['Other'],6.0,800000.0,9600000.0
294410001,Married,60,Male,['Other'],6.0,500000.0,6000000.0
294414206,Separated,32,Female,['Other'],6.0,600000.0,7200000.0
294420010,Married,57,Female,['Banjar'],12.0,7600000.0,91200000.0
294423302,Married,35,Female,['Banjar'],12.0,400000.0,6000000.0
294430001,Separated,49,Male,['Bugis'],16.0,3500000.0,25200000.0
295010004,Married,25,Male,['Banjar'],6.0,2800000.0,33600000.0
295030003,Married,40,Male,['Banjar'],9.0,8000000.0,126000000.0
295030005,Married,35,Male,['Banjar'],9.0,0.0,13500000.0
295030006,Married,31,Male,['Banjar'],12.0,1955000.0,25415000.0
295061104,Married,34,Male,['Banjar'],18.0,3523500.0,103302000.0
295100003,Married,39,Male,['Banjar'],6.0,1000000.0,19920000.0
295100005,Married,23,Female,['Banjar'],9.0,1070000.0,12840000.0
295100009,Married,26,Male,['Banjar'],6.0,1420000.0,17040000.0
295105103,Married,17,Male,['Banjar'],6.0,1600000.0,19200000.0
295110002,Married,46,Female,['Banjar'],16.0,3500000.0,84600000.0
295145301,Married,31,Male,['Banjar'],9.0,1776000.0,42000000.0
295160003,Married,36,Female,['Banjar'],16.0,2900000.0,47800000.0
295160007,Married,50,Male,['Bugis'],16.0,4500000.0,106680000.0
295160008,Married,47,Female,['Banjar'],16.0,3600000.0,69800000.0
295162104,Married,38,Male,['Jawa'],12.0,2000000.0,27000000.0
295163106,Married,34,Male,['Banjar'],12.0,2000000.0,45680000.0
295170004,Married,32,Male,['Banjar'],6.0,1200000.0,14400000.0
295200003,Married,45,Male,['Banjar'],13.0,3000000.0,36000000.0
295280005,Married,42,Male,['Bugis'],6.0,500000.0,8000000.0
295290005,Married,32,Female,['Banjar'],9.0,1860000.0,22515000.0
295294101,Married,36,Male,['Jawa'],12.0,2120000.0,28915000.0
295295101,Married,33,Male,['Jawa'],6.0,2500000.0,21600000.0
295295201,Married,27,Male,['Jawa'],13.0,2500000.0,31900000.0
295300003,Married,45,Male,['Banjar'],6.0,1600000.0,2600000.0
295300006,Married,36,Male,['Banjar'],6.0,1000000.0,12000000.0
295440001,Married,49,Male,['Jawa'],16.0,3000000.0,60000000.0
295440002,Married,43,Female,['Banjar'],15.0,2700000.0,34000000.0
295450004,Separated,24,Female,['Banjar'],12.0,500000.0,6000000.0
295460004,Married,36,Female,['Banjar'],12.0,320000.0,320000.0
295465101,Married,40,Male,['Banjar'],9.0,3000000.0,30000000.0
295470005,Married,48,Male,['Jawa'],18.0,1900000.0,70800000.0
296010001,Divorced,78,Male,['Jawa'],6.0,0.0,5720000.0
296010002,Married,62,Female,['Jawa'],6.0,5000000.0,6000000.0
296014101,Married,56,Male,['Jawa'],6.0,600000.0,10800000.0
296020001,Married,52,Male,['Banjar'],18.0,5000000.0,114000000.0
296030003,Married,41,Male,['Jawa'],12.0,3000000.0,38500000.0
296030006,Married,46,Male,['Dayak'],16.0,10000000.0,120000000.0
296030008,Married,40,Male,['Jawa'],16.0,14000000.0,162000000.0
296040001,Married,51,Male,['Jawa'],16.0,5000000.0,80000000.0
296040002,Married,56,Female,['Banjar'],12.0,2500000.0,32500000.0
296040003,Married,29,Female,['Jawa'],15.0,3000000.0,36000000.0
296040004,Married,26,Male,['Banjar'],12.0,2600000.0,31700000.0
296050001,Married,49,Male,['Jawa'],13.0,4000000.0,52000000.0
296060003,Married,39,Female,['Jawa'],15.0,3700000.0,45650000.0
296060004,Married,36,Female,['Jawa'],16.0,3500000.0,46500000.0
296060005,Married,33,Male,['Jawa'],16.0,4000000.0,48000000.0
296060007,Married,37,Male,['Banjar'],16.0,2800000.0,33600000.0
296064101,Married,50,Male,['Jawa'],16.0,3000000.0,53400000.0
296070003,Married,37,Female,['Jawa'],12.0,0.0,0.0
296070005,Married,24,Female,['Jawa'],16.0,1000000.0,18000000.0
296070008,Married,51,Male,['Jawa'],16.0,8800000.0,111200000.0
296070012,Married,27,Male,['Banjar'],16.0,3500000.0,55000000.0
296090006,Married,44,Male,['Banjar'],16.0,4200000.0,69100000.0
296090007,Married,41,Female,['Banjar'],18.0,4300000.0,51600000.0
296100003,Married,43,Female,['Jawa'],12.0,600000.0,7200000.0
296100004,Married,38,Male,['Jawa'],12.0,2800000.0,33600000.0
296100007,Married,40,Male,['Banjar'],9.0,1000000.0,12000000.0
296100010,Married,32,Female,['Banjar'],12.0,750000.0,9000000.0
296130001,Married,54,Male,['Jawa'],6.0,1500000.0,10500000.0
296150002,Married,56,Female,['Jawa'],6.0,600000.0,7400000.0
296164103,Divorced,31,Female,['Banjar'],12.0,1500000.0,21800000.0
296170004,Married,36,Female,['Jawa'],12.0,500000.0,6000000.0
296170005,Married,29,Male,['Jawa'],9.0,2400000.0,26400000.0
296170006,Married,44,Female,['Jawa'],16.0,4000000.0,48000000.0
296190004,Married,35,Female,['Jawa'],16.0,2900000.0,43400000.0
296194101,Married,33,Male,['Banjar'],16.0,2700000.0,40900000.0
296200001,Married,45,Male,['Jawa'],12.0,2600000.0,31500000.0
296200002,Married,41,Female,['Jawa'],9.0,500000.0,6500000.0
297010004,Married,36,Male,['Banjar'],6.0,3200000.0,25600000.0
297011108,Married,29,Male,['Banjar'],6.0,3000000.0,24000000.0
297015104,Married,19,Male,['Banjar'],6.0,1500000.0,18250000.0
297020002,Divorced,41,Female,['Banjar'],6.0,30000.0,30000.0
297020005,Married,24,Male,['Banjar'],12.0,4500000.0,55760000.0
297020006,Married,27,Male,['Banjar'],6.0,1000000.0,36000000.0
297023103,Divorced,26,Female,['Banjar'],12.0,2000000.0,22800000.0
297034101,Married,37,Male,['Banjar'],12.0,5000000.0,57600000.0
297040007,Married,24,Male,['Banjar'],6.0,2500000.0,15000000.0
297100015,Married,41,Male,['Melayu'],6.0,2500000.0,10000000.0
297120001,Married,50,Male,['Banjar'],16.0,7000000.0,76500000.0
297120003,Married,25,Male,['Banjar'],16.0,1000000.0,24000000.0
297125102,Married,22,Female,['Jawa'],16.0,4000000.0,32000000.0
297130002,Separated,44,Female,['Banjar'],6.0,466000.0,1000000.0
297140006,Married,37,Male,['Banjar'],9.0,2700000.0,32400000.0
297150004,Married,31,Male,['Banjar'],6.0,1900000.0,22800000.0
297150009,Married,29,Male,['Banjar'],12.0,3500000.0,3500000.0
297154105,Married,46,Male,['Jawa'],12.0,5700000.0,86400000.0
297155201,Married,18,Male,['Banjar'],13.0,2000000.0,4000000.0
297164101,Married,34,Male,['Banjar'],6.0,3000000.0,4780000.0
297180009,Divorced,35,Male,['Banjar'],12.0,2000000.0,26000000.0
297200005,Married,22,Male,['Banjar'],6.0,1000000.0,13000000.0
297200009,Married,33,Male,['Banjar'],12.0,6000000.0,94300000.0
297220001,Married,49,Male,['Banjar'],6.0,4500000.0,48100000.0
297220004,Married,21,Female,['Banjar'],9.0,400000.0,3880000.0
297243102,Married,27,Female,['Jawa'],12.0,1375000.0,13750000.0
297260002,Divorced,40,Female,['Banjar'],16.0,2700000.0,37110000.0
297415102,Married,27,Female,['Jawa'],16.0,250000.0,4200000.0
297425101,Married,22,Male,['Banjar'],9.0,450000.0,5400000.0
297430001,Married,48,Male,['Banjar'],12.0,3500000.0,54000000.0
297464203,Married,23,Male,['Jawa'],12.0,300000.0,400000.0
297465101,Married,21,Male,['Jawa'],13.0,0.0,0.0
297470001,Widowed,54,Male,['Jawa'],9.0,1950000.0,11700000.0
297490002,Married,35,Male,['Banjar'],6.0,2000000.0,20000000.0
298022102,Married,31,Male,['Banjar'],6.0,2800000.0,14000000.0
298024101,Married,34,Male,['Jawa'],12.0,1600000.0,20400000.0
298050001,Married,46,Male,['Banjar'],6.0,1500000.0,11050000.0
298065201,Married,24,Male,['Banjar'],6.0,1000000.0,12000000.0
298070001,Married,46,Male,['Banjar'],6.0,1500000.0,7500000.0
298094103,Married,34,Male,['Banjar'],16.0,400000.0,27500000.0
298110003,Divorced,39,Female,['Banjar'],6.0,0.0,0.0
298130001,Married,45,Male,['Banjar'],6.0,500000.0,6000000.0
298135101,Married,25,Male,['Banjar'],6.0,2520000.0,27720000.0
298140001,Married,46,Male,['Banjar'],9.0,550000.0,6600000.0
298143104,Married,37,Male,['Banjar'],12.0,250000.0,2250000.0
298164104,Married,26,Male,['Banjar'],12.0,2000000.0,24000000.0
298170004,Married,31,Male,['Banjar'],6.0,1400000.0,5000000.0
298173101,Married,44,Male,['Banjar'],16.0,0.0,5500000.0
298180001,Married,52,Male,['Banjar'],6.0,450000.0,450000.0
298180002,Married,49,Female,['Banjar'],9.0,105000.0,500000.0
298220004,Married,39,Female,['Banjar'],12.0,175000.0,800000.0
299010002,Married,48,Female,['Banjar'],6.0,40000.0,140000.0
299014201,Married,41,Male,['Banjar'],12.0,2300000.0,4100000.0
299050004,Married,36,Male,['Banjar'],9.0,2800000.0,34100000.0
299050005,Married,34,Male,['Banjar'],12.0,1700000.0,6800000.0
299050006,Married,32,Male,['Banjar'],16.0,3250000.0,39000000.0
299050007,Married,27,Male,['Banjar'],16.0,2700000.0,34300000.0
299050008,Married,24,Female,['Banjar'],12.0,40000.0,1480000.0
299050009,Married,25,Male,['Banjar'],12.0,2560000.0,30720000.0
299053104,Divorced,32,Female,['Banjar'],13.0,1200000.0,14400000.0
299054202,Married,29,Female,['Bugis'],16.0,2000000.0,24100000.0
299080004,Married,29,Female,['Banjar'],16.0,600000.0,3400000.0
299080006,Married,28,Male,['Banjar'],16.0,300000.0,3600000.0
299090001,Widowed,52,Male,['Banjar'],6.0,300000.0,3600000.0
299100006,Married,37,Male,['Banjar'],9.0,2800000.0,33600000.0
299110002,Married,61,Female,['Banjar'],6.0,500000.0,6000000.0
299110007,Married,36,Male,['Banjar'],6.0,2000000.0,27000000.0
299120004,Married,28,Female,['Banjar'],16.0,150000.0,4800000.0
299150004,Married,31,Male,['Banjar'],9.0,1800000.0,19800000.0
299164102,Married,28,Male,['Banjar'],13.0,1300000.0,16900000.0
299170008,Married,23,Male,['Banjar'],12.0,1000000.0,3000000.0
299220003,Married,23,Female,['Banjar'],16.0,900000.0,4750000.0
299244201,Married,35,Male,['Banjar'],16.0,3000000.0,36000000.0
299250001,Married,52,Male,['Banjar'],6.0,3240000.0,38880000.0
299250004,Married,22,Male,['Banjar'],13.0,2000000.0,8000000.0
299280002,Widowed,53,Female,['Banjar'],6.0,500000.0,500000.0
299300007,Married,34,Female,['Banjar'],6.0,1000000.0,2000000.0
300020004,Married,40,Female,['Banjar'],16.0,3000000.0,39000000.0
300024201,Married,44,Male,['Banjar'],12.0,1500000.0,18000000.0
300025102,Married,28,Female,['Banjar'],15.0,2700000.0,47100000.0
300060004,Married,38,Male,['Banjar'],12.0,2250000.0,28000000.0
300060005,Married,52,Male,['Banjar'],18.0,4000000.0,98680000.0
300064102,Married,33,Female,['Banjar'],16.0,1300000.0,1550000.0
300090001,Married,49,Male,['Banjar'],12.0,900000.0,16815000.0
300100001,Married,54,Male,['Banjar'],16.0,4500000.0,22500000.0
300104102,Married,39,Female,['Banjar'],16.0,2000000.0,26000000.0
300110005,Married,25,Female,['Banjar'],15.0,2400000.0,30800000.0
300110008,Married,31,Male,['Banjar'],16.0,6500000.0,84500000.0
300130006,Married,27,Female,['Banjar'],16.0,2000000.0,24000000.0
300150001,Widowed,70,Male,['Banjar'],9.0,100000.0,300000.0
300160003,Married,33,Female,['Banjar'],6.0,150000.0,1350000.0
300160006,Married,19,Female,['Banjar'],13.0,800000.0,3000000.0
300160008,Married,31,Male,['Banjar'],9.0,1920000.0,19200000.0
300170001,Married,60,Male,['Banjar'],6.0,4000000.0,44100000.0
300170004,Married,30,Female,['Banjar'],15.0,2400000.0,37100000.0
300170008,Married,35,Male,['Banjar'],6.0,1620000.0,21210000.0
300174103,Married,33,Male,['Banjar'],15.0,2700000.0,43500000.0
301040004,Married,22,Female,['Banjar'],9.0,40000.0,40000.0
301070001,Married,40,Male,['Sasak'],6.0,500000.0,6000000.0
301075102,Married,25,Male,['Jawa'],6.0,1000000.0,2000000.0
301090001,Married,47,Male,['Banjar'],16.0,7500000.0,97038000.0
301100005,Married,21,Female,['Banjar'],12.0,1800000.0,10800000.0
301105103,Married,25,Male,['Banjar'],12.0,3800000.0,47400000.0
301140004,Divorced,28,Male,['Jawa'],12.0,3500000.0,24500000.0
301170007,Married,36,Male,['Banjar'],6.0,800000.0,9600000.0
301180003,Married,43,Male,['Jawa'],6.0,0.0,245000.0
301182102,Married,40,Female,['Jawa'],6.0,400000.0,400000.0
301190002,Widowed,56,Female,['Sasak'],6.0,280000.0,3360000.0
301195201,Married,31,Male,['Sasak'],9.0,1000000.0,14300000.0
301230003,Married,32,Male,['Jawa'],16.0,5500000.0,66000000.0
301233103,Married,34,Female,['Bugis'],16.0,3000000.0,64900000.0
301250003,Married,35,Female,['Sasak'],16.0,4500000.0,47650000.0
301250005,Married,30,Female,['Sasak'],16.0,3000000.0,46800000.0
301251102,Married,34,Male,['Banjar'],16.0,3000000.0,36000000.0
301270001,Married,50,Male,['Sasak'],9.0,800000.0,4000000.0
301270004,Married,25,Male,['Sasak'],12.0,0.0,0.0
301280003,Married,28,Male,['Jawa'],12.0,2000000.0,24000000.0
301290001,Married,49,Male,['Jawa'],6.0,800000.0,7200000.0
301300011,Married,27,Female,['Jawa'],12.0,300000.0,3000000.0
301304201,Married,37,Male,['Banjar'],6.0,1100000.0,13200000.0
301305101,Married,35,Male,['Jawa'],6.0,300000.0,6400000.0
302014104,Married,34,Female,['Banjar'],15.0,120000.0,1440000.0
302020005,Married,45,Male,['Banjar'],12.0,3300000.0,44600000.0
302030009,Married,31,Male,['Banjar'],9.0,1600000.0,1600000.0
302050006,Married,22,Male,['Banjar'],13.0,600000.0,7200000.0
302080002,Divorced,51,Female,['Banjar'],6.0,400000.0,4950000.0
302080003,Married,33,Female,['Banjar'],6.0,200000.0,2450000.0
302083103,Married,47,Male,['Banjar'],6.0,2250000.0,18000000.0
302100003,Married,31,Female,['Banjar'],16.0,300000.0,20680000.0
302122101,Married,40,Male,['Jawa'],12.0,2500000.0,33000000.0
302140001,Married,56,Male,['Banjar'],6.0,1280000.0,15360000.0
302140006,Married,27,Male,['Banjar'],9.0,4000000.0,49870000.0
302150003,Divorced,34,Male,['Banjar'],12.0,1800000.0,22600000.0
302150006,Married,36,Male,['Jawa'],16.0,1250000.0,15350000.0
302155201,Married,29,Male,['Banjar'],6.0,3000000.0,6000000.0
302180006,Married,26,Female,['Banjar'],9.0,300000.0,2200000.0
302200002,Married,41,Female,['Banjar'],6.0,500000.0,6000000.0
302220003,Married,23,Female,['Banjar'],12.0,240000.0,2880000.0
302230002,Married,53,Female,['Banjar'],6.0,299000.0,8279000.0
302230007,Married,22,Female,['Banjar'],13.0,750000.0,4500000.0
302234102,Married,27,Female,['Banjar'],16.0,2400000.0,28800000.0
302235201,Married,28,Male,['Banjar'],16.0,0.0,0.0
302264104,Married,26,Male,['Banjar'],9.0,4000000.0,41900000.0
302270001,Married,54,Male,['Banjar'],16.0,4800000.0,91800000.0
302280009,Married,33,Female,['Banjar'],12.0,2700000.0,31000000.0
302290003,Widowed,48,Female,['Banjar'],6.0,300000.0,3600000.0
302300001,Married,52,Male,['Sunda'],16.0,12299800.0,152534900.0
303010001,Married,47,Male,['Sunda'],12.0,4200000.0,54600000.0
303010002,Married,45,Female,['Sunda'],16.0,500000.0,24000000.0
303040003,Separated,50,Female,['Banjar'],16.0,3100000.0,40800000.0
303060003,Married,49,Female,['Banjar'],15.0,2000000.0,26500000.0
303060007,Married,35,Female,['Banjar'],16.0,3300000.0,42770000.0
303063202,Married,41,Male,['Jawa'],13.0,4200000.0,60100000.0
303080001,Married,46,Male,['Banjar'],13.0,3000000.0,42000000.0
303080002,Married,47,Female,['Banjar'],16.0,3100000.0,39100000.0
303110003,Married,38,Male,['Banjar'],9.0,1000000.0,15000000.0
303110009,Widowed,81,Female,['Banjar'],6.0,0.0,800000.0
303114301,Married,34,Male,['Banjar'],9.0,2500000.0,31600000.0
303120003,Married,40,Male,['Banjar'],15.0,2000000.0,30000000.0
303120004,Married,37,Female,['Banjar'],16.0,1500000.0,21600000.0
303130004,Married,35,Male,['Banjar'],16.0,3600000.0,43200000.0
303130005,Married,32,Female,['Banjar'],16.0,2000000.0,24000000.0
303134101,Married,31,Male,['Banjar'],13.0,1150000.0,13800000.0
303135102,Married,35,Female,['Jawa'],16.0,2500000.0,42700000.0
303160003,Married,32,Male,['Banjar'],15.0,10000000.0,110500000.0
303165104,Married,31,Female,['Banjar'],16.0,2800000.0,40800000.0
303180003,Married,33,Male,['Banjar'],12.0,5000000.0,60000000.0
303180005,Married,28,Female,['Banjar'],16.0,800000.0,9600000.0
303180006,Married,36,Male,['Banjar'],16.0,650000.0,7800000.0
303190006,Married,30,Male,['Banjar'],12.0,9000000.0,118000000.0
303200001,Married,49,Male,['Jawa'],12.0,5666000.0,67992000.0
304020005,Married,38,Female,['Bima-Dompu'],12.0,1900000.0,26327000.0
304025101,Married,39,Male,['Banjar'],16.0,2000000.0,24000000.0
304030005,Married,56,Female,['Jawa'],13.0,600000.0,2700000.0
304050004,Married,38,Male,['Banjar'],6.0,2000000.0,2800000.0
304050005,Married,35,Male,['Banjar'],9.0,1500000.0,18000000.0
304050013,Married,24,Female,['Madura'],9.0,800000.0,2400000.0
304050017,Married,36,Male,['Banjar'],9.0,1870000.0,7480000.0
304054202,Married,33,Female,['Banjar'],12.0,600000.0,3000000.0
304054301,Married,38,Male,['Banjar'],12.0,5000000.0,56800000.0
304070005,Married,40,Male,['Banjar'],12.0,800000.0,9600000.0
304070006,Married,33,Male,['Banjar'],12.0,1600000.0,19200000.0
304072104,Married,35,Female,['Jawa'],9.0,700000.0,8400000.0
304075102,Married,32,Female,['Banjar'],13.0,1150000.0,15100000.0
304080001,Married,64,Male,['Banjar'],6.0,910000.0,10920000.0
304090001,Married,46,Male,['Banjar'],9.0,2500000.0,30000000.0
304090004,Married,23,Male,['Banjar'],13.0,2000000.0,12000000.0
304100004,Married,47,Male,['Banjar'],12.0,1700000.0,21100000.0
304100005,Married,43,Male,['Banjar'],9.0,1000000.0,12000000.0
304100007,Married,38,Male,['Jawa'],12.0,1000000.0,12000000.0
304101102,Married,43,Female,['Makassar'],13.0,1700000.0,20400000.0
304105408,Married,23,Female,['Jawa'],13.0,2000000.0,25500000.0
304110004,Widowed,59,Female,['Banjar'],16.0,4000000.0,48000000.0
304110010,Married,29,Male,['Banjar'],6.0,250000.0,3000000.0
304115102,Married,26,Female,['Banjar'],9.0,600000.0,2400000.0
304130003,Married,35,Male,['Banjar'],12.0,1620000.0,23040000.0
304130004,Married,30,Male,['Banjar'],12.0,1600000.0,20800000.0
304140003,Married,25,Female,['Banjar'],9.0,1000000.0,4000000.0
304140007,Widowed,49,Female,['Banjar'],6.0,700000.0,8700000.0
304140011,Married,29,Male,['Banjar'],9.0,3000000.0,36000000.0
304170004,Married,47,Male,['Banjar'],12.0,3506000.0,86378000.0
304170008,Married,38,Male,['Banjar'],16.0,2500000.0,60000000.0
304173203,Married,46,Male,['Banjar'],16.0,2500000.0,30000000.0
304174102,Married,32,Female,['Banjar'],12.0,2500000.0,42000000.0
304190003,Married,53,Male,['Jawa'],13.0,1800000.0,21600000.0
305010004,Married,35,Female,['Banjar'],13.0,3000000.0,47200000.0
305010006,Married,37,Male,['Banjar'],12.0,1000000.0,12500000.0
305020003,Married,41,Male,['Banjar'],12.0,500000.0,6000000.0
305020006,Married,33,Male,['Banjar'],12.0,2400000.0,31200000.0
305020007,Married,31,Male,['Banjar'],15.0,2500000.0,30000000.0
305020008,Widowed,45,Female,['Banjar'],16.0,3250000.0,45500000.0
305024102,Married,31,Female,['Banjar'],16.0,200000.0,200000.0
305040003,Married,24,Male,['Banjar'],12.0,2200000.0,26400000.0
305050004,Married,33,Male,['Banjar'],13.0,3500000.0,42000000.0
305060003,Widowed,40,Female,['Jawa'],16.0,600000.0,7200000.0
305063103,Married,39,Male,['Banjar'],6.0,2400000.0,30100000.0
305074102,Married,38,Female,['Jawa'],13.0,3000000.0,39000000.0
305080003,Married,41,Female,['Banjar'],12.0,60000.0,750000.0
305080006,Married,41,Male,['Tionghoa'],12.0,500000.0,6500000.0
305084202,Married,36,Female,['Banjar'],12.0,760000.0,9470000.0
305100001,Married,44,Male,['Banjar'],9.0,2400000.0,31200000.0
305110007,Married,37,Female,['Banjar'],12.0,2309600.0,27715200.0
305113105,Married,33,Female,['Banjar'],12.0,30000.0,385000.0
305120001,Married,47,Male,['Banjar'],6.0,1500000.0,18000000.0
305133206,Married,45,Male,['Jawa'],16.0,4500000.0,67500000.0
305140003,Married,48,Male,['Banjar'],12.0,5300000.0,63600000.0
305141202,Married,48,Female,['Banjar'],12.0,4250000.0,58200000.0
305150005,Married,40,Male,['Banjar'],12.0,150000.0,750000.0
305160001,Married,59,Male,['Banjar'],16.0,3600000.0,46950000.0
305160003,Married,32,Male,['Banjar'],12.0,1000000.0,12500000.0
305160006,Married,36,Female,['Banjar'],9.0,800000.0,9600000.0
305170003,Married,42,Male,['Banjar'],16.0,2000000.0,6000000.0
305170004,Divorced,39,Male,['Banjar'],12.0,1500000.0,3000000.0
305170011,Married,31,Male,['Banjar'],15.0,2500000.0,32500000.0
305172102,Married,40,Female,['Jawa'],9.0,1500000.0,19500000.0
306010007,Married,32,Female,['Bugis'],16.0,1750000.0,6600000.0
306010008,Married,29,Male,['Makassar'],12.0,2700000.0,42800000.0
306030006,Married,31,Female,['Bugis'],16.0,3000000.0,39000000.0
306030007,Married,24,Female,['Bugis'],15.0,500000.0,5500000.0
306030015,Married,31,Male,['Bugis'],12.0,4500000.0,59230000.0
306035101,Married,31,Male,['Bugis'],16.0,7000000.0,42000000.0
306050003,Married,39,Male,['Bugis'],12.0,2600000.0,33800000.0
306080006,Married,36,Female,['Bugis'],12.0,0.0,3000000.0
306083102,Married,37,Female,['Bugis'],12.0,0.0,1000000.0
306120002,Widowed,70,Female,['Bugis'],6.0,400000.0,6135000.0
306120006,Divorced,24,Male,['Bugis'],9.0,1300000.0,21600000.0
306160001,Married,50,Male,['Bugis'],16.0,3348000.0,46023000.0
306160003,Married,48,Female,['Bugis'],16.0,3800000.0,77200000.0
306163103,Married,39,Male,['Makassar'],16.0,2000000.0,47400000.0
306190005,Married,28,Male,['Bugis'],16.0,500000.0,16500000.0
306225104,Married,23,Female,['Bugis'],16.0,0.0,3000000.0
307040007,Married,27,Male,['Bugis'],9.0,1000000.0,11000000.0
307070004,Married,25,Female,['Bugis'],18.0,3800000.0,23100000.0
307080006,Married,34,Female,['Jawa'],13.0,2000000.0,24000000.0
307080007,Married,44,Female,['Jawa'],12.0,0.0,600000.0
307080013,Married,22,Female,['Bugis'],12.0,1200000.0,14400000.0
307083101,Married,43,Male,['Bugis'],18.0,3000000.0,30000000.0
307094202,Married,33,Female,"['Bugis', 'Makassar']",16.0,2500000.0,30000000.0
307110002,Married,40,Female,"['Bugis', 'Makassar']",12.0,1200000.0,5000000.0
307110004,Married,39,Male,['Bugis'],15.0,300000.0,4100000.0
307110005,Married,37,Male,['Bugis'],12.0,1400000.0,18200000.0
307114204,Married,38,Female,['Bugis'],16.0,3500000.0,48500000.0
307130005,Married,44,Male,['Bugis'],16.0,2500000.0,64400000.0
307130006,Married,31,Female,['Bugis'],16.0,75000.0,900000.0
307160005,Married,40,Male,"['Bugis', 'Makassar']",9.0,1000000.0,12800000.0
307163103,Married,43,Female,['Makassar'],16.0,3225000.0,40300000.0
307164102,Married,39,Female,['Bugis'],13.0,2400000.0,31200000.0
307170002,Married,49,Female,['Bugis'],6.0,600000.0,6600000.0
307170003,Divorced,31,Male,['Bugis'],6.0,500000.0,6025000.0
307170008,Married,40,Male,['Makassar'],12.0,1500000.0,19000000.0
307190001,Married,47,Male,['Bugis'],9.0,2400000.0,28800000.0
307190010,Married,32,Male,['Bugis'],12.0,1200000.0,12000000.0
307200004,Married,37,Female,['Makassar'],18.0,2828100.0,73455200.0
307200005,Married,39,Male,['Makassar'],16.0,3700000.0,72400000.0
308020001,Married,52,Male,['Bugis'],6.0,500000.0,3000000.0
308020002,Married,51,Female,['Bugis'],6.0,100000.0,300000.0
308020003,Married,31,Female,['Bugis'],6.0,450000.0,900000.0
308024101,Married,33,Male,['Bugis'],6.0,3000000.0,34750000.0
308024201,Married,28,Male,['Bugis'],6.0,750000.0,13850000.0
308030003,Married,28,Male,['Bugis'],12.0,1100000.0,20200000.0
308040004,Married,34,Male,['Makassar'],12.0,3500000.0,71180000.0
308045202,Married,30,Female,['Makassar'],15.0,1800000.0,21600000.0
308054102,Married,56,Female,['Makassar'],6.0,50000.0,630000.0
308060003,Married,29,Female,['Bugis'],15.0,2300000.0,41900000.0
308060006,Married,32,Female,['Bugis'],16.0,3404000.0,80172000.0
308064101,Married,30,Male,['Bugis'],6.0,1893000.0,39862000.0
308070005,Married,26,Male,['Makassar'],6.0,500000.0,3000000.0
308075105,Married,21,Female,['Makassar'],9.0,210000.0,210000.0
308100004,Married,35,Male,['Bugis'],13.0,1500000.0,18200000.0
308100005,Married,34,Female,['Bugis'],9.0,1000000.0,3000000.0
308100006,Married,29,Female,['Bugis'],9.0,420000.0,4830000.0
308100007,Married,20,Male,['Bugis'],12.0,900000.0,10800000.0
308100013,Married,18,Male,['Bugis'],12.0,750000.0,2250000.0
308101101,Married,46,Male,['Bugis'],12.0,1000000.0,12000000.0
308130005,Married,34,Male,['Bugis'],16.0,3500000.0,57500000.0
308134202,Married,37,Female,"['Bugis', 'Makassar']",18.0,3147000.0,75024000.0
308150009,Married,54,Male,['Bugis'],16.0,0.0,7000000.0
308160001,Married,51,Male,['Bugis'],6.0,1000000.0,12000000.0
308170005,Married,32,Female,['Bugis'],6.0,140000.0,1540000.0
308170012,Married,24,Female,['Other'],9.0,50000.0,50000.0
308200002,Widowed,54,Female,['Bugis'],6.0,450000.0,1800000.0
309020003,Married,37,Male,['Makassar'],12.0,2628300.0,34417900.0
309020004,Separated,33,Male,['Makassar'],16.0,4500000.0,72900000.0
309020006,Married,28,Female,['Makassar'],16.0,0.0,0.0
309025101,Married,29,Male,['Makassar'],15.0,3100000.0,44600000.0
309040003,Married,32,Male,['Makassar'],6.0,1000000.0,12000000.0
309060003,Divorced,41,Female,['Makassar'],6.0,400000.0,4400000.0
309063102,Married,44,Female,['Makassar'],6.0,200000.0,300000.0
309063103,Married,19,Female,['Makassar'],6.0,80000.0,380000.0
309064106,Married,29,Female,['Makassar'],6.0,80000.0,360000.0
309070003,Married,31,Female,['Makassar'],9.0,300000.0,3600000.0
309070004,Married,31,Female,['Makassar'],9.0,90000.0,300000.0
309080007,Married,29,Female,['Makassar'],6.0,125000.0,875000.0
309080008,Married,28,Female,['Makassar'],6.0,300000.0,700000.0
309083102,Married,35,Female,['Makassar'],6.0,80000.0,320000.0
309084104,Married,26,Female,['Makassar'],6.0,600000.0,3600000.0
309084301,Married,33,Male,['Makassar'],9.0,1000000.0,2000000.0
309085101,Married,30,Male,['Makassar'],6.0,1300000.0,10400000.0
309090006,Married,35,Male,['Makassar'],6.0,2400000.0,4800000.0
309090011,Married,35,Female,['Makassar'],6.0,200000.0,2400000.0
309100004,Married,23,Female,['Makassar'],9.0,230000.0,1800000.0
309110004,Married,33,Female,['Makassar'],9.0,150000.0,900000.0
309114201,Married,39,Male,['Makassar'],6.0,1250000.0,14750000.0
309120002,Widowed,64,Female,['Makassar'],6.0,150000.0,450000.0
309120004,Married,30,Female,['Makassar'],9.0,125000.0,1500000.0
309120005,Married,25,Male,['Makassar'],6.0,1500000.0,18000000.0
309134101,Married,40,Male,['Makassar'],12.0,5000000.0,65000000.0
309140002,Widowed,44,Female,['Makassar'],6.0,50000.0,350000.0
309140003,Married,27,Male,['Makassar'],12.0,2300000.0,21600000.0
309160007,Married,34,Male,['Makassar'],18.0,8000000.0,89500000.0
309160011,Married,27,Female,['Makassar'],15.0,2100000.0,33000000.0
309170007,Married,30,Male,['Makassar'],6.0,2000000.0,5000000.0
309184101,Married,51,Male,['Makassar'],16.0,3500000.0,48000000.0
309184301,Married,35,Male,['Makassar'],9.0,1500000.0,5000000.0
309203101,Married,33,Male,['Bugis'],6.0,700000.0,7000000.0
310010004,Married,38,Female,['Makassar'],6.0,1000000.0,18000000.0
310010005,Married,39,Male,['Makassar'],6.0,1200000.0,9800000.0
310010006,Married,48,Male,['Makassar'],6.0,950000.0,12500000.0
310010007,Married,38,Female,['Makassar'],6.0,600000.0,1200000.0
310014101,Married,40,Male,['Makassar'],6.0,2400000.0,28800000.0
310030001,Married,48,Male,['Makassar'],12.0,800000.0,9600000.0
310040004,Married,36,Female,['Makassar'],9.0,1200000.0,14050000.0
310040010,Married,40,Female,['Makassar'],9.0,1500000.0,19500000.0
310040013,Married,37,Male,['Makassar'],9.0,2000000.0,26000000.0
310040014,Married,45,Male,['Jawa'],6.0,2000000.0,26000000.0
310050006,Married,35,Male,['Makassar'],16.0,4000000.0,24000000.0
310050007,Married,44,Male,['Makassar'],12.0,3600000.0,59550000.0
310050012,Married,35,Female,['Makassar'],15.0,1500000.0,18650000.0
310080003,Married,33,Male,['Bugis'],16.0,16000000.0,218600000.0
310090004,Married,40,Male,"['Bugis', 'Makassar']",16.0,4000000.0,48000000.0
310094103,Married,39,Female,['Makassar'],16.0,3100000.0,48700000.0
310100001,Married,57,Male,['Makassar'],6.0,2000000.0,16000000.0
310100003,Married,33,Male,['Makassar'],12.0,4000000.0,54300000.0
310100005,Married,28,Male,['Makassar'],12.0,4500000.0,91100000.0
310115101,Married,30,Male,['Makassar'],16.0,2000000.0,8000000.0
310120003,Married,30,Male,['Bugis'],12.0,2000000.0,26000000.0
310120004,Married,28,Male,"['Bugis', 'Makassar']",16.0,1200000.0,14650000.0
310124202,Married,24,Female,['Bugis'],16.0,1500000.0,15000000.0
310130009,Married,22,Male,['Makassar'],13.0,1720000.0,86000000.0
310140006,Married,32,Male,['Makassar'],13.0,3000000.0,32100000.0
310140008,Married,26,Male,['Makassar'],13.0,2000000.0,21800000.0
310140011,Married,29,Female,['Makassar'],13.0,1700000.0,20400000.0
310143101,Married,35,Male,['Makassar'],9.0,1000000.0,27960000.0
310144201,Married,42,Male,['Makassar'],12.0,3800000.0,45400000.0
310144401,Married,27,Male,['Makassar'],9.0,2000000.0,16000000.0
310150001,Married,59,Male,['Makassar'],9.0,1800000.0,22100000.0
310160002,Married,34,Female,['Makassar'],16.0,600000.0,25950000.0
310160003,Married,32,Female,['Makassar'],16.0,500000.0,11500000.0
310160005,Married,29,Male,['Makassar'],16.0,1400000.0,15600000.0
310160008,Married,32,Male,['Bugis'],12.0,2200000.0,53800000.0
310164101,Married,38,Male,['Makassar'],16.0,3000000.0,41050000.0
310165102,Married,25,Female,['Bugis'],16.0,500000.0,13000000.0
310170006,Married,36,Female,['Makassar'],6.0,1000000.0,12900000.0
310170014,Married,33,Female,"['Bugis', 'Makassar']",13.0,1100000.0,13920000.0
310180001,Married,49,Male,['Makassar'],6.0,2080000.0,16640000.0
310190005,Married,30,Female,['Makassar'],16.0,750000.0,3000000.0
310190007,Married,26,Male,"['Jawa', 'Makassar']",12.0,1600000.0,10800000.0
310190015,Married,25,Female,['Makassar'],15.0,2400000.0,34800000.0
310195301,Married,26,Male,['Makassar'],16.0,2500000.0,10000000.0
310200003,Married,36,Female,['Makassar'],12.0,4500000.0,27600000.0
310200006,Married,31,Female,['Makassar'],16.0,500000.0,6000000.0
310203101,Married,41,Male,['Makassar'],6.0,210000.0,210000.0
311020004,Married,35,Female,['Bugis'],16.0,150000.0,4140000.0
311034101,Married,53,Male,['Bugis'],16.0,4570900.0,100694800.0
311060002,Married,46,Female,['Bugis'],16.0,400000.0,3000000.0
311070001,Married,52,Male,['Bugis'],16.0,4200000.0,59460000.0
311070002,Married,52,Female,['Bugis'],16.0,4000000.0,89000000.0
311080002,Married,49,Female,['Bugis'],9.0,100000.0,1200000.0
311080003,Married,32,Male,['Bugis'],9.0,3000000.0,36500000.0
311080004,Married,29,Female,['Bugis'],12.0,0.0,6000000.0
311110001,Married,59,Male,['Bugis'],6.0,2000000.0,8000000.0
311110003,Married,34,Male,['Bugis'],16.0,2000000.0,19560000.0
311110004,Married,30,Male,['Bugis'],12.0,2000000.0,19500000.0
311111106,Married,41,Female,['Bugis'],16.0,3000000.0,37600000.0
311180003,Married,55,Female,['Bugis'],9.0,100000.0,1200000.0
311180005,Married,39,Female,['Bugis'],16.0,100000.0,1200000.0
311180006,Married,43,Male,['Bugis'],16.0,8000000.0,101000000.0
311180011,Married,24,Female,['Bugis'],16.0,0.0,0.0
311183102,Married,36,Female,['Bugis'],16.0,3400000.0,79000000.0
311200004,Married,33,Male,['Bugis'],6.0,1800000.0,12600000.0
311201107,Married,23,Male,['Bugis'],9.0,300000.0,300000.0
311420002,Widowed,54,Female,['Bugis'],12.0,3900000.0,52800000.0
311440004,Married,32,Female,['Bugis'],16.0,700000.0,8400000.0
312140004,Married,29,Female,['Bugis'],16.0,100000.0,150000.0
312150001,Married,50,Male,['Bugis'],15.0,8500000.0,110000000.0
312170005,Married,34,Female,['Bugis'],12.0,50000.0,2100000.0
312250005,Married,40,Female,['Bugis'],16.0,9800000.0,56300000.0
312250006,Married,46,Male,['Bugis'],16.0,1300000.0,54300000.0
312420003,Married,52,Male,['Bugis'],6.0,1000000.0,5000000.0
313070004,Married,41,Female,['Bugis'],6.0,360000.0,360000.0
313074206,Married,31,Male,['Bugis'],9.0,1700000.0,18000000.0
313080003,Married,44,Male,['Bugis'],12.0,2100000.0,55200000.0
313120003,Married,31,Male,['Bugis'],6.0,1020000.0,1740000.0
313124102,Married,28,Female,['Bugis'],6.0,0.0,0.0
313160010,Married,21,Female,['Bugis'],6.0,300000.0,2500000.0
313200001,Married,62,Male,['Bugis'],6.0,1000000.0,4000000.0
313200008,Married,35,Male,['Bugis'],6.0,300000.0,4830000.0
313203103,Separated,16,Male,['Bugis'],6.0,600000.0,7200000.0
313224102,Married,30,Female,['Bugis'],15.0,250000.0,740000.0
313230002,Widowed,50,Female,['Bugis'],6.0,0.0,0.0
313240003,Divorced,40,Female,['Bugis'],6.0,1500000.0,6750000.0
313300003,Married,45,Male,['Bugis'],6.0,1500000.0,13500000.0
313410006,Married,37,Male,['Bugis'],9.0,0.0,0.0
314010003,Widowed,29,Male,['Bugis'],6.0,2600000.0,22000000.0
314050003,Married,41,Male,['Bugis'],9.0,2600000.0,31200000.0
314050009,Married,43,Male,['Bugis'],12.0,1000000.0,13500000.0
314080005,Married,32,Female,['Bugis'],6.0,900000.0,10800000.0
314095201,Married,36,Male,['Bugis'],6.0,2100000.0,25200000.0
314130004,Married,32,Female,['Bugis'],6.0,0.0,600000.0
314140005,Divorced,24,Female,['Bugis'],6.0,750000.0,3750000.0
314143107,Married,41,Male,['Bugis'],6.0,200000.0,600000.0
314160001,Married,55,Male,['Bugis'],6.0,1200000.0,9600000.0
314160010,Married,24,Male,['Bugis'],9.0,780000.0,8525000.0
314180004,Married,48,Male,['Bugis'],6.0,2000000.0,23000000.0
314200005,Married,19,Male,['Bugis'],9.0,1000000.0,22000000.0
314410004,Married,31,Female,['Bugis'],6.0,250000.0,3030000.0
314420005,Married,29,Male,['Bugis'],6.0,2500000.0,28500000.0
315010005,Married,31,Male,['Bugis'],6.0,2100000.0,6300000.0
315040004,Divorced,36,Female,['Bugis'],6.0,500000.0,6150000.0
315050004,Married,39,Male,['Bugis'],6.0,1170000.0,14000000.0
315090005,Married,24,Female,['Bugis'],15.0,350000.0,4045000.0
315100009,Married,37,Female,['Makassar'],9.0,203000.0,203000.0
315105201,Married,35,Male,['Bugis'],6.0,350000.0,3850000.0
315110007,Married,34,Male,['Bugis'],6.0,1500000.0,19000000.0
315120003,Separated,41,Female,['Bugis'],9.0,210000.0,3600000.0
315140002,Married,46,Female,['Bugis'],16.0,5000000.0,72000000.0
315150004,Married,28,Female,['Bugis'],16.0,3000000.0,43000000.0
315150009,Married,42,Male,['Bugis'],13.0,417000.0,5000000.0
315155101,Married,30,Male,['Bugis'],16.0,400000.0,4800000.0
315220008,Married,43,Male,['Bugis'],6.0,417000.0,5000000.0
315234102,Married,30,Female,['Bugis'],9.0,200000.0,2400000.0
315234201,Married,69,Male,['Bugis'],13.0,0.0,100000.0
315240005,Married,31,Female,['Bugis'],16.0,500000.0,13100000.0
315240009,Married,34,Male,['Bugis'],12.0,0.0,3000000.0
315250008,Married,28,Female,['Bugis'],16.0,200000.0,2400000.0
315250010,Married,32,Male,['Bugis'],12.0,500000.0,10000000.0
315280007,Married,24,Female,['Bugis'],16.0,150000.0,1600000.0
315415204,Married,28,Female,['Bugis'],16.0,200000.0,850000.0
315415301,Married,28,Male,['Bugis'],12.0,4000000.0,48000000.0
316033101,Married,39,Male,['Bugis'],6.0,1500000.0,18000000.0
316050004,Married,42,Male,['Bugis'],9.0,2500000.0,30500000.0
316060003,Married,39,Male,['Bugis'],16.0,5000000.0,65000000.0
316100004,Married,37,Male,['Bugis'],13.0,3500000.0,16000000.0
316110008,Married,33,Female,['Bugis'],12.0,50000.0,500000.0
316130005,Married,31,Male,['Bugis'],6.0,1000000.0,7000000.0
316135102,Married,32,Female,['Bugis'],9.0,1000000.0,9000000.0
316150002,Married,62,Female,['Bugis'],6.0,200000.0,400000.0
316160002,Married,37,Male,['Bugis'],16.0,2500000.0,32500000.0
316170004,Married,39,Female,['Bugis'],13.0,200000.0,2400000.0
316174101,Married,44,Male,['Bugis'],16.0,1000000.0,12000000.0
316200003,Married,33,Female,['Bugis'],16.0,600000.0,5400000.0
316210005,Married,22,Female,['Bugis'],16.0,200000.0,1400000.0
316230002,Married,44,Female,['Bugis'],16.0,10600000.0,73250000.0
316230004,Married,22,Female,['Bugis'],16.0,800000.0,3200000.0
316270004,Married,32,Male,['Bugis'],9.0,100000.0,1350000.0
316295105,Married,25,Female,['Bugis'],15.0,235000.0,3520000.0
317010003,Married,35,Male,['Toraja'],6.0,3000000.0,39000000.0
317020005,Married,44,Male,['Toraja'],12.0,1000000.0,3000000.0
317030003,Married,32,Female,['Toraja'],12.0,3000000.0,39000000.0
317040006,Married,29,Female,['Toraja'],13.0,1000000.0,12000000.0
317040009,Married,36,Male,['Toraja'],13.0,700000.0,700000.0
317045101,Married,36,Male,['Jawa'],13.0,3000000.0,39000000.0
317100002,Married,32,Male,['Toraja'],6.0,2400000.0,5100000.0
317104102,Married,34,Female,['Toraja'],16.0,0.0,1500000.0
317110002,Divorced,52,Female,['Toraja'],6.0,1500000.0,19500000.0
317140003,Married,31,Male,['Toraja'],13.0,700000.0,12000000.0
317140005,Married,26,Male,['Toraja'],13.0,3000000.0,36150000.0
317145102,Married,23,Female,['Toraja'],13.0,1000000.0,12500000.0
317190004,Married,35,Male,['Toraja'],13.0,12000000.0,100000000.0
317190007,Married,29,Female,['Toraja'],16.0,2100000.0,26200000.0
317194202,Married,42,Male,['Jawa'],12.0,3500000.0,46300000.0
317195201,Married,30,Male,['Toraja'],13.0,3400000.0,36900000.0
317300001,Married,58,Male,['Toraja'],15.0,3260000.0,85846700.0
317300005,Widowed,28,Male,['Toraja'],12.0,3000000.0,36000000.0
318040009,Married,48,Male,['Toraja'],13.0,500000.0,5850000.0
318090003,Married,26,Female,['Toraja'],18.0,1700000.0,24100000.0
318120003,Married,48,Female,['Toraja'],16.0,600000.0,8600000.0
318130003,Married,53,Female,['Toraja'],12.0,3500000.0,44000000.0
318140001,Married,51,Male,['Toraja'],16.0,3500000.0,46000000.0
318140002,Married,52,Female,['Toraja'],16.0,2300000.0,27750000.0
318150001,Married,43,Male,['Toraja'],12.0,10000000.0,130000000.0
318150002,Married,41,Female,['Toraja'],12.0,10000000.0,130000000.0
318190012,Married,39,Female,['Toraja'],12.0,1000000.0,12500000.0
318410002,Married,53,Female,"['Bugis', 'Makassar']",16.0,4400000.0,113200000.0
318410009,Married,26,Male,['Makassar'],16.0,9000000.0,9000000.0
318414202,Married,28,Female,['Makassar'],12.0,0.0,200000.0
318414203,Married,32,Male,['Other'],12.0,2300000.0,29050000.0
319060002,Married,52,Female,['Bugis'],6.0,100000.0,100000.0
319090003,Married,24,Female,['Bugis'],13.0,700000.0,9000000.0
319115101,Married,32,Male,['Bugis'],13.0,6000000.0,77000000.0
319120002,Married,54,Female,['Bugis'],6.0,30000.0,150000.0
319120003,Married,28,Male,['Bugis'],9.0,1000000.0,8000000.0
319140002,Widowed,56,Female,['Bugis'],6.0,100000.0,500000.0
319140007,Married,31,Male,['Bugis'],12.0,2000000.0,31000000.0
319150004,Widowed,44,Female,['Bugis'],12.0,0.0,1500000.0
319153105,Married,30,Male,['Other'],12.0,4100000.0,165000000.0
319170004,Married,38,Female,['Bugis'],16.0,425000.0,425000.0
319173101,Married,44,Male,['Bugis'],16.0,300000.0,3600000.0
319180002,Married,45,Female,['Other'],6.0,90000.0,720000.0
319410004,Married,29,Male,['Bugis'],6.0,1500000.0,4500000.0
320010004,Married,30,Female,['Makassar'],9.0,900000.0,9300000.0
320020004,Married,34,Female,"['Bugis', 'Makassar']",9.0,1000000.0,12350000.0
320020006,Married,30,Male,['Makassar'],9.0,2700000.0,32400000.0
320020009,Married,28,Female,['Bugis'],13.0,900000.0,10700000.0
320024102,Married,36,Female,['Makassar'],6.0,600000.0,1200000.0
320050006,Married,46,Male,['Makassar'],12.0,2000000.0,25350000.0
320050009,Married,27,Male,['Bugis'],16.0,3800000.0,48100000.0
320060003,Married,27,Male,['Makassar'],12.0,2100000.0,25800000.0
320070003,Married,37,Male,['Makassar'],12.0,1100000.0,13200000.0
320073102,Married,34,Female,['Makassar'],6.0,400000.0,5000000.0
320080001,Married,51,Male,['Makassar'],12.0,1200000.0,22800000.0
320080003,Married,28,Male,['Makassar'],12.0,1600000.0,20800000.0
320080004,Separated,23,Female,['Makassar'],9.0,1200000.0,14900000.0
320100001,Widowed,56,Male,['Makassar'],6.0,2400000.0,29400000.0
320100002,Married,47,Male,['Makassar'],6.0,600000.0,3000000.0
320100005,Married,27,Male,['Makassar'],12.0,2500000.0,30000000.0
320110005,Married,45,Male,['Bugis'],16.0,3000000.0,49000000.0
320120003,Married,31,Male,['Makassar'],13.0,2075000.0,26800000.0
320130001,Married,58,Male,['Makassar'],6.0,2000000.0,22000000.0
320130006,Married,38,Male,['Makassar'],6.0,2200000.0,28650000.0
320150003,Married,42,Female,['Makassar'],9.0,1400000.0,18550000.0
320150005,Married,37,Female,['Makassar'],9.0,900000.0,9900000.0
320150009,Married,52,Male,['Makassar'],9.0,1800000.0,16950000.0
320151101,Married,42,Male,['Sunda'],9.0,2120000.0,24189600.0
320155301,Married,34,Male,['Makassar'],16.0,2900000.0,40200000.0
320160001,Married,51,Male,"['Bugis', 'Makassar']",6.0,2700000.0,35100000.0
320160003,Married,28,Male,['Makassar'],12.0,500000.0,10400000.0
320170007,Married,46,Male,['Bugis'],18.0,2000000.0,87000000.0
320170009,Married,40,Male,['Bugis'],12.0,3000000.0,46000000.0
320180009,Married,31,Male,['Bugis'],13.0,1820000.0,23020000.0
320184101,Married,33,Male,['Bugis'],12.0,0.0,0.0
320185101,Married,58,Male,['Makassar'],9.0,6000000.0,72168000.0
320190001,Married,58,Male,['Makassar'],9.0,3000000.0,33200000.0
320190003,Married,35,Male,['Makassar'],9.0,500000.0,6200000.0
320190006,Married,42,Male,['Makassar'],13.0,2000000.0,18000000.0
320190007,Divorced,35,Female,['Makassar'],12.0,1450000.0,18800000.0
320200005,Married,41,Male,['Toraja'],6.0,600000.0,7300000.0
321020005,Married,40,Male,['Bugis'],12.0,2365000.0,5640000.0
321040001,Married,63,Male,['Makassar'],9.0,450000.0,5400000.0
321040005,Married,33,Male,['Makassar'],6.0,900000.0,10500000.0
321040006,Married,30,Male,['Makassar'],12.0,1800000.0,23400000.0
321040011,Separated,32,Female,['Makassar'],6.0,325000.0,670000.0
321044101,Married,38,Male,['Makassar'],9.0,2000000.0,6000000.0
321060001,Married,53,Male,['Makassar'],6.0,1800000.0,16000000.0
321060008,Married,33,Male,['Makassar'],12.0,3000000.0,30000000.0
321070003,Married,38,Male,['Toraja'],16.0,3047000.0,49022500.0
321074102,Married,36,Female,['Toraja'],16.0,2700000.0,34900000.0
321080005,Married,32,Male,['Jawa'],18.0,25000000.0,350000000.0
321090001,Married,44,Male,['Sunda'],16.0,500000.0,6300000.0
321090003,Married,29,Male,['Makassar'],16.0,1100000.0,13350000.0
321090004,Married,25,Male,['Makassar'],13.0,1700000.0,20590000.0
321090006,Married,20,Female,['Makassar'],16.0,1000000.0,12100000.0
321095301,Married,22,Male,['Bugis'],16.0,1600000.0,14800000.0
321100001,Married,47,Male,['Makassar'],6.0,1400000.0,18900000.0
321120003,Married,45,Male,['Makassar'],16.0,3340000.0,96616000.0
321120005,Married,42,Female,['Makassar'],9.0,2000000.0,25500000.0
321120006,Married,34,Female,['Makassar'],9.0,300000.0,4700000.0
321120007,Separated,31,Female,['Makassar'],12.0,1400000.0,10900000.0
321120008,Married,28,Male,['Makassar'],16.0,3600000.0,49400000.0
321120009,Married,25,Male,['Makassar'],12.0,2600000.0,15600000.0
321124101,Married,34,Male,['Makassar'],12.0,1900000.0,22800000.0
321125101,Married,35,Male,['Bugis'],9.0,2000000.0,20500000.0
321130006,Married,27,Female,['Toraja'],9.0,1900000.0,24700000.0
321140003,Married,44,Male,['Makassar'],12.0,2500000.0,32500000.0
321140006,Married,32,Female,['Makassar'],13.0,2900000.0,48050000.0
321140008,Married,42,Male,['Jawa'],12.0,5300000.0,63600000.0
321140011,Married,32,Male,['Makassar'],13.0,4000000.0,52000000.0
321143103,Married,24,Male,['Bugis'],16.0,2500000.0,7700000.0
321143201,Married,44,Male,['Bugis'],13.0,1400000.0,16800000.0
321145101,Married,34,Male,['Makassar'],6.0,1680000.0,1680000.0
321150001,Married,58,Male,['Makassar'],9.0,900000.0,11200000.0
321150003,Married,33,Male,['Makassar'],12.0,1500000.0,18500000.0
321150006,Married,24,Female,['Makassar'],13.0,600000.0,9100000.0
321150009,Married,26,Male,['Jawa'],13.0,2200000.0,14000000.0
321160001,Married,53,Male,['Makassar'],12.0,750000.0,9000000.0
321170005,Married,29,Male,['Makassar'],12.0,2040000.0,24880000.0
321175105,Married,25,Female,['Makassar'],6.0,1600000.0,22500000.0
321200001,Married,52,Male,['Makassar'],6.0,2000000.0,16000000.0
321210003,Separated,26,Female,['Other'],15.0,1000000.0,3000000.0
321220001,Married,52,Male,"['Bugis', 'Makassar']",12.0,2700000.0,35100000.0
321250005,Married,37,Female,['Sunda'],12.0,1272000.0,2965000.0
321260003,Married,38,Female,['Makassar'],9.0,2385000.0,16510000.0
321260005,Widowed,29,Male,['Makassar'],9.0,1600000.0,52844000.0
321260006,Married,24,Female,['Makassar'],9.0,80000.0,300000.0
321265102,Married,32,Female,['Madura'],6.0,0.0,0.0
321265301,Married,28,Male,"['Bugis', 'Makassar']",9.0,2025000.0,36500000.0
321270004,Married,35,Male,['Makassar'],15.0,1600000.0,20800000.0
321270006,Married,29,Male,"['Bugis', 'Makassar']",12.0,2800000.0,359520000.0
321280005,Married,42,Male,['Bugis'],13.0,2000000.0,26000000.0
321280008,Married,33,Male,['Sasak'],16.0,30000000.0,33000000.0
321280009,Married,32,Male,['Makassar'],12.0,5000000.0,62500000.0
321280012,Married,21,Female,['Bugis'],12.0,400000.0,4800000.0
